Type,SKU,Name,Published,Is featured?,Visibility in catalog,Short description,Description,Tax status,In stock?,Backorders allowed?,Sold individually?,Regular price,Categories,Tags,Images,Parent,Position,Attribute 1 name,Attribute 1 value(s),Attribute 1 visible,Attribute 1 global,Attribute 1 default,Attribute 2 name,Attribute 2 value(s),Attribute 2 visible,Attribute 2 global,Attribute 2 default,Attribute 3 name,Attribute 3 value(s),Attribute 3 visible,Attribute 3 global,Attribute 3 default,Attribute 4 name,Attribute 4 value(s),Attribute 4 visible,Attribute 4 global,Attribute 4 default,Meta: dimensions,Meta: ean
variable,MU0301,Jachetă - Mawi Femeie,1,0,visible,,"<p>Jachetă tehnică pentru femei cu mâneci raglan și guler mediu, realizată din poliester piqué reciclat, cu căptușeală moale periată.</p><p><strong>Compoziție:</strong> 100% poliester pique reciclat</p><p><br>· Partea frontală a gulerului integrată în față într-o singură bucată; jumătate din partea din spate cu nervuri 1x1.<br>· Acoperire elastică a cusăturii la guler.<br>· Clapetă interioară și apărătoare de bărbie pe toată lungimea.<br>· Fermoar personalizat cu imagine marcă.<br>· Buzunare laterale mari cu fermoar și bandă de acoperire.<br>· Detaliu cu logo brodat pe piept.</p><h4>Dimensiuni</h4><table style='border-collapse:collapse;margin:8px 0'><tr><th style='padding:4px 12px;border:1px solid #ddd;text-align:left'>Mărime</th><th style='padding:4px 12px;border:1px solid #ddd;text-align:left'>Dimensiuni</th></tr><tr><td style='padding:4px 12px;border:1px solid #ddd'>XS</td><td style='padding:4px 12px;border:1px solid #ddd'>46 * 63 cm</td></tr><tr><td style='padding:4px 12px;border:1px solid #ddd'>S</td><td style='padding:4px 12px;border:1px solid #ddd'>48 * 64 cm</td></tr><tr><td style='padding:4px 12px;border:1px solid #ddd'>M</td><td style='padding:4px 12px;border:1px solid #ddd'>50 * 65 cm</td></tr><tr><td style='padding:4px 12px;border:1px solid #ddd'>L</td><td style='padding:4px 12px;border:1px solid #ddd'>54 * 66 cm</td></tr><tr><td style='padding:4px 12px;border:1px solid #ddd'>XL</td><td style='padding:4px 12px;border:1px solid #ddd'>58 * 62 cm</td></tr><tr><td style='padding:4px 12px;border:1px solid #ddd'>2XL</td><td style='padding:4px 12px;border:1px solid #ddd'>62 * 68 cm</td></tr></table>",taxable,1,0,0,,Jachete,MUSAI,"https://static.musaibrand.com/images/models/0301/model/large/0301_01_1_1.jpg,https://static.musaibrand.com/images/models/0301/model/large/0301_02_1_1.jpg,https://static.musaibrand.com/images/models/0301/model/large/0301_03_1_1.jpg,https://static.musaibrand.com/images/models/0301/model/large/0301_05_1_1.jpg,https://static.musaibrand.com/images/models/0301/model/large/0301_10_1_1.jpg,https://static.musaibrand.com/images/models/0301/model/large/0301_176_1_1.jpg,https://static.musaibrand.com/images/models/0301/model/large/0301_258_1_1.jpg,https://static.musaibrand.com/images/models/0301/model/large/0301_34_1_1.jpg,https://static.musaibrand.com/images/models/0301/model/large/0301_55_1_1.jpg,https://static.musaibrand.com/images/models/0301/model/large/0301_60_1_1.jpg,https://static.musaibrand.com/images/models/0301/model/large/0301_64_1_1.jpg,https://static.musaibrand.com/images/models/0301/model/large/0301_01_2_1.jpg,https://static.musaibrand.com/images/models/0301/model/large/0301_02_2_1.jpg,https://static.musaibrand.com/images/models/0301/model/large/0301_03_2_1.jpg,https://static.musaibrand.com/images/models/0301/model/large/0301_05_2_1.jpg,https://static.musaibrand.com/images/models/0301/model/large/0301_10_2_1.jpg,https://static.musaibrand.com/images/models/0301/model/large/0301_176_2_1.jpg,https://static.musaibrand.com/images/models/0301/model/large/0301_258_2_1.jpg,https://static.musaibrand.com/images/models/0301/model/large/0301_34_2_1.jpg,https://static.musaibrand.com/images/models/0301/model/large/0301_55_2_1.jpg,https://static.musaibrand.com/images/models/0301/model/large/0301_60_2_1.jpg,https://static.musaibrand.com/images/models/0301/model/large/0301_64_2_1.jpg",,0,Size,"XS, S, M, L, XL, 2XL",1,1,,Color,"Alb, Negru, Galben, Albastru regal, Sky blue, Fluor turcoaz, Gri deschis, Gum Pink, Albastru marin, ROȘU, Burgundy",1,1,,Gender,Femeie,1,1,,Dimensiuni,"[46cm]·[63cm], [48cm]·[64cm], [50cm]·[65cm], [54cm]·[66cm], [58cm]·[62cm], [62cm]·[68cm]",1,0,,,
variation,MU03010001,,1,0,visible,,Dimensiuni: 46 * 63 cm,taxable,1,0,0,105,,,https://static.musaibrand.com/images/models/0301/model/large/0301_01_2_1.jpg,MU0301,1,Size,XS,,1,,Color,Alb,,1,,,,,,,,,,,,[46cm]·[63cm],8435782514407
variation,MU03010101,,1,0,visible,,Dimensiuni: 48 * 64 cm,taxable,1,0,0,105,,,https://static.musaibrand.com/images/models/0301/model/large/0301_01_2_1.jpg,MU0301,2,Size,S,,1,,Color,Alb,,1,,,,,,,,,,,,[48cm]·[64cm],8435782514513
variation,MU03010201,,1,0,visible,,Dimensiuni: 50 * 65 cm,taxable,1,0,0,105,,,https://static.musaibrand.com/images/models/0301/model/large/0301_01_2_1.jpg,MU0301,3,Size,M,,1,,Color,Alb,,1,,,,,,,,,,,,[50cm]·[65cm],8435782514629
variation,MU03010301,,1,0,visible,,Dimensiuni: 54 * 66 cm,taxable,1,0,0,105,,,https://static.musaibrand.com/images/models/0301/model/large/0301_01_2_1.jpg,MU0301,4,Size,L,,1,,Color,Alb,,1,,,,,,,,,,,,[54cm]·[66cm],8435782514735
variation,MU03010401,,1,0,visible,,Dimensiuni: 58 * 62 cm,taxable,1,0,0,105,,,https://static.musaibrand.com/images/models/0301/model/large/0301_01_2_1.jpg,MU0301,5,Size,XL,,1,,Color,Alb,,1,,,,,,,,,,,,[58cm]·[62cm],8435782514841
variation,MU03010501,,1,0,visible,,Dimensiuni: 62 * 68 cm,taxable,1,0,0,105,,,https://static.musaibrand.com/images/models/0301/model/large/0301_01_2_1.jpg,MU0301,6,Size,2XL,,1,,Color,Alb,,1,,,,,,,,,,,,[62cm]·[68cm],8435782514957
variation,MU03010002,,1,0,visible,,Dimensiuni: 46 * 63 cm,taxable,1,0,0,105,,,https://static.musaibrand.com/images/models/0301/model/large/0301_02_2_1.jpg,MU0301,7,Size,XS,,1,,Color,Negru,,1,,,,,,,,,,,,[46cm]·[63cm],8435782514414
variation,MU03010102,,1,0,visible,,Dimensiuni: 48 * 64 cm,taxable,1,0,0,105,,,https://static.musaibrand.com/images/models/0301/model/large/0301_02_2_1.jpg,MU0301,8,Size,S,,1,,Color,Negru,,1,,,,,,,,,,,,[48cm]·[64cm],8435782514520
variation,MU03010202,,1,0,visible,,Dimensiuni: 50 * 65 cm,taxable,1,0,0,105,,,https://static.musaibrand.com/images/models/0301/model/large/0301_02_2_1.jpg,MU0301,9,Size,M,,1,,Color,Negru,,1,,,,,,,,,,,,[50cm]·[65cm],8435782514636
variation,MU03010302,,1,0,visible,,Dimensiuni: 54 * 66 cm,taxable,1,0,0,105,,,https://static.musaibrand.com/images/models/0301/model/large/0301_02_2_1.jpg,MU0301,10,Size,L,,1,,Color,Negru,,1,,,,,,,,,,,,[54cm]·[66cm],8435782514742
variation,MU03010402,,1,0,visible,,Dimensiuni: 58 * 62 cm,taxable,1,0,0,105,,,https://static.musaibrand.com/images/models/0301/model/large/0301_02_2_1.jpg,MU0301,11,Size,XL,,1,,Color,Negru,,1,,,,,,,,,,,,[58cm]·[62cm],8435782514858
variation,MU03010502,,1,0,visible,,Dimensiuni: 62 * 68 cm,taxable,1,0,0,105,,,https://static.musaibrand.com/images/models/0301/model/large/0301_02_2_1.jpg,MU0301,12,Size,2XL,,1,,Color,Negru,,1,,,,,,,,,,,,[62cm]·[68cm],8435782514964
variation,MU03010003,,1,0,visible,,Dimensiuni: 46 * 63 cm,taxable,1,0,0,105,,,https://static.musaibrand.com/images/models/0301/model/large/0301_03_2_1.jpg,MU0301,13,Size,XS,,1,,Color,Galben,,1,,,,,,,,,,,,[46cm]·[63cm],8435782514421
variation,MU03010103,,1,0,visible,,Dimensiuni: 48 * 64 cm,taxable,1,0,0,105,,,https://static.musaibrand.com/images/models/0301/model/large/0301_03_2_1.jpg,MU0301,14,Size,S,,1,,Color,Galben,,1,,,,,,,,,,,,[48cm]·[64cm],8435782514537
variation,MU03010203,,1,0,visible,,Dimensiuni: 50 * 65 cm,taxable,1,0,0,105,,,https://static.musaibrand.com/images/models/0301/model/large/0301_03_2_1.jpg,MU0301,15,Size,M,,1,,Color,Galben,,1,,,,,,,,,,,,[50cm]·[65cm],8435782514643
variation,MU03010303,,1,0,visible,,Dimensiuni: 54 * 66 cm,taxable,1,0,0,105,,,https://static.musaibrand.com/images/models/0301/model/large/0301_03_2_1.jpg,MU0301,16,Size,L,,1,,Color,Galben,,1,,,,,,,,,,,,[54cm]·[66cm],8435782514759
variation,MU03010403,,1,0,visible,,Dimensiuni: 58 * 62 cm,taxable,1,0,0,105,,,https://static.musaibrand.com/images/models/0301/model/large/0301_03_2_1.jpg,MU0301,17,Size,XL,,1,,Color,Galben,,1,,,,,,,,,,,,[58cm]·[62cm],8435782514865
variation,MU03010503,,1,0,visible,,Dimensiuni: 62 * 68 cm,taxable,1,0,0,105,,,https://static.musaibrand.com/images/models/0301/model/large/0301_03_2_1.jpg,MU0301,18,Size,2XL,,1,,Color,Galben,,1,,,,,,,,,,,,[62cm]·[68cm],8435782514971
variation,MU03010005,,1,0,visible,,Dimensiuni: 46 * 63 cm,taxable,1,0,0,105,,,https://static.musaibrand.com/images/models/0301/model/large/0301_05_2_1.jpg,MU0301,19,Size,XS,,1,,Color,Albastru regal,,1,,,,,,,,,,,,[46cm]·[63cm],8435782514438
variation,MU03010105,,1,0,visible,,Dimensiuni: 48 * 64 cm,taxable,1,0,0,105,,,https://static.musaibrand.com/images/models/0301/model/large/0301_05_2_1.jpg,MU0301,20,Size,S,,1,,Color,Albastru regal,,1,,,,,,,,,,,,[48cm]·[64cm],8435782514544
variation,MU03010205,,1,0,visible,,Dimensiuni: 50 * 65 cm,taxable,1,0,0,105,,,https://static.musaibrand.com/images/models/0301/model/large/0301_05_2_1.jpg,MU0301,21,Size,M,,1,,Color,Albastru regal,,1,,,,,,,,,,,,[50cm]·[65cm],8435782514650
variation,MU03010305,,1,0,visible,,Dimensiuni: 54 * 66 cm,taxable,1,0,0,105,,,https://static.musaibrand.com/images/models/0301/model/large/0301_05_2_1.jpg,MU0301,22,Size,L,,1,,Color,Albastru regal,,1,,,,,,,,,,,,[54cm]·[66cm],8435782514766
variation,MU03010405,,1,0,visible,,Dimensiuni: 58 * 62 cm,taxable,1,0,0,105,,,https://static.musaibrand.com/images/models/0301/model/large/0301_05_2_1.jpg,MU0301,23,Size,XL,,1,,Color,Albastru regal,,1,,,,,,,,,,,,[58cm]·[62cm],8435782514872
variation,MU03010505,,1,0,visible,,Dimensiuni: 62 * 68 cm,taxable,1,0,0,105,,,https://static.musaibrand.com/images/models/0301/model/large/0301_05_2_1.jpg,MU0301,24,Size,2XL,,1,,Color,Albastru regal,,1,,,,,,,,,,,,[62cm]·[68cm],8435782514988
variation,MU03010010,,1,0,visible,,Dimensiuni: 46 * 63 cm,taxable,1,0,0,105,,,https://static.musaibrand.com/images/models/0301/model/large/0301_10_2_1.jpg,MU0301,25,Size,XS,,1,,Color,Sky blue,,1,,,,,,,,,,,,[46cm]·[63cm],8435782514445
variation,MU03010110,,1,0,visible,,Dimensiuni: 48 * 64 cm,taxable,1,0,0,105,,,https://static.musaibrand.com/images/models/0301/model/large/0301_10_2_1.jpg,MU0301,26,Size,S,,1,,Color,Sky blue,,1,,,,,,,,,,,,[48cm]·[64cm],8435782514551
variation,MU03010210,,1,0,visible,,Dimensiuni: 50 * 65 cm,taxable,1,0,0,105,,,https://static.musaibrand.com/images/models/0301/model/large/0301_10_2_1.jpg,MU0301,27,Size,M,,1,,Color,Sky blue,,1,,,,,,,,,,,,[50cm]·[65cm],8435782514667
variation,MU03010310,,1,0,visible,,Dimensiuni: 54 * 66 cm,taxable,1,0,0,105,,,https://static.musaibrand.com/images/models/0301/model/large/0301_10_2_1.jpg,MU0301,28,Size,L,,1,,Color,Sky blue,,1,,,,,,,,,,,,[54cm]·[66cm],8435782514773
variation,MU03010410,,1,0,visible,,Dimensiuni: 58 * 62 cm,taxable,1,0,0,105,,,https://static.musaibrand.com/images/models/0301/model/large/0301_10_2_1.jpg,MU0301,29,Size,XL,,1,,Color,Sky blue,,1,,,,,,,,,,,,[58cm]·[62cm],8435782514889
variation,MU03010510,,1,0,visible,,Dimensiuni: 62 * 68 cm,taxable,1,0,0,105,,,https://static.musaibrand.com/images/models/0301/model/large/0301_10_2_1.jpg,MU0301,30,Size,2XL,,1,,Color,Sky blue,,1,,,,,,,,,,,,[62cm]·[68cm],8435782514995
variation,MU030100176,,1,0,visible,,Dimensiuni: 46 * 63 cm,taxable,1,0,0,105,,,https://static.musaibrand.com/images/models/0301/model/large/0301_176_2_1.jpg,MU0301,31,Size,XS,,1,,Color,Fluor turcoaz,,1,,,,,,,,,,,,[46cm]·[63cm],8435782514452
variation,MU030101176,,1,0,visible,,Dimensiuni: 48 * 64 cm,taxable,1,0,0,105,,,https://static.musaibrand.com/images/models/0301/model/large/0301_176_2_1.jpg,MU0301,32,Size,S,,1,,Color,Fluor turcoaz,,1,,,,,,,,,,,,[48cm]·[64cm],8435782514568
variation,MU030102176,,1,0,visible,,Dimensiuni: 50 * 65 cm,taxable,1,0,0,105,,,https://static.musaibrand.com/images/models/0301/model/large/0301_176_2_1.jpg,MU0301,33,Size,M,,1,,Color,Fluor turcoaz,,1,,,,,,,,,,,,[50cm]·[65cm],8435782514674
variation,MU030103176,,1,0,visible,,Dimensiuni: 54 * 66 cm,taxable,1,0,0,105,,,https://static.musaibrand.com/images/models/0301/model/large/0301_176_2_1.jpg,MU0301,34,Size,L,,1,,Color,Fluor turcoaz,,1,,,,,,,,,,,,[54cm]·[66cm],8435782514780
variation,MU030104176,,1,0,visible,,Dimensiuni: 58 * 62 cm,taxable,1,0,0,105,,,https://static.musaibrand.com/images/models/0301/model/large/0301_176_2_1.jpg,MU0301,35,Size,XL,,1,,Color,Fluor turcoaz,,1,,,,,,,,,,,,[58cm]·[62cm],8435782514896
variation,MU030105176,,1,0,visible,,Dimensiuni: 62 * 68 cm,taxable,1,0,0,105,,,https://static.musaibrand.com/images/models/0301/model/large/0301_176_2_1.jpg,MU0301,36,Size,2XL,,1,,Color,Fluor turcoaz,,1,,,,,,,,,,,,[62cm]·[68cm],8435782515008
variation,MU030100258,,1,0,visible,,Dimensiuni: 46 * 63 cm,taxable,1,0,0,105,,,https://static.musaibrand.com/images/models/0301/model/large/0301_258_2_1.jpg,MU0301,37,Size,XS,,1,,Color,Gri deschis,,1,,,,,,,,,,,,[46cm]·[63cm],8435782514469
variation,MU030101258,,1,0,visible,,Dimensiuni: 48 * 64 cm,taxable,1,0,0,105,,,https://static.musaibrand.com/images/models/0301/model/large/0301_258_2_1.jpg,MU0301,38,Size,S,,1,,Color,Gri deschis,,1,,,,,,,,,,,,[48cm]·[64cm],8435782514575
variation,MU030102258,,1,0,visible,,Dimensiuni: 50 * 65 cm,taxable,1,0,0,105,,,https://static.musaibrand.com/images/models/0301/model/large/0301_258_2_1.jpg,MU0301,39,Size,M,,1,,Color,Gri deschis,,1,,,,,,,,,,,,[50cm]·[65cm],8435782514681
variation,MU030103258,,1,0,visible,,Dimensiuni: 54 * 66 cm,taxable,1,0,0,105,,,https://static.musaibrand.com/images/models/0301/model/large/0301_258_2_1.jpg,MU0301,40,Size,L,,1,,Color,Gri deschis,,1,,,,,,,,,,,,[54cm]·[66cm],8435782514797
variation,MU030104258,,1,0,visible,,Dimensiuni: 58 * 62 cm,taxable,1,0,0,105,,,https://static.musaibrand.com/images/models/0301/model/large/0301_258_2_1.jpg,MU0301,41,Size,XL,,1,,Color,Gri deschis,,1,,,,,,,,,,,,[58cm]·[62cm],8435782514902
variation,MU030105258,,1,0,visible,,Dimensiuni: 62 * 68 cm,taxable,1,0,0,105,,,https://static.musaibrand.com/images/models/0301/model/large/0301_258_2_1.jpg,MU0301,42,Size,2XL,,1,,Color,Gri deschis,,1,,,,,,,,,,,,[62cm]·[68cm],8435782515015
variation,MU03010034,,1,0,visible,,Dimensiuni: 46 * 63 cm,taxable,1,0,0,105,,,https://static.musaibrand.com/images/models/0301/model/large/0301_34_2_1.jpg,MU0301,43,Size,XS,,1,,Color,Gum Pink,,1,,,,,,,,,,,,[46cm]·[63cm],8435782514476
variation,MU03010134,,1,0,visible,,Dimensiuni: 48 * 64 cm,taxable,1,0,0,105,,,https://static.musaibrand.com/images/models/0301/model/large/0301_34_2_1.jpg,MU0301,44,Size,S,,1,,Color,Gum Pink,,1,,,,,,,,,,,,[48cm]·[64cm],8435782514582
variation,MU03010234,,1,0,visible,,Dimensiuni: 50 * 65 cm,taxable,1,0,0,105,,,https://static.musaibrand.com/images/models/0301/model/large/0301_34_2_1.jpg,MU0301,45,Size,M,,1,,Color,Gum Pink,,1,,,,,,,,,,,,[50cm]·[65cm],8435782514698
variation,MU03010334,,1,0,visible,,Dimensiuni: 54 * 66 cm,taxable,1,0,0,105,,,https://static.musaibrand.com/images/models/0301/model/large/0301_34_2_1.jpg,MU0301,46,Size,L,,1,,Color,Gum Pink,,1,,,,,,,,,,,,[54cm]·[66cm],8435782514803
variation,MU03010434,,1,0,visible,,Dimensiuni: 58 * 62 cm,taxable,1,0,0,105,,,https://static.musaibrand.com/images/models/0301/model/large/0301_34_2_1.jpg,MU0301,47,Size,XL,,1,,Color,Gum Pink,,1,,,,,,,,,,,,[58cm]·[62cm],8435782514919
variation,MU03010534,,1,0,visible,,Dimensiuni: 62 * 68 cm,taxable,1,0,0,105,,,https://static.musaibrand.com/images/models/0301/model/large/0301_34_2_1.jpg,MU0301,48,Size,2XL,,1,,Color,Gum Pink,,1,,,,,,,,,,,,[62cm]·[68cm],8435782515022
variation,MU03010055,,1,0,visible,,Dimensiuni: 46 * 63 cm,taxable,1,0,0,105,,,https://static.musaibrand.com/images/models/0301/model/large/0301_55_2_1.jpg,MU0301,49,Size,XS,,1,,Color,Albastru marin,,1,,,,,,,,,,,,[46cm]·[63cm],8435782514483
variation,MU03010155,,1,0,visible,,Dimensiuni: 48 * 64 cm,taxable,1,0,0,105,,,https://static.musaibrand.com/images/models/0301/model/large/0301_55_2_1.jpg,MU0301,50,Size,S,,1,,Color,Albastru marin,,1,,,,,,,,,,,,[48cm]·[64cm],8435782514599
variation,MU03010255,,1,0,visible,,Dimensiuni: 50 * 65 cm,taxable,1,0,0,105,,,https://static.musaibrand.com/images/models/0301/model/large/0301_55_2_1.jpg,MU0301,51,Size,M,,1,,Color,Albastru marin,,1,,,,,,,,,,,,[50cm]·[65cm],8435782514704
variation,MU03010355,,1,0,visible,,Dimensiuni: 54 * 66 cm,taxable,1,0,0,105,,,https://static.musaibrand.com/images/models/0301/model/large/0301_55_2_1.jpg,MU0301,52,Size,L,,1,,Color,Albastru marin,,1,,,,,,,,,,,,[54cm]·[66cm],8435782514810
variation,MU03010455,,1,0,visible,,Dimensiuni: 58 * 62 cm,taxable,1,0,0,105,,,https://static.musaibrand.com/images/models/0301/model/large/0301_55_2_1.jpg,MU0301,53,Size,XL,,1,,Color,Albastru marin,,1,,,,,,,,,,,,[58cm]·[62cm],8435782514926
variation,MU03010555,,1,0,visible,,Dimensiuni: 62 * 68 cm,taxable,1,0,0,105,,,https://static.musaibrand.com/images/models/0301/model/large/0301_55_2_1.jpg,MU0301,54,Size,2XL,,1,,Color,Albastru marin,,1,,,,,,,,,,,,[62cm]·[68cm],8435782515039
variation,MU03010060,,1,0,visible,,Dimensiuni: 46 * 63 cm,taxable,1,0,0,105,,,https://static.musaibrand.com/images/models/0301/model/large/0301_60_2_1.jpg,MU0301,55,Size,XS,,1,,Color,ROȘU,,1,,,,,,,,,,,,[46cm]·[63cm],8435782514490
variation,MU03010160,,1,0,visible,,Dimensiuni: 48 * 64 cm,taxable,1,0,0,105,,,https://static.musaibrand.com/images/models/0301/model/large/0301_60_2_1.jpg,MU0301,56,Size,S,,1,,Color,ROȘU,,1,,,,,,,,,,,,[48cm]·[64cm],8435782514605
variation,MU03010260,,1,0,visible,,Dimensiuni: 50 * 65 cm,taxable,1,0,0,105,,,https://static.musaibrand.com/images/models/0301/model/large/0301_60_2_1.jpg,MU0301,57,Size,M,,1,,Color,ROȘU,,1,,,,,,,,,,,,[50cm]·[65cm],8435782514711
variation,MU03010360,,1,0,visible,,Dimensiuni: 54 * 66 cm,taxable,1,0,0,105,,,https://static.musaibrand.com/images/models/0301/model/large/0301_60_2_1.jpg,MU0301,58,Size,L,,1,,Color,ROȘU,,1,,,,,,,,,,,,[54cm]·[66cm],8435782514827
variation,MU03010460,,1,0,visible,,Dimensiuni: 58 * 62 cm,taxable,1,0,0,105,,,https://static.musaibrand.com/images/models/0301/model/large/0301_60_2_1.jpg,MU0301,59,Size,XL,,1,,Color,ROȘU,,1,,,,,,,,,,,,[58cm]·[62cm],8435782514933
variation,MU03010560,,1,0,visible,,Dimensiuni: 62 * 68 cm,taxable,1,0,0,105,,,https://static.musaibrand.com/images/models/0301/model/large/0301_60_2_1.jpg,MU0301,60,Size,2XL,,1,,Color,ROȘU,,1,,,,,,,,,,,,[62cm]·[68cm],8435782515046
variation,MU03010064,,1,0,visible,,Dimensiuni: 46 * 63 cm,taxable,1,0,0,105,,,https://static.musaibrand.com/images/models/0301/model/large/0301_64_2_1.jpg,MU0301,61,Size,XS,,1,,Color,Burgundy,,1,,,,,,,,,,,,[46cm]·[63cm],8435782514506
variation,MU03010164,,1,0,visible,,Dimensiuni: 48 * 64 cm,taxable,1,0,0,105,,,https://static.musaibrand.com/images/models/0301/model/large/0301_64_2_1.jpg,MU0301,62,Size,S,,1,,Color,Burgundy,,1,,,,,,,,,,,,[48cm]·[64cm],8435782514612
variation,MU03010264,,1,0,visible,,Dimensiuni: 50 * 65 cm,taxable,1,0,0,105,,,https://static.musaibrand.com/images/models/0301/model/large/0301_64_2_1.jpg,MU0301,63,Size,M,,1,,Color,Burgundy,,1,,,,,,,,,,,,[50cm]·[65cm],8435782514728
variation,MU03010364,,1,0,visible,,Dimensiuni: 54 * 66 cm,taxable,1,0,0,105,,,https://static.musaibrand.com/images/models/0301/model/large/0301_64_2_1.jpg,MU0301,64,Size,L,,1,,Color,Burgundy,,1,,,,,,,,,,,,[54cm]·[66cm],8435782514834
variation,MU03010464,,1,0,visible,,Dimensiuni: 58 * 62 cm,taxable,1,0,0,105,,,https://static.musaibrand.com/images/models/0301/model/large/0301_64_2_1.jpg,MU0301,65,Size,XL,,1,,Color,Burgundy,,1,,,,,,,,,,,,[58cm]·[62cm],8435782514940
variation,MU03010564,,1,0,visible,,Dimensiuni: 62 * 68 cm,taxable,1,0,0,105,,,https://static.musaibrand.com/images/models/0301/model/large/0301_64_2_1.jpg,MU0301,66,Size,2XL,,1,,Color,Burgundy,,1,,,,,,,,,,,,[62cm]·[68cm],8435782515053
variable,MU0302,Jachetă - Afiki,1,0,visible,,"<p>Jachetă tehnică unisex cu mâneci raglan și glugă, confecționată din poliester piqué reciclat și căptușeală moale periată.</p><p><strong>Compoziție:</strong> 100% poliester pique reciclat</p><p><br>· Glugă căptușită cu aceeași țesătură .<br>· Acoperire elastică a cusăturii pe guler.<br>· Fermoar inversat în două tonuri.<br>· Fermoar personalizat cu imagine marcă.<br>· Design cu nuanțe vii de contrast manșete și părți față-spate.<br>· Buzunare laterale mari cu fermoar.<br>· Manșete și tiv cu nervuri 1x1.<br>· Șireturi asortate personalizate cu design marcă.<br>· Detaliu cu logo brodat pe piept.</p><h4>Dimensiuni</h4><table style='border-collapse:collapse;margin:8px 0'><tr><th style='padding:4px 12px;border:1px solid #ddd;text-align:left'>Mărime</th><th style='padding:4px 12px;border:1px solid #ddd;text-align:left'>Dimensiuni</th></tr><tr><td style='padding:4px 12px;border:1px solid #ddd'>XS</td><td style='padding:4px 12px;border:1px solid #ddd'>52 * 69 cm</td></tr><tr><td style='padding:4px 12px;border:1px solid #ddd'>S</td><td style='padding:4px 12px;border:1px solid #ddd'>54 * 70 cm</td></tr><tr><td style='padding:4px 12px;border:1px solid #ddd'>M</td><td style='padding:4px 12px;border:1px solid #ddd'>56 * 71 cm</td></tr><tr><td style='padding:4px 12px;border:1px solid #ddd'>L</td><td style='padding:4px 12px;border:1px solid #ddd'>58 * 72 cm</td></tr><tr><td style='padding:4px 12px;border:1px solid #ddd'>XL</td><td style='padding:4px 12px;border:1px solid #ddd'>61 * 73 cm</td></tr><tr><td style='padding:4px 12px;border:1px solid #ddd'>2XL</td><td style='padding:4px 12px;border:1px solid #ddd'>64 * 74 cm</td></tr><tr><td style='padding:4px 12px;border:1px solid #ddd'>3XL</td><td style='padding:4px 12px;border:1px solid #ddd'>67 * 75 cm</td></tr><tr><td style='padding:4px 12px;border:1px solid #ddd'>4</td><td style='padding:4px 12px;border:1px solid #ddd'>37 * 44 cm</td></tr><tr><td style='padding:4px 12px;border:1px solid #ddd'>6</td><td style='padding:4px 12px;border:1px solid #ddd'>40 * 48 cm</td></tr><tr><td style='padding:4px 12px;border:1px solid #ddd'>8</td><td style='padding:4px 12px;border:1px solid #ddd'>43 * 52 cm</td></tr><tr><td style='padding:4px 12px;border:1px solid #ddd'>10</td><td style='padding:4px 12px;border:1px solid #ddd'>45 * 56 cm</td></tr><tr><td style='padding:4px 12px;border:1px solid #ddd'>12</td><td style='padding:4px 12px;border:1px solid #ddd'>47 * 60 cm</td></tr><tr><td style='padding:4px 12px;border:1px solid #ddd'>14</td><td style='padding:4px 12px;border:1px solid #ddd'>49 * 64 cm</td></tr></table>",taxable,1,0,0,,Jachete,MUSAI,"https://static.musaibrand.com/images/models/0302/model/large/0302_0201_1_1.jpg,https://static.musaibrand.com/images/models/0302/model/large/0302_0501_1_1.jpg,https://static.musaibrand.com/images/models/0302/model/large/0302_22201_1_1.jpg,https://static.musaibrand.com/images/models/0302/model/large/0302_258221_1_1.jpg,https://static.musaibrand.com/images/models/0302/model/large/0302_55221_1_1.jpg,https://static.musaibrand.com/images/models/0302/model/large/0302_6001_1_1.jpg,https://static.musaibrand.com/images/models/0302/model/large/0302_6401_1_1.jpg,https://static.musaibrand.com/images/models/0302/model/large/0302_0201_2_1.jpg,https://static.musaibrand.com/images/models/0302/model/large/0302_0501_2_1.jpg,https://static.musaibrand.com/images/models/0302/model/large/0302_22201_2_1.jpg,https://static.musaibrand.com/images/models/0302/model/large/0302_258221_2_1.jpg,https://static.musaibrand.com/images/models/0302/model/large/0302_55221_2_1.jpg,https://static.musaibrand.com/images/models/0302/model/large/0302_6001_2_1.jpg,https://static.musaibrand.com/images/models/0302/model/large/0302_6401_2_1.jpg",,0,Size,"XS, S, M, L, XL, 2XL, 3XL, 4, 6, 8, 10, 12, 14",1,1,,Color,"Negru/alb, Royal / alb, Fluor verde/alb, Gri deschis/galben fluor, Albastru marin/galben fluor, Roșu/alb, Burgundia/alb",1,1,,Gender,Unisex,1,1,,Dimensiuni,"[52cm]·[69cm], [54cm]·[70cm], [56cm]·[71cm], [58cm]·[72cm], [61cm]·[73cm], [64cm]·[74cm], [67cm]·[75cm], [37cm]·[44cm], [40cm]·[48cm], [43cm]·[52cm], [45cm]·[56cm], [47cm]·[60cm], [49cm]·[64cm]",1,0,,,
variation,MU0302000201,,1,0,visible,,Dimensiuni: 52 * 69 cm,taxable,1,0,0,147,,,https://static.musaibrand.com/images/models/0302/model/large/0302_0201_2_1.jpg,MU0302,1,Size,XS,,1,,Color,Negru/alb,,1,,,,,,,,,,,,[52cm]·[69cm],8435782515060
variation,MU0302010201,,1,0,visible,,Dimensiuni: 54 * 70 cm,taxable,1,0,0,147,,,https://static.musaibrand.com/images/models/0302/model/large/0302_0201_2_1.jpg,MU0302,2,Size,S,,1,,Color,Negru/alb,,1,,,,,,,,,,,,[54cm]·[70cm],8435782515121
variation,MU0302020201,,1,0,visible,,Dimensiuni: 56 * 71 cm,taxable,1,0,0,147,,,https://static.musaibrand.com/images/models/0302/model/large/0302_0201_2_1.jpg,MU0302,3,Size,M,,1,,Color,Negru/alb,,1,,,,,,,,,,,,[56cm]·[71cm],8435782515183
variation,MU0302030201,,1,0,visible,,Dimensiuni: 58 * 72 cm,taxable,1,0,0,147,,,https://static.musaibrand.com/images/models/0302/model/large/0302_0201_2_1.jpg,MU0302,4,Size,L,,1,,Color,Negru/alb,,1,,,,,,,,,,,,[58cm]·[72cm],8435782515244
variation,MU0302040201,,1,0,visible,,Dimensiuni: 61 * 73 cm,taxable,1,0,0,147,,,https://static.musaibrand.com/images/models/0302/model/large/0302_0201_2_1.jpg,MU0302,5,Size,XL,,1,,Color,Negru/alb,,1,,,,,,,,,,,,[61cm]·[73cm],8435782515305
variation,MU0302050201,,1,0,visible,,Dimensiuni: 64 * 74 cm,taxable,1,0,0,147,,,https://static.musaibrand.com/images/models/0302/model/large/0302_0201_2_1.jpg,MU0302,6,Size,2XL,,1,,Color,Negru/alb,,1,,,,,,,,,,,,[64cm]·[74cm],8435782515367
variation,MU0302060201,,1,0,visible,,Dimensiuni: 67 * 75 cm,taxable,1,0,0,147,,,https://static.musaibrand.com/images/models/0302/model/large/0302_0201_2_1.jpg,MU0302,7,Size,3XL,,1,,Color,Negru/alb,,1,,,,,,,,,,,,[67cm]·[75cm],8435782515428
variation,MU0302220201,,1,0,visible,,Dimensiuni: 37 * 44 cm,taxable,1,0,0,147,,,https://static.musaibrand.com/images/models/0302/model/large/0302_0201_2_1.jpg,MU0302,8,Size,4,,1,,Color,Negru/alb,,1,,,,,,,,,,,,[37cm]·[44cm],8435782515480
variation,MU0302240201,,1,0,visible,,Dimensiuni: 40 * 48 cm,taxable,1,0,0,147,,,https://static.musaibrand.com/images/models/0302/model/large/0302_0201_2_1.jpg,MU0302,9,Size,6,,1,,Color,Negru/alb,,1,,,,,,,,,,,,[40cm]·[48cm],8435782515541
variation,MU0302250201,,1,0,visible,,Dimensiuni: 43 * 52 cm,taxable,1,0,0,147,,,https://static.musaibrand.com/images/models/0302/model/large/0302_0201_2_1.jpg,MU0302,10,Size,8,,1,,Color,Negru/alb,,1,,,,,,,,,,,,[43cm]·[52cm],8435782515602
variation,MU0302260201,,1,0,visible,,Dimensiuni: 45 * 56 cm,taxable,1,0,0,147,,,https://static.musaibrand.com/images/models/0302/model/large/0302_0201_2_1.jpg,MU0302,11,Size,10,,1,,Color,Negru/alb,,1,,,,,,,,,,,,[45cm]·[56cm],8435782515664
variation,MU0302270201,,1,0,visible,,Dimensiuni: 47 * 60 cm,taxable,1,0,0,147,,,https://static.musaibrand.com/images/models/0302/model/large/0302_0201_2_1.jpg,MU0302,12,Size,12,,1,,Color,Negru/alb,,1,,,,,,,,,,,,[47cm]·[60cm],8435782515725
variation,MU0302280201,,1,0,visible,,Dimensiuni: 49 * 64 cm,taxable,1,0,0,147,,,https://static.musaibrand.com/images/models/0302/model/large/0302_0201_2_1.jpg,MU0302,13,Size,14,,1,,Color,Negru/alb,,1,,,,,,,,,,,,[49cm]·[64cm],8435782515787
variation,MU0302000501,,1,0,visible,,Dimensiuni: 52 * 69 cm,taxable,1,0,0,147,,,https://static.musaibrand.com/images/models/0302/model/large/0302_0501_2_1.jpg,MU0302,14,Size,XS,,1,,Color,Royal / alb,,1,,,,,,,,,,,,[52cm]·[69cm],8435782515077
variation,MU0302010501,,1,0,visible,,Dimensiuni: 54 * 70 cm,taxable,1,0,0,147,,,https://static.musaibrand.com/images/models/0302/model/large/0302_0501_2_1.jpg,MU0302,15,Size,S,,1,,Color,Royal / alb,,1,,,,,,,,,,,,[54cm]·[70cm],8435782515138
variation,MU0302020501,,1,0,visible,,Dimensiuni: 56 * 71 cm,taxable,1,0,0,147,,,https://static.musaibrand.com/images/models/0302/model/large/0302_0501_2_1.jpg,MU0302,16,Size,M,,1,,Color,Royal / alb,,1,,,,,,,,,,,,[56cm]·[71cm],8435782515190
variation,MU0302030501,,1,0,visible,,Dimensiuni: 58 * 72 cm,taxable,1,0,0,147,,,https://static.musaibrand.com/images/models/0302/model/large/0302_0501_2_1.jpg,MU0302,17,Size,L,,1,,Color,Royal / alb,,1,,,,,,,,,,,,[58cm]·[72cm],8435782515251
variation,MU0302040501,,1,0,visible,,Dimensiuni: 61 * 73 cm,taxable,1,0,0,147,,,https://static.musaibrand.com/images/models/0302/model/large/0302_0501_2_1.jpg,MU0302,18,Size,XL,,1,,Color,Royal / alb,,1,,,,,,,,,,,,[61cm]·[73cm],8435782515312
variation,MU0302050501,,1,0,visible,,Dimensiuni: 64 * 74 cm,taxable,1,0,0,147,,,https://static.musaibrand.com/images/models/0302/model/large/0302_0501_2_1.jpg,MU0302,19,Size,2XL,,1,,Color,Royal / alb,,1,,,,,,,,,,,,[64cm]·[74cm],8435782515374
variation,MU0302060501,,1,0,visible,,Dimensiuni: 67 * 75 cm,taxable,1,0,0,147,,,https://static.musaibrand.com/images/models/0302/model/large/0302_0501_2_1.jpg,MU0302,20,Size,3XL,,1,,Color,Royal / alb,,1,,,,,,,,,,,,[67cm]·[75cm],8435782515435
variation,MU0302220501,,1,0,visible,,Dimensiuni: 37 * 44 cm,taxable,1,0,0,147,,,https://static.musaibrand.com/images/models/0302/model/large/0302_0501_2_1.jpg,MU0302,21,Size,4,,1,,Color,Royal / alb,,1,,,,,,,,,,,,[37cm]·[44cm],8435782515497
variation,MU0302240501,,1,0,visible,,Dimensiuni: 40 * 48 cm,taxable,1,0,0,147,,,https://static.musaibrand.com/images/models/0302/model/large/0302_0501_2_1.jpg,MU0302,22,Size,6,,1,,Color,Royal / alb,,1,,,,,,,,,,,,[40cm]·[48cm],8435782515558
variation,MU0302250501,,1,0,visible,,Dimensiuni: 43 * 52 cm,taxable,1,0,0,147,,,https://static.musaibrand.com/images/models/0302/model/large/0302_0501_2_1.jpg,MU0302,23,Size,8,,1,,Color,Royal / alb,,1,,,,,,,,,,,,[43cm]·[52cm],8435782515619
variation,MU0302260501,,1,0,visible,,Dimensiuni: 45 * 56 cm,taxable,1,0,0,147,,,https://static.musaibrand.com/images/models/0302/model/large/0302_0501_2_1.jpg,MU0302,24,Size,10,,1,,Color,Royal / alb,,1,,,,,,,,,,,,[45cm]·[56cm],8435782515671
variation,MU0302270501,,1,0,visible,,Dimensiuni: 47 * 60 cm,taxable,1,0,0,147,,,https://static.musaibrand.com/images/models/0302/model/large/0302_0501_2_1.jpg,MU0302,25,Size,12,,1,,Color,Royal / alb,,1,,,,,,,,,,,,[47cm]·[60cm],8435782515732
variation,MU0302280501,,1,0,visible,,Dimensiuni: 49 * 64 cm,taxable,1,0,0,147,,,https://static.musaibrand.com/images/models/0302/model/large/0302_0501_2_1.jpg,MU0302,26,Size,14,,1,,Color,Royal / alb,,1,,,,,,,,,,,,[49cm]·[64cm],8435782515794
variation,MU03020022201,,1,0,visible,,Dimensiuni: 52 * 69 cm,taxable,1,0,0,147,,,https://static.musaibrand.com/images/models/0302/model/large/0302_22201_2_1.jpg,MU0302,27,Size,XS,,1,,Color,Fluor verde/alb,,1,,,,,,,,,,,,[52cm]·[69cm],8435782515084
variation,MU03020122201,,1,0,visible,,Dimensiuni: 54 * 70 cm,taxable,1,0,0,147,,,https://static.musaibrand.com/images/models/0302/model/large/0302_22201_2_1.jpg,MU0302,28,Size,S,,1,,Color,Fluor verde/alb,,1,,,,,,,,,,,,[54cm]·[70cm],8435782515145
variation,MU03020222201,,1,0,visible,,Dimensiuni: 56 * 71 cm,taxable,1,0,0,147,,,https://static.musaibrand.com/images/models/0302/model/large/0302_22201_2_1.jpg,MU0302,29,Size,M,,1,,Color,Fluor verde/alb,,1,,,,,,,,,,,,[56cm]·[71cm],8435782515206
variation,MU03020322201,,1,0,visible,,Dimensiuni: 58 * 72 cm,taxable,1,0,0,147,,,https://static.musaibrand.com/images/models/0302/model/large/0302_22201_2_1.jpg,MU0302,30,Size,L,,1,,Color,Fluor verde/alb,,1,,,,,,,,,,,,[58cm]·[72cm],8435782515268
variation,MU03020422201,,1,0,visible,,Dimensiuni: 61 * 73 cm,taxable,1,0,0,147,,,https://static.musaibrand.com/images/models/0302/model/large/0302_22201_2_1.jpg,MU0302,31,Size,XL,,1,,Color,Fluor verde/alb,,1,,,,,,,,,,,,[61cm]·[73cm],8435782515329
variation,MU03020522201,,1,0,visible,,Dimensiuni: 64 * 74 cm,taxable,1,0,0,147,,,https://static.musaibrand.com/images/models/0302/model/large/0302_22201_2_1.jpg,MU0302,32,Size,2XL,,1,,Color,Fluor verde/alb,,1,,,,,,,,,,,,[64cm]·[74cm],8435782515381
variation,MU03020622201,,1,0,visible,,Dimensiuni: 67 * 75 cm,taxable,1,0,0,147,,,https://static.musaibrand.com/images/models/0302/model/large/0302_22201_2_1.jpg,MU0302,33,Size,3XL,,1,,Color,Fluor verde/alb,,1,,,,,,,,,,,,[67cm]·[75cm],8435782515442
variation,MU03022222201,,1,0,visible,,Dimensiuni: 37 * 44 cm,taxable,1,0,0,147,,,https://static.musaibrand.com/images/models/0302/model/large/0302_22201_2_1.jpg,MU0302,34,Size,4,,1,,Color,Fluor verde/alb,,1,,,,,,,,,,,,[37cm]·[44cm],8435782515503
variation,MU03022422201,,1,0,visible,,Dimensiuni: 40 * 48 cm,taxable,1,0,0,147,,,https://static.musaibrand.com/images/models/0302/model/large/0302_22201_2_1.jpg,MU0302,35,Size,6,,1,,Color,Fluor verde/alb,,1,,,,,,,,,,,,[40cm]·[48cm],8435782515565
variation,MU03022522201,,1,0,visible,,Dimensiuni: 43 * 52 cm,taxable,1,0,0,147,,,https://static.musaibrand.com/images/models/0302/model/large/0302_22201_2_1.jpg,MU0302,36,Size,8,,1,,Color,Fluor verde/alb,,1,,,,,,,,,,,,[43cm]·[52cm],8435782515626
variation,MU03022622201,,1,0,visible,,Dimensiuni: 45 * 56 cm,taxable,1,0,0,147,,,https://static.musaibrand.com/images/models/0302/model/large/0302_22201_2_1.jpg,MU0302,37,Size,10,,1,,Color,Fluor verde/alb,,1,,,,,,,,,,,,[45cm]·[56cm],8435782515688
variation,MU03022722201,,1,0,visible,,Dimensiuni: 47 * 60 cm,taxable,1,0,0,147,,,https://static.musaibrand.com/images/models/0302/model/large/0302_22201_2_1.jpg,MU0302,38,Size,12,,1,,Color,Fluor verde/alb,,1,,,,,,,,,,,,[47cm]·[60cm],8435782515749
variation,MU03022822201,,1,0,visible,,Dimensiuni: 49 * 64 cm,taxable,1,0,0,147,,,https://static.musaibrand.com/images/models/0302/model/large/0302_22201_2_1.jpg,MU0302,39,Size,14,,1,,Color,Fluor verde/alb,,1,,,,,,,,,,,,[49cm]·[64cm],8435782515800
variation,MU030200258221,,1,0,visible,,Dimensiuni: 52 * 69 cm,taxable,1,0,0,147,,,https://static.musaibrand.com/images/models/0302/model/large/0302_258221_2_1.jpg,MU0302,40,Size,XS,,1,,Color,Gri deschis/galben fluor,,1,,,,,,,,,,,,[52cm]·[69cm],8435782529586
variation,MU030201258221,,1,0,visible,,Dimensiuni: 54 * 70 cm,taxable,1,0,0,147,,,https://static.musaibrand.com/images/models/0302/model/large/0302_258221_2_1.jpg,MU0302,41,Size,S,,1,,Color,Gri deschis/galben fluor,,1,,,,,,,,,,,,[54cm]·[70cm],8435782529593
variation,MU030202258221,,1,0,visible,,Dimensiuni: 56 * 71 cm,taxable,1,0,0,147,,,https://static.musaibrand.com/images/models/0302/model/large/0302_258221_2_1.jpg,MU0302,42,Size,M,,1,,Color,Gri deschis/galben fluor,,1,,,,,,,,,,,,[56cm]·[71cm],8435782529609
variation,MU030203258221,,1,0,visible,,Dimensiuni: 58 * 72 cm,taxable,1,0,0,147,,,https://static.musaibrand.com/images/models/0302/model/large/0302_258221_2_1.jpg,MU0302,43,Size,L,,1,,Color,Gri deschis/galben fluor,,1,,,,,,,,,,,,[58cm]·[72cm],8435782529616
variation,MU030204258221,,1,0,visible,,Dimensiuni: 61 * 73 cm,taxable,1,0,0,147,,,https://static.musaibrand.com/images/models/0302/model/large/0302_258221_2_1.jpg,MU0302,44,Size,XL,,1,,Color,Gri deschis/galben fluor,,1,,,,,,,,,,,,[61cm]·[73cm],8435782529623
variation,MU030205258221,,1,0,visible,,Dimensiuni: 64 * 74 cm,taxable,1,0,0,147,,,https://static.musaibrand.com/images/models/0302/model/large/0302_258221_2_1.jpg,MU0302,45,Size,2XL,,1,,Color,Gri deschis/galben fluor,,1,,,,,,,,,,,,[64cm]·[74cm],8435782529630
variation,MU030206258221,,1,0,visible,,Dimensiuni: 67 * 75 cm,taxable,1,0,0,147,,,https://static.musaibrand.com/images/models/0302/model/large/0302_258221_2_1.jpg,MU0302,46,Size,3XL,,1,,Color,Gri deschis/galben fluor,,1,,,,,,,,,,,,[67cm]·[75cm],8435782529647
variation,MU030222258221,,1,0,visible,,Dimensiuni: 37 * 44 cm,taxable,1,0,0,147,,,https://static.musaibrand.com/images/models/0302/model/large/0302_258221_2_1.jpg,MU0302,47,Size,4,,1,,Color,Gri deschis/galben fluor,,1,,,,,,,,,,,,[37cm]·[44cm],8435782529654
variation,MU030224258221,,1,0,visible,,Dimensiuni: 40 * 48 cm,taxable,1,0,0,147,,,https://static.musaibrand.com/images/models/0302/model/large/0302_258221_2_1.jpg,MU0302,48,Size,6,,1,,Color,Gri deschis/galben fluor,,1,,,,,,,,,,,,[40cm]·[48cm],8435782529661
variation,MU030225258221,,1,0,visible,,Dimensiuni: 43 * 52 cm,taxable,1,0,0,147,,,https://static.musaibrand.com/images/models/0302/model/large/0302_258221_2_1.jpg,MU0302,49,Size,8,,1,,Color,Gri deschis/galben fluor,,1,,,,,,,,,,,,[43cm]·[52cm],8435782529678
variation,MU030226258221,,1,0,visible,,Dimensiuni: 45 * 56 cm,taxable,1,0,0,147,,,https://static.musaibrand.com/images/models/0302/model/large/0302_258221_2_1.jpg,MU0302,50,Size,10,,1,,Color,Gri deschis/galben fluor,,1,,,,,,,,,,,,[45cm]·[56cm],8435782529685
variation,MU030227258221,,1,0,visible,,Dimensiuni: 47 * 60 cm,taxable,1,0,0,147,,,https://static.musaibrand.com/images/models/0302/model/large/0302_258221_2_1.jpg,MU0302,51,Size,12,,1,,Color,Gri deschis/galben fluor,,1,,,,,,,,,,,,[47cm]·[60cm],8435782529692
variation,MU030228258221,,1,0,visible,,Dimensiuni: 49 * 64 cm,taxable,1,0,0,147,,,https://static.musaibrand.com/images/models/0302/model/large/0302_258221_2_1.jpg,MU0302,52,Size,14,,1,,Color,Gri deschis/galben fluor,,1,,,,,,,,,,,,[49cm]·[64cm],8435782529708
variation,MU03020055221,,1,0,visible,,Dimensiuni: 52 * 69 cm,taxable,1,0,0,147,,,https://static.musaibrand.com/images/models/0302/model/large/0302_55221_2_1.jpg,MU0302,53,Size,XS,,1,,Color,Albastru marin/galben fluor,,1,,,,,,,,,,,,[52cm]·[69cm],8435782515091
variation,MU03020155221,,1,0,visible,,Dimensiuni: 54 * 70 cm,taxable,1,0,0,147,,,https://static.musaibrand.com/images/models/0302/model/large/0302_55221_2_1.jpg,MU0302,54,Size,S,,1,,Color,Albastru marin/galben fluor,,1,,,,,,,,,,,,[54cm]·[70cm],8435782515152
variation,MU03020255221,,1,0,visible,,Dimensiuni: 56 * 71 cm,taxable,1,0,0,147,,,https://static.musaibrand.com/images/models/0302/model/large/0302_55221_2_1.jpg,MU0302,55,Size,M,,1,,Color,Albastru marin/galben fluor,,1,,,,,,,,,,,,[56cm]·[71cm],8435782515213
variation,MU03020355221,,1,0,visible,,Dimensiuni: 58 * 72 cm,taxable,1,0,0,147,,,https://static.musaibrand.com/images/models/0302/model/large/0302_55221_2_1.jpg,MU0302,56,Size,L,,1,,Color,Albastru marin/galben fluor,,1,,,,,,,,,,,,[58cm]·[72cm],8435782515275
variation,MU03020455221,,1,0,visible,,Dimensiuni: 61 * 73 cm,taxable,1,0,0,147,,,https://static.musaibrand.com/images/models/0302/model/large/0302_55221_2_1.jpg,MU0302,57,Size,XL,,1,,Color,Albastru marin/galben fluor,,1,,,,,,,,,,,,[61cm]·[73cm],8435782515336
variation,MU03020555221,,1,0,visible,,Dimensiuni: 64 * 74 cm,taxable,1,0,0,147,,,https://static.musaibrand.com/images/models/0302/model/large/0302_55221_2_1.jpg,MU0302,58,Size,2XL,,1,,Color,Albastru marin/galben fluor,,1,,,,,,,,,,,,[64cm]·[74cm],8435782515398
variation,MU03020655221,,1,0,visible,,Dimensiuni: 67 * 75 cm,taxable,1,0,0,147,,,https://static.musaibrand.com/images/models/0302/model/large/0302_55221_2_1.jpg,MU0302,59,Size,3XL,,1,,Color,Albastru marin/galben fluor,,1,,,,,,,,,,,,[67cm]·[75cm],8435782515459
variation,MU03022255221,,1,0,visible,,Dimensiuni: 37 * 44 cm,taxable,1,0,0,147,,,https://static.musaibrand.com/images/models/0302/model/large/0302_55221_2_1.jpg,MU0302,60,Size,4,,1,,Color,Albastru marin/galben fluor,,1,,,,,,,,,,,,[37cm]·[44cm],8435782515510
variation,MU03022455221,,1,0,visible,,Dimensiuni: 40 * 48 cm,taxable,1,0,0,147,,,https://static.musaibrand.com/images/models/0302/model/large/0302_55221_2_1.jpg,MU0302,61,Size,6,,1,,Color,Albastru marin/galben fluor,,1,,,,,,,,,,,,[40cm]·[48cm],8435782515572
variation,MU03022555221,,1,0,visible,,Dimensiuni: 43 * 52 cm,taxable,1,0,0,147,,,https://static.musaibrand.com/images/models/0302/model/large/0302_55221_2_1.jpg,MU0302,62,Size,8,,1,,Color,Albastru marin/galben fluor,,1,,,,,,,,,,,,[43cm]·[52cm],8435782515633
variation,MU03022655221,,1,0,visible,,Dimensiuni: 45 * 56 cm,taxable,1,0,0,147,,,https://static.musaibrand.com/images/models/0302/model/large/0302_55221_2_1.jpg,MU0302,63,Size,10,,1,,Color,Albastru marin/galben fluor,,1,,,,,,,,,,,,[45cm]·[56cm],8435782515695
variation,MU03022755221,,1,0,visible,,Dimensiuni: 47 * 60 cm,taxable,1,0,0,147,,,https://static.musaibrand.com/images/models/0302/model/large/0302_55221_2_1.jpg,MU0302,64,Size,12,,1,,Color,Albastru marin/galben fluor,,1,,,,,,,,,,,,[47cm]·[60cm],8435782515756
variation,MU03022855221,,1,0,visible,,Dimensiuni: 49 * 64 cm,taxable,1,0,0,147,,,https://static.musaibrand.com/images/models/0302/model/large/0302_55221_2_1.jpg,MU0302,65,Size,14,,1,,Color,Albastru marin/galben fluor,,1,,,,,,,,,,,,[49cm]·[64cm],8435782515817
variation,MU0302006001,,1,0,visible,,Dimensiuni: 52 * 69 cm,taxable,1,0,0,147,,,https://static.musaibrand.com/images/models/0302/model/large/0302_6001_2_1.jpg,MU0302,66,Size,XS,,1,,Color,Roșu/alb,,1,,,,,,,,,,,,[52cm]·[69cm],8435782515107
variation,MU0302016001,,1,0,visible,,Dimensiuni: 54 * 70 cm,taxable,1,0,0,147,,,https://static.musaibrand.com/images/models/0302/model/large/0302_6001_2_1.jpg,MU0302,67,Size,S,,1,,Color,Roșu/alb,,1,,,,,,,,,,,,[54cm]·[70cm],8435782515169
variation,MU0302026001,,1,0,visible,,Dimensiuni: 56 * 71 cm,taxable,1,0,0,147,,,https://static.musaibrand.com/images/models/0302/model/large/0302_6001_2_1.jpg,MU0302,68,Size,M,,1,,Color,Roșu/alb,,1,,,,,,,,,,,,[56cm]·[71cm],8435782515220
variation,MU0302036001,,1,0,visible,,Dimensiuni: 58 * 72 cm,taxable,1,0,0,147,,,https://static.musaibrand.com/images/models/0302/model/large/0302_6001_2_1.jpg,MU0302,69,Size,L,,1,,Color,Roșu/alb,,1,,,,,,,,,,,,[58cm]·[72cm],8435782515282
variation,MU0302046001,,1,0,visible,,Dimensiuni: 61 * 73 cm,taxable,1,0,0,147,,,https://static.musaibrand.com/images/models/0302/model/large/0302_6001_2_1.jpg,MU0302,70,Size,XL,,1,,Color,Roșu/alb,,1,,,,,,,,,,,,[61cm]·[73cm],8435782515343
variation,MU0302056001,,1,0,visible,,Dimensiuni: 64 * 74 cm,taxable,1,0,0,147,,,https://static.musaibrand.com/images/models/0302/model/large/0302_6001_2_1.jpg,MU0302,71,Size,2XL,,1,,Color,Roșu/alb,,1,,,,,,,,,,,,[64cm]·[74cm],8435782515404
variation,MU0302066001,,1,0,visible,,Dimensiuni: 67 * 75 cm,taxable,1,0,0,147,,,https://static.musaibrand.com/images/models/0302/model/large/0302_6001_2_1.jpg,MU0302,72,Size,3XL,,1,,Color,Roșu/alb,,1,,,,,,,,,,,,[67cm]·[75cm],8435782515466
variation,MU0302226001,,1,0,visible,,Dimensiuni: 37 * 44 cm,taxable,1,0,0,147,,,https://static.musaibrand.com/images/models/0302/model/large/0302_6001_2_1.jpg,MU0302,73,Size,4,,1,,Color,Roșu/alb,,1,,,,,,,,,,,,[37cm]·[44cm],8435782515527
variation,MU0302246001,,1,0,visible,,Dimensiuni: 40 * 48 cm,taxable,1,0,0,147,,,https://static.musaibrand.com/images/models/0302/model/large/0302_6001_2_1.jpg,MU0302,74,Size,6,,1,,Color,Roșu/alb,,1,,,,,,,,,,,,[40cm]·[48cm],8435782515589
variation,MU0302256001,,1,0,visible,,Dimensiuni: 43 * 52 cm,taxable,1,0,0,147,,,https://static.musaibrand.com/images/models/0302/model/large/0302_6001_2_1.jpg,MU0302,75,Size,8,,1,,Color,Roșu/alb,,1,,,,,,,,,,,,[43cm]·[52cm],8435782515640
variation,MU0302266001,,1,0,visible,,Dimensiuni: 45 * 56 cm,taxable,1,0,0,147,,,https://static.musaibrand.com/images/models/0302/model/large/0302_6001_2_1.jpg,MU0302,76,Size,10,,1,,Color,Roșu/alb,,1,,,,,,,,,,,,[45cm]·[56cm],8435782515701
variation,MU0302276001,,1,0,visible,,Dimensiuni: 47 * 60 cm,taxable,1,0,0,147,,,https://static.musaibrand.com/images/models/0302/model/large/0302_6001_2_1.jpg,MU0302,77,Size,12,,1,,Color,Roșu/alb,,1,,,,,,,,,,,,[47cm]·[60cm],8435782515763
variation,MU0302286001,,1,0,visible,,Dimensiuni: 49 * 64 cm,taxable,1,0,0,147,,,https://static.musaibrand.com/images/models/0302/model/large/0302_6001_2_1.jpg,MU0302,78,Size,14,,1,,Color,Roșu/alb,,1,,,,,,,,,,,,[49cm]·[64cm],8435782515824
variation,MU0302006401,,1,0,visible,,Dimensiuni: 52 * 69 cm,taxable,1,0,0,147,,,https://static.musaibrand.com/images/models/0302/model/large/0302_6401_2_1.jpg,MU0302,79,Size,XS,,1,,Color,Burgundia/alb,,1,,,,,,,,,,,,[52cm]·[69cm],8435782515114
variation,MU0302016401,,1,0,visible,,Dimensiuni: 54 * 70 cm,taxable,1,0,0,147,,,https://static.musaibrand.com/images/models/0302/model/large/0302_6401_2_1.jpg,MU0302,80,Size,S,,1,,Color,Burgundia/alb,,1,,,,,,,,,,,,[54cm]·[70cm],8435782515176
variation,MU0302026401,,1,0,visible,,Dimensiuni: 56 * 71 cm,taxable,1,0,0,147,,,https://static.musaibrand.com/images/models/0302/model/large/0302_6401_2_1.jpg,MU0302,81,Size,M,,1,,Color,Burgundia/alb,,1,,,,,,,,,,,,[56cm]·[71cm],8435782515237
variation,MU0302036401,,1,0,visible,,Dimensiuni: 58 * 72 cm,taxable,1,0,0,147,,,https://static.musaibrand.com/images/models/0302/model/large/0302_6401_2_1.jpg,MU0302,82,Size,L,,1,,Color,Burgundia/alb,,1,,,,,,,,,,,,[58cm]·[72cm],8435782515299
variation,MU0302046401,,1,0,visible,,Dimensiuni: 61 * 73 cm,taxable,1,0,0,147,,,https://static.musaibrand.com/images/models/0302/model/large/0302_6401_2_1.jpg,MU0302,83,Size,XL,,1,,Color,Burgundia/alb,,1,,,,,,,,,,,,[61cm]·[73cm],8435782515350
variation,MU0302056401,,1,0,visible,,Dimensiuni: 64 * 74 cm,taxable,1,0,0,147,,,https://static.musaibrand.com/images/models/0302/model/large/0302_6401_2_1.jpg,MU0302,84,Size,2XL,,1,,Color,Burgundia/alb,,1,,,,,,,,,,,,[64cm]·[74cm],8435782515411
variation,MU0302066401,,1,0,visible,,Dimensiuni: 67 * 75 cm,taxable,1,0,0,147,,,https://static.musaibrand.com/images/models/0302/model/large/0302_6401_2_1.jpg,MU0302,85,Size,3XL,,1,,Color,Burgundia/alb,,1,,,,,,,,,,,,[67cm]·[75cm],8435782515473
variation,MU0302226401,,1,0,visible,,Dimensiuni: 37 * 44 cm,taxable,1,0,0,147,,,https://static.musaibrand.com/images/models/0302/model/large/0302_6401_2_1.jpg,MU0302,86,Size,4,,1,,Color,Burgundia/alb,,1,,,,,,,,,,,,[37cm]·[44cm],8435782515534
variation,MU0302246401,,1,0,visible,,Dimensiuni: 40 * 48 cm,taxable,1,0,0,147,,,https://static.musaibrand.com/images/models/0302/model/large/0302_6401_2_1.jpg,MU0302,87,Size,6,,1,,Color,Burgundia/alb,,1,,,,,,,,,,,,[40cm]·[48cm],8435782515596
variation,MU0302256401,,1,0,visible,,Dimensiuni: 43 * 52 cm,taxable,1,0,0,147,,,https://static.musaibrand.com/images/models/0302/model/large/0302_6401_2_1.jpg,MU0302,88,Size,8,,1,,Color,Burgundia/alb,,1,,,,,,,,,,,,[43cm]·[52cm],8435782515657
variation,MU0302266401,,1,0,visible,,Dimensiuni: 45 * 56 cm,taxable,1,0,0,147,,,https://static.musaibrand.com/images/models/0302/model/large/0302_6401_2_1.jpg,MU0302,89,Size,10,,1,,Color,Burgundia/alb,,1,,,,,,,,,,,,[45cm]·[56cm],8435782515718
variation,MU0302276401,,1,0,visible,,Dimensiuni: 47 * 60 cm,taxable,1,0,0,147,,,https://static.musaibrand.com/images/models/0302/model/large/0302_6401_2_1.jpg,MU0302,90,Size,12,,1,,Color,Burgundia/alb,,1,,,,,,,,,,,,[47cm]·[60cm],8435782515770
variation,MU0302286401,,1,0,visible,,Dimensiuni: 49 * 64 cm,taxable,1,0,0,147,,,https://static.musaibrand.com/images/models/0302/model/large/0302_6401_2_1.jpg,MU0302,91,Size,14,,1,,Color,Burgundia/alb,,1,,,,,,,,,,,,[49cm]·[64cm],8435782515831
variable,MU0302-K,Jachetă Afiki Copii,1,0,visible,,"<p>Jachetă tehnică pentru copii cu mâneci raglan și glugă, confecționată din poliester piqué reciclat și căptușeală moale periată.</p><p><strong>Compoziție:</strong> 100% poliester pique reciclat</p><p><br>· Glugă căptușită cu aceeași țesătură .<br>· Acoperire elastică a cusăturii pe guler.<br>· Fermoar inversat în două tonuri.<br>· Fermoar personalizat cu imagine marcă.<br>· Design cu nuanțe vii de contrast manșete și părți față-spate.<br>· Buzunare laterale mari cu fermoar.<br>· Manșete și tiv cu nervuri 1x1.<br>· Detaliu cu logo brodat pe piept.</p><h4>Dimensiuni</h4><table style='border-collapse:collapse;margin:8px 0'><tr><th style='padding:4px 12px;border:1px solid #ddd;text-align:left'>Mărime</th><th style='padding:4px 12px;border:1px solid #ddd;text-align:left'>Dimensiuni</th></tr><tr><td style='padding:4px 12px;border:1px solid #ddd'>XS</td><td style='padding:4px 12px;border:1px solid #ddd'>52 * 69 cm</td></tr><tr><td style='padding:4px 12px;border:1px solid #ddd'>S</td><td style='padding:4px 12px;border:1px solid #ddd'>54 * 70 cm</td></tr><tr><td style='padding:4px 12px;border:1px solid #ddd'>M</td><td style='padding:4px 12px;border:1px solid #ddd'>56 * 71 cm</td></tr><tr><td style='padding:4px 12px;border:1px solid #ddd'>L</td><td style='padding:4px 12px;border:1px solid #ddd'>58 * 72 cm</td></tr><tr><td style='padding:4px 12px;border:1px solid #ddd'>XL</td><td style='padding:4px 12px;border:1px solid #ddd'>61 * 73 cm</td></tr><tr><td style='padding:4px 12px;border:1px solid #ddd'>2XL</td><td style='padding:4px 12px;border:1px solid #ddd'>64 * 74 cm</td></tr><tr><td style='padding:4px 12px;border:1px solid #ddd'>3XL</td><td style='padding:4px 12px;border:1px solid #ddd'>67 * 75 cm</td></tr><tr><td style='padding:4px 12px;border:1px solid #ddd'>4</td><td style='padding:4px 12px;border:1px solid #ddd'>37 * 44 cm</td></tr><tr><td style='padding:4px 12px;border:1px solid #ddd'>6</td><td style='padding:4px 12px;border:1px solid #ddd'>40 * 48 cm</td></tr><tr><td style='padding:4px 12px;border:1px solid #ddd'>8</td><td style='padding:4px 12px;border:1px solid #ddd'>43 * 52 cm</td></tr><tr><td style='padding:4px 12px;border:1px solid #ddd'>10</td><td style='padding:4px 12px;border:1px solid #ddd'>45 * 56 cm</td></tr><tr><td style='padding:4px 12px;border:1px solid #ddd'>12</td><td style='padding:4px 12px;border:1px solid #ddd'>47 * 60 cm</td></tr><tr><td style='padding:4px 12px;border:1px solid #ddd'>14</td><td style='padding:4px 12px;border:1px solid #ddd'>49 * 64 cm</td></tr></table>",taxable,1,0,0,,Jachete,MUSAI,"https://static.musaibrand.com/images/models/0302-K/model/large/0302-K_0201_1_1.jpg,https://static.musaibrand.com/images/models/0302-K/model/large/0302-K_0501_1_1.jpg,https://static.musaibrand.com/images/models/0302-K/model/large/0302-K_22201_1_1.jpg,https://static.musaibrand.com/images/models/0302-K/model/large/0302-K_258221_1_1.jpg,https://static.musaibrand.com/images/models/0302-K/model/large/0302-K_55221_1_1.jpg,https://static.musaibrand.com/images/models/0302-K/model/large/0302-K_6001_1_1.jpg,https://static.musaibrand.com/images/models/0302-K/model/large/0302-K_6401_1_1.jpg,https://static.musaibrand.com/images/models/0302-K/model/large/0302-K_0201_2_1.jpg,https://static.musaibrand.com/images/models/0302-K/model/large/0302-K_0501_2_1.jpg,https://static.musaibrand.com/images/models/0302-K/model/large/0302-K_22201_2_1.jpg,https://static.musaibrand.com/images/models/0302-K/model/large/0302-K_258221_2_1.jpg,https://static.musaibrand.com/images/models/0302-K/model/large/0302-K_55221_2_1.jpg,https://static.musaibrand.com/images/models/0302-K/model/large/0302-K_6001_2_1.jpg,https://static.musaibrand.com/images/models/0302-K/model/large/0302-K_6401_2_1.jpg",,0,Size,"XS, S, M, L, XL, 2XL, 3XL, 4, 6, 8, 10, 12, 14",1,1,,Color,"Negru/alb, Royal / alb, Fluor verde/alb, Gri deschis/galben fluor, Albastru marin/galben fluor, Roșu/alb, Burgundia/alb",1,1,,Gender,Unisex,1,1,,Dimensiuni,"[52cm]·[69cm], [54cm]·[70cm], [56cm]·[71cm], [58cm]·[72cm], [61cm]·[73cm], [64cm]·[74cm], [67cm]·[75cm], [37cm]·[44cm], [40cm]·[48cm], [43cm]·[52cm], [45cm]·[56cm], [47cm]·[60cm], [49cm]·[64cm]",1,0,,,
variation,MU0302000201-K,,1,0,visible,,Dimensiuni: 52 * 69 cm,taxable,1,0,0,147,,,https://static.musaibrand.com/images/models/0302-K/model/large/0302-K_0201_2_1.jpg,MU0302-K,1,Size,XS,,1,,Color,Negru/alb,,1,,,,,,,,,,,,[52cm]·[69cm],8435782515060
variation,MU0302010201-K,,1,0,visible,,Dimensiuni: 54 * 70 cm,taxable,1,0,0,147,,,https://static.musaibrand.com/images/models/0302-K/model/large/0302-K_0201_2_1.jpg,MU0302-K,2,Size,S,,1,,Color,Negru/alb,,1,,,,,,,,,,,,[54cm]·[70cm],8435782515121
variation,MU0302020201-K,,1,0,visible,,Dimensiuni: 56 * 71 cm,taxable,1,0,0,147,,,https://static.musaibrand.com/images/models/0302-K/model/large/0302-K_0201_2_1.jpg,MU0302-K,3,Size,M,,1,,Color,Negru/alb,,1,,,,,,,,,,,,[56cm]·[71cm],8435782515183
variation,MU0302030201-K,,1,0,visible,,Dimensiuni: 58 * 72 cm,taxable,1,0,0,147,,,https://static.musaibrand.com/images/models/0302-K/model/large/0302-K_0201_2_1.jpg,MU0302-K,4,Size,L,,1,,Color,Negru/alb,,1,,,,,,,,,,,,[58cm]·[72cm],8435782515244
variation,MU0302040201-K,,1,0,visible,,Dimensiuni: 61 * 73 cm,taxable,1,0,0,147,,,https://static.musaibrand.com/images/models/0302-K/model/large/0302-K_0201_2_1.jpg,MU0302-K,5,Size,XL,,1,,Color,Negru/alb,,1,,,,,,,,,,,,[61cm]·[73cm],8435782515305
variation,MU0302050201-K,,1,0,visible,,Dimensiuni: 64 * 74 cm,taxable,1,0,0,147,,,https://static.musaibrand.com/images/models/0302-K/model/large/0302-K_0201_2_1.jpg,MU0302-K,6,Size,2XL,,1,,Color,Negru/alb,,1,,,,,,,,,,,,[64cm]·[74cm],8435782515367
variation,MU0302060201-K,,1,0,visible,,Dimensiuni: 67 * 75 cm,taxable,1,0,0,147,,,https://static.musaibrand.com/images/models/0302-K/model/large/0302-K_0201_2_1.jpg,MU0302-K,7,Size,3XL,,1,,Color,Negru/alb,,1,,,,,,,,,,,,[67cm]·[75cm],8435782515428
variation,MU0302220201-K,,1,0,visible,,Dimensiuni: 37 * 44 cm,taxable,1,0,0,147,,,https://static.musaibrand.com/images/models/0302-K/model/large/0302-K_0201_2_1.jpg,MU0302-K,8,Size,4,,1,,Color,Negru/alb,,1,,,,,,,,,,,,[37cm]·[44cm],8435782515480
variation,MU0302240201-K,,1,0,visible,,Dimensiuni: 40 * 48 cm,taxable,1,0,0,147,,,https://static.musaibrand.com/images/models/0302-K/model/large/0302-K_0201_2_1.jpg,MU0302-K,9,Size,6,,1,,Color,Negru/alb,,1,,,,,,,,,,,,[40cm]·[48cm],8435782515541
variation,MU0302250201-K,,1,0,visible,,Dimensiuni: 43 * 52 cm,taxable,1,0,0,147,,,https://static.musaibrand.com/images/models/0302-K/model/large/0302-K_0201_2_1.jpg,MU0302-K,10,Size,8,,1,,Color,Negru/alb,,1,,,,,,,,,,,,[43cm]·[52cm],8435782515602
variation,MU0302260201-K,,1,0,visible,,Dimensiuni: 45 * 56 cm,taxable,1,0,0,147,,,https://static.musaibrand.com/images/models/0302-K/model/large/0302-K_0201_2_1.jpg,MU0302-K,11,Size,10,,1,,Color,Negru/alb,,1,,,,,,,,,,,,[45cm]·[56cm],8435782515664
variation,MU0302270201-K,,1,0,visible,,Dimensiuni: 47 * 60 cm,taxable,1,0,0,147,,,https://static.musaibrand.com/images/models/0302-K/model/large/0302-K_0201_2_1.jpg,MU0302-K,12,Size,12,,1,,Color,Negru/alb,,1,,,,,,,,,,,,[47cm]·[60cm],8435782515725
variation,MU0302280201-K,,1,0,visible,,Dimensiuni: 49 * 64 cm,taxable,1,0,0,147,,,https://static.musaibrand.com/images/models/0302-K/model/large/0302-K_0201_2_1.jpg,MU0302-K,13,Size,14,,1,,Color,Negru/alb,,1,,,,,,,,,,,,[49cm]·[64cm],8435782515787
variation,MU0302000501-K,,1,0,visible,,Dimensiuni: 52 * 69 cm,taxable,1,0,0,147,,,https://static.musaibrand.com/images/models/0302-K/model/large/0302-K_0501_2_1.jpg,MU0302-K,14,Size,XS,,1,,Color,Royal / alb,,1,,,,,,,,,,,,[52cm]·[69cm],8435782515077
variation,MU0302010501-K,,1,0,visible,,Dimensiuni: 54 * 70 cm,taxable,1,0,0,147,,,https://static.musaibrand.com/images/models/0302-K/model/large/0302-K_0501_2_1.jpg,MU0302-K,15,Size,S,,1,,Color,Royal / alb,,1,,,,,,,,,,,,[54cm]·[70cm],8435782515138
variation,MU0302020501-K,,1,0,visible,,Dimensiuni: 56 * 71 cm,taxable,1,0,0,147,,,https://static.musaibrand.com/images/models/0302-K/model/large/0302-K_0501_2_1.jpg,MU0302-K,16,Size,M,,1,,Color,Royal / alb,,1,,,,,,,,,,,,[56cm]·[71cm],8435782515190
variation,MU0302030501-K,,1,0,visible,,Dimensiuni: 58 * 72 cm,taxable,1,0,0,147,,,https://static.musaibrand.com/images/models/0302-K/model/large/0302-K_0501_2_1.jpg,MU0302-K,17,Size,L,,1,,Color,Royal / alb,,1,,,,,,,,,,,,[58cm]·[72cm],8435782515251
variation,MU0302040501-K,,1,0,visible,,Dimensiuni: 61 * 73 cm,taxable,1,0,0,147,,,https://static.musaibrand.com/images/models/0302-K/model/large/0302-K_0501_2_1.jpg,MU0302-K,18,Size,XL,,1,,Color,Royal / alb,,1,,,,,,,,,,,,[61cm]·[73cm],8435782515312
variation,MU0302050501-K,,1,0,visible,,Dimensiuni: 64 * 74 cm,taxable,1,0,0,147,,,https://static.musaibrand.com/images/models/0302-K/model/large/0302-K_0501_2_1.jpg,MU0302-K,19,Size,2XL,,1,,Color,Royal / alb,,1,,,,,,,,,,,,[64cm]·[74cm],8435782515374
variation,MU0302060501-K,,1,0,visible,,Dimensiuni: 67 * 75 cm,taxable,1,0,0,147,,,https://static.musaibrand.com/images/models/0302-K/model/large/0302-K_0501_2_1.jpg,MU0302-K,20,Size,3XL,,1,,Color,Royal / alb,,1,,,,,,,,,,,,[67cm]·[75cm],8435782515435
variation,MU0302220501-K,,1,0,visible,,Dimensiuni: 37 * 44 cm,taxable,1,0,0,147,,,https://static.musaibrand.com/images/models/0302-K/model/large/0302-K_0501_2_1.jpg,MU0302-K,21,Size,4,,1,,Color,Royal / alb,,1,,,,,,,,,,,,[37cm]·[44cm],8435782515497
variation,MU0302240501-K,,1,0,visible,,Dimensiuni: 40 * 48 cm,taxable,1,0,0,147,,,https://static.musaibrand.com/images/models/0302-K/model/large/0302-K_0501_2_1.jpg,MU0302-K,22,Size,6,,1,,Color,Royal / alb,,1,,,,,,,,,,,,[40cm]·[48cm],8435782515558
variation,MU0302250501-K,,1,0,visible,,Dimensiuni: 43 * 52 cm,taxable,1,0,0,147,,,https://static.musaibrand.com/images/models/0302-K/model/large/0302-K_0501_2_1.jpg,MU0302-K,23,Size,8,,1,,Color,Royal / alb,,1,,,,,,,,,,,,[43cm]·[52cm],8435782515619
variation,MU0302260501-K,,1,0,visible,,Dimensiuni: 45 * 56 cm,taxable,1,0,0,147,,,https://static.musaibrand.com/images/models/0302-K/model/large/0302-K_0501_2_1.jpg,MU0302-K,24,Size,10,,1,,Color,Royal / alb,,1,,,,,,,,,,,,[45cm]·[56cm],8435782515671
variation,MU0302270501-K,,1,0,visible,,Dimensiuni: 47 * 60 cm,taxable,1,0,0,147,,,https://static.musaibrand.com/images/models/0302-K/model/large/0302-K_0501_2_1.jpg,MU0302-K,25,Size,12,,1,,Color,Royal / alb,,1,,,,,,,,,,,,[47cm]·[60cm],8435782515732
variation,MU0302280501-K,,1,0,visible,,Dimensiuni: 49 * 64 cm,taxable,1,0,0,147,,,https://static.musaibrand.com/images/models/0302-K/model/large/0302-K_0501_2_1.jpg,MU0302-K,26,Size,14,,1,,Color,Royal / alb,,1,,,,,,,,,,,,[49cm]·[64cm],8435782515794
variation,MU03020022201-K,,1,0,visible,,Dimensiuni: 52 * 69 cm,taxable,1,0,0,147,,,https://static.musaibrand.com/images/models/0302-K/model/large/0302-K_22201_2_1.jpg,MU0302-K,27,Size,XS,,1,,Color,Fluor verde/alb,,1,,,,,,,,,,,,[52cm]·[69cm],8435782515084
variation,MU03020122201-K,,1,0,visible,,Dimensiuni: 54 * 70 cm,taxable,1,0,0,147,,,https://static.musaibrand.com/images/models/0302-K/model/large/0302-K_22201_2_1.jpg,MU0302-K,28,Size,S,,1,,Color,Fluor verde/alb,,1,,,,,,,,,,,,[54cm]·[70cm],8435782515145
variation,MU03020222201-K,,1,0,visible,,Dimensiuni: 56 * 71 cm,taxable,1,0,0,147,,,https://static.musaibrand.com/images/models/0302-K/model/large/0302-K_22201_2_1.jpg,MU0302-K,29,Size,M,,1,,Color,Fluor verde/alb,,1,,,,,,,,,,,,[56cm]·[71cm],8435782515206
variation,MU03020322201-K,,1,0,visible,,Dimensiuni: 58 * 72 cm,taxable,1,0,0,147,,,https://static.musaibrand.com/images/models/0302-K/model/large/0302-K_22201_2_1.jpg,MU0302-K,30,Size,L,,1,,Color,Fluor verde/alb,,1,,,,,,,,,,,,[58cm]·[72cm],8435782515268
variation,MU03020422201-K,,1,0,visible,,Dimensiuni: 61 * 73 cm,taxable,1,0,0,147,,,https://static.musaibrand.com/images/models/0302-K/model/large/0302-K_22201_2_1.jpg,MU0302-K,31,Size,XL,,1,,Color,Fluor verde/alb,,1,,,,,,,,,,,,[61cm]·[73cm],8435782515329
variation,MU03020522201-K,,1,0,visible,,Dimensiuni: 64 * 74 cm,taxable,1,0,0,147,,,https://static.musaibrand.com/images/models/0302-K/model/large/0302-K_22201_2_1.jpg,MU0302-K,32,Size,2XL,,1,,Color,Fluor verde/alb,,1,,,,,,,,,,,,[64cm]·[74cm],8435782515381
variation,MU03020622201-K,,1,0,visible,,Dimensiuni: 67 * 75 cm,taxable,1,0,0,147,,,https://static.musaibrand.com/images/models/0302-K/model/large/0302-K_22201_2_1.jpg,MU0302-K,33,Size,3XL,,1,,Color,Fluor verde/alb,,1,,,,,,,,,,,,[67cm]·[75cm],8435782515442
variation,MU03022222201-K,,1,0,visible,,Dimensiuni: 37 * 44 cm,taxable,1,0,0,147,,,https://static.musaibrand.com/images/models/0302-K/model/large/0302-K_22201_2_1.jpg,MU0302-K,34,Size,4,,1,,Color,Fluor verde/alb,,1,,,,,,,,,,,,[37cm]·[44cm],8435782515503
variation,MU03022422201-K,,1,0,visible,,Dimensiuni: 40 * 48 cm,taxable,1,0,0,147,,,https://static.musaibrand.com/images/models/0302-K/model/large/0302-K_22201_2_1.jpg,MU0302-K,35,Size,6,,1,,Color,Fluor verde/alb,,1,,,,,,,,,,,,[40cm]·[48cm],8435782515565
variation,MU03022522201-K,,1,0,visible,,Dimensiuni: 43 * 52 cm,taxable,1,0,0,147,,,https://static.musaibrand.com/images/models/0302-K/model/large/0302-K_22201_2_1.jpg,MU0302-K,36,Size,8,,1,,Color,Fluor verde/alb,,1,,,,,,,,,,,,[43cm]·[52cm],8435782515626
variation,MU03022622201-K,,1,0,visible,,Dimensiuni: 45 * 56 cm,taxable,1,0,0,147,,,https://static.musaibrand.com/images/models/0302-K/model/large/0302-K_22201_2_1.jpg,MU0302-K,37,Size,10,,1,,Color,Fluor verde/alb,,1,,,,,,,,,,,,[45cm]·[56cm],8435782515688
variation,MU03022722201-K,,1,0,visible,,Dimensiuni: 47 * 60 cm,taxable,1,0,0,147,,,https://static.musaibrand.com/images/models/0302-K/model/large/0302-K_22201_2_1.jpg,MU0302-K,38,Size,12,,1,,Color,Fluor verde/alb,,1,,,,,,,,,,,,[47cm]·[60cm],8435782515749
variation,MU03022822201-K,,1,0,visible,,Dimensiuni: 49 * 64 cm,taxable,1,0,0,147,,,https://static.musaibrand.com/images/models/0302-K/model/large/0302-K_22201_2_1.jpg,MU0302-K,39,Size,14,,1,,Color,Fluor verde/alb,,1,,,,,,,,,,,,[49cm]·[64cm],8435782515800
variation,MU030200258221-K,,1,0,visible,,Dimensiuni: 52 * 69 cm,taxable,1,0,0,147,,,https://static.musaibrand.com/images/models/0302-K/model/large/0302-K_258221_2_1.jpg,MU0302-K,40,Size,XS,,1,,Color,Gri deschis/galben fluor,,1,,,,,,,,,,,,[52cm]·[69cm],8435782529586
variation,MU030201258221-K,,1,0,visible,,Dimensiuni: 54 * 70 cm,taxable,1,0,0,147,,,https://static.musaibrand.com/images/models/0302-K/model/large/0302-K_258221_2_1.jpg,MU0302-K,41,Size,S,,1,,Color,Gri deschis/galben fluor,,1,,,,,,,,,,,,[54cm]·[70cm],8435782529593
variation,MU030202258221-K,,1,0,visible,,Dimensiuni: 56 * 71 cm,taxable,1,0,0,147,,,https://static.musaibrand.com/images/models/0302-K/model/large/0302-K_258221_2_1.jpg,MU0302-K,42,Size,M,,1,,Color,Gri deschis/galben fluor,,1,,,,,,,,,,,,[56cm]·[71cm],8435782529609
variation,MU030203258221-K,,1,0,visible,,Dimensiuni: 58 * 72 cm,taxable,1,0,0,147,,,https://static.musaibrand.com/images/models/0302-K/model/large/0302-K_258221_2_1.jpg,MU0302-K,43,Size,L,,1,,Color,Gri deschis/galben fluor,,1,,,,,,,,,,,,[58cm]·[72cm],8435782529616
variation,MU030204258221-K,,1,0,visible,,Dimensiuni: 61 * 73 cm,taxable,1,0,0,147,,,https://static.musaibrand.com/images/models/0302-K/model/large/0302-K_258221_2_1.jpg,MU0302-K,44,Size,XL,,1,,Color,Gri deschis/galben fluor,,1,,,,,,,,,,,,[61cm]·[73cm],8435782529623
variation,MU030205258221-K,,1,0,visible,,Dimensiuni: 64 * 74 cm,taxable,1,0,0,147,,,https://static.musaibrand.com/images/models/0302-K/model/large/0302-K_258221_2_1.jpg,MU0302-K,45,Size,2XL,,1,,Color,Gri deschis/galben fluor,,1,,,,,,,,,,,,[64cm]·[74cm],8435782529630
variation,MU030206258221-K,,1,0,visible,,Dimensiuni: 67 * 75 cm,taxable,1,0,0,147,,,https://static.musaibrand.com/images/models/0302-K/model/large/0302-K_258221_2_1.jpg,MU0302-K,46,Size,3XL,,1,,Color,Gri deschis/galben fluor,,1,,,,,,,,,,,,[67cm]·[75cm],8435782529647
variation,MU030222258221-K,,1,0,visible,,Dimensiuni: 37 * 44 cm,taxable,1,0,0,147,,,https://static.musaibrand.com/images/models/0302-K/model/large/0302-K_258221_2_1.jpg,MU0302-K,47,Size,4,,1,,Color,Gri deschis/galben fluor,,1,,,,,,,,,,,,[37cm]·[44cm],8435782529654
variation,MU030224258221-K,,1,0,visible,,Dimensiuni: 40 * 48 cm,taxable,1,0,0,147,,,https://static.musaibrand.com/images/models/0302-K/model/large/0302-K_258221_2_1.jpg,MU0302-K,48,Size,6,,1,,Color,Gri deschis/galben fluor,,1,,,,,,,,,,,,[40cm]·[48cm],8435782529661
variation,MU030225258221-K,,1,0,visible,,Dimensiuni: 43 * 52 cm,taxable,1,0,0,147,,,https://static.musaibrand.com/images/models/0302-K/model/large/0302-K_258221_2_1.jpg,MU0302-K,49,Size,8,,1,,Color,Gri deschis/galben fluor,,1,,,,,,,,,,,,[43cm]·[52cm],8435782529678
variation,MU030226258221-K,,1,0,visible,,Dimensiuni: 45 * 56 cm,taxable,1,0,0,147,,,https://static.musaibrand.com/images/models/0302-K/model/large/0302-K_258221_2_1.jpg,MU0302-K,50,Size,10,,1,,Color,Gri deschis/galben fluor,,1,,,,,,,,,,,,[45cm]·[56cm],8435782529685
variation,MU030227258221-K,,1,0,visible,,Dimensiuni: 47 * 60 cm,taxable,1,0,0,147,,,https://static.musaibrand.com/images/models/0302-K/model/large/0302-K_258221_2_1.jpg,MU0302-K,51,Size,12,,1,,Color,Gri deschis/galben fluor,,1,,,,,,,,,,,,[47cm]·[60cm],8435782529692
variation,MU030228258221-K,,1,0,visible,,Dimensiuni: 49 * 64 cm,taxable,1,0,0,147,,,https://static.musaibrand.com/images/models/0302-K/model/large/0302-K_258221_2_1.jpg,MU0302-K,52,Size,14,,1,,Color,Gri deschis/galben fluor,,1,,,,,,,,,,,,[49cm]·[64cm],8435782529708
variation,MU03020055221-K,,1,0,visible,,Dimensiuni: 52 * 69 cm,taxable,1,0,0,147,,,https://static.musaibrand.com/images/models/0302-K/model/large/0302-K_55221_2_1.jpg,MU0302-K,53,Size,XS,,1,,Color,Albastru marin/galben fluor,,1,,,,,,,,,,,,[52cm]·[69cm],8435782515091
variation,MU03020155221-K,,1,0,visible,,Dimensiuni: 54 * 70 cm,taxable,1,0,0,147,,,https://static.musaibrand.com/images/models/0302-K/model/large/0302-K_55221_2_1.jpg,MU0302-K,54,Size,S,,1,,Color,Albastru marin/galben fluor,,1,,,,,,,,,,,,[54cm]·[70cm],8435782515152
variation,MU03020255221-K,,1,0,visible,,Dimensiuni: 56 * 71 cm,taxable,1,0,0,147,,,https://static.musaibrand.com/images/models/0302-K/model/large/0302-K_55221_2_1.jpg,MU0302-K,55,Size,M,,1,,Color,Albastru marin/galben fluor,,1,,,,,,,,,,,,[56cm]·[71cm],8435782515213
variation,MU03020355221-K,,1,0,visible,,Dimensiuni: 58 * 72 cm,taxable,1,0,0,147,,,https://static.musaibrand.com/images/models/0302-K/model/large/0302-K_55221_2_1.jpg,MU0302-K,56,Size,L,,1,,Color,Albastru marin/galben fluor,,1,,,,,,,,,,,,[58cm]·[72cm],8435782515275
variation,MU03020455221-K,,1,0,visible,,Dimensiuni: 61 * 73 cm,taxable,1,0,0,147,,,https://static.musaibrand.com/images/models/0302-K/model/large/0302-K_55221_2_1.jpg,MU0302-K,57,Size,XL,,1,,Color,Albastru marin/galben fluor,,1,,,,,,,,,,,,[61cm]·[73cm],8435782515336
variation,MU03020555221-K,,1,0,visible,,Dimensiuni: 64 * 74 cm,taxable,1,0,0,147,,,https://static.musaibrand.com/images/models/0302-K/model/large/0302-K_55221_2_1.jpg,MU0302-K,58,Size,2XL,,1,,Color,Albastru marin/galben fluor,,1,,,,,,,,,,,,[64cm]·[74cm],8435782515398
variation,MU03020655221-K,,1,0,visible,,Dimensiuni: 67 * 75 cm,taxable,1,0,0,147,,,https://static.musaibrand.com/images/models/0302-K/model/large/0302-K_55221_2_1.jpg,MU0302-K,59,Size,3XL,,1,,Color,Albastru marin/galben fluor,,1,,,,,,,,,,,,[67cm]·[75cm],8435782515459
variation,MU03022255221-K,,1,0,visible,,Dimensiuni: 37 * 44 cm,taxable,1,0,0,147,,,https://static.musaibrand.com/images/models/0302-K/model/large/0302-K_55221_2_1.jpg,MU0302-K,60,Size,4,,1,,Color,Albastru marin/galben fluor,,1,,,,,,,,,,,,[37cm]·[44cm],8435782515510
variation,MU03022455221-K,,1,0,visible,,Dimensiuni: 40 * 48 cm,taxable,1,0,0,147,,,https://static.musaibrand.com/images/models/0302-K/model/large/0302-K_55221_2_1.jpg,MU0302-K,61,Size,6,,1,,Color,Albastru marin/galben fluor,,1,,,,,,,,,,,,[40cm]·[48cm],8435782515572
variation,MU03022555221-K,,1,0,visible,,Dimensiuni: 43 * 52 cm,taxable,1,0,0,147,,,https://static.musaibrand.com/images/models/0302-K/model/large/0302-K_55221_2_1.jpg,MU0302-K,62,Size,8,,1,,Color,Albastru marin/galben fluor,,1,,,,,,,,,,,,[43cm]·[52cm],8435782515633
variation,MU03022655221-K,,1,0,visible,,Dimensiuni: 45 * 56 cm,taxable,1,0,0,147,,,https://static.musaibrand.com/images/models/0302-K/model/large/0302-K_55221_2_1.jpg,MU0302-K,63,Size,10,,1,,Color,Albastru marin/galben fluor,,1,,,,,,,,,,,,[45cm]·[56cm],8435782515695
variation,MU03022755221-K,,1,0,visible,,Dimensiuni: 47 * 60 cm,taxable,1,0,0,147,,,https://static.musaibrand.com/images/models/0302-K/model/large/0302-K_55221_2_1.jpg,MU0302-K,64,Size,12,,1,,Color,Albastru marin/galben fluor,,1,,,,,,,,,,,,[47cm]·[60cm],8435782515756
variation,MU03022855221-K,,1,0,visible,,Dimensiuni: 49 * 64 cm,taxable,1,0,0,147,,,https://static.musaibrand.com/images/models/0302-K/model/large/0302-K_55221_2_1.jpg,MU0302-K,65,Size,14,,1,,Color,Albastru marin/galben fluor,,1,,,,,,,,,,,,[49cm]·[64cm],8435782515817
variation,MU0302006001-K,,1,0,visible,,Dimensiuni: 52 * 69 cm,taxable,1,0,0,147,,,https://static.musaibrand.com/images/models/0302-K/model/large/0302-K_6001_2_1.jpg,MU0302-K,66,Size,XS,,1,,Color,Roșu/alb,,1,,,,,,,,,,,,[52cm]·[69cm],8435782515107
variation,MU0302016001-K,,1,0,visible,,Dimensiuni: 54 * 70 cm,taxable,1,0,0,147,,,https://static.musaibrand.com/images/models/0302-K/model/large/0302-K_6001_2_1.jpg,MU0302-K,67,Size,S,,1,,Color,Roșu/alb,,1,,,,,,,,,,,,[54cm]·[70cm],8435782515169
variation,MU0302026001-K,,1,0,visible,,Dimensiuni: 56 * 71 cm,taxable,1,0,0,147,,,https://static.musaibrand.com/images/models/0302-K/model/large/0302-K_6001_2_1.jpg,MU0302-K,68,Size,M,,1,,Color,Roșu/alb,,1,,,,,,,,,,,,[56cm]·[71cm],8435782515220
variation,MU0302036001-K,,1,0,visible,,Dimensiuni: 58 * 72 cm,taxable,1,0,0,147,,,https://static.musaibrand.com/images/models/0302-K/model/large/0302-K_6001_2_1.jpg,MU0302-K,69,Size,L,,1,,Color,Roșu/alb,,1,,,,,,,,,,,,[58cm]·[72cm],8435782515282
variation,MU0302046001-K,,1,0,visible,,Dimensiuni: 61 * 73 cm,taxable,1,0,0,147,,,https://static.musaibrand.com/images/models/0302-K/model/large/0302-K_6001_2_1.jpg,MU0302-K,70,Size,XL,,1,,Color,Roșu/alb,,1,,,,,,,,,,,,[61cm]·[73cm],8435782515343
variation,MU0302056001-K,,1,0,visible,,Dimensiuni: 64 * 74 cm,taxable,1,0,0,147,,,https://static.musaibrand.com/images/models/0302-K/model/large/0302-K_6001_2_1.jpg,MU0302-K,71,Size,2XL,,1,,Color,Roșu/alb,,1,,,,,,,,,,,,[64cm]·[74cm],8435782515404
variation,MU0302066001-K,,1,0,visible,,Dimensiuni: 67 * 75 cm,taxable,1,0,0,147,,,https://static.musaibrand.com/images/models/0302-K/model/large/0302-K_6001_2_1.jpg,MU0302-K,72,Size,3XL,,1,,Color,Roșu/alb,,1,,,,,,,,,,,,[67cm]·[75cm],8435782515466
variation,MU0302226001-K,,1,0,visible,,Dimensiuni: 37 * 44 cm,taxable,1,0,0,147,,,https://static.musaibrand.com/images/models/0302-K/model/large/0302-K_6001_2_1.jpg,MU0302-K,73,Size,4,,1,,Color,Roșu/alb,,1,,,,,,,,,,,,[37cm]·[44cm],8435782515527
variation,MU0302246001-K,,1,0,visible,,Dimensiuni: 40 * 48 cm,taxable,1,0,0,147,,,https://static.musaibrand.com/images/models/0302-K/model/large/0302-K_6001_2_1.jpg,MU0302-K,74,Size,6,,1,,Color,Roșu/alb,,1,,,,,,,,,,,,[40cm]·[48cm],8435782515589
variation,MU0302256001-K,,1,0,visible,,Dimensiuni: 43 * 52 cm,taxable,1,0,0,147,,,https://static.musaibrand.com/images/models/0302-K/model/large/0302-K_6001_2_1.jpg,MU0302-K,75,Size,8,,1,,Color,Roșu/alb,,1,,,,,,,,,,,,[43cm]·[52cm],8435782515640
variation,MU0302266001-K,,1,0,visible,,Dimensiuni: 45 * 56 cm,taxable,1,0,0,147,,,https://static.musaibrand.com/images/models/0302-K/model/large/0302-K_6001_2_1.jpg,MU0302-K,76,Size,10,,1,,Color,Roșu/alb,,1,,,,,,,,,,,,[45cm]·[56cm],8435782515701
variation,MU0302276001-K,,1,0,visible,,Dimensiuni: 47 * 60 cm,taxable,1,0,0,147,,,https://static.musaibrand.com/images/models/0302-K/model/large/0302-K_6001_2_1.jpg,MU0302-K,77,Size,12,,1,,Color,Roșu/alb,,1,,,,,,,,,,,,[47cm]·[60cm],8435782515763
variation,MU0302286001-K,,1,0,visible,,Dimensiuni: 49 * 64 cm,taxable,1,0,0,147,,,https://static.musaibrand.com/images/models/0302-K/model/large/0302-K_6001_2_1.jpg,MU0302-K,78,Size,14,,1,,Color,Roșu/alb,,1,,,,,,,,,,,,[49cm]·[64cm],8435782515824
variation,MU0302006401-K,,1,0,visible,,Dimensiuni: 52 * 69 cm,taxable,1,0,0,147,,,https://static.musaibrand.com/images/models/0302-K/model/large/0302-K_6401_2_1.jpg,MU0302-K,79,Size,XS,,1,,Color,Burgundia/alb,,1,,,,,,,,,,,,[52cm]·[69cm],8435782515114
variation,MU0302016401-K,,1,0,visible,,Dimensiuni: 54 * 70 cm,taxable,1,0,0,147,,,https://static.musaibrand.com/images/models/0302-K/model/large/0302-K_6401_2_1.jpg,MU0302-K,80,Size,S,,1,,Color,Burgundia/alb,,1,,,,,,,,,,,,[54cm]·[70cm],8435782515176
variation,MU0302026401-K,,1,0,visible,,Dimensiuni: 56 * 71 cm,taxable,1,0,0,147,,,https://static.musaibrand.com/images/models/0302-K/model/large/0302-K_6401_2_1.jpg,MU0302-K,81,Size,M,,1,,Color,Burgundia/alb,,1,,,,,,,,,,,,[56cm]·[71cm],8435782515237
variation,MU0302036401-K,,1,0,visible,,Dimensiuni: 58 * 72 cm,taxable,1,0,0,147,,,https://static.musaibrand.com/images/models/0302-K/model/large/0302-K_6401_2_1.jpg,MU0302-K,82,Size,L,,1,,Color,Burgundia/alb,,1,,,,,,,,,,,,[58cm]·[72cm],8435782515299
variation,MU0302046401-K,,1,0,visible,,Dimensiuni: 61 * 73 cm,taxable,1,0,0,147,,,https://static.musaibrand.com/images/models/0302-K/model/large/0302-K_6401_2_1.jpg,MU0302-K,83,Size,XL,,1,,Color,Burgundia/alb,,1,,,,,,,,,,,,[61cm]·[73cm],8435782515350
variation,MU0302056401-K,,1,0,visible,,Dimensiuni: 64 * 74 cm,taxable,1,0,0,147,,,https://static.musaibrand.com/images/models/0302-K/model/large/0302-K_6401_2_1.jpg,MU0302-K,84,Size,2XL,,1,,Color,Burgundia/alb,,1,,,,,,,,,,,,[64cm]·[74cm],8435782515411
variation,MU0302066401-K,,1,0,visible,,Dimensiuni: 67 * 75 cm,taxable,1,0,0,147,,,https://static.musaibrand.com/images/models/0302-K/model/large/0302-K_6401_2_1.jpg,MU0302-K,85,Size,3XL,,1,,Color,Burgundia/alb,,1,,,,,,,,,,,,[67cm]·[75cm],8435782515473
variation,MU0302226401-K,,1,0,visible,,Dimensiuni: 37 * 44 cm,taxable,1,0,0,147,,,https://static.musaibrand.com/images/models/0302-K/model/large/0302-K_6401_2_1.jpg,MU0302-K,86,Size,4,,1,,Color,Burgundia/alb,,1,,,,,,,,,,,,[37cm]·[44cm],8435782515534
variation,MU0302246401-K,,1,0,visible,,Dimensiuni: 40 * 48 cm,taxable,1,0,0,147,,,https://static.musaibrand.com/images/models/0302-K/model/large/0302-K_6401_2_1.jpg,MU0302-K,87,Size,6,,1,,Color,Burgundia/alb,,1,,,,,,,,,,,,[40cm]·[48cm],8435782515596
variation,MU0302256401-K,,1,0,visible,,Dimensiuni: 43 * 52 cm,taxable,1,0,0,147,,,https://static.musaibrand.com/images/models/0302-K/model/large/0302-K_6401_2_1.jpg,MU0302-K,88,Size,8,,1,,Color,Burgundia/alb,,1,,,,,,,,,,,,[43cm]·[52cm],8435782515657
variation,MU0302266401-K,,1,0,visible,,Dimensiuni: 45 * 56 cm,taxable,1,0,0,147,,,https://static.musaibrand.com/images/models/0302-K/model/large/0302-K_6401_2_1.jpg,MU0302-K,89,Size,10,,1,,Color,Burgundia/alb,,1,,,,,,,,,,,,[45cm]·[56cm],8435782515718
variation,MU0302276401-K,,1,0,visible,,Dimensiuni: 47 * 60 cm,taxable,1,0,0,147,,,https://static.musaibrand.com/images/models/0302-K/model/large/0302-K_6401_2_1.jpg,MU0302-K,90,Size,12,,1,,Color,Burgundia/alb,,1,,,,,,,,,,,,[47cm]·[60cm],8435782515770
variation,MU0302286401-K,,1,0,visible,,Dimensiuni: 49 * 64 cm,taxable,1,0,0,147,,,https://static.musaibrand.com/images/models/0302-K/model/large/0302-K_6401_2_1.jpg,MU0302-K,91,Size,14,,1,,Color,Burgundia/alb,,1,,,,,,,,,,,,[49cm]·[64cm],8435782515831
variable,MU0303,Jachetă - Saba,1,0,visible,,"<p>Jachetă tehnică unisex cu guler înalt, realizată din poliester piqué reciclat, cu căptușeală moale periată.</p><p><strong>Compoziție:</strong> 100% poliester pique reciclat</p><p>Design în două nuanțe.                                     <br>· Guler, manșete și tiv din nervură 1x1.Bandă de cusătură elastică în zona gulerului.<br>· Clapetă interioară și apărătoare de bărbie pe toată lungimea.<br>· Fermoar inversat.<br>· Fermoar personalizat cu imagine de marcă.<br>· Buzunare laterale mari cu fermoar.<br>· Detaliu cu logo brodat pe braț.</p><h4>Dimensiuni</h4><table style='border-collapse:collapse;margin:8px 0'><tr><th style='padding:4px 12px;border:1px solid #ddd;text-align:left'>Mărime</th><th style='padding:4px 12px;border:1px solid #ddd;text-align:left'>Dimensiuni</th></tr><tr><td style='padding:4px 12px;border:1px solid #ddd'>XS</td><td style='padding:4px 12px;border:1px solid #ddd'>53 * 68 cm</td></tr><tr><td style='padding:4px 12px;border:1px solid #ddd'>S</td><td style='padding:4px 12px;border:1px solid #ddd'>55 * 71 cm</td></tr><tr><td style='padding:4px 12px;border:1px solid #ddd'>M</td><td style='padding:4px 12px;border:1px solid #ddd'>57 * 72 cm</td></tr><tr><td style='padding:4px 12px;border:1px solid #ddd'>L</td><td style='padding:4px 12px;border:1px solid #ddd'>59 * 74 cm</td></tr><tr><td style='padding:4px 12px;border:1px solid #ddd'>XL</td><td style='padding:4px 12px;border:1px solid #ddd'>62 * 76 cm</td></tr><tr><td style='padding:4px 12px;border:1px solid #ddd'>2XL</td><td style='padding:4px 12px;border:1px solid #ddd'>65 * 78 cm</td></tr><tr><td style='padding:4px 12px;border:1px solid #ddd'>3XL</td><td style='padding:4px 12px;border:1px solid #ddd'>68 * 80 cm</td></tr><tr><td style='padding:4px 12px;border:1px solid #ddd'>4</td><td style='padding:4px 12px;border:1px solid #ddd'>37 * 44 cm</td></tr><tr><td style='padding:4px 12px;border:1px solid #ddd'>6</td><td style='padding:4px 12px;border:1px solid #ddd'>40 * 48 cm</td></tr><tr><td style='padding:4px 12px;border:1px solid #ddd'>8</td><td style='padding:4px 12px;border:1px solid #ddd'>43 * 52 cm</td></tr><tr><td style='padding:4px 12px;border:1px solid #ddd'>10</td><td style='padding:4px 12px;border:1px solid #ddd'>45 * 56 cm</td></tr><tr><td style='padding:4px 12px;border:1px solid #ddd'>12</td><td style='padding:4px 12px;border:1px solid #ddd'>47 * 60 cm</td></tr><tr><td style='padding:4px 12px;border:1px solid #ddd'>14</td><td style='padding:4px 12px;border:1px solid #ddd'>49 * 64 cm</td></tr></table>",taxable,1,0,0,,Jachete,MUSAI,"https://static.musaibrand.com/images/models/0303/model/large/0303_0201_1_1.jpg,https://static.musaibrand.com/images/models/0303/model/large/0303_0203_1_1.jpg,https://static.musaibrand.com/images/models/0303/model/large/0303_02176_1_1.jpg,https://static.musaibrand.com/images/models/0303/model/large/0303_02222_1_1.jpg,https://static.musaibrand.com/images/models/0303/model/large/0303_02223_1_1.jpg,https://static.musaibrand.com/images/models/0303/model/large/0303_02258_1_1.jpg,https://static.musaibrand.com/images/models/0303/model/large/0303_0234_1_1.jpg,https://static.musaibrand.com/images/models/0303/model/large/0303_0260_1_1.jpg,https://static.musaibrand.com/images/models/0303/model/large/0303_0201_2_1.jpg,https://static.musaibrand.com/images/models/0303/model/large/0303_0203_2_1.jpg,https://static.musaibrand.com/images/models/0303/model/large/0303_02176_2_1.jpg,https://static.musaibrand.com/images/models/0303/model/large/0303_02222_2_1.jpg,https://static.musaibrand.com/images/models/0303/model/large/0303_02223_2_1.jpg,https://static.musaibrand.com/images/models/0303/model/large/0303_02258_2_1.jpg,https://static.musaibrand.com/images/models/0303/model/large/0303_0234_2_1.jpg,https://static.musaibrand.com/images/models/0303/model/large/0303_0260_2_1.jpg",,0,Size,"XS, S, M, L, XL, 2XL, 3XL, 4, 6, 8, 10, 12, 14",1,1,,Color,"Negru/alb, Negru/galben, Fluorină negru/turcoaz, Negru/Fluor verde, Negru/portocaliu fluorescent, Negru / Gri deschis, Negru/ Roz gumă, Negru/roșu",1,1,,Gender,Unisex,1,1,,Dimensiuni,"[53cm]·[68cm], [55cm]·[71cm], [57cm]·[72cm], [59cm]·[74cm], [62cm]·[76cm], [65cm]·[78cm], [68cm]·[80cm], [37cm]·[44cm], [40cm]·[48cm], [43cm]·[52cm], [45cm]·[56cm], [47cm]·[60cm], [49cm]·[64cm]",1,0,,,
variation,MU0303000201,,1,0,visible,,Dimensiuni: 53 * 68 cm,taxable,1,0,0,131.25,,,https://static.musaibrand.com/images/models/0303/model/large/0303_0201_2_1.jpg,MU0303,1,Size,XS,,1,,Color,Negru/alb,,1,,,,,,,,,,,,[53cm]·[68cm],8435782530032
variation,MU0303010201,,1,0,visible,,Dimensiuni: 55 * 71 cm,taxable,1,0,0,131.25,,,https://static.musaibrand.com/images/models/0303/model/large/0303_0201_2_1.jpg,MU0303,2,Size,S,,1,,Color,Negru/alb,,1,,,,,,,,,,,,[55cm]·[71cm],8435782530049
variation,MU0303020201,,1,0,visible,,Dimensiuni: 57 * 72 cm,taxable,1,0,0,131.25,,,https://static.musaibrand.com/images/models/0303/model/large/0303_0201_2_1.jpg,MU0303,3,Size,M,,1,,Color,Negru/alb,,1,,,,,,,,,,,,[57cm]·[72cm],8435782530056
variation,MU0303030201,,1,0,visible,,Dimensiuni: 59 * 74 cm,taxable,1,0,0,131.25,,,https://static.musaibrand.com/images/models/0303/model/large/0303_0201_2_1.jpg,MU0303,4,Size,L,,1,,Color,Negru/alb,,1,,,,,,,,,,,,[59cm]·[74cm],8435782530063
variation,MU0303040201,,1,0,visible,,Dimensiuni: 62 * 76 cm,taxable,1,0,0,131.25,,,https://static.musaibrand.com/images/models/0303/model/large/0303_0201_2_1.jpg,MU0303,5,Size,XL,,1,,Color,Negru/alb,,1,,,,,,,,,,,,[62cm]·[76cm],8435782530070
variation,MU0303050201,,1,0,visible,,Dimensiuni: 65 * 78 cm,taxable,1,0,0,131.25,,,https://static.musaibrand.com/images/models/0303/model/large/0303_0201_2_1.jpg,MU0303,6,Size,2XL,,1,,Color,Negru/alb,,1,,,,,,,,,,,,[65cm]·[78cm],8435782530087
variation,MU0303060201,,1,0,visible,,Dimensiuni: 68 * 80 cm,taxable,1,0,0,131.25,,,https://static.musaibrand.com/images/models/0303/model/large/0303_0201_2_1.jpg,MU0303,7,Size,3XL,,1,,Color,Negru/alb,,1,,,,,,,,,,,,[68cm]·[80cm],8435782530094
variation,MU0303220201,,1,0,visible,,Dimensiuni: 37 * 44 cm,taxable,1,0,0,131.25,,,https://static.musaibrand.com/images/models/0303/model/large/0303_0201_2_1.jpg,MU0303,8,Size,4,,1,,Color,Negru/alb,,1,,,,,,,,,,,,[37cm]·[44cm],8435782530100
variation,MU0303240201,,1,0,visible,,Dimensiuni: 40 * 48 cm,taxable,1,0,0,131.25,,,https://static.musaibrand.com/images/models/0303/model/large/0303_0201_2_1.jpg,MU0303,9,Size,6,,1,,Color,Negru/alb,,1,,,,,,,,,,,,[40cm]·[48cm],8435782530117
variation,MU0303250201,,1,0,visible,,Dimensiuni: 43 * 52 cm,taxable,1,0,0,131.25,,,https://static.musaibrand.com/images/models/0303/model/large/0303_0201_2_1.jpg,MU0303,10,Size,8,,1,,Color,Negru/alb,,1,,,,,,,,,,,,[43cm]·[52cm],8435782530124
variation,MU0303260201,,1,0,visible,,Dimensiuni: 45 * 56 cm,taxable,1,0,0,131.25,,,https://static.musaibrand.com/images/models/0303/model/large/0303_0201_2_1.jpg,MU0303,11,Size,10,,1,,Color,Negru/alb,,1,,,,,,,,,,,,[45cm]·[56cm],8435782530131
variation,MU0303270201,,1,0,visible,,Dimensiuni: 47 * 60 cm,taxable,1,0,0,131.25,,,https://static.musaibrand.com/images/models/0303/model/large/0303_0201_2_1.jpg,MU0303,12,Size,12,,1,,Color,Negru/alb,,1,,,,,,,,,,,,[47cm]·[60cm],8435782530148
variation,MU0303280201,,1,0,visible,,Dimensiuni: 49 * 64 cm,taxable,1,0,0,131.25,,,https://static.musaibrand.com/images/models/0303/model/large/0303_0201_2_1.jpg,MU0303,13,Size,14,,1,,Color,Negru/alb,,1,,,,,,,,,,,,[49cm]·[64cm],8435782530155
variation,MU0303000203,,1,0,visible,,Dimensiuni: 53 * 68 cm,taxable,1,0,0,131.25,,,https://static.musaibrand.com/images/models/0303/model/large/0303_0203_2_1.jpg,MU0303,14,Size,XS,,1,,Color,Negru/galben,,1,,,,,,,,,,,,[53cm]·[68cm],8435782515848
variation,MU0303010203,,1,0,visible,,Dimensiuni: 55 * 71 cm,taxable,1,0,0,131.25,,,https://static.musaibrand.com/images/models/0303/model/large/0303_0203_2_1.jpg,MU0303,15,Size,S,,1,,Color,Negru/galben,,1,,,,,,,,,,,,[55cm]·[71cm],8435782515916
variation,MU0303020203,,1,0,visible,,Dimensiuni: 57 * 72 cm,taxable,1,0,0,131.25,,,https://static.musaibrand.com/images/models/0303/model/large/0303_0203_2_1.jpg,MU0303,16,Size,M,,1,,Color,Negru/galben,,1,,,,,,,,,,,,[57cm]·[72cm],8435782515985
variation,MU0303030203,,1,0,visible,,Dimensiuni: 59 * 74 cm,taxable,1,0,0,131.25,,,https://static.musaibrand.com/images/models/0303/model/large/0303_0203_2_1.jpg,MU0303,17,Size,L,,1,,Color,Negru/galben,,1,,,,,,,,,,,,[59cm]·[74cm],8435782516050
variation,MU0303040203,,1,0,visible,,Dimensiuni: 62 * 76 cm,taxable,1,0,0,131.25,,,https://static.musaibrand.com/images/models/0303/model/large/0303_0203_2_1.jpg,MU0303,18,Size,XL,,1,,Color,Negru/galben,,1,,,,,,,,,,,,[62cm]·[76cm],8435782516128
variation,MU0303050203,,1,0,visible,,Dimensiuni: 65 * 78 cm,taxable,1,0,0,131.25,,,https://static.musaibrand.com/images/models/0303/model/large/0303_0203_2_1.jpg,MU0303,19,Size,2XL,,1,,Color,Negru/galben,,1,,,,,,,,,,,,[65cm]·[78cm],8435782516197
variation,MU0303060203,,1,0,visible,,Dimensiuni: 68 * 80 cm,taxable,1,0,0,131.25,,,https://static.musaibrand.com/images/models/0303/model/large/0303_0203_2_1.jpg,MU0303,20,Size,3XL,,1,,Color,Negru/galben,,1,,,,,,,,,,,,[68cm]·[80cm],8435782516265
variation,MU0303220203,,1,0,visible,,Dimensiuni: 37 * 44 cm,taxable,1,0,0,131.25,,,https://static.musaibrand.com/images/models/0303/model/large/0303_0203_2_1.jpg,MU0303,21,Size,4,,1,,Color,Negru/galben,,1,,,,,,,,,,,,[37cm]·[44cm],8435782516333
variation,MU0303240203,,1,0,visible,,Dimensiuni: 40 * 48 cm,taxable,1,0,0,131.25,,,https://static.musaibrand.com/images/models/0303/model/large/0303_0203_2_1.jpg,MU0303,22,Size,6,,1,,Color,Negru/galben,,1,,,,,,,,,,,,[40cm]·[48cm],8435782516401
variation,MU0303250203,,1,0,visible,,Dimensiuni: 43 * 52 cm,taxable,1,0,0,131.25,,,https://static.musaibrand.com/images/models/0303/model/large/0303_0203_2_1.jpg,MU0303,23,Size,8,,1,,Color,Negru/galben,,1,,,,,,,,,,,,[43cm]·[52cm],8435782516470
variation,MU0303260203,,1,0,visible,,Dimensiuni: 45 * 56 cm,taxable,1,0,0,131.25,,,https://static.musaibrand.com/images/models/0303/model/large/0303_0203_2_1.jpg,MU0303,24,Size,10,,1,,Color,Negru/galben,,1,,,,,,,,,,,,[45cm]·[56cm],8435782516548
variation,MU0303270203,,1,0,visible,,Dimensiuni: 47 * 60 cm,taxable,1,0,0,131.25,,,https://static.musaibrand.com/images/models/0303/model/large/0303_0203_2_1.jpg,MU0303,25,Size,12,,1,,Color,Negru/galben,,1,,,,,,,,,,,,[47cm]·[60cm],8435782516616
variation,MU0303280203,,1,0,visible,,Dimensiuni: 49 * 64 cm,taxable,1,0,0,131.25,,,https://static.musaibrand.com/images/models/0303/model/large/0303_0203_2_1.jpg,MU0303,26,Size,14,,1,,Color,Negru/galben,,1,,,,,,,,,,,,[49cm]·[64cm],8435782516685
variation,MU03030002176,,1,0,visible,,Dimensiuni: 53 * 68 cm,taxable,1,0,0,131.25,,,https://static.musaibrand.com/images/models/0303/model/large/0303_02176_2_1.jpg,MU0303,27,Size,XS,,1,,Color,Fluorină negru/turcoaz,,1,,,,,,,,,,,,[53cm]·[68cm],8435782515855
variation,MU03030102176,,1,0,visible,,Dimensiuni: 55 * 71 cm,taxable,1,0,0,131.25,,,https://static.musaibrand.com/images/models/0303/model/large/0303_02176_2_1.jpg,MU0303,28,Size,S,,1,,Color,Fluorină negru/turcoaz,,1,,,,,,,,,,,,[55cm]·[71cm],8435782515923
variation,MU03030202176,,1,0,visible,,Dimensiuni: 57 * 72 cm,taxable,1,0,0,131.25,,,https://static.musaibrand.com/images/models/0303/model/large/0303_02176_2_1.jpg,MU0303,29,Size,M,,1,,Color,Fluorină negru/turcoaz,,1,,,,,,,,,,,,[57cm]·[72cm],8435782515992
variation,MU03030302176,,1,0,visible,,Dimensiuni: 59 * 74 cm,taxable,1,0,0,131.25,,,https://static.musaibrand.com/images/models/0303/model/large/0303_02176_2_1.jpg,MU0303,30,Size,L,,1,,Color,Fluorină negru/turcoaz,,1,,,,,,,,,,,,[59cm]·[74cm],8435782516067
variation,MU03030402176,,1,0,visible,,Dimensiuni: 62 * 76 cm,taxable,1,0,0,131.25,,,https://static.musaibrand.com/images/models/0303/model/large/0303_02176_2_1.jpg,MU0303,31,Size,XL,,1,,Color,Fluorină negru/turcoaz,,1,,,,,,,,,,,,[62cm]·[76cm],8435782516135
variation,MU03030502176,,1,0,visible,,Dimensiuni: 65 * 78 cm,taxable,1,0,0,131.25,,,https://static.musaibrand.com/images/models/0303/model/large/0303_02176_2_1.jpg,MU0303,32,Size,2XL,,1,,Color,Fluorină negru/turcoaz,,1,,,,,,,,,,,,[65cm]·[78cm],8435782516203
variation,MU03030602176,,1,0,visible,,Dimensiuni: 68 * 80 cm,taxable,1,0,0,131.25,,,https://static.musaibrand.com/images/models/0303/model/large/0303_02176_2_1.jpg,MU0303,33,Size,3XL,,1,,Color,Fluorină negru/turcoaz,,1,,,,,,,,,,,,[68cm]·[80cm],8435782516272
variation,MU03032202176,,1,0,visible,,Dimensiuni: 37 * 44 cm,taxable,1,0,0,131.25,,,https://static.musaibrand.com/images/models/0303/model/large/0303_02176_2_1.jpg,MU0303,34,Size,4,,1,,Color,Fluorină negru/turcoaz,,1,,,,,,,,,,,,[37cm]·[44cm],8435782516340
variation,MU03032402176,,1,0,visible,,Dimensiuni: 40 * 48 cm,taxable,1,0,0,131.25,,,https://static.musaibrand.com/images/models/0303/model/large/0303_02176_2_1.jpg,MU0303,35,Size,6,,1,,Color,Fluorină negru/turcoaz,,1,,,,,,,,,,,,[40cm]·[48cm],8435782516418
variation,MU03032502176,,1,0,visible,,Dimensiuni: 43 * 52 cm,taxable,1,0,0,131.25,,,https://static.musaibrand.com/images/models/0303/model/large/0303_02176_2_1.jpg,MU0303,36,Size,8,,1,,Color,Fluorină negru/turcoaz,,1,,,,,,,,,,,,[43cm]·[52cm],8435782516487
variation,MU03032602176,,1,0,visible,,Dimensiuni: 45 * 56 cm,taxable,1,0,0,131.25,,,https://static.musaibrand.com/images/models/0303/model/large/0303_02176_2_1.jpg,MU0303,37,Size,10,,1,,Color,Fluorină negru/turcoaz,,1,,,,,,,,,,,,[45cm]·[56cm],8435782516555
variation,MU03032702176,,1,0,visible,,Dimensiuni: 47 * 60 cm,taxable,1,0,0,131.25,,,https://static.musaibrand.com/images/models/0303/model/large/0303_02176_2_1.jpg,MU0303,38,Size,12,,1,,Color,Fluorină negru/turcoaz,,1,,,,,,,,,,,,[47cm]·[60cm],8435782516623
variation,MU03032802176,,1,0,visible,,Dimensiuni: 49 * 64 cm,taxable,1,0,0,131.25,,,https://static.musaibrand.com/images/models/0303/model/large/0303_02176_2_1.jpg,MU0303,39,Size,14,,1,,Color,Fluorină negru/turcoaz,,1,,,,,,,,,,,,[49cm]·[64cm],8435782516692
variation,MU03030002222,,1,0,visible,,Dimensiuni: 53 * 68 cm,taxable,1,0,0,131.25,,,https://static.musaibrand.com/images/models/0303/model/large/0303_02222_2_1.jpg,MU0303,40,Size,XS,,1,,Color,Negru/Fluor verde,,1,,,,,,,,,,,,[53cm]·[68cm],8435782515862
variation,MU03030102222,,1,0,visible,,Dimensiuni: 55 * 71 cm,taxable,1,0,0,131.25,,,https://static.musaibrand.com/images/models/0303/model/large/0303_02222_2_1.jpg,MU0303,41,Size,S,,1,,Color,Negru/Fluor verde,,1,,,,,,,,,,,,[55cm]·[71cm],8435782515930
variation,MU03030202222,,1,0,visible,,Dimensiuni: 57 * 72 cm,taxable,1,0,0,131.25,,,https://static.musaibrand.com/images/models/0303/model/large/0303_02222_2_1.jpg,MU0303,42,Size,M,,1,,Color,Negru/Fluor verde,,1,,,,,,,,,,,,[57cm]·[72cm],8435782516005
variation,MU03030302222,,1,0,visible,,Dimensiuni: 59 * 74 cm,taxable,1,0,0,131.25,,,https://static.musaibrand.com/images/models/0303/model/large/0303_02222_2_1.jpg,MU0303,43,Size,L,,1,,Color,Negru/Fluor verde,,1,,,,,,,,,,,,[59cm]·[74cm],8435782516074
variation,MU03030402222,,1,0,visible,,Dimensiuni: 62 * 76 cm,taxable,1,0,0,131.25,,,https://static.musaibrand.com/images/models/0303/model/large/0303_02222_2_1.jpg,MU0303,44,Size,XL,,1,,Color,Negru/Fluor verde,,1,,,,,,,,,,,,[62cm]·[76cm],8435782516142
variation,MU03030502222,,1,0,visible,,Dimensiuni: 65 * 78 cm,taxable,1,0,0,131.25,,,https://static.musaibrand.com/images/models/0303/model/large/0303_02222_2_1.jpg,MU0303,45,Size,2XL,,1,,Color,Negru/Fluor verde,,1,,,,,,,,,,,,[65cm]·[78cm],8435782516210
variation,MU03030602222,,1,0,visible,,Dimensiuni: 68 * 80 cm,taxable,1,0,0,131.25,,,https://static.musaibrand.com/images/models/0303/model/large/0303_02222_2_1.jpg,MU0303,46,Size,3XL,,1,,Color,Negru/Fluor verde,,1,,,,,,,,,,,,[68cm]·[80cm],8435782516289
variation,MU03032202222,,1,0,visible,,Dimensiuni: 37 * 44 cm,taxable,1,0,0,131.25,,,https://static.musaibrand.com/images/models/0303/model/large/0303_02222_2_1.jpg,MU0303,47,Size,4,,1,,Color,Negru/Fluor verde,,1,,,,,,,,,,,,[37cm]·[44cm],8435782516357
variation,MU03032402222,,1,0,visible,,Dimensiuni: 40 * 48 cm,taxable,1,0,0,131.25,,,https://static.musaibrand.com/images/models/0303/model/large/0303_02222_2_1.jpg,MU0303,48,Size,6,,1,,Color,Negru/Fluor verde,,1,,,,,,,,,,,,[40cm]·[48cm],8435782516425
variation,MU03032502222,,1,0,visible,,Dimensiuni: 43 * 52 cm,taxable,1,0,0,131.25,,,https://static.musaibrand.com/images/models/0303/model/large/0303_02222_2_1.jpg,MU0303,49,Size,8,,1,,Color,Negru/Fluor verde,,1,,,,,,,,,,,,[43cm]·[52cm],8435782516494
variation,MU03032602222,,1,0,visible,,Dimensiuni: 45 * 56 cm,taxable,1,0,0,131.25,,,https://static.musaibrand.com/images/models/0303/model/large/0303_02222_2_1.jpg,MU0303,50,Size,10,,1,,Color,Negru/Fluor verde,,1,,,,,,,,,,,,[45cm]·[56cm],8435782516562
variation,MU03032702222,,1,0,visible,,Dimensiuni: 47 * 60 cm,taxable,1,0,0,131.25,,,https://static.musaibrand.com/images/models/0303/model/large/0303_02222_2_1.jpg,MU0303,51,Size,12,,1,,Color,Negru/Fluor verde,,1,,,,,,,,,,,,[47cm]·[60cm],8435782516630
variation,MU03032802222,,1,0,visible,,Dimensiuni: 49 * 64 cm,taxable,1,0,0,131.25,,,https://static.musaibrand.com/images/models/0303/model/large/0303_02222_2_1.jpg,MU0303,52,Size,14,,1,,Color,Negru/Fluor verde,,1,,,,,,,,,,,,[49cm]·[64cm],8435782516708
variation,MU03030002223,,1,0,visible,,Dimensiuni: 53 * 68 cm,taxable,1,0,0,131.25,,,https://static.musaibrand.com/images/models/0303/model/large/0303_02223_2_1.jpg,MU0303,53,Size,XS,,1,,Color,Negru/portocaliu fluorescent,,1,,,,,,,,,,,,[53cm]·[68cm],8435782515879
variation,MU03030102223,,1,0,visible,,Dimensiuni: 55 * 71 cm,taxable,1,0,0,131.25,,,https://static.musaibrand.com/images/models/0303/model/large/0303_02223_2_1.jpg,MU0303,54,Size,S,,1,,Color,Negru/portocaliu fluorescent,,1,,,,,,,,,,,,[55cm]·[71cm],8435782515947
variation,MU03030202223,,1,0,visible,,Dimensiuni: 57 * 72 cm,taxable,1,0,0,131.25,,,https://static.musaibrand.com/images/models/0303/model/large/0303_02223_2_1.jpg,MU0303,55,Size,M,,1,,Color,Negru/portocaliu fluorescent,,1,,,,,,,,,,,,[57cm]·[72cm],8435782516012
variation,MU03030302223,,1,0,visible,,Dimensiuni: 59 * 74 cm,taxable,1,0,0,131.25,,,https://static.musaibrand.com/images/models/0303/model/large/0303_02223_2_1.jpg,MU0303,56,Size,L,,1,,Color,Negru/portocaliu fluorescent,,1,,,,,,,,,,,,[59cm]·[74cm],8435782516081
variation,MU03030402223,,1,0,visible,,Dimensiuni: 62 * 76 cm,taxable,1,0,0,131.25,,,https://static.musaibrand.com/images/models/0303/model/large/0303_02223_2_1.jpg,MU0303,57,Size,XL,,1,,Color,Negru/portocaliu fluorescent,,1,,,,,,,,,,,,[62cm]·[76cm],8435782516159
variation,MU03030502223,,1,0,visible,,Dimensiuni: 65 * 78 cm,taxable,1,0,0,131.25,,,https://static.musaibrand.com/images/models/0303/model/large/0303_02223_2_1.jpg,MU0303,58,Size,2XL,,1,,Color,Negru/portocaliu fluorescent,,1,,,,,,,,,,,,[65cm]·[78cm],8435782516227
variation,MU03030602223,,1,0,visible,,Dimensiuni: 68 * 80 cm,taxable,1,0,0,131.25,,,https://static.musaibrand.com/images/models/0303/model/large/0303_02223_2_1.jpg,MU0303,59,Size,3XL,,1,,Color,Negru/portocaliu fluorescent,,1,,,,,,,,,,,,[68cm]·[80cm],8435782516296
variation,MU03032202223,,1,0,visible,,Dimensiuni: 37 * 44 cm,taxable,1,0,0,131.25,,,https://static.musaibrand.com/images/models/0303/model/large/0303_02223_2_1.jpg,MU0303,60,Size,4,,1,,Color,Negru/portocaliu fluorescent,,1,,,,,,,,,,,,[37cm]·[44cm],8435782516364
variation,MU03032402223,,1,0,visible,,Dimensiuni: 40 * 48 cm,taxable,1,0,0,131.25,,,https://static.musaibrand.com/images/models/0303/model/large/0303_02223_2_1.jpg,MU0303,61,Size,6,,1,,Color,Negru/portocaliu fluorescent,,1,,,,,,,,,,,,[40cm]·[48cm],8435782516432
variation,MU03032502223,,1,0,visible,,Dimensiuni: 43 * 52 cm,taxable,1,0,0,131.25,,,https://static.musaibrand.com/images/models/0303/model/large/0303_02223_2_1.jpg,MU0303,62,Size,8,,1,,Color,Negru/portocaliu fluorescent,,1,,,,,,,,,,,,[43cm]·[52cm],8435782516500
variation,MU03032602223,,1,0,visible,,Dimensiuni: 45 * 56 cm,taxable,1,0,0,131.25,,,https://static.musaibrand.com/images/models/0303/model/large/0303_02223_2_1.jpg,MU0303,63,Size,10,,1,,Color,Negru/portocaliu fluorescent,,1,,,,,,,,,,,,[45cm]·[56cm],8435782516579
variation,MU03032702223,,1,0,visible,,Dimensiuni: 47 * 60 cm,taxable,1,0,0,131.25,,,https://static.musaibrand.com/images/models/0303/model/large/0303_02223_2_1.jpg,MU0303,64,Size,12,,1,,Color,Negru/portocaliu fluorescent,,1,,,,,,,,,,,,[47cm]·[60cm],8435782516647
variation,MU03032802223,,1,0,visible,,Dimensiuni: 49 * 64 cm,taxable,1,0,0,131.25,,,https://static.musaibrand.com/images/models/0303/model/large/0303_02223_2_1.jpg,MU0303,65,Size,14,,1,,Color,Negru/portocaliu fluorescent,,1,,,,,,,,,,,,[49cm]·[64cm],8435782516715
variation,MU03030002258,,1,0,visible,,Dimensiuni: 53 * 68 cm,taxable,1,0,0,131.25,,,https://static.musaibrand.com/images/models/0303/model/large/0303_02258_2_1.jpg,MU0303,66,Size,XS,,1,,Color,Negru / Gri deschis,,1,,,,,,,,,,,,[53cm]·[68cm],8435782515886
variation,MU03030102258,,1,0,visible,,Dimensiuni: 55 * 71 cm,taxable,1,0,0,131.25,,,https://static.musaibrand.com/images/models/0303/model/large/0303_02258_2_1.jpg,MU0303,67,Size,S,,1,,Color,Negru / Gri deschis,,1,,,,,,,,,,,,[55cm]·[71cm],8435782515954
variation,MU03030202258,,1,0,visible,,Dimensiuni: 57 * 72 cm,taxable,1,0,0,131.25,,,https://static.musaibrand.com/images/models/0303/model/large/0303_02258_2_1.jpg,MU0303,68,Size,M,,1,,Color,Negru / Gri deschis,,1,,,,,,,,,,,,[57cm]·[72cm],8435782516029
variation,MU03030302258,,1,0,visible,,Dimensiuni: 59 * 74 cm,taxable,1,0,0,131.25,,,https://static.musaibrand.com/images/models/0303/model/large/0303_02258_2_1.jpg,MU0303,69,Size,L,,1,,Color,Negru / Gri deschis,,1,,,,,,,,,,,,[59cm]·[74cm],8435782516098
variation,MU03030402258,,1,0,visible,,Dimensiuni: 62 * 76 cm,taxable,1,0,0,131.25,,,https://static.musaibrand.com/images/models/0303/model/large/0303_02258_2_1.jpg,MU0303,70,Size,XL,,1,,Color,Negru / Gri deschis,,1,,,,,,,,,,,,[62cm]·[76cm],8435782516166
variation,MU03030502258,,1,0,visible,,Dimensiuni: 65 * 78 cm,taxable,1,0,0,131.25,,,https://static.musaibrand.com/images/models/0303/model/large/0303_02258_2_1.jpg,MU0303,71,Size,2XL,,1,,Color,Negru / Gri deschis,,1,,,,,,,,,,,,[65cm]·[78cm],8435782516234
variation,MU03030602258,,1,0,visible,,Dimensiuni: 68 * 80 cm,taxable,1,0,0,131.25,,,https://static.musaibrand.com/images/models/0303/model/large/0303_02258_2_1.jpg,MU0303,72,Size,3XL,,1,,Color,Negru / Gri deschis,,1,,,,,,,,,,,,[68cm]·[80cm],8435782516302
variation,MU03032202258,,1,0,visible,,Dimensiuni: 37 * 44 cm,taxable,1,0,0,131.25,,,https://static.musaibrand.com/images/models/0303/model/large/0303_02258_2_1.jpg,MU0303,73,Size,4,,1,,Color,Negru / Gri deschis,,1,,,,,,,,,,,,[37cm]·[44cm],8435782516371
variation,MU03032402258,,1,0,visible,,Dimensiuni: 40 * 48 cm,taxable,1,0,0,131.25,,,https://static.musaibrand.com/images/models/0303/model/large/0303_02258_2_1.jpg,MU0303,74,Size,6,,1,,Color,Negru / Gri deschis,,1,,,,,,,,,,,,[40cm]·[48cm],8435782516449
variation,MU03032502258,,1,0,visible,,Dimensiuni: 43 * 52 cm,taxable,1,0,0,131.25,,,https://static.musaibrand.com/images/models/0303/model/large/0303_02258_2_1.jpg,MU0303,75,Size,8,,1,,Color,Negru / Gri deschis,,1,,,,,,,,,,,,[43cm]·[52cm],8435782516517
variation,MU03032602258,,1,0,visible,,Dimensiuni: 45 * 56 cm,taxable,1,0,0,131.25,,,https://static.musaibrand.com/images/models/0303/model/large/0303_02258_2_1.jpg,MU0303,76,Size,10,,1,,Color,Negru / Gri deschis,,1,,,,,,,,,,,,[45cm]·[56cm],8435782516586
variation,MU03032702258,,1,0,visible,,Dimensiuni: 47 * 60 cm,taxable,1,0,0,131.25,,,https://static.musaibrand.com/images/models/0303/model/large/0303_02258_2_1.jpg,MU0303,77,Size,12,,1,,Color,Negru / Gri deschis,,1,,,,,,,,,,,,[47cm]·[60cm],8435782516654
variation,MU03032802258,,1,0,visible,,Dimensiuni: 49 * 64 cm,taxable,1,0,0,131.25,,,https://static.musaibrand.com/images/models/0303/model/large/0303_02258_2_1.jpg,MU0303,78,Size,14,,1,,Color,Negru / Gri deschis,,1,,,,,,,,,,,,[49cm]·[64cm],8435782516722
variation,MU0303000234,,1,0,visible,,Dimensiuni: 53 * 68 cm,taxable,1,0,0,131.25,,,https://static.musaibrand.com/images/models/0303/model/large/0303_0234_2_1.jpg,MU0303,79,Size,XS,,1,,Color,Negru/ Roz gumă,,1,,,,,,,,,,,,[53cm]·[68cm],8435782515893
variation,MU0303010234,,1,0,visible,,Dimensiuni: 55 * 71 cm,taxable,1,0,0,131.25,,,https://static.musaibrand.com/images/models/0303/model/large/0303_0234_2_1.jpg,MU0303,80,Size,S,,1,,Color,Negru/ Roz gumă,,1,,,,,,,,,,,,[55cm]·[71cm],8435782515961
variation,MU0303020234,,1,0,visible,,Dimensiuni: 57 * 72 cm,taxable,1,0,0,131.25,,,https://static.musaibrand.com/images/models/0303/model/large/0303_0234_2_1.jpg,MU0303,81,Size,M,,1,,Color,Negru/ Roz gumă,,1,,,,,,,,,,,,[57cm]·[72cm],8435782516036
variation,MU0303030234,,1,0,visible,,Dimensiuni: 59 * 74 cm,taxable,1,0,0,131.25,,,https://static.musaibrand.com/images/models/0303/model/large/0303_0234_2_1.jpg,MU0303,82,Size,L,,1,,Color,Negru/ Roz gumă,,1,,,,,,,,,,,,[59cm]·[74cm],8435782516104
variation,MU0303040234,,1,0,visible,,Dimensiuni: 62 * 76 cm,taxable,1,0,0,131.25,,,https://static.musaibrand.com/images/models/0303/model/large/0303_0234_2_1.jpg,MU0303,83,Size,XL,,1,,Color,Negru/ Roz gumă,,1,,,,,,,,,,,,[62cm]·[76cm],8435782516173
variation,MU0303050234,,1,0,visible,,Dimensiuni: 65 * 78 cm,taxable,1,0,0,131.25,,,https://static.musaibrand.com/images/models/0303/model/large/0303_0234_2_1.jpg,MU0303,84,Size,2XL,,1,,Color,Negru/ Roz gumă,,1,,,,,,,,,,,,[65cm]·[78cm],8435782516241
variation,MU0303060234,,1,0,visible,,Dimensiuni: 68 * 80 cm,taxable,1,0,0,131.25,,,https://static.musaibrand.com/images/models/0303/model/large/0303_0234_2_1.jpg,MU0303,85,Size,3XL,,1,,Color,Negru/ Roz gumă,,1,,,,,,,,,,,,[68cm]·[80cm],8435782516319
variation,MU0303220234,,1,0,visible,,Dimensiuni: 37 * 44 cm,taxable,1,0,0,131.25,,,https://static.musaibrand.com/images/models/0303/model/large/0303_0234_2_1.jpg,MU0303,86,Size,4,,1,,Color,Negru/ Roz gumă,,1,,,,,,,,,,,,[37cm]·[44cm],8435782516388
variation,MU0303240234,,1,0,visible,,Dimensiuni: 40 * 48 cm,taxable,1,0,0,131.25,,,https://static.musaibrand.com/images/models/0303/model/large/0303_0234_2_1.jpg,MU0303,87,Size,6,,1,,Color,Negru/ Roz gumă,,1,,,,,,,,,,,,[40cm]·[48cm],8435782516456
variation,MU0303250234,,1,0,visible,,Dimensiuni: 43 * 52 cm,taxable,1,0,0,131.25,,,https://static.musaibrand.com/images/models/0303/model/large/0303_0234_2_1.jpg,MU0303,88,Size,8,,1,,Color,Negru/ Roz gumă,,1,,,,,,,,,,,,[43cm]·[52cm],8435782516524
variation,MU0303260234,,1,0,visible,,Dimensiuni: 45 * 56 cm,taxable,1,0,0,131.25,,,https://static.musaibrand.com/images/models/0303/model/large/0303_0234_2_1.jpg,MU0303,89,Size,10,,1,,Color,Negru/ Roz gumă,,1,,,,,,,,,,,,[45cm]·[56cm],8435782516593
variation,MU0303270234,,1,0,visible,,Dimensiuni: 47 * 60 cm,taxable,1,0,0,131.25,,,https://static.musaibrand.com/images/models/0303/model/large/0303_0234_2_1.jpg,MU0303,90,Size,12,,1,,Color,Negru/ Roz gumă,,1,,,,,,,,,,,,[47cm]·[60cm],8435782516661
variation,MU0303280234,,1,0,visible,,Dimensiuni: 49 * 64 cm,taxable,1,0,0,131.25,,,https://static.musaibrand.com/images/models/0303/model/large/0303_0234_2_1.jpg,MU0303,91,Size,14,,1,,Color,Negru/ Roz gumă,,1,,,,,,,,,,,,[49cm]·[64cm],8435782516739
variation,MU0303000260,,1,0,visible,,Dimensiuni: 53 * 68 cm,taxable,1,0,0,131.25,,,https://static.musaibrand.com/images/models/0303/model/large/0303_0260_2_1.jpg,MU0303,92,Size,XS,,1,,Color,Negru/roșu,,1,,,,,,,,,,,,[53cm]·[68cm],8435782515909
variation,MU0303010260,,1,0,visible,,Dimensiuni: 55 * 71 cm,taxable,1,0,0,131.25,,,https://static.musaibrand.com/images/models/0303/model/large/0303_0260_2_1.jpg,MU0303,93,Size,S,,1,,Color,Negru/roșu,,1,,,,,,,,,,,,[55cm]·[71cm],8435782515978
variation,MU0303020260,,1,0,visible,,Dimensiuni: 57 * 72 cm,taxable,1,0,0,131.25,,,https://static.musaibrand.com/images/models/0303/model/large/0303_0260_2_1.jpg,MU0303,94,Size,M,,1,,Color,Negru/roșu,,1,,,,,,,,,,,,[57cm]·[72cm],8435782516043
variation,MU0303030260,,1,0,visible,,Dimensiuni: 59 * 74 cm,taxable,1,0,0,131.25,,,https://static.musaibrand.com/images/models/0303/model/large/0303_0260_2_1.jpg,MU0303,95,Size,L,,1,,Color,Negru/roșu,,1,,,,,,,,,,,,[59cm]·[74cm],8435782516111
variation,MU0303040260,,1,0,visible,,Dimensiuni: 62 * 76 cm,taxable,1,0,0,131.25,,,https://static.musaibrand.com/images/models/0303/model/large/0303_0260_2_1.jpg,MU0303,96,Size,XL,,1,,Color,Negru/roșu,,1,,,,,,,,,,,,[62cm]·[76cm],8435782516180
variation,MU0303050260,,1,0,visible,,Dimensiuni: 65 * 78 cm,taxable,1,0,0,131.25,,,https://static.musaibrand.com/images/models/0303/model/large/0303_0260_2_1.jpg,MU0303,97,Size,2XL,,1,,Color,Negru/roșu,,1,,,,,,,,,,,,[65cm]·[78cm],8435782516258
variation,MU0303060260,,1,0,visible,,Dimensiuni: 68 * 80 cm,taxable,1,0,0,131.25,,,https://static.musaibrand.com/images/models/0303/model/large/0303_0260_2_1.jpg,MU0303,98,Size,3XL,,1,,Color,Negru/roșu,,1,,,,,,,,,,,,[68cm]·[80cm],8435782516326
variation,MU0303220260,,1,0,visible,,Dimensiuni: 37 * 44 cm,taxable,1,0,0,131.25,,,https://static.musaibrand.com/images/models/0303/model/large/0303_0260_2_1.jpg,MU0303,99,Size,4,,1,,Color,Negru/roșu,,1,,,,,,,,,,,,[37cm]·[44cm],8435782516395
variation,MU0303240260,,1,0,visible,,Dimensiuni: 40 * 48 cm,taxable,1,0,0,131.25,,,https://static.musaibrand.com/images/models/0303/model/large/0303_0260_2_1.jpg,MU0303,100,Size,6,,1,,Color,Negru/roșu,,1,,,,,,,,,,,,[40cm]·[48cm],8435782516463
variation,MU0303250260,,1,0,visible,,Dimensiuni: 43 * 52 cm,taxable,1,0,0,131.25,,,https://static.musaibrand.com/images/models/0303/model/large/0303_0260_2_1.jpg,MU0303,101,Size,8,,1,,Color,Negru/roșu,,1,,,,,,,,,,,,[43cm]·[52cm],8435782516531
variation,MU0303260260,,1,0,visible,,Dimensiuni: 45 * 56 cm,taxable,1,0,0,131.25,,,https://static.musaibrand.com/images/models/0303/model/large/0303_0260_2_1.jpg,MU0303,102,Size,10,,1,,Color,Negru/roșu,,1,,,,,,,,,,,,[45cm]·[56cm],8435782516609
variation,MU0303270260,,1,0,visible,,Dimensiuni: 47 * 60 cm,taxable,1,0,0,131.25,,,https://static.musaibrand.com/images/models/0303/model/large/0303_0260_2_1.jpg,MU0303,103,Size,12,,1,,Color,Negru/roșu,,1,,,,,,,,,,,,[47cm]·[60cm],8435782516678
variation,MU0303280260,,1,0,visible,,Dimensiuni: 49 * 64 cm,taxable,1,0,0,131.25,,,https://static.musaibrand.com/images/models/0303/model/large/0303_0260_2_1.jpg,MU0303,104,Size,14,,1,,Color,Negru/roșu,,1,,,,,,,,,,,,[49cm]·[64cm],8435782516746
variable,MU0303-K,Jachetă Saba Copii,1,0,visible,,"<p>Jachetă tehnică pentru copii cu guler înalt, realizată din poliester piqué reciclat, cu căptușeală moale periată.</p><p><strong>Compoziție:</strong> 100% poliester pique reciclat</p><p>Design în două nuanțe.                                     <br>· Guler, manșete și tiv din nervură 1x1.Bandă de cusătură elastică în zona gulerului.<br>· Clapetă interioară și apărătoare de bărbie pe toată lungimea.<br>· Fermoar inversat.<br>· Fermoar personalizat cu imagine de marcă.<br>· Buzunare laterale mari cu fermoar.<br>· Detaliu cu logo brodat pe braț.</p><h4>Dimensiuni</h4><table style='border-collapse:collapse;margin:8px 0'><tr><th style='padding:4px 12px;border:1px solid #ddd;text-align:left'>Mărime</th><th style='padding:4px 12px;border:1px solid #ddd;text-align:left'>Dimensiuni</th></tr><tr><td style='padding:4px 12px;border:1px solid #ddd'>XS</td><td style='padding:4px 12px;border:1px solid #ddd'>53 * 68 cm</td></tr><tr><td style='padding:4px 12px;border:1px solid #ddd'>S</td><td style='padding:4px 12px;border:1px solid #ddd'>55 * 71 cm</td></tr><tr><td style='padding:4px 12px;border:1px solid #ddd'>M</td><td style='padding:4px 12px;border:1px solid #ddd'>57 * 72 cm</td></tr><tr><td style='padding:4px 12px;border:1px solid #ddd'>L</td><td style='padding:4px 12px;border:1px solid #ddd'>59 * 74 cm</td></tr><tr><td style='padding:4px 12px;border:1px solid #ddd'>XL</td><td style='padding:4px 12px;border:1px solid #ddd'>62 * 76 cm</td></tr><tr><td style='padding:4px 12px;border:1px solid #ddd'>2XL</td><td style='padding:4px 12px;border:1px solid #ddd'>65 * 78 cm</td></tr><tr><td style='padding:4px 12px;border:1px solid #ddd'>3XL</td><td style='padding:4px 12px;border:1px solid #ddd'>68 * 80 cm</td></tr><tr><td style='padding:4px 12px;border:1px solid #ddd'>4</td><td style='padding:4px 12px;border:1px solid #ddd'>37 * 44 cm</td></tr><tr><td style='padding:4px 12px;border:1px solid #ddd'>6</td><td style='padding:4px 12px;border:1px solid #ddd'>40 * 48 cm</td></tr><tr><td style='padding:4px 12px;border:1px solid #ddd'>8</td><td style='padding:4px 12px;border:1px solid #ddd'>43 * 52 cm</td></tr><tr><td style='padding:4px 12px;border:1px solid #ddd'>10</td><td style='padding:4px 12px;border:1px solid #ddd'>45 * 56 cm</td></tr><tr><td style='padding:4px 12px;border:1px solid #ddd'>12</td><td style='padding:4px 12px;border:1px solid #ddd'>47 * 60 cm</td></tr><tr><td style='padding:4px 12px;border:1px solid #ddd'>14</td><td style='padding:4px 12px;border:1px solid #ddd'>49 * 64 cm</td></tr></table>",taxable,1,0,0,,Jachete,MUSAI,"https://static.musaibrand.com/images/models/0303-K/model/large/0303-K_0201_1_1.jpg,https://static.musaibrand.com/images/models/0303-K/model/large/0303-K_0203_1_1.jpg,https://static.musaibrand.com/images/models/0303-K/model/large/0303-K_02176_1_1.jpg,https://static.musaibrand.com/images/models/0303-K/model/large/0303-K_02222_1_1.jpg,https://static.musaibrand.com/images/models/0303-K/model/large/0303-K_02223_1_1.jpg,https://static.musaibrand.com/images/models/0303-K/model/large/0303-K_02258_1_1.jpg,https://static.musaibrand.com/images/models/0303-K/model/large/0303-K_0234_1_1.jpg,https://static.musaibrand.com/images/models/0303-K/model/large/0303-K_0260_1_1.jpg,https://static.musaibrand.com/images/models/0303-K/model/large/0303-K_0201_2_1.jpg,https://static.musaibrand.com/images/models/0303-K/model/large/0303-K_0203_2_1.jpg,https://static.musaibrand.com/images/models/0303-K/model/large/0303-K_02176_2_1.jpg,https://static.musaibrand.com/images/models/0303-K/model/large/0303-K_02222_2_1.jpg,https://static.musaibrand.com/images/models/0303-K/model/large/0303-K_02223_2_1.jpg,https://static.musaibrand.com/images/models/0303-K/model/large/0303-K_02258_2_1.jpg,https://static.musaibrand.com/images/models/0303-K/model/large/0303-K_0234_2_1.jpg,https://static.musaibrand.com/images/models/0303-K/model/large/0303-K_0260_2_1.jpg",,0,Size,"XS, S, M, L, XL, 2XL, 3XL, 4, 6, 8, 10, 12, 14",1,1,,Color,"Negru/alb, Negru/galben, Fluorină negru/turcoaz, Negru/Fluor verde, Negru/portocaliu fluorescent, Negru / Gri deschis, Negru/ Roz gumă, Negru/roșu",1,1,,Gender,Unisex,1,1,,Dimensiuni,"[53cm]·[68cm], [55cm]·[71cm], [57cm]·[72cm], [59cm]·[74cm], [62cm]·[76cm], [65cm]·[78cm], [68cm]·[80cm], [37cm]·[44cm], [40cm]·[48cm], [43cm]·[52cm], [45cm]·[56cm], [47cm]·[60cm], [49cm]·[64cm]",1,0,,,
variation,MU0303000201-K,,1,0,visible,,Dimensiuni: 53 * 68 cm,taxable,1,0,0,131.25,,,https://static.musaibrand.com/images/models/0303-K/model/large/0303-K_0201_2_1.jpg,MU0303-K,1,Size,XS,,1,,Color,Negru/alb,,1,,,,,,,,,,,,[53cm]·[68cm],8435782530032
variation,MU0303010201-K,,1,0,visible,,Dimensiuni: 55 * 71 cm,taxable,1,0,0,131.25,,,https://static.musaibrand.com/images/models/0303-K/model/large/0303-K_0201_2_1.jpg,MU0303-K,2,Size,S,,1,,Color,Negru/alb,,1,,,,,,,,,,,,[55cm]·[71cm],8435782530049
variation,MU0303020201-K,,1,0,visible,,Dimensiuni: 57 * 72 cm,taxable,1,0,0,131.25,,,https://static.musaibrand.com/images/models/0303-K/model/large/0303-K_0201_2_1.jpg,MU0303-K,3,Size,M,,1,,Color,Negru/alb,,1,,,,,,,,,,,,[57cm]·[72cm],8435782530056
variation,MU0303030201-K,,1,0,visible,,Dimensiuni: 59 * 74 cm,taxable,1,0,0,131.25,,,https://static.musaibrand.com/images/models/0303-K/model/large/0303-K_0201_2_1.jpg,MU0303-K,4,Size,L,,1,,Color,Negru/alb,,1,,,,,,,,,,,,[59cm]·[74cm],8435782530063
variation,MU0303040201-K,,1,0,visible,,Dimensiuni: 62 * 76 cm,taxable,1,0,0,131.25,,,https://static.musaibrand.com/images/models/0303-K/model/large/0303-K_0201_2_1.jpg,MU0303-K,5,Size,XL,,1,,Color,Negru/alb,,1,,,,,,,,,,,,[62cm]·[76cm],8435782530070
variation,MU0303050201-K,,1,0,visible,,Dimensiuni: 65 * 78 cm,taxable,1,0,0,131.25,,,https://static.musaibrand.com/images/models/0303-K/model/large/0303-K_0201_2_1.jpg,MU0303-K,6,Size,2XL,,1,,Color,Negru/alb,,1,,,,,,,,,,,,[65cm]·[78cm],8435782530087
variation,MU0303060201-K,,1,0,visible,,Dimensiuni: 68 * 80 cm,taxable,1,0,0,131.25,,,https://static.musaibrand.com/images/models/0303-K/model/large/0303-K_0201_2_1.jpg,MU0303-K,7,Size,3XL,,1,,Color,Negru/alb,,1,,,,,,,,,,,,[68cm]·[80cm],8435782530094
variation,MU0303220201-K,,1,0,visible,,Dimensiuni: 37 * 44 cm,taxable,1,0,0,131.25,,,https://static.musaibrand.com/images/models/0303-K/model/large/0303-K_0201_2_1.jpg,MU0303-K,8,Size,4,,1,,Color,Negru/alb,,1,,,,,,,,,,,,[37cm]·[44cm],8435782530100
variation,MU0303240201-K,,1,0,visible,,Dimensiuni: 40 * 48 cm,taxable,1,0,0,131.25,,,https://static.musaibrand.com/images/models/0303-K/model/large/0303-K_0201_2_1.jpg,MU0303-K,9,Size,6,,1,,Color,Negru/alb,,1,,,,,,,,,,,,[40cm]·[48cm],8435782530117
variation,MU0303250201-K,,1,0,visible,,Dimensiuni: 43 * 52 cm,taxable,1,0,0,131.25,,,https://static.musaibrand.com/images/models/0303-K/model/large/0303-K_0201_2_1.jpg,MU0303-K,10,Size,8,,1,,Color,Negru/alb,,1,,,,,,,,,,,,[43cm]·[52cm],8435782530124
variation,MU0303260201-K,,1,0,visible,,Dimensiuni: 45 * 56 cm,taxable,1,0,0,131.25,,,https://static.musaibrand.com/images/models/0303-K/model/large/0303-K_0201_2_1.jpg,MU0303-K,11,Size,10,,1,,Color,Negru/alb,,1,,,,,,,,,,,,[45cm]·[56cm],8435782530131
variation,MU0303270201-K,,1,0,visible,,Dimensiuni: 47 * 60 cm,taxable,1,0,0,131.25,,,https://static.musaibrand.com/images/models/0303-K/model/large/0303-K_0201_2_1.jpg,MU0303-K,12,Size,12,,1,,Color,Negru/alb,,1,,,,,,,,,,,,[47cm]·[60cm],8435782530148
variation,MU0303280201-K,,1,0,visible,,Dimensiuni: 49 * 64 cm,taxable,1,0,0,131.25,,,https://static.musaibrand.com/images/models/0303-K/model/large/0303-K_0201_2_1.jpg,MU0303-K,13,Size,14,,1,,Color,Negru/alb,,1,,,,,,,,,,,,[49cm]·[64cm],8435782530155
variation,MU0303000203-K,,1,0,visible,,Dimensiuni: 53 * 68 cm,taxable,1,0,0,131.25,,,https://static.musaibrand.com/images/models/0303-K/model/large/0303-K_0203_2_1.jpg,MU0303-K,14,Size,XS,,1,,Color,Negru/galben,,1,,,,,,,,,,,,[53cm]·[68cm],8435782515848
variation,MU0303010203-K,,1,0,visible,,Dimensiuni: 55 * 71 cm,taxable,1,0,0,131.25,,,https://static.musaibrand.com/images/models/0303-K/model/large/0303-K_0203_2_1.jpg,MU0303-K,15,Size,S,,1,,Color,Negru/galben,,1,,,,,,,,,,,,[55cm]·[71cm],8435782515916
variation,MU0303020203-K,,1,0,visible,,Dimensiuni: 57 * 72 cm,taxable,1,0,0,131.25,,,https://static.musaibrand.com/images/models/0303-K/model/large/0303-K_0203_2_1.jpg,MU0303-K,16,Size,M,,1,,Color,Negru/galben,,1,,,,,,,,,,,,[57cm]·[72cm],8435782515985
variation,MU0303030203-K,,1,0,visible,,Dimensiuni: 59 * 74 cm,taxable,1,0,0,131.25,,,https://static.musaibrand.com/images/models/0303-K/model/large/0303-K_0203_2_1.jpg,MU0303-K,17,Size,L,,1,,Color,Negru/galben,,1,,,,,,,,,,,,[59cm]·[74cm],8435782516050
variation,MU0303040203-K,,1,0,visible,,Dimensiuni: 62 * 76 cm,taxable,1,0,0,131.25,,,https://static.musaibrand.com/images/models/0303-K/model/large/0303-K_0203_2_1.jpg,MU0303-K,18,Size,XL,,1,,Color,Negru/galben,,1,,,,,,,,,,,,[62cm]·[76cm],8435782516128
variation,MU0303050203-K,,1,0,visible,,Dimensiuni: 65 * 78 cm,taxable,1,0,0,131.25,,,https://static.musaibrand.com/images/models/0303-K/model/large/0303-K_0203_2_1.jpg,MU0303-K,19,Size,2XL,,1,,Color,Negru/galben,,1,,,,,,,,,,,,[65cm]·[78cm],8435782516197
variation,MU0303060203-K,,1,0,visible,,Dimensiuni: 68 * 80 cm,taxable,1,0,0,131.25,,,https://static.musaibrand.com/images/models/0303-K/model/large/0303-K_0203_2_1.jpg,MU0303-K,20,Size,3XL,,1,,Color,Negru/galben,,1,,,,,,,,,,,,[68cm]·[80cm],8435782516265
variation,MU0303220203-K,,1,0,visible,,Dimensiuni: 37 * 44 cm,taxable,1,0,0,131.25,,,https://static.musaibrand.com/images/models/0303-K/model/large/0303-K_0203_2_1.jpg,MU0303-K,21,Size,4,,1,,Color,Negru/galben,,1,,,,,,,,,,,,[37cm]·[44cm],8435782516333
variation,MU0303240203-K,,1,0,visible,,Dimensiuni: 40 * 48 cm,taxable,1,0,0,131.25,,,https://static.musaibrand.com/images/models/0303-K/model/large/0303-K_0203_2_1.jpg,MU0303-K,22,Size,6,,1,,Color,Negru/galben,,1,,,,,,,,,,,,[40cm]·[48cm],8435782516401
variation,MU0303250203-K,,1,0,visible,,Dimensiuni: 43 * 52 cm,taxable,1,0,0,131.25,,,https://static.musaibrand.com/images/models/0303-K/model/large/0303-K_0203_2_1.jpg,MU0303-K,23,Size,8,,1,,Color,Negru/galben,,1,,,,,,,,,,,,[43cm]·[52cm],8435782516470
variation,MU0303260203-K,,1,0,visible,,Dimensiuni: 45 * 56 cm,taxable,1,0,0,131.25,,,https://static.musaibrand.com/images/models/0303-K/model/large/0303-K_0203_2_1.jpg,MU0303-K,24,Size,10,,1,,Color,Negru/galben,,1,,,,,,,,,,,,[45cm]·[56cm],8435782516548
variation,MU0303270203-K,,1,0,visible,,Dimensiuni: 47 * 60 cm,taxable,1,0,0,131.25,,,https://static.musaibrand.com/images/models/0303-K/model/large/0303-K_0203_2_1.jpg,MU0303-K,25,Size,12,,1,,Color,Negru/galben,,1,,,,,,,,,,,,[47cm]·[60cm],8435782516616
variation,MU0303280203-K,,1,0,visible,,Dimensiuni: 49 * 64 cm,taxable,1,0,0,131.25,,,https://static.musaibrand.com/images/models/0303-K/model/large/0303-K_0203_2_1.jpg,MU0303-K,26,Size,14,,1,,Color,Negru/galben,,1,,,,,,,,,,,,[49cm]·[64cm],8435782516685
variation,MU03030002176-K,,1,0,visible,,Dimensiuni: 53 * 68 cm,taxable,1,0,0,131.25,,,https://static.musaibrand.com/images/models/0303-K/model/large/0303-K_02176_2_1.jpg,MU0303-K,27,Size,XS,,1,,Color,Fluorină negru/turcoaz,,1,,,,,,,,,,,,[53cm]·[68cm],8435782515855
variation,MU03030102176-K,,1,0,visible,,Dimensiuni: 55 * 71 cm,taxable,1,0,0,131.25,,,https://static.musaibrand.com/images/models/0303-K/model/large/0303-K_02176_2_1.jpg,MU0303-K,28,Size,S,,1,,Color,Fluorină negru/turcoaz,,1,,,,,,,,,,,,[55cm]·[71cm],8435782515923
variation,MU03030202176-K,,1,0,visible,,Dimensiuni: 57 * 72 cm,taxable,1,0,0,131.25,,,https://static.musaibrand.com/images/models/0303-K/model/large/0303-K_02176_2_1.jpg,MU0303-K,29,Size,M,,1,,Color,Fluorină negru/turcoaz,,1,,,,,,,,,,,,[57cm]·[72cm],8435782515992
variation,MU03030302176-K,,1,0,visible,,Dimensiuni: 59 * 74 cm,taxable,1,0,0,131.25,,,https://static.musaibrand.com/images/models/0303-K/model/large/0303-K_02176_2_1.jpg,MU0303-K,30,Size,L,,1,,Color,Fluorină negru/turcoaz,,1,,,,,,,,,,,,[59cm]·[74cm],8435782516067
variation,MU03030402176-K,,1,0,visible,,Dimensiuni: 62 * 76 cm,taxable,1,0,0,131.25,,,https://static.musaibrand.com/images/models/0303-K/model/large/0303-K_02176_2_1.jpg,MU0303-K,31,Size,XL,,1,,Color,Fluorină negru/turcoaz,,1,,,,,,,,,,,,[62cm]·[76cm],8435782516135
variation,MU03030502176-K,,1,0,visible,,Dimensiuni: 65 * 78 cm,taxable,1,0,0,131.25,,,https://static.musaibrand.com/images/models/0303-K/model/large/0303-K_02176_2_1.jpg,MU0303-K,32,Size,2XL,,1,,Color,Fluorină negru/turcoaz,,1,,,,,,,,,,,,[65cm]·[78cm],8435782516203
variation,MU03030602176-K,,1,0,visible,,Dimensiuni: 68 * 80 cm,taxable,1,0,0,131.25,,,https://static.musaibrand.com/images/models/0303-K/model/large/0303-K_02176_2_1.jpg,MU0303-K,33,Size,3XL,,1,,Color,Fluorină negru/turcoaz,,1,,,,,,,,,,,,[68cm]·[80cm],8435782516272
variation,MU03032202176-K,,1,0,visible,,Dimensiuni: 37 * 44 cm,taxable,1,0,0,131.25,,,https://static.musaibrand.com/images/models/0303-K/model/large/0303-K_02176_2_1.jpg,MU0303-K,34,Size,4,,1,,Color,Fluorină negru/turcoaz,,1,,,,,,,,,,,,[37cm]·[44cm],8435782516340
variation,MU03032402176-K,,1,0,visible,,Dimensiuni: 40 * 48 cm,taxable,1,0,0,131.25,,,https://static.musaibrand.com/images/models/0303-K/model/large/0303-K_02176_2_1.jpg,MU0303-K,35,Size,6,,1,,Color,Fluorină negru/turcoaz,,1,,,,,,,,,,,,[40cm]·[48cm],8435782516418
variation,MU03032502176-K,,1,0,visible,,Dimensiuni: 43 * 52 cm,taxable,1,0,0,131.25,,,https://static.musaibrand.com/images/models/0303-K/model/large/0303-K_02176_2_1.jpg,MU0303-K,36,Size,8,,1,,Color,Fluorină negru/turcoaz,,1,,,,,,,,,,,,[43cm]·[52cm],8435782516487
variation,MU03032602176-K,,1,0,visible,,Dimensiuni: 45 * 56 cm,taxable,1,0,0,131.25,,,https://static.musaibrand.com/images/models/0303-K/model/large/0303-K_02176_2_1.jpg,MU0303-K,37,Size,10,,1,,Color,Fluorină negru/turcoaz,,1,,,,,,,,,,,,[45cm]·[56cm],8435782516555
variation,MU03032702176-K,,1,0,visible,,Dimensiuni: 47 * 60 cm,taxable,1,0,0,131.25,,,https://static.musaibrand.com/images/models/0303-K/model/large/0303-K_02176_2_1.jpg,MU0303-K,38,Size,12,,1,,Color,Fluorină negru/turcoaz,,1,,,,,,,,,,,,[47cm]·[60cm],8435782516623
variation,MU03032802176-K,,1,0,visible,,Dimensiuni: 49 * 64 cm,taxable,1,0,0,131.25,,,https://static.musaibrand.com/images/models/0303-K/model/large/0303-K_02176_2_1.jpg,MU0303-K,39,Size,14,,1,,Color,Fluorină negru/turcoaz,,1,,,,,,,,,,,,[49cm]·[64cm],8435782516692
variation,MU03030002222-K,,1,0,visible,,Dimensiuni: 53 * 68 cm,taxable,1,0,0,131.25,,,https://static.musaibrand.com/images/models/0303-K/model/large/0303-K_02222_2_1.jpg,MU0303-K,40,Size,XS,,1,,Color,Negru/Fluor verde,,1,,,,,,,,,,,,[53cm]·[68cm],8435782515862
variation,MU03030102222-K,,1,0,visible,,Dimensiuni: 55 * 71 cm,taxable,1,0,0,131.25,,,https://static.musaibrand.com/images/models/0303-K/model/large/0303-K_02222_2_1.jpg,MU0303-K,41,Size,S,,1,,Color,Negru/Fluor verde,,1,,,,,,,,,,,,[55cm]·[71cm],8435782515930
variation,MU03030202222-K,,1,0,visible,,Dimensiuni: 57 * 72 cm,taxable,1,0,0,131.25,,,https://static.musaibrand.com/images/models/0303-K/model/large/0303-K_02222_2_1.jpg,MU0303-K,42,Size,M,,1,,Color,Negru/Fluor verde,,1,,,,,,,,,,,,[57cm]·[72cm],8435782516005
variation,MU03030302222-K,,1,0,visible,,Dimensiuni: 59 * 74 cm,taxable,1,0,0,131.25,,,https://static.musaibrand.com/images/models/0303-K/model/large/0303-K_02222_2_1.jpg,MU0303-K,43,Size,L,,1,,Color,Negru/Fluor verde,,1,,,,,,,,,,,,[59cm]·[74cm],8435782516074
variation,MU03030402222-K,,1,0,visible,,Dimensiuni: 62 * 76 cm,taxable,1,0,0,131.25,,,https://static.musaibrand.com/images/models/0303-K/model/large/0303-K_02222_2_1.jpg,MU0303-K,44,Size,XL,,1,,Color,Negru/Fluor verde,,1,,,,,,,,,,,,[62cm]·[76cm],8435782516142
variation,MU03030502222-K,,1,0,visible,,Dimensiuni: 65 * 78 cm,taxable,1,0,0,131.25,,,https://static.musaibrand.com/images/models/0303-K/model/large/0303-K_02222_2_1.jpg,MU0303-K,45,Size,2XL,,1,,Color,Negru/Fluor verde,,1,,,,,,,,,,,,[65cm]·[78cm],8435782516210
variation,MU03030602222-K,,1,0,visible,,Dimensiuni: 68 * 80 cm,taxable,1,0,0,131.25,,,https://static.musaibrand.com/images/models/0303-K/model/large/0303-K_02222_2_1.jpg,MU0303-K,46,Size,3XL,,1,,Color,Negru/Fluor verde,,1,,,,,,,,,,,,[68cm]·[80cm],8435782516289
variation,MU03032202222-K,,1,0,visible,,Dimensiuni: 37 * 44 cm,taxable,1,0,0,131.25,,,https://static.musaibrand.com/images/models/0303-K/model/large/0303-K_02222_2_1.jpg,MU0303-K,47,Size,4,,1,,Color,Negru/Fluor verde,,1,,,,,,,,,,,,[37cm]·[44cm],8435782516357
variation,MU03032402222-K,,1,0,visible,,Dimensiuni: 40 * 48 cm,taxable,1,0,0,131.25,,,https://static.musaibrand.com/images/models/0303-K/model/large/0303-K_02222_2_1.jpg,MU0303-K,48,Size,6,,1,,Color,Negru/Fluor verde,,1,,,,,,,,,,,,[40cm]·[48cm],8435782516425
variation,MU03032502222-K,,1,0,visible,,Dimensiuni: 43 * 52 cm,taxable,1,0,0,131.25,,,https://static.musaibrand.com/images/models/0303-K/model/large/0303-K_02222_2_1.jpg,MU0303-K,49,Size,8,,1,,Color,Negru/Fluor verde,,1,,,,,,,,,,,,[43cm]·[52cm],8435782516494
variation,MU03032602222-K,,1,0,visible,,Dimensiuni: 45 * 56 cm,taxable,1,0,0,131.25,,,https://static.musaibrand.com/images/models/0303-K/model/large/0303-K_02222_2_1.jpg,MU0303-K,50,Size,10,,1,,Color,Negru/Fluor verde,,1,,,,,,,,,,,,[45cm]·[56cm],8435782516562
variation,MU03032702222-K,,1,0,visible,,Dimensiuni: 47 * 60 cm,taxable,1,0,0,131.25,,,https://static.musaibrand.com/images/models/0303-K/model/large/0303-K_02222_2_1.jpg,MU0303-K,51,Size,12,,1,,Color,Negru/Fluor verde,,1,,,,,,,,,,,,[47cm]·[60cm],8435782516630
variation,MU03032802222-K,,1,0,visible,,Dimensiuni: 49 * 64 cm,taxable,1,0,0,131.25,,,https://static.musaibrand.com/images/models/0303-K/model/large/0303-K_02222_2_1.jpg,MU0303-K,52,Size,14,,1,,Color,Negru/Fluor verde,,1,,,,,,,,,,,,[49cm]·[64cm],8435782516708
variation,MU03030002223-K,,1,0,visible,,Dimensiuni: 53 * 68 cm,taxable,1,0,0,131.25,,,https://static.musaibrand.com/images/models/0303-K/model/large/0303-K_02223_2_1.jpg,MU0303-K,53,Size,XS,,1,,Color,Negru/portocaliu fluorescent,,1,,,,,,,,,,,,[53cm]·[68cm],8435782515879
variation,MU03030102223-K,,1,0,visible,,Dimensiuni: 55 * 71 cm,taxable,1,0,0,131.25,,,https://static.musaibrand.com/images/models/0303-K/model/large/0303-K_02223_2_1.jpg,MU0303-K,54,Size,S,,1,,Color,Negru/portocaliu fluorescent,,1,,,,,,,,,,,,[55cm]·[71cm],8435782515947
variation,MU03030202223-K,,1,0,visible,,Dimensiuni: 57 * 72 cm,taxable,1,0,0,131.25,,,https://static.musaibrand.com/images/models/0303-K/model/large/0303-K_02223_2_1.jpg,MU0303-K,55,Size,M,,1,,Color,Negru/portocaliu fluorescent,,1,,,,,,,,,,,,[57cm]·[72cm],8435782516012
variation,MU03030302223-K,,1,0,visible,,Dimensiuni: 59 * 74 cm,taxable,1,0,0,131.25,,,https://static.musaibrand.com/images/models/0303-K/model/large/0303-K_02223_2_1.jpg,MU0303-K,56,Size,L,,1,,Color,Negru/portocaliu fluorescent,,1,,,,,,,,,,,,[59cm]·[74cm],8435782516081
variation,MU03030402223-K,,1,0,visible,,Dimensiuni: 62 * 76 cm,taxable,1,0,0,131.25,,,https://static.musaibrand.com/images/models/0303-K/model/large/0303-K_02223_2_1.jpg,MU0303-K,57,Size,XL,,1,,Color,Negru/portocaliu fluorescent,,1,,,,,,,,,,,,[62cm]·[76cm],8435782516159
variation,MU03030502223-K,,1,0,visible,,Dimensiuni: 65 * 78 cm,taxable,1,0,0,131.25,,,https://static.musaibrand.com/images/models/0303-K/model/large/0303-K_02223_2_1.jpg,MU0303-K,58,Size,2XL,,1,,Color,Negru/portocaliu fluorescent,,1,,,,,,,,,,,,[65cm]·[78cm],8435782516227
variation,MU03030602223-K,,1,0,visible,,Dimensiuni: 68 * 80 cm,taxable,1,0,0,131.25,,,https://static.musaibrand.com/images/models/0303-K/model/large/0303-K_02223_2_1.jpg,MU0303-K,59,Size,3XL,,1,,Color,Negru/portocaliu fluorescent,,1,,,,,,,,,,,,[68cm]·[80cm],8435782516296
variation,MU03032202223-K,,1,0,visible,,Dimensiuni: 37 * 44 cm,taxable,1,0,0,131.25,,,https://static.musaibrand.com/images/models/0303-K/model/large/0303-K_02223_2_1.jpg,MU0303-K,60,Size,4,,1,,Color,Negru/portocaliu fluorescent,,1,,,,,,,,,,,,[37cm]·[44cm],8435782516364
variation,MU03032402223-K,,1,0,visible,,Dimensiuni: 40 * 48 cm,taxable,1,0,0,131.25,,,https://static.musaibrand.com/images/models/0303-K/model/large/0303-K_02223_2_1.jpg,MU0303-K,61,Size,6,,1,,Color,Negru/portocaliu fluorescent,,1,,,,,,,,,,,,[40cm]·[48cm],8435782516432
variation,MU03032502223-K,,1,0,visible,,Dimensiuni: 43 * 52 cm,taxable,1,0,0,131.25,,,https://static.musaibrand.com/images/models/0303-K/model/large/0303-K_02223_2_1.jpg,MU0303-K,62,Size,8,,1,,Color,Negru/portocaliu fluorescent,,1,,,,,,,,,,,,[43cm]·[52cm],8435782516500
variation,MU03032602223-K,,1,0,visible,,Dimensiuni: 45 * 56 cm,taxable,1,0,0,131.25,,,https://static.musaibrand.com/images/models/0303-K/model/large/0303-K_02223_2_1.jpg,MU0303-K,63,Size,10,,1,,Color,Negru/portocaliu fluorescent,,1,,,,,,,,,,,,[45cm]·[56cm],8435782516579
variation,MU03032702223-K,,1,0,visible,,Dimensiuni: 47 * 60 cm,taxable,1,0,0,131.25,,,https://static.musaibrand.com/images/models/0303-K/model/large/0303-K_02223_2_1.jpg,MU0303-K,64,Size,12,,1,,Color,Negru/portocaliu fluorescent,,1,,,,,,,,,,,,[47cm]·[60cm],8435782516647
variation,MU03032802223-K,,1,0,visible,,Dimensiuni: 49 * 64 cm,taxable,1,0,0,131.25,,,https://static.musaibrand.com/images/models/0303-K/model/large/0303-K_02223_2_1.jpg,MU0303-K,65,Size,14,,1,,Color,Negru/portocaliu fluorescent,,1,,,,,,,,,,,,[49cm]·[64cm],8435782516715
variation,MU03030002258-K,,1,0,visible,,Dimensiuni: 53 * 68 cm,taxable,1,0,0,131.25,,,https://static.musaibrand.com/images/models/0303-K/model/large/0303-K_02258_2_1.jpg,MU0303-K,66,Size,XS,,1,,Color,Negru / Gri deschis,,1,,,,,,,,,,,,[53cm]·[68cm],8435782515886
variation,MU03030102258-K,,1,0,visible,,Dimensiuni: 55 * 71 cm,taxable,1,0,0,131.25,,,https://static.musaibrand.com/images/models/0303-K/model/large/0303-K_02258_2_1.jpg,MU0303-K,67,Size,S,,1,,Color,Negru / Gri deschis,,1,,,,,,,,,,,,[55cm]·[71cm],8435782515954
variation,MU03030202258-K,,1,0,visible,,Dimensiuni: 57 * 72 cm,taxable,1,0,0,131.25,,,https://static.musaibrand.com/images/models/0303-K/model/large/0303-K_02258_2_1.jpg,MU0303-K,68,Size,M,,1,,Color,Negru / Gri deschis,,1,,,,,,,,,,,,[57cm]·[72cm],8435782516029
variation,MU03030302258-K,,1,0,visible,,Dimensiuni: 59 * 74 cm,taxable,1,0,0,131.25,,,https://static.musaibrand.com/images/models/0303-K/model/large/0303-K_02258_2_1.jpg,MU0303-K,69,Size,L,,1,,Color,Negru / Gri deschis,,1,,,,,,,,,,,,[59cm]·[74cm],8435782516098
variation,MU03030402258-K,,1,0,visible,,Dimensiuni: 62 * 76 cm,taxable,1,0,0,131.25,,,https://static.musaibrand.com/images/models/0303-K/model/large/0303-K_02258_2_1.jpg,MU0303-K,70,Size,XL,,1,,Color,Negru / Gri deschis,,1,,,,,,,,,,,,[62cm]·[76cm],8435782516166
variation,MU03030502258-K,,1,0,visible,,Dimensiuni: 65 * 78 cm,taxable,1,0,0,131.25,,,https://static.musaibrand.com/images/models/0303-K/model/large/0303-K_02258_2_1.jpg,MU0303-K,71,Size,2XL,,1,,Color,Negru / Gri deschis,,1,,,,,,,,,,,,[65cm]·[78cm],8435782516234
variation,MU03030602258-K,,1,0,visible,,Dimensiuni: 68 * 80 cm,taxable,1,0,0,131.25,,,https://static.musaibrand.com/images/models/0303-K/model/large/0303-K_02258_2_1.jpg,MU0303-K,72,Size,3XL,,1,,Color,Negru / Gri deschis,,1,,,,,,,,,,,,[68cm]·[80cm],8435782516302
variation,MU03032202258-K,,1,0,visible,,Dimensiuni: 37 * 44 cm,taxable,1,0,0,131.25,,,https://static.musaibrand.com/images/models/0303-K/model/large/0303-K_02258_2_1.jpg,MU0303-K,73,Size,4,,1,,Color,Negru / Gri deschis,,1,,,,,,,,,,,,[37cm]·[44cm],8435782516371
variation,MU03032402258-K,,1,0,visible,,Dimensiuni: 40 * 48 cm,taxable,1,0,0,131.25,,,https://static.musaibrand.com/images/models/0303-K/model/large/0303-K_02258_2_1.jpg,MU0303-K,74,Size,6,,1,,Color,Negru / Gri deschis,,1,,,,,,,,,,,,[40cm]·[48cm],8435782516449
variation,MU03032502258-K,,1,0,visible,,Dimensiuni: 43 * 52 cm,taxable,1,0,0,131.25,,,https://static.musaibrand.com/images/models/0303-K/model/large/0303-K_02258_2_1.jpg,MU0303-K,75,Size,8,,1,,Color,Negru / Gri deschis,,1,,,,,,,,,,,,[43cm]·[52cm],8435782516517
variation,MU03032602258-K,,1,0,visible,,Dimensiuni: 45 * 56 cm,taxable,1,0,0,131.25,,,https://static.musaibrand.com/images/models/0303-K/model/large/0303-K_02258_2_1.jpg,MU0303-K,76,Size,10,,1,,Color,Negru / Gri deschis,,1,,,,,,,,,,,,[45cm]·[56cm],8435782516586
variation,MU03032702258-K,,1,0,visible,,Dimensiuni: 47 * 60 cm,taxable,1,0,0,131.25,,,https://static.musaibrand.com/images/models/0303-K/model/large/0303-K_02258_2_1.jpg,MU0303-K,77,Size,12,,1,,Color,Negru / Gri deschis,,1,,,,,,,,,,,,[47cm]·[60cm],8435782516654
variation,MU03032802258-K,,1,0,visible,,Dimensiuni: 49 * 64 cm,taxable,1,0,0,131.25,,,https://static.musaibrand.com/images/models/0303-K/model/large/0303-K_02258_2_1.jpg,MU0303-K,78,Size,14,,1,,Color,Negru / Gri deschis,,1,,,,,,,,,,,,[49cm]·[64cm],8435782516722
variation,MU0303000234-K,,1,0,visible,,Dimensiuni: 53 * 68 cm,taxable,1,0,0,131.25,,,https://static.musaibrand.com/images/models/0303-K/model/large/0303-K_0234_2_1.jpg,MU0303-K,79,Size,XS,,1,,Color,Negru/ Roz gumă,,1,,,,,,,,,,,,[53cm]·[68cm],8435782515893
variation,MU0303010234-K,,1,0,visible,,Dimensiuni: 55 * 71 cm,taxable,1,0,0,131.25,,,https://static.musaibrand.com/images/models/0303-K/model/large/0303-K_0234_2_1.jpg,MU0303-K,80,Size,S,,1,,Color,Negru/ Roz gumă,,1,,,,,,,,,,,,[55cm]·[71cm],8435782515961
variation,MU0303020234-K,,1,0,visible,,Dimensiuni: 57 * 72 cm,taxable,1,0,0,131.25,,,https://static.musaibrand.com/images/models/0303-K/model/large/0303-K_0234_2_1.jpg,MU0303-K,81,Size,M,,1,,Color,Negru/ Roz gumă,,1,,,,,,,,,,,,[57cm]·[72cm],8435782516036
variation,MU0303030234-K,,1,0,visible,,Dimensiuni: 59 * 74 cm,taxable,1,0,0,131.25,,,https://static.musaibrand.com/images/models/0303-K/model/large/0303-K_0234_2_1.jpg,MU0303-K,82,Size,L,,1,,Color,Negru/ Roz gumă,,1,,,,,,,,,,,,[59cm]·[74cm],8435782516104
variation,MU0303040234-K,,1,0,visible,,Dimensiuni: 62 * 76 cm,taxable,1,0,0,131.25,,,https://static.musaibrand.com/images/models/0303-K/model/large/0303-K_0234_2_1.jpg,MU0303-K,83,Size,XL,,1,,Color,Negru/ Roz gumă,,1,,,,,,,,,,,,[62cm]·[76cm],8435782516173
variation,MU0303050234-K,,1,0,visible,,Dimensiuni: 65 * 78 cm,taxable,1,0,0,131.25,,,https://static.musaibrand.com/images/models/0303-K/model/large/0303-K_0234_2_1.jpg,MU0303-K,84,Size,2XL,,1,,Color,Negru/ Roz gumă,,1,,,,,,,,,,,,[65cm]·[78cm],8435782516241
variation,MU0303060234-K,,1,0,visible,,Dimensiuni: 68 * 80 cm,taxable,1,0,0,131.25,,,https://static.musaibrand.com/images/models/0303-K/model/large/0303-K_0234_2_1.jpg,MU0303-K,85,Size,3XL,,1,,Color,Negru/ Roz gumă,,1,,,,,,,,,,,,[68cm]·[80cm],8435782516319
variation,MU0303220234-K,,1,0,visible,,Dimensiuni: 37 * 44 cm,taxable,1,0,0,131.25,,,https://static.musaibrand.com/images/models/0303-K/model/large/0303-K_0234_2_1.jpg,MU0303-K,86,Size,4,,1,,Color,Negru/ Roz gumă,,1,,,,,,,,,,,,[37cm]·[44cm],8435782516388
variation,MU0303240234-K,,1,0,visible,,Dimensiuni: 40 * 48 cm,taxable,1,0,0,131.25,,,https://static.musaibrand.com/images/models/0303-K/model/large/0303-K_0234_2_1.jpg,MU0303-K,87,Size,6,,1,,Color,Negru/ Roz gumă,,1,,,,,,,,,,,,[40cm]·[48cm],8435782516456
variation,MU0303250234-K,,1,0,visible,,Dimensiuni: 43 * 52 cm,taxable,1,0,0,131.25,,,https://static.musaibrand.com/images/models/0303-K/model/large/0303-K_0234_2_1.jpg,MU0303-K,88,Size,8,,1,,Color,Negru/ Roz gumă,,1,,,,,,,,,,,,[43cm]·[52cm],8435782516524
variation,MU0303260234-K,,1,0,visible,,Dimensiuni: 45 * 56 cm,taxable,1,0,0,131.25,,,https://static.musaibrand.com/images/models/0303-K/model/large/0303-K_0234_2_1.jpg,MU0303-K,89,Size,10,,1,,Color,Negru/ Roz gumă,,1,,,,,,,,,,,,[45cm]·[56cm],8435782516593
variation,MU0303270234-K,,1,0,visible,,Dimensiuni: 47 * 60 cm,taxable,1,0,0,131.25,,,https://static.musaibrand.com/images/models/0303-K/model/large/0303-K_0234_2_1.jpg,MU0303-K,90,Size,12,,1,,Color,Negru/ Roz gumă,,1,,,,,,,,,,,,[47cm]·[60cm],8435782516661
variation,MU0303280234-K,,1,0,visible,,Dimensiuni: 49 * 64 cm,taxable,1,0,0,131.25,,,https://static.musaibrand.com/images/models/0303-K/model/large/0303-K_0234_2_1.jpg,MU0303-K,91,Size,14,,1,,Color,Negru/ Roz gumă,,1,,,,,,,,,,,,[49cm]·[64cm],8435782516739
variation,MU0303000260-K,,1,0,visible,,Dimensiuni: 53 * 68 cm,taxable,1,0,0,131.25,,,https://static.musaibrand.com/images/models/0303-K/model/large/0303-K_0260_2_1.jpg,MU0303-K,92,Size,XS,,1,,Color,Negru/roșu,,1,,,,,,,,,,,,[53cm]·[68cm],8435782515909
variation,MU0303010260-K,,1,0,visible,,Dimensiuni: 55 * 71 cm,taxable,1,0,0,131.25,,,https://static.musaibrand.com/images/models/0303-K/model/large/0303-K_0260_2_1.jpg,MU0303-K,93,Size,S,,1,,Color,Negru/roșu,,1,,,,,,,,,,,,[55cm]·[71cm],8435782515978
variation,MU0303020260-K,,1,0,visible,,Dimensiuni: 57 * 72 cm,taxable,1,0,0,131.25,,,https://static.musaibrand.com/images/models/0303-K/model/large/0303-K_0260_2_1.jpg,MU0303-K,94,Size,M,,1,,Color,Negru/roșu,,1,,,,,,,,,,,,[57cm]·[72cm],8435782516043
variation,MU0303030260-K,,1,0,visible,,Dimensiuni: 59 * 74 cm,taxable,1,0,0,131.25,,,https://static.musaibrand.com/images/models/0303-K/model/large/0303-K_0260_2_1.jpg,MU0303-K,95,Size,L,,1,,Color,Negru/roșu,,1,,,,,,,,,,,,[59cm]·[74cm],8435782516111
variation,MU0303040260-K,,1,0,visible,,Dimensiuni: 62 * 76 cm,taxable,1,0,0,131.25,,,https://static.musaibrand.com/images/models/0303-K/model/large/0303-K_0260_2_1.jpg,MU0303-K,96,Size,XL,,1,,Color,Negru/roșu,,1,,,,,,,,,,,,[62cm]·[76cm],8435782516180
variation,MU0303050260-K,,1,0,visible,,Dimensiuni: 65 * 78 cm,taxable,1,0,0,131.25,,,https://static.musaibrand.com/images/models/0303-K/model/large/0303-K_0260_2_1.jpg,MU0303-K,97,Size,2XL,,1,,Color,Negru/roșu,,1,,,,,,,,,,,,[65cm]·[78cm],8435782516258
variation,MU0303060260-K,,1,0,visible,,Dimensiuni: 68 * 80 cm,taxable,1,0,0,131.25,,,https://static.musaibrand.com/images/models/0303-K/model/large/0303-K_0260_2_1.jpg,MU0303-K,98,Size,3XL,,1,,Color,Negru/roșu,,1,,,,,,,,,,,,[68cm]·[80cm],8435782516326
variation,MU0303220260-K,,1,0,visible,,Dimensiuni: 37 * 44 cm,taxable,1,0,0,131.25,,,https://static.musaibrand.com/images/models/0303-K/model/large/0303-K_0260_2_1.jpg,MU0303-K,99,Size,4,,1,,Color,Negru/roșu,,1,,,,,,,,,,,,[37cm]·[44cm],8435782516395
variation,MU0303240260-K,,1,0,visible,,Dimensiuni: 40 * 48 cm,taxable,1,0,0,131.25,,,https://static.musaibrand.com/images/models/0303-K/model/large/0303-K_0260_2_1.jpg,MU0303-K,100,Size,6,,1,,Color,Negru/roșu,,1,,,,,,,,,,,,[40cm]·[48cm],8435782516463
variation,MU0303250260-K,,1,0,visible,,Dimensiuni: 43 * 52 cm,taxable,1,0,0,131.25,,,https://static.musaibrand.com/images/models/0303-K/model/large/0303-K_0260_2_1.jpg,MU0303-K,101,Size,8,,1,,Color,Negru/roșu,,1,,,,,,,,,,,,[43cm]·[52cm],8435782516531
variation,MU0303260260-K,,1,0,visible,,Dimensiuni: 45 * 56 cm,taxable,1,0,0,131.25,,,https://static.musaibrand.com/images/models/0303-K/model/large/0303-K_0260_2_1.jpg,MU0303-K,102,Size,10,,1,,Color,Negru/roșu,,1,,,,,,,,,,,,[45cm]·[56cm],8435782516609
variation,MU0303270260-K,,1,0,visible,,Dimensiuni: 47 * 60 cm,taxable,1,0,0,131.25,,,https://static.musaibrand.com/images/models/0303-K/model/large/0303-K_0260_2_1.jpg,MU0303-K,103,Size,12,,1,,Color,Negru/roșu,,1,,,,,,,,,,,,[47cm]·[60cm],8435782516678
variation,MU0303280260-K,,1,0,visible,,Dimensiuni: 49 * 64 cm,taxable,1,0,0,131.25,,,https://static.musaibrand.com/images/models/0303-K/model/large/0303-K_0260_2_1.jpg,MU0303-K,104,Size,14,,1,,Color,Negru/roșu,,1,,,,,,,,,,,,[49cm]·[64cm],8435782516746
variable,MU0304,Jachetă - Ishi,1,0,visible,,"<p>Jachetă tehnică unisex cu guler înalt, realizată din poliester piqué reciclat, cu căptușeală moale periată.</p><p><strong>Compoziție:</strong> 100% poliester pique reciclat</p><p><br>· Guler din același material.<br>· Acoperire elastică a cusăturii pe guler.<br>· Clapetă interioară și apărătoare de bărbie pe toată lungimea.<br>· Manșete și tiv cu nervuri de 470 g/m² în țesătură de culoare contrastană.<br>· Fermoar personalizat cu imagine de marcă.<br>· Design cu nuanțe vii de contrast părți față-spate și corp.<br>· Buzunare laterale cu fermoar și bandă de acoperire la cusăturile din față.<br>· Detaliu cu logo brodat pe mânecă.</p><h4>Dimensiuni</h4><table style='border-collapse:collapse;margin:8px 0'><tr><th style='padding:4px 12px;border:1px solid #ddd;text-align:left'>Mărime</th><th style='padding:4px 12px;border:1px solid #ddd;text-align:left'>Dimensiuni</th></tr><tr><td style='padding:4px 12px;border:1px solid #ddd'>XS</td><td style='padding:4px 12px;border:1px solid #ddd'>53 * 68 cm</td></tr><tr><td style='padding:4px 12px;border:1px solid #ddd'>S</td><td style='padding:4px 12px;border:1px solid #ddd'>55 * 71 cm</td></tr><tr><td style='padding:4px 12px;border:1px solid #ddd'>M</td><td style='padding:4px 12px;border:1px solid #ddd'>57 * 72 cm</td></tr><tr><td style='padding:4px 12px;border:1px solid #ddd'>L</td><td style='padding:4px 12px;border:1px solid #ddd'>59 * 74 cm</td></tr><tr><td style='padding:4px 12px;border:1px solid #ddd'>XL</td><td style='padding:4px 12px;border:1px solid #ddd'>62/76 * 1 cm</td></tr><tr><td style='padding:4px 12px;border:1px solid #ddd'>2XL</td><td style='padding:4px 12px;border:1px solid #ddd'>65 * 78 cm</td></tr><tr><td style='padding:4px 12px;border:1px solid #ddd'>3XL</td><td style='padding:4px 12px;border:1px solid #ddd'>68 * 80 cm</td></tr><tr><td style='padding:4px 12px;border:1px solid #ddd'>4</td><td style='padding:4px 12px;border:1px solid #ddd'>37 * 44 cm</td></tr><tr><td style='padding:4px 12px;border:1px solid #ddd'>6</td><td style='padding:4px 12px;border:1px solid #ddd'>40 * 48 cm</td></tr><tr><td style='padding:4px 12px;border:1px solid #ddd'>8</td><td style='padding:4px 12px;border:1px solid #ddd'>43 * 52 cm</td></tr><tr><td style='padding:4px 12px;border:1px solid #ddd'>10</td><td style='padding:4px 12px;border:1px solid #ddd'>45 * 56 cm</td></tr><tr><td style='padding:4px 12px;border:1px solid #ddd'>12</td><td style='padding:4px 12px;border:1px solid #ddd'>47 * 60 cm</td></tr><tr><td style='padding:4px 12px;border:1px solid #ddd'>14</td><td style='padding:4px 12px;border:1px solid #ddd'>49 * 64 cm</td></tr></table>",taxable,1,0,0,,Jachete,MUSAI,"https://static.musaibrand.com/images/models/0304/model/large/0304_0155_1_1.jpg,https://static.musaibrand.com/images/models/0304/model/large/0304_0201_1_1.jpg,https://static.musaibrand.com/images/models/0304/model/large/0304_0355_1_1.jpg,https://static.musaibrand.com/images/models/0304/model/large/0304_0555_1_1.jpg,https://static.musaibrand.com/images/models/0304/model/large/0304_1055_1_1.jpg,https://static.musaibrand.com/images/models/0304/model/large/0304_17655_1_1.jpg,https://static.musaibrand.com/images/models/0304/model/large/0304_25801_1_1.jpg,https://static.musaibrand.com/images/models/0304/model/large/0304_5501_1_1.jpg,https://static.musaibrand.com/images/models/0304/model/large/0304_5534_1_1.jpg,https://static.musaibrand.com/images/models/0304/model/large/0304_6055_1_1.jpg,https://static.musaibrand.com/images/models/0304/model/large/0304_0155_2_1.jpg,https://static.musaibrand.com/images/models/0304/model/large/0304_0201_2_1.jpg,https://static.musaibrand.com/images/models/0304/model/large/0304_0355_2_1.jpg,https://static.musaibrand.com/images/models/0304/model/large/0304_0555_2_1.jpg,https://static.musaibrand.com/images/models/0304/model/large/0304_1055_2_1.jpg,https://static.musaibrand.com/images/models/0304/model/large/0304_17655_2_1.jpg,https://static.musaibrand.com/images/models/0304/model/large/0304_25801_2_1.jpg,https://static.musaibrand.com/images/models/0304/model/large/0304_5501_2_1.jpg,https://static.musaibrand.com/images/models/0304/model/large/0304_5534_2_1.jpg,https://static.musaibrand.com/images/models/0304/model/large/0304_6055_2_1.jpg",,0,Size,"XS, S, M, L, XL, 2XL, 3XL, 4, 6, 8, 10, 12, 14",1,1,,Color,"Alb/Navy Blue, Negru/alb, Galben/Navy Blue, Albastru regal/albastru marin, Albastru deschis/Navy Blue, Turcoaz fluor/Navy Blue, Gri deschis/alb, Alb/marin, Albastru marin / roz gumă, Roșu/albastru marin",1,1,,Gender,Unisex,1,1,,Dimensiuni,"[53cm]·[68cm], [55cm]·[71cm], [57cm]·[72cm], [59cm]·[74cm], [62cm/76cm]·[1cm], [65cm]·[78cm], [68cm]·[80cm], [37cm]·[44cm], [40cm]·[48cm], [43cm]·[52cm], [45cm]·[56cm], [47cm]·[60cm], [49cm]·[64cm]",1,0,,,
variation,MU0304000155,,1,0,visible,,Dimensiuni: 53 * 68 cm,taxable,1,0,0,152.25,,,https://static.musaibrand.com/images/models/0304/model/large/0304_0155_2_1.jpg,MU0304,1,Size,XS,,1,,Color,Alb/Navy Blue,,1,,,,,,,,,,,,[53cm]·[68cm],8435782516753
variation,MU0304010155,,1,0,visible,,Dimensiuni: 55 * 71 cm,taxable,1,0,0,152.25,,,https://static.musaibrand.com/images/models/0304/model/large/0304_0155_2_1.jpg,MU0304,2,Size,S,,1,,Color,Alb/Navy Blue,,1,,,,,,,,,,,,[55cm]·[71cm],8435782516852
variation,MU0304020155,,1,0,visible,,Dimensiuni: 57 * 72 cm,taxable,1,0,0,152.25,,,https://static.musaibrand.com/images/models/0304/model/large/0304_0155_2_1.jpg,MU0304,3,Size,M,,1,,Color,Alb/Navy Blue,,1,,,,,,,,,,,,[57cm]·[72cm],8435782516951
variation,MU0304030155,,1,0,visible,,Dimensiuni: 59 * 74 cm,taxable,1,0,0,152.25,,,https://static.musaibrand.com/images/models/0304/model/large/0304_0155_2_1.jpg,MU0304,4,Size,L,,1,,Color,Alb/Navy Blue,,1,,,,,,,,,,,,[59cm]·[74cm],8435782517057
variation,MU0304040155,,1,0,visible,,Dimensiuni: 62/76 * 1 cm,taxable,1,0,0,152.25,,,https://static.musaibrand.com/images/models/0304/model/large/0304_0155_2_1.jpg,MU0304,5,Size,XL,,1,,Color,Alb/Navy Blue,,1,,,,,,,,,,,,[62cm/76cm]·[1cm],8435782517156
variation,MU0304050155,,1,0,visible,,Dimensiuni: 65 * 78 cm,taxable,1,0,0,152.25,,,https://static.musaibrand.com/images/models/0304/model/large/0304_0155_2_1.jpg,MU0304,6,Size,2XL,,1,,Color,Alb/Navy Blue,,1,,,,,,,,,,,,[65cm]·[78cm],8435782517255
variation,MU0304060155,,1,0,visible,,Dimensiuni: 68 * 80 cm,taxable,1,0,0,152.25,,,https://static.musaibrand.com/images/models/0304/model/large/0304_0155_2_1.jpg,MU0304,7,Size,3XL,,1,,Color,Alb/Navy Blue,,1,,,,,,,,,,,,[68cm]·[80cm],8435782517354
variation,MU0304220155,,1,0,visible,,Dimensiuni: 37 * 44 cm,taxable,1,0,0,152.25,,,https://static.musaibrand.com/images/models/0304/model/large/0304_0155_2_1.jpg,MU0304,8,Size,4,,1,,Color,Alb/Navy Blue,,1,,,,,,,,,,,,[37cm]·[44cm],8435782517453
variation,MU0304240155,,1,0,visible,,Dimensiuni: 40 * 48 cm,taxable,1,0,0,152.25,,,https://static.musaibrand.com/images/models/0304/model/large/0304_0155_2_1.jpg,MU0304,9,Size,6,,1,,Color,Alb/Navy Blue,,1,,,,,,,,,,,,[40cm]·[48cm],8435782517552
variation,MU0304250155,,1,0,visible,,Dimensiuni: 43 * 52 cm,taxable,1,0,0,152.25,,,https://static.musaibrand.com/images/models/0304/model/large/0304_0155_2_1.jpg,MU0304,10,Size,8,,1,,Color,Alb/Navy Blue,,1,,,,,,,,,,,,[43cm]·[52cm],8435782517651
variation,MU0304260155,,1,0,visible,,Dimensiuni: 45 * 56 cm,taxable,1,0,0,152.25,,,https://static.musaibrand.com/images/models/0304/model/large/0304_0155_2_1.jpg,MU0304,11,Size,10,,1,,Color,Alb/Navy Blue,,1,,,,,,,,,,,,[45cm]·[56cm],8435782517750
variation,MU0304270155,,1,0,visible,,Dimensiuni: 47 * 60 cm,taxable,1,0,0,152.25,,,https://static.musaibrand.com/images/models/0304/model/large/0304_0155_2_1.jpg,MU0304,12,Size,12,,1,,Color,Alb/Navy Blue,,1,,,,,,,,,,,,[47cm]·[60cm],8435782517859
variation,MU0304280155,,1,0,visible,,Dimensiuni: 49 * 64 cm,taxable,1,0,0,152.25,,,https://static.musaibrand.com/images/models/0304/model/large/0304_0155_2_1.jpg,MU0304,13,Size,14,,1,,Color,Alb/Navy Blue,,1,,,,,,,,,,,,[49cm]·[64cm],8435782517958
variation,MU0304000201,,1,0,visible,,Dimensiuni: 53 * 68 cm,taxable,1,0,0,152.25,,,https://static.musaibrand.com/images/models/0304/model/large/0304_0201_2_1.jpg,MU0304,14,Size,XS,,1,,Color,Negru/alb,,1,,,,,,,,,,,,[53cm]·[68cm],8435782516760
variation,MU0304010201,,1,0,visible,,Dimensiuni: 55 * 71 cm,taxable,1,0,0,152.25,,,https://static.musaibrand.com/images/models/0304/model/large/0304_0201_2_1.jpg,MU0304,15,Size,S,,1,,Color,Negru/alb,,1,,,,,,,,,,,,[55cm]·[71cm],8435782516869
variation,MU0304020201,,1,0,visible,,Dimensiuni: 57 * 72 cm,taxable,1,0,0,152.25,,,https://static.musaibrand.com/images/models/0304/model/large/0304_0201_2_1.jpg,MU0304,16,Size,M,,1,,Color,Negru/alb,,1,,,,,,,,,,,,[57cm]·[72cm],8435782516968
variation,MU0304030201,,1,0,visible,,Dimensiuni: 59 * 74 cm,taxable,1,0,0,152.25,,,https://static.musaibrand.com/images/models/0304/model/large/0304_0201_2_1.jpg,MU0304,17,Size,L,,1,,Color,Negru/alb,,1,,,,,,,,,,,,[59cm]·[74cm],8435782517064
variation,MU0304040201,,1,0,visible,,Dimensiuni: 62/76 * 1 cm,taxable,1,0,0,152.25,,,https://static.musaibrand.com/images/models/0304/model/large/0304_0201_2_1.jpg,MU0304,18,Size,XL,,1,,Color,Negru/alb,,1,,,,,,,,,,,,[62cm/76cm]·[1cm],8435782517163
variation,MU0304050201,,1,0,visible,,Dimensiuni: 65 * 78 cm,taxable,1,0,0,152.25,,,https://static.musaibrand.com/images/models/0304/model/large/0304_0201_2_1.jpg,MU0304,19,Size,2XL,,1,,Color,Negru/alb,,1,,,,,,,,,,,,[65cm]·[78cm],8435782517262
variation,MU0304060201,,1,0,visible,,Dimensiuni: 68 * 80 cm,taxable,1,0,0,152.25,,,https://static.musaibrand.com/images/models/0304/model/large/0304_0201_2_1.jpg,MU0304,20,Size,3XL,,1,,Color,Negru/alb,,1,,,,,,,,,,,,[68cm]·[80cm],8435782517361
variation,MU0304220201,,1,0,visible,,Dimensiuni: 37 * 44 cm,taxable,1,0,0,152.25,,,https://static.musaibrand.com/images/models/0304/model/large/0304_0201_2_1.jpg,MU0304,21,Size,4,,1,,Color,Negru/alb,,1,,,,,,,,,,,,[37cm]·[44cm],8435782517460
variation,MU0304240201,,1,0,visible,,Dimensiuni: 40 * 48 cm,taxable,1,0,0,152.25,,,https://static.musaibrand.com/images/models/0304/model/large/0304_0201_2_1.jpg,MU0304,22,Size,6,,1,,Color,Negru/alb,,1,,,,,,,,,,,,[40cm]·[48cm],8435782517569
variation,MU0304250201,,1,0,visible,,Dimensiuni: 43 * 52 cm,taxable,1,0,0,152.25,,,https://static.musaibrand.com/images/models/0304/model/large/0304_0201_2_1.jpg,MU0304,23,Size,8,,1,,Color,Negru/alb,,1,,,,,,,,,,,,[43cm]·[52cm],8435782517668
variation,MU0304260201,,1,0,visible,,Dimensiuni: 45 * 56 cm,taxable,1,0,0,152.25,,,https://static.musaibrand.com/images/models/0304/model/large/0304_0201_2_1.jpg,MU0304,24,Size,10,,1,,Color,Negru/alb,,1,,,,,,,,,,,,[45cm]·[56cm],8435782517767
variation,MU0304270201,,1,0,visible,,Dimensiuni: 47 * 60 cm,taxable,1,0,0,152.25,,,https://static.musaibrand.com/images/models/0304/model/large/0304_0201_2_1.jpg,MU0304,25,Size,12,,1,,Color,Negru/alb,,1,,,,,,,,,,,,[47cm]·[60cm],8435782517866
variation,MU0304280201,,1,0,visible,,Dimensiuni: 49 * 64 cm,taxable,1,0,0,152.25,,,https://static.musaibrand.com/images/models/0304/model/large/0304_0201_2_1.jpg,MU0304,26,Size,14,,1,,Color,Negru/alb,,1,,,,,,,,,,,,[49cm]·[64cm],8435782517965
variation,MU0304000355,,1,0,visible,,Dimensiuni: 53 * 68 cm,taxable,1,0,0,152.25,,,https://static.musaibrand.com/images/models/0304/model/large/0304_0355_2_1.jpg,MU0304,27,Size,XS,,1,,Color,Galben/Navy Blue,,1,,,,,,,,,,,,[53cm]·[68cm],8435782516777
variation,MU0304010355,,1,0,visible,,Dimensiuni: 55 * 71 cm,taxable,1,0,0,152.25,,,https://static.musaibrand.com/images/models/0304/model/large/0304_0355_2_1.jpg,MU0304,28,Size,S,,1,,Color,Galben/Navy Blue,,1,,,,,,,,,,,,[55cm]·[71cm],8435782516876
variation,MU0304020355,,1,0,visible,,Dimensiuni: 57 * 72 cm,taxable,1,0,0,152.25,,,https://static.musaibrand.com/images/models/0304/model/large/0304_0355_2_1.jpg,MU0304,29,Size,M,,1,,Color,Galben/Navy Blue,,1,,,,,,,,,,,,[57cm]·[72cm],8435782516975
variation,MU0304030355,,1,0,visible,,Dimensiuni: 59 * 74 cm,taxable,1,0,0,152.25,,,https://static.musaibrand.com/images/models/0304/model/large/0304_0355_2_1.jpg,MU0304,30,Size,L,,1,,Color,Galben/Navy Blue,,1,,,,,,,,,,,,[59cm]·[74cm],8435782517071
variation,MU0304040355,,1,0,visible,,Dimensiuni: 62/76 * 1 cm,taxable,1,0,0,152.25,,,https://static.musaibrand.com/images/models/0304/model/large/0304_0355_2_1.jpg,MU0304,31,Size,XL,,1,,Color,Galben/Navy Blue,,1,,,,,,,,,,,,[62cm/76cm]·[1cm],8435782517170
variation,MU0304050355,,1,0,visible,,Dimensiuni: 65 * 78 cm,taxable,1,0,0,152.25,,,https://static.musaibrand.com/images/models/0304/model/large/0304_0355_2_1.jpg,MU0304,32,Size,2XL,,1,,Color,Galben/Navy Blue,,1,,,,,,,,,,,,[65cm]·[78cm],8435782517279
variation,MU0304060355,,1,0,visible,,Dimensiuni: 68 * 80 cm,taxable,1,0,0,152.25,,,https://static.musaibrand.com/images/models/0304/model/large/0304_0355_2_1.jpg,MU0304,33,Size,3XL,,1,,Color,Galben/Navy Blue,,1,,,,,,,,,,,,[68cm]·[80cm],8435782517378
variation,MU0304220355,,1,0,visible,,Dimensiuni: 37 * 44 cm,taxable,1,0,0,152.25,,,https://static.musaibrand.com/images/models/0304/model/large/0304_0355_2_1.jpg,MU0304,34,Size,4,,1,,Color,Galben/Navy Blue,,1,,,,,,,,,,,,[37cm]·[44cm],8435782517477
variation,MU0304240355,,1,0,visible,,Dimensiuni: 40 * 48 cm,taxable,1,0,0,152.25,,,https://static.musaibrand.com/images/models/0304/model/large/0304_0355_2_1.jpg,MU0304,35,Size,6,,1,,Color,Galben/Navy Blue,,1,,,,,,,,,,,,[40cm]·[48cm],8435782517576
variation,MU0304250355,,1,0,visible,,Dimensiuni: 43 * 52 cm,taxable,1,0,0,152.25,,,https://static.musaibrand.com/images/models/0304/model/large/0304_0355_2_1.jpg,MU0304,36,Size,8,,1,,Color,Galben/Navy Blue,,1,,,,,,,,,,,,[43cm]·[52cm],8435782517675
variation,MU0304260355,,1,0,visible,,Dimensiuni: 45 * 56 cm,taxable,1,0,0,152.25,,,https://static.musaibrand.com/images/models/0304/model/large/0304_0355_2_1.jpg,MU0304,37,Size,10,,1,,Color,Galben/Navy Blue,,1,,,,,,,,,,,,[45cm]·[56cm],8435782517774
variation,MU0304270355,,1,0,visible,,Dimensiuni: 47 * 60 cm,taxable,1,0,0,152.25,,,https://static.musaibrand.com/images/models/0304/model/large/0304_0355_2_1.jpg,MU0304,38,Size,12,,1,,Color,Galben/Navy Blue,,1,,,,,,,,,,,,[47cm]·[60cm],8435782517873
variation,MU0304280355,,1,0,visible,,Dimensiuni: 49 * 64 cm,taxable,1,0,0,152.25,,,https://static.musaibrand.com/images/models/0304/model/large/0304_0355_2_1.jpg,MU0304,39,Size,14,,1,,Color,Galben/Navy Blue,,1,,,,,,,,,,,,[49cm]·[64cm],8435782517972
variation,MU0304000555,,1,0,visible,,Dimensiuni: 53 * 68 cm,taxable,1,0,0,152.25,,,https://static.musaibrand.com/images/models/0304/model/large/0304_0555_2_1.jpg,MU0304,40,Size,XS,,1,,Color,Albastru regal/albastru marin,,1,,,,,,,,,,,,[53cm]·[68cm],8435782516784
variation,MU0304010555,,1,0,visible,,Dimensiuni: 55 * 71 cm,taxable,1,0,0,152.25,,,https://static.musaibrand.com/images/models/0304/model/large/0304_0555_2_1.jpg,MU0304,41,Size,S,,1,,Color,Albastru regal/albastru marin,,1,,,,,,,,,,,,[55cm]·[71cm],8435782516883
variation,MU0304020555,,1,0,visible,,Dimensiuni: 57 * 72 cm,taxable,1,0,0,152.25,,,https://static.musaibrand.com/images/models/0304/model/large/0304_0555_2_1.jpg,MU0304,42,Size,M,,1,,Color,Albastru regal/albastru marin,,1,,,,,,,,,,,,[57cm]·[72cm],8435782516982
variation,MU0304030555,,1,0,visible,,Dimensiuni: 59 * 74 cm,taxable,1,0,0,152.25,,,https://static.musaibrand.com/images/models/0304/model/large/0304_0555_2_1.jpg,MU0304,43,Size,L,,1,,Color,Albastru regal/albastru marin,,1,,,,,,,,,,,,[59cm]·[74cm],8435782517088
variation,MU0304040555,,1,0,visible,,Dimensiuni: 62/76 * 1 cm,taxable,1,0,0,152.25,,,https://static.musaibrand.com/images/models/0304/model/large/0304_0555_2_1.jpg,MU0304,44,Size,XL,,1,,Color,Albastru regal/albastru marin,,1,,,,,,,,,,,,[62cm/76cm]·[1cm],8435782517187
variation,MU0304050555,,1,0,visible,,Dimensiuni: 65 * 78 cm,taxable,1,0,0,152.25,,,https://static.musaibrand.com/images/models/0304/model/large/0304_0555_2_1.jpg,MU0304,45,Size,2XL,,1,,Color,Albastru regal/albastru marin,,1,,,,,,,,,,,,[65cm]·[78cm],8435782517286
variation,MU0304060555,,1,0,visible,,Dimensiuni: 68 * 80 cm,taxable,1,0,0,152.25,,,https://static.musaibrand.com/images/models/0304/model/large/0304_0555_2_1.jpg,MU0304,46,Size,3XL,,1,,Color,Albastru regal/albastru marin,,1,,,,,,,,,,,,[68cm]·[80cm],8435782517385
variation,MU0304220555,,1,0,visible,,Dimensiuni: 37 * 44 cm,taxable,1,0,0,152.25,,,https://static.musaibrand.com/images/models/0304/model/large/0304_0555_2_1.jpg,MU0304,47,Size,4,,1,,Color,Albastru regal/albastru marin,,1,,,,,,,,,,,,[37cm]·[44cm],8435782517484
variation,MU0304240555,,1,0,visible,,Dimensiuni: 40 * 48 cm,taxable,1,0,0,152.25,,,https://static.musaibrand.com/images/models/0304/model/large/0304_0555_2_1.jpg,MU0304,48,Size,6,,1,,Color,Albastru regal/albastru marin,,1,,,,,,,,,,,,[40cm]·[48cm],8435782517583
variation,MU0304250555,,1,0,visible,,Dimensiuni: 43 * 52 cm,taxable,1,0,0,152.25,,,https://static.musaibrand.com/images/models/0304/model/large/0304_0555_2_1.jpg,MU0304,49,Size,8,,1,,Color,Albastru regal/albastru marin,,1,,,,,,,,,,,,[43cm]·[52cm],8435782517682
variation,MU0304260555,,1,0,visible,,Dimensiuni: 45 * 56 cm,taxable,1,0,0,152.25,,,https://static.musaibrand.com/images/models/0304/model/large/0304_0555_2_1.jpg,MU0304,50,Size,10,,1,,Color,Albastru regal/albastru marin,,1,,,,,,,,,,,,[45cm]·[56cm],8435782517781
variation,MU0304270555,,1,0,visible,,Dimensiuni: 47 * 60 cm,taxable,1,0,0,152.25,,,https://static.musaibrand.com/images/models/0304/model/large/0304_0555_2_1.jpg,MU0304,51,Size,12,,1,,Color,Albastru regal/albastru marin,,1,,,,,,,,,,,,[47cm]·[60cm],8435782517880
variation,MU0304280555,,1,0,visible,,Dimensiuni: 49 * 64 cm,taxable,1,0,0,152.25,,,https://static.musaibrand.com/images/models/0304/model/large/0304_0555_2_1.jpg,MU0304,52,Size,14,,1,,Color,Albastru regal/albastru marin,,1,,,,,,,,,,,,[49cm]·[64cm],8435782517989
variation,MU0304001055,,1,0,visible,,Dimensiuni: 53 * 68 cm,taxable,1,0,0,152.25,,,https://static.musaibrand.com/images/models/0304/model/large/0304_1055_2_1.jpg,MU0304,53,Size,XS,,1,,Color,Albastru deschis/Navy Blue,,1,,,,,,,,,,,,[53cm]·[68cm],8435782516791
variation,MU0304011055,,1,0,visible,,Dimensiuni: 55 * 71 cm,taxable,1,0,0,152.25,,,https://static.musaibrand.com/images/models/0304/model/large/0304_1055_2_1.jpg,MU0304,54,Size,S,,1,,Color,Albastru deschis/Navy Blue,,1,,,,,,,,,,,,[55cm]·[71cm],8435782516890
variation,MU0304021055,,1,0,visible,,Dimensiuni: 57 * 72 cm,taxable,1,0,0,152.25,,,https://static.musaibrand.com/images/models/0304/model/large/0304_1055_2_1.jpg,MU0304,55,Size,M,,1,,Color,Albastru deschis/Navy Blue,,1,,,,,,,,,,,,[57cm]·[72cm],8435782516999
variation,MU0304031055,,1,0,visible,,Dimensiuni: 59 * 74 cm,taxable,1,0,0,152.25,,,https://static.musaibrand.com/images/models/0304/model/large/0304_1055_2_1.jpg,MU0304,56,Size,L,,1,,Color,Albastru deschis/Navy Blue,,1,,,,,,,,,,,,[59cm]·[74cm],8435782517095
variation,MU0304041055,,1,0,visible,,Dimensiuni: 62/76 * 1 cm,taxable,1,0,0,152.25,,,https://static.musaibrand.com/images/models/0304/model/large/0304_1055_2_1.jpg,MU0304,57,Size,XL,,1,,Color,Albastru deschis/Navy Blue,,1,,,,,,,,,,,,[62cm/76cm]·[1cm],8435782517194
variation,MU0304051055,,1,0,visible,,Dimensiuni: 65 * 78 cm,taxable,1,0,0,152.25,,,https://static.musaibrand.com/images/models/0304/model/large/0304_1055_2_1.jpg,MU0304,58,Size,2XL,,1,,Color,Albastru deschis/Navy Blue,,1,,,,,,,,,,,,[65cm]·[78cm],8435782517293
variation,MU0304061055,,1,0,visible,,Dimensiuni: 68 * 80 cm,taxable,1,0,0,152.25,,,https://static.musaibrand.com/images/models/0304/model/large/0304_1055_2_1.jpg,MU0304,59,Size,3XL,,1,,Color,Albastru deschis/Navy Blue,,1,,,,,,,,,,,,[68cm]·[80cm],8435782517392
variation,MU0304221055,,1,0,visible,,Dimensiuni: 37 * 44 cm,taxable,1,0,0,152.25,,,https://static.musaibrand.com/images/models/0304/model/large/0304_1055_2_1.jpg,MU0304,60,Size,4,,1,,Color,Albastru deschis/Navy Blue,,1,,,,,,,,,,,,[37cm]·[44cm],8435782517491
variation,MU0304241055,,1,0,visible,,Dimensiuni: 40 * 48 cm,taxable,1,0,0,152.25,,,https://static.musaibrand.com/images/models/0304/model/large/0304_1055_2_1.jpg,MU0304,61,Size,6,,1,,Color,Albastru deschis/Navy Blue,,1,,,,,,,,,,,,[40cm]·[48cm],8435782517590
variation,MU0304251055,,1,0,visible,,Dimensiuni: 43 * 52 cm,taxable,1,0,0,152.25,,,https://static.musaibrand.com/images/models/0304/model/large/0304_1055_2_1.jpg,MU0304,62,Size,8,,1,,Color,Albastru deschis/Navy Blue,,1,,,,,,,,,,,,[43cm]·[52cm],8435782517699
variation,MU0304261055,,1,0,visible,,Dimensiuni: 45 * 56 cm,taxable,1,0,0,152.25,,,https://static.musaibrand.com/images/models/0304/model/large/0304_1055_2_1.jpg,MU0304,63,Size,10,,1,,Color,Albastru deschis/Navy Blue,,1,,,,,,,,,,,,[45cm]·[56cm],8435782517798
variation,MU0304271055,,1,0,visible,,Dimensiuni: 47 * 60 cm,taxable,1,0,0,152.25,,,https://static.musaibrand.com/images/models/0304/model/large/0304_1055_2_1.jpg,MU0304,64,Size,12,,1,,Color,Albastru deschis/Navy Blue,,1,,,,,,,,,,,,[47cm]·[60cm],8435782517897
variation,MU0304281055,,1,0,visible,,Dimensiuni: 49 * 64 cm,taxable,1,0,0,152.25,,,https://static.musaibrand.com/images/models/0304/model/large/0304_1055_2_1.jpg,MU0304,65,Size,14,,1,,Color,Albastru deschis/Navy Blue,,1,,,,,,,,,,,,[49cm]·[64cm],8435782517996
variation,MU03040017655,,1,0,visible,,Dimensiuni: 53 * 68 cm,taxable,1,0,0,152.25,,,https://static.musaibrand.com/images/models/0304/model/large/0304_17655_2_1.jpg,MU0304,66,Size,XS,,1,,Color,Turcoaz fluor/Navy Blue,,1,,,,,,,,,,,,[53cm]·[68cm],8435782516807
variation,MU03040117655,,1,0,visible,,Dimensiuni: 55 * 71 cm,taxable,1,0,0,152.25,,,https://static.musaibrand.com/images/models/0304/model/large/0304_17655_2_1.jpg,MU0304,67,Size,S,,1,,Color,Turcoaz fluor/Navy Blue,,1,,,,,,,,,,,,[55cm]·[71cm],8435782516906
variation,MU03040217655,,1,0,visible,,Dimensiuni: 57 * 72 cm,taxable,1,0,0,152.25,,,https://static.musaibrand.com/images/models/0304/model/large/0304_17655_2_1.jpg,MU0304,68,Size,M,,1,,Color,Turcoaz fluor/Navy Blue,,1,,,,,,,,,,,,[57cm]·[72cm],8435782517002
variation,MU03040317655,,1,0,visible,,Dimensiuni: 59 * 74 cm,taxable,1,0,0,152.25,,,https://static.musaibrand.com/images/models/0304/model/large/0304_17655_2_1.jpg,MU0304,69,Size,L,,1,,Color,Turcoaz fluor/Navy Blue,,1,,,,,,,,,,,,[59cm]·[74cm],8435782517101
variation,MU03040417655,,1,0,visible,,Dimensiuni: 62/76 * 1 cm,taxable,1,0,0,152.25,,,https://static.musaibrand.com/images/models/0304/model/large/0304_17655_2_1.jpg,MU0304,70,Size,XL,,1,,Color,Turcoaz fluor/Navy Blue,,1,,,,,,,,,,,,[62cm/76cm]·[1cm],8435782517200
variation,MU03040517655,,1,0,visible,,Dimensiuni: 65 * 78 cm,taxable,1,0,0,152.25,,,https://static.musaibrand.com/images/models/0304/model/large/0304_17655_2_1.jpg,MU0304,71,Size,2XL,,1,,Color,Turcoaz fluor/Navy Blue,,1,,,,,,,,,,,,[65cm]·[78cm],8435782517309
variation,MU03040617655,,1,0,visible,,Dimensiuni: 68 * 80 cm,taxable,1,0,0,152.25,,,https://static.musaibrand.com/images/models/0304/model/large/0304_17655_2_1.jpg,MU0304,72,Size,3XL,,1,,Color,Turcoaz fluor/Navy Blue,,1,,,,,,,,,,,,[68cm]·[80cm],8435782517408
variation,MU03042217655,,1,0,visible,,Dimensiuni: 37 * 44 cm,taxable,1,0,0,152.25,,,https://static.musaibrand.com/images/models/0304/model/large/0304_17655_2_1.jpg,MU0304,73,Size,4,,1,,Color,Turcoaz fluor/Navy Blue,,1,,,,,,,,,,,,[37cm]·[44cm],8435782517507
variation,MU03042417655,,1,0,visible,,Dimensiuni: 40 * 48 cm,taxable,1,0,0,152.25,,,https://static.musaibrand.com/images/models/0304/model/large/0304_17655_2_1.jpg,MU0304,74,Size,6,,1,,Color,Turcoaz fluor/Navy Blue,,1,,,,,,,,,,,,[40cm]·[48cm],8435782517606
variation,MU03042517655,,1,0,visible,,Dimensiuni: 43 * 52 cm,taxable,1,0,0,152.25,,,https://static.musaibrand.com/images/models/0304/model/large/0304_17655_2_1.jpg,MU0304,75,Size,8,,1,,Color,Turcoaz fluor/Navy Blue,,1,,,,,,,,,,,,[43cm]·[52cm],8435782517705
variation,MU03042617655,,1,0,visible,,Dimensiuni: 45 * 56 cm,taxable,1,0,0,152.25,,,https://static.musaibrand.com/images/models/0304/model/large/0304_17655_2_1.jpg,MU0304,76,Size,10,,1,,Color,Turcoaz fluor/Navy Blue,,1,,,,,,,,,,,,[45cm]·[56cm],8435782517804
variation,MU03042717655,,1,0,visible,,Dimensiuni: 47 * 60 cm,taxable,1,0,0,152.25,,,https://static.musaibrand.com/images/models/0304/model/large/0304_17655_2_1.jpg,MU0304,77,Size,12,,1,,Color,Turcoaz fluor/Navy Blue,,1,,,,,,,,,,,,[47cm]·[60cm],8435782517903
variation,MU03042817655,,1,0,visible,,Dimensiuni: 49 * 64 cm,taxable,1,0,0,152.25,,,https://static.musaibrand.com/images/models/0304/model/large/0304_17655_2_1.jpg,MU0304,78,Size,14,,1,,Color,Turcoaz fluor/Navy Blue,,1,,,,,,,,,,,,[49cm]·[64cm],8435782518009
variation,MU03040025801,,1,0,visible,,Dimensiuni: 53 * 68 cm,taxable,1,0,0,152.25,,,https://static.musaibrand.com/images/models/0304/model/large/0304_25801_2_1.jpg,MU0304,79,Size,XS,,1,,Color,Gri deschis/alb,,1,,,,,,,,,,,,[53cm]·[68cm],8435782516814
variation,MU03040125801,,1,0,visible,,Dimensiuni: 55 * 71 cm,taxable,1,0,0,152.25,,,https://static.musaibrand.com/images/models/0304/model/large/0304_25801_2_1.jpg,MU0304,80,Size,S,,1,,Color,Gri deschis/alb,,1,,,,,,,,,,,,[55cm]·[71cm],8435782516913
variation,MU03040225801,,1,0,visible,,Dimensiuni: 57 * 72 cm,taxable,1,0,0,152.25,,,https://static.musaibrand.com/images/models/0304/model/large/0304_25801_2_1.jpg,MU0304,81,Size,M,,1,,Color,Gri deschis/alb,,1,,,,,,,,,,,,[57cm]·[72cm],8435782517019
variation,MU03040325801,,1,0,visible,,Dimensiuni: 59 * 74 cm,taxable,1,0,0,152.25,,,https://static.musaibrand.com/images/models/0304/model/large/0304_25801_2_1.jpg,MU0304,82,Size,L,,1,,Color,Gri deschis/alb,,1,,,,,,,,,,,,[59cm]·[74cm],8435782517118
variation,MU03040425801,,1,0,visible,,Dimensiuni: 62/76 * 1 cm,taxable,1,0,0,152.25,,,https://static.musaibrand.com/images/models/0304/model/large/0304_25801_2_1.jpg,MU0304,83,Size,XL,,1,,Color,Gri deschis/alb,,1,,,,,,,,,,,,[62cm/76cm]·[1cm],8435782517217
variation,MU03040525801,,1,0,visible,,Dimensiuni: 65 * 78 cm,taxable,1,0,0,152.25,,,https://static.musaibrand.com/images/models/0304/model/large/0304_25801_2_1.jpg,MU0304,84,Size,2XL,,1,,Color,Gri deschis/alb,,1,,,,,,,,,,,,[65cm]·[78cm],8435782517316
variation,MU03040625801,,1,0,visible,,Dimensiuni: 68 * 80 cm,taxable,1,0,0,152.25,,,https://static.musaibrand.com/images/models/0304/model/large/0304_25801_2_1.jpg,MU0304,85,Size,3XL,,1,,Color,Gri deschis/alb,,1,,,,,,,,,,,,[68cm]·[80cm],8435782517415
variation,MU03042225801,,1,0,visible,,Dimensiuni: 37 * 44 cm,taxable,1,0,0,152.25,,,https://static.musaibrand.com/images/models/0304/model/large/0304_25801_2_1.jpg,MU0304,86,Size,4,,1,,Color,Gri deschis/alb,,1,,,,,,,,,,,,[37cm]·[44cm],8435782517514
variation,MU03042425801,,1,0,visible,,Dimensiuni: 40 * 48 cm,taxable,1,0,0,152.25,,,https://static.musaibrand.com/images/models/0304/model/large/0304_25801_2_1.jpg,MU0304,87,Size,6,,1,,Color,Gri deschis/alb,,1,,,,,,,,,,,,[40cm]·[48cm],8435782517613
variation,MU03042525801,,1,0,visible,,Dimensiuni: 43 * 52 cm,taxable,1,0,0,152.25,,,https://static.musaibrand.com/images/models/0304/model/large/0304_25801_2_1.jpg,MU0304,88,Size,8,,1,,Color,Gri deschis/alb,,1,,,,,,,,,,,,[43cm]·[52cm],8435782517712
variation,MU03042625801,,1,0,visible,,Dimensiuni: 45 * 56 cm,taxable,1,0,0,152.25,,,https://static.musaibrand.com/images/models/0304/model/large/0304_25801_2_1.jpg,MU0304,89,Size,10,,1,,Color,Gri deschis/alb,,1,,,,,,,,,,,,[45cm]·[56cm],8435782517811
variation,MU03042725801,,1,0,visible,,Dimensiuni: 47 * 60 cm,taxable,1,0,0,152.25,,,https://static.musaibrand.com/images/models/0304/model/large/0304_25801_2_1.jpg,MU0304,90,Size,12,,1,,Color,Gri deschis/alb,,1,,,,,,,,,,,,[47cm]·[60cm],8435782517910
variation,MU03042825801,,1,0,visible,,Dimensiuni: 49 * 64 cm,taxable,1,0,0,152.25,,,https://static.musaibrand.com/images/models/0304/model/large/0304_25801_2_1.jpg,MU0304,91,Size,14,,1,,Color,Gri deschis/alb,,1,,,,,,,,,,,,[49cm]·[64cm],8435782518016
variation,MU0304005501,,1,0,visible,,Dimensiuni: 53 * 68 cm,taxable,1,0,0,152.25,,,https://static.musaibrand.com/images/models/0304/model/large/0304_5501_2_1.jpg,MU0304,92,Size,XS,,1,,Color,Alb/marin,,1,,,,,,,,,,,,[53cm]·[68cm],8435782516821
variation,MU0304015501,,1,0,visible,,Dimensiuni: 55 * 71 cm,taxable,1,0,0,152.25,,,https://static.musaibrand.com/images/models/0304/model/large/0304_5501_2_1.jpg,MU0304,93,Size,S,,1,,Color,Alb/marin,,1,,,,,,,,,,,,[55cm]·[71cm],8435782516920
variation,MU0304025501,,1,0,visible,,Dimensiuni: 57 * 72 cm,taxable,1,0,0,152.25,,,https://static.musaibrand.com/images/models/0304/model/large/0304_5501_2_1.jpg,MU0304,94,Size,M,,1,,Color,Alb/marin,,1,,,,,,,,,,,,[57cm]·[72cm],8435782517026
variation,MU0304035501,,1,0,visible,,Dimensiuni: 59 * 74 cm,taxable,1,0,0,152.25,,,https://static.musaibrand.com/images/models/0304/model/large/0304_5501_2_1.jpg,MU0304,95,Size,L,,1,,Color,Alb/marin,,1,,,,,,,,,,,,[59cm]·[74cm],8435782517125
variation,MU0304045501,,1,0,visible,,Dimensiuni: 62/76 * 1 cm,taxable,1,0,0,152.25,,,https://static.musaibrand.com/images/models/0304/model/large/0304_5501_2_1.jpg,MU0304,96,Size,XL,,1,,Color,Alb/marin,,1,,,,,,,,,,,,[62cm/76cm]·[1cm],8435782517224
variation,MU0304055501,,1,0,visible,,Dimensiuni: 65 * 78 cm,taxable,1,0,0,152.25,,,https://static.musaibrand.com/images/models/0304/model/large/0304_5501_2_1.jpg,MU0304,97,Size,2XL,,1,,Color,Alb/marin,,1,,,,,,,,,,,,[65cm]·[78cm],8435782517323
variation,MU0304065501,,1,0,visible,,Dimensiuni: 68 * 80 cm,taxable,1,0,0,152.25,,,https://static.musaibrand.com/images/models/0304/model/large/0304_5501_2_1.jpg,MU0304,98,Size,3XL,,1,,Color,Alb/marin,,1,,,,,,,,,,,,[68cm]·[80cm],8435782517422
variation,MU0304225501,,1,0,visible,,Dimensiuni: 37 * 44 cm,taxable,1,0,0,152.25,,,https://static.musaibrand.com/images/models/0304/model/large/0304_5501_2_1.jpg,MU0304,99,Size,4,,1,,Color,Alb/marin,,1,,,,,,,,,,,,[37cm]·[44cm],8435782517521
variation,MU0304245501,,1,0,visible,,Dimensiuni: 40 * 48 cm,taxable,1,0,0,152.25,,,https://static.musaibrand.com/images/models/0304/model/large/0304_5501_2_1.jpg,MU0304,100,Size,6,,1,,Color,Alb/marin,,1,,,,,,,,,,,,[40cm]·[48cm],8435782517620
variation,MU0304255501,,1,0,visible,,Dimensiuni: 43 * 52 cm,taxable,1,0,0,152.25,,,https://static.musaibrand.com/images/models/0304/model/large/0304_5501_2_1.jpg,MU0304,101,Size,8,,1,,Color,Alb/marin,,1,,,,,,,,,,,,[43cm]·[52cm],8435782517729
variation,MU0304265501,,1,0,visible,,Dimensiuni: 45 * 56 cm,taxable,1,0,0,152.25,,,https://static.musaibrand.com/images/models/0304/model/large/0304_5501_2_1.jpg,MU0304,102,Size,10,,1,,Color,Alb/marin,,1,,,,,,,,,,,,[45cm]·[56cm],8435782517828
variation,MU0304275501,,1,0,visible,,Dimensiuni: 47 * 60 cm,taxable,1,0,0,152.25,,,https://static.musaibrand.com/images/models/0304/model/large/0304_5501_2_1.jpg,MU0304,103,Size,12,,1,,Color,Alb/marin,,1,,,,,,,,,,,,[47cm]·[60cm],8435782517927
variation,MU0304285501,,1,0,visible,,Dimensiuni: 49 * 64 cm,taxable,1,0,0,152.25,,,https://static.musaibrand.com/images/models/0304/model/large/0304_5501_2_1.jpg,MU0304,104,Size,14,,1,,Color,Alb/marin,,1,,,,,,,,,,,,[49cm]·[64cm],8435782518023
variation,MU0304005534,,1,0,visible,,Dimensiuni: 53 * 68 cm,taxable,1,0,0,152.25,,,https://static.musaibrand.com/images/models/0304/model/large/0304_5534_2_1.jpg,MU0304,105,Size,XS,,1,,Color,Albastru marin / roz gumă,,1,,,,,,,,,,,,[53cm]·[68cm],8435782516838
variation,MU0304015534,,1,0,visible,,Dimensiuni: 55 * 71 cm,taxable,1,0,0,152.25,,,https://static.musaibrand.com/images/models/0304/model/large/0304_5534_2_1.jpg,MU0304,106,Size,S,,1,,Color,Albastru marin / roz gumă,,1,,,,,,,,,,,,[55cm]·[71cm],8435782516937
variation,MU0304025534,,1,0,visible,,Dimensiuni: 57 * 72 cm,taxable,1,0,0,152.25,,,https://static.musaibrand.com/images/models/0304/model/large/0304_5534_2_1.jpg,MU0304,107,Size,M,,1,,Color,Albastru marin / roz gumă,,1,,,,,,,,,,,,[57cm]·[72cm],8435782517033
variation,MU0304035534,,1,0,visible,,Dimensiuni: 59 * 74 cm,taxable,1,0,0,152.25,,,https://static.musaibrand.com/images/models/0304/model/large/0304_5534_2_1.jpg,MU0304,108,Size,L,,1,,Color,Albastru marin / roz gumă,,1,,,,,,,,,,,,[59cm]·[74cm],8435782517132
variation,MU0304045534,,1,0,visible,,Dimensiuni: 62/76 * 1 cm,taxable,1,0,0,152.25,,,https://static.musaibrand.com/images/models/0304/model/large/0304_5534_2_1.jpg,MU0304,109,Size,XL,,1,,Color,Albastru marin / roz gumă,,1,,,,,,,,,,,,[62cm/76cm]·[1cm],8435782517231
variation,MU0304055534,,1,0,visible,,Dimensiuni: 65 * 78 cm,taxable,1,0,0,152.25,,,https://static.musaibrand.com/images/models/0304/model/large/0304_5534_2_1.jpg,MU0304,110,Size,2XL,,1,,Color,Albastru marin / roz gumă,,1,,,,,,,,,,,,[65cm]·[78cm],8435782517330
variation,MU0304065534,,1,0,visible,,Dimensiuni: 68 * 80 cm,taxable,1,0,0,152.25,,,https://static.musaibrand.com/images/models/0304/model/large/0304_5534_2_1.jpg,MU0304,111,Size,3XL,,1,,Color,Albastru marin / roz gumă,,1,,,,,,,,,,,,[68cm]·[80cm],8435782517439
variation,MU0304225534,,1,0,visible,,Dimensiuni: 37 * 44 cm,taxable,1,0,0,152.25,,,https://static.musaibrand.com/images/models/0304/model/large/0304_5534_2_1.jpg,MU0304,112,Size,4,,1,,Color,Albastru marin / roz gumă,,1,,,,,,,,,,,,[37cm]·[44cm],8435782517538
variation,MU0304245534,,1,0,visible,,Dimensiuni: 40 * 48 cm,taxable,1,0,0,152.25,,,https://static.musaibrand.com/images/models/0304/model/large/0304_5534_2_1.jpg,MU0304,113,Size,6,,1,,Color,Albastru marin / roz gumă,,1,,,,,,,,,,,,[40cm]·[48cm],8435782517637
variation,MU0304255534,,1,0,visible,,Dimensiuni: 43 * 52 cm,taxable,1,0,0,152.25,,,https://static.musaibrand.com/images/models/0304/model/large/0304_5534_2_1.jpg,MU0304,114,Size,8,,1,,Color,Albastru marin / roz gumă,,1,,,,,,,,,,,,[43cm]·[52cm],8435782517736
variation,MU0304265534,,1,0,visible,,Dimensiuni: 45 * 56 cm,taxable,1,0,0,152.25,,,https://static.musaibrand.com/images/models/0304/model/large/0304_5534_2_1.jpg,MU0304,115,Size,10,,1,,Color,Albastru marin / roz gumă,,1,,,,,,,,,,,,[45cm]·[56cm],8435782517835
variation,MU0304275534,,1,0,visible,,Dimensiuni: 47 * 60 cm,taxable,1,0,0,152.25,,,https://static.musaibrand.com/images/models/0304/model/large/0304_5534_2_1.jpg,MU0304,116,Size,12,,1,,Color,Albastru marin / roz gumă,,1,,,,,,,,,,,,[47cm]·[60cm],8435782517934
variation,MU0304285534,,1,0,visible,,Dimensiuni: 49 * 64 cm,taxable,1,0,0,152.25,,,https://static.musaibrand.com/images/models/0304/model/large/0304_5534_2_1.jpg,MU0304,117,Size,14,,1,,Color,Albastru marin / roz gumă,,1,,,,,,,,,,,,[49cm]·[64cm],8435782518030
variation,MU0304006055,,1,0,visible,,Dimensiuni: 53 * 68 cm,taxable,1,0,0,152.25,,,https://static.musaibrand.com/images/models/0304/model/large/0304_6055_2_1.jpg,MU0304,118,Size,XS,,1,,Color,Roșu/albastru marin,,1,,,,,,,,,,,,[53cm]·[68cm],8435782516845
variation,MU0304016055,,1,0,visible,,Dimensiuni: 55 * 71 cm,taxable,1,0,0,152.25,,,https://static.musaibrand.com/images/models/0304/model/large/0304_6055_2_1.jpg,MU0304,119,Size,S,,1,,Color,Roșu/albastru marin,,1,,,,,,,,,,,,[55cm]·[71cm],8435782516944
variation,MU0304026055,,1,0,visible,,Dimensiuni: 57 * 72 cm,taxable,1,0,0,152.25,,,https://static.musaibrand.com/images/models/0304/model/large/0304_6055_2_1.jpg,MU0304,120,Size,M,,1,,Color,Roșu/albastru marin,,1,,,,,,,,,,,,[57cm]·[72cm],8435782517040
variation,MU0304036055,,1,0,visible,,Dimensiuni: 59 * 74 cm,taxable,1,0,0,152.25,,,https://static.musaibrand.com/images/models/0304/model/large/0304_6055_2_1.jpg,MU0304,121,Size,L,,1,,Color,Roșu/albastru marin,,1,,,,,,,,,,,,[59cm]·[74cm],8435782517149
variation,MU0304046055,,1,0,visible,,Dimensiuni: 62/76 * 1 cm,taxable,1,0,0,152.25,,,https://static.musaibrand.com/images/models/0304/model/large/0304_6055_2_1.jpg,MU0304,122,Size,XL,,1,,Color,Roșu/albastru marin,,1,,,,,,,,,,,,[62cm/76cm]·[1cm],8435782517248
variation,MU0304056055,,1,0,visible,,Dimensiuni: 65 * 78 cm,taxable,1,0,0,152.25,,,https://static.musaibrand.com/images/models/0304/model/large/0304_6055_2_1.jpg,MU0304,123,Size,2XL,,1,,Color,Roșu/albastru marin,,1,,,,,,,,,,,,[65cm]·[78cm],8435782517347
variation,MU0304066055,,1,0,visible,,Dimensiuni: 68 * 80 cm,taxable,1,0,0,152.25,,,https://static.musaibrand.com/images/models/0304/model/large/0304_6055_2_1.jpg,MU0304,124,Size,3XL,,1,,Color,Roșu/albastru marin,,1,,,,,,,,,,,,[68cm]·[80cm],8435782517446
variation,MU0304226055,,1,0,visible,,Dimensiuni: 37 * 44 cm,taxable,1,0,0,152.25,,,https://static.musaibrand.com/images/models/0304/model/large/0304_6055_2_1.jpg,MU0304,125,Size,4,,1,,Color,Roșu/albastru marin,,1,,,,,,,,,,,,[37cm]·[44cm],8435782517545
variation,MU0304246055,,1,0,visible,,Dimensiuni: 40 * 48 cm,taxable,1,0,0,152.25,,,https://static.musaibrand.com/images/models/0304/model/large/0304_6055_2_1.jpg,MU0304,126,Size,6,,1,,Color,Roșu/albastru marin,,1,,,,,,,,,,,,[40cm]·[48cm],8435782517644
variation,MU0304256055,,1,0,visible,,Dimensiuni: 43 * 52 cm,taxable,1,0,0,152.25,,,https://static.musaibrand.com/images/models/0304/model/large/0304_6055_2_1.jpg,MU0304,127,Size,8,,1,,Color,Roșu/albastru marin,,1,,,,,,,,,,,,[43cm]·[52cm],8435782517743
variation,MU0304266055,,1,0,visible,,Dimensiuni: 45 * 56 cm,taxable,1,0,0,152.25,,,https://static.musaibrand.com/images/models/0304/model/large/0304_6055_2_1.jpg,MU0304,128,Size,10,,1,,Color,Roșu/albastru marin,,1,,,,,,,,,,,,[45cm]·[56cm],8435782517842
variation,MU0304276055,,1,0,visible,,Dimensiuni: 47 * 60 cm,taxable,1,0,0,152.25,,,https://static.musaibrand.com/images/models/0304/model/large/0304_6055_2_1.jpg,MU0304,129,Size,12,,1,,Color,Roșu/albastru marin,,1,,,,,,,,,,,,[47cm]·[60cm],8435782517941
variation,MU0304286055,,1,0,visible,,Dimensiuni: 49 * 64 cm,taxable,1,0,0,152.25,,,https://static.musaibrand.com/images/models/0304/model/large/0304_6055_2_1.jpg,MU0304,130,Size,14,,1,,Color,Roșu/albastru marin,,1,,,,,,,,,,,,[49cm]·[64cm],8435782518047
variable,MU0304-K,Jachetă Ishi Copii,1,0,visible,,"<p>Jachetă tehnică pentru copii cu guler înalt, realizată din poliester piqué reciclat, cu căptușeală moale periată.</p><p><strong>Compoziție:</strong> 100% poliester pique reciclat</p><p><br>· Guler din același material.<br>· Acoperire elastică a cusăturii pe guler.<br>· Clapetă interioară și apărătoare de bărbie pe toată lungimea.<br>· Manșete și tiv cu nervuri de 470 g/m² în țesătură de culoare contrastană.<br>· Fermoar personalizat cu imagine de marcă.<br>· Design cu nuanțe vii de contrast părți față-spate și corp.<br>· Buzunare laterale cu fermoar și bandă de acoperire la cusăturile din față.<br>· Detaliu cu logo brodat pe mânecă.</p><h4>Dimensiuni</h4><table style='border-collapse:collapse;margin:8px 0'><tr><th style='padding:4px 12px;border:1px solid #ddd;text-align:left'>Mărime</th><th style='padding:4px 12px;border:1px solid #ddd;text-align:left'>Dimensiuni</th></tr><tr><td style='padding:4px 12px;border:1px solid #ddd'>XS</td><td style='padding:4px 12px;border:1px solid #ddd'>53 * 68 cm</td></tr><tr><td style='padding:4px 12px;border:1px solid #ddd'>S</td><td style='padding:4px 12px;border:1px solid #ddd'>55 * 71 cm</td></tr><tr><td style='padding:4px 12px;border:1px solid #ddd'>M</td><td style='padding:4px 12px;border:1px solid #ddd'>57 * 72 cm</td></tr><tr><td style='padding:4px 12px;border:1px solid #ddd'>L</td><td style='padding:4px 12px;border:1px solid #ddd'>59 * 74 cm</td></tr><tr><td style='padding:4px 12px;border:1px solid #ddd'>XL</td><td style='padding:4px 12px;border:1px solid #ddd'>62/76 * 1 cm</td></tr><tr><td style='padding:4px 12px;border:1px solid #ddd'>2XL</td><td style='padding:4px 12px;border:1px solid #ddd'>65 * 78 cm</td></tr><tr><td style='padding:4px 12px;border:1px solid #ddd'>3XL</td><td style='padding:4px 12px;border:1px solid #ddd'>68 * 80 cm</td></tr><tr><td style='padding:4px 12px;border:1px solid #ddd'>4</td><td style='padding:4px 12px;border:1px solid #ddd'>37 * 44 cm</td></tr><tr><td style='padding:4px 12px;border:1px solid #ddd'>6</td><td style='padding:4px 12px;border:1px solid #ddd'>40 * 48 cm</td></tr><tr><td style='padding:4px 12px;border:1px solid #ddd'>8</td><td style='padding:4px 12px;border:1px solid #ddd'>43 * 52 cm</td></tr><tr><td style='padding:4px 12px;border:1px solid #ddd'>10</td><td style='padding:4px 12px;border:1px solid #ddd'>45 * 56 cm</td></tr><tr><td style='padding:4px 12px;border:1px solid #ddd'>12</td><td style='padding:4px 12px;border:1px solid #ddd'>47 * 60 cm</td></tr><tr><td style='padding:4px 12px;border:1px solid #ddd'>14</td><td style='padding:4px 12px;border:1px solid #ddd'>49 * 64 cm</td></tr></table>",taxable,1,0,0,,Jachete,MUSAI,"https://static.musaibrand.com/images/models/0304-K/model/large/0304-K_0155_1_1.jpg,https://static.musaibrand.com/images/models/0304-K/model/large/0304-K_0201_1_1.jpg,https://static.musaibrand.com/images/models/0304-K/model/large/0304-K_0355_1_1.jpg,https://static.musaibrand.com/images/models/0304-K/model/large/0304-K_0555_1_1.jpg,https://static.musaibrand.com/images/models/0304-K/model/large/0304-K_1055_1_1.jpg,https://static.musaibrand.com/images/models/0304-K/model/large/0304-K_17655_1_1.jpg,https://static.musaibrand.com/images/models/0304-K/model/large/0304-K_25801_1_1.jpg,https://static.musaibrand.com/images/models/0304-K/model/large/0304-K_5501_1_1.jpg,https://static.musaibrand.com/images/models/0304-K/model/large/0304-K_5534_1_1.jpg,https://static.musaibrand.com/images/models/0304-K/model/large/0304-K_6055_1_1.jpg,https://static.musaibrand.com/images/models/0304-K/model/large/0304-K_0155_2_1.jpg,https://static.musaibrand.com/images/models/0304-K/model/large/0304-K_0201_2_1.jpg,https://static.musaibrand.com/images/models/0304-K/model/large/0304-K_0355_2_1.jpg,https://static.musaibrand.com/images/models/0304-K/model/large/0304-K_0555_2_1.jpg,https://static.musaibrand.com/images/models/0304-K/model/large/0304-K_1055_2_1.jpg,https://static.musaibrand.com/images/models/0304-K/model/large/0304-K_17655_2_1.jpg,https://static.musaibrand.com/images/models/0304-K/model/large/0304-K_25801_2_1.jpg,https://static.musaibrand.com/images/models/0304-K/model/large/0304-K_5501_2_1.jpg,https://static.musaibrand.com/images/models/0304-K/model/large/0304-K_5534_2_1.jpg,https://static.musaibrand.com/images/models/0304-K/model/large/0304-K_6055_2_1.jpg",,0,Size,"XS, S, M, L, XL, 2XL, 3XL, 4, 6, 8, 10, 12, 14",1,1,,Color,"Alb/Navy Blue, Negru/alb, Galben/Navy Blue, Albastru regal/albastru marin, Albastru deschis/Navy Blue, Turcoaz fluor/Navy Blue, Gri deschis/alb, Alb/marin, Albastru marin / roz gumă, Roșu/albastru marin",1,1,,Gender,Unisex,1,1,,Dimensiuni,"[53cm]·[68cm], [55cm]·[71cm], [57cm]·[72cm], [59cm]·[74cm], [62cm/76cm]·[1cm], [65cm]·[78cm], [68cm]·[80cm], [37cm]·[44cm], [40cm]·[48cm], [43cm]·[52cm], [45cm]·[56cm], [47cm]·[60cm], [49cm]·[64cm]",1,0,,,
variation,MU0304000155-K,,1,0,visible,,Dimensiuni: 53 * 68 cm,taxable,1,0,0,152.25,,,https://static.musaibrand.com/images/models/0304-K/model/large/0304-K_0155_2_1.jpg,MU0304-K,1,Size,XS,,1,,Color,Alb/Navy Blue,,1,,,,,,,,,,,,[53cm]·[68cm],8435782516753
variation,MU0304010155-K,,1,0,visible,,Dimensiuni: 55 * 71 cm,taxable,1,0,0,152.25,,,https://static.musaibrand.com/images/models/0304-K/model/large/0304-K_0155_2_1.jpg,MU0304-K,2,Size,S,,1,,Color,Alb/Navy Blue,,1,,,,,,,,,,,,[55cm]·[71cm],8435782516852
variation,MU0304020155-K,,1,0,visible,,Dimensiuni: 57 * 72 cm,taxable,1,0,0,152.25,,,https://static.musaibrand.com/images/models/0304-K/model/large/0304-K_0155_2_1.jpg,MU0304-K,3,Size,M,,1,,Color,Alb/Navy Blue,,1,,,,,,,,,,,,[57cm]·[72cm],8435782516951
variation,MU0304030155-K,,1,0,visible,,Dimensiuni: 59 * 74 cm,taxable,1,0,0,152.25,,,https://static.musaibrand.com/images/models/0304-K/model/large/0304-K_0155_2_1.jpg,MU0304-K,4,Size,L,,1,,Color,Alb/Navy Blue,,1,,,,,,,,,,,,[59cm]·[74cm],8435782517057
variation,MU0304040155-K,,1,0,visible,,Dimensiuni: 62/76 * 1 cm,taxable,1,0,0,152.25,,,https://static.musaibrand.com/images/models/0304-K/model/large/0304-K_0155_2_1.jpg,MU0304-K,5,Size,XL,,1,,Color,Alb/Navy Blue,,1,,,,,,,,,,,,[62cm/76cm]·[1cm],8435782517156
variation,MU0304050155-K,,1,0,visible,,Dimensiuni: 65 * 78 cm,taxable,1,0,0,152.25,,,https://static.musaibrand.com/images/models/0304-K/model/large/0304-K_0155_2_1.jpg,MU0304-K,6,Size,2XL,,1,,Color,Alb/Navy Blue,,1,,,,,,,,,,,,[65cm]·[78cm],8435782517255
variation,MU0304060155-K,,1,0,visible,,Dimensiuni: 68 * 80 cm,taxable,1,0,0,152.25,,,https://static.musaibrand.com/images/models/0304-K/model/large/0304-K_0155_2_1.jpg,MU0304-K,7,Size,3XL,,1,,Color,Alb/Navy Blue,,1,,,,,,,,,,,,[68cm]·[80cm],8435782517354
variation,MU0304220155-K,,1,0,visible,,Dimensiuni: 37 * 44 cm,taxable,1,0,0,152.25,,,https://static.musaibrand.com/images/models/0304-K/model/large/0304-K_0155_2_1.jpg,MU0304-K,8,Size,4,,1,,Color,Alb/Navy Blue,,1,,,,,,,,,,,,[37cm]·[44cm],8435782517453
variation,MU0304240155-K,,1,0,visible,,Dimensiuni: 40 * 48 cm,taxable,1,0,0,152.25,,,https://static.musaibrand.com/images/models/0304-K/model/large/0304-K_0155_2_1.jpg,MU0304-K,9,Size,6,,1,,Color,Alb/Navy Blue,,1,,,,,,,,,,,,[40cm]·[48cm],8435782517552
variation,MU0304250155-K,,1,0,visible,,Dimensiuni: 43 * 52 cm,taxable,1,0,0,152.25,,,https://static.musaibrand.com/images/models/0304-K/model/large/0304-K_0155_2_1.jpg,MU0304-K,10,Size,8,,1,,Color,Alb/Navy Blue,,1,,,,,,,,,,,,[43cm]·[52cm],8435782517651
variation,MU0304260155-K,,1,0,visible,,Dimensiuni: 45 * 56 cm,taxable,1,0,0,152.25,,,https://static.musaibrand.com/images/models/0304-K/model/large/0304-K_0155_2_1.jpg,MU0304-K,11,Size,10,,1,,Color,Alb/Navy Blue,,1,,,,,,,,,,,,[45cm]·[56cm],8435782517750
variation,MU0304270155-K,,1,0,visible,,Dimensiuni: 47 * 60 cm,taxable,1,0,0,152.25,,,https://static.musaibrand.com/images/models/0304-K/model/large/0304-K_0155_2_1.jpg,MU0304-K,12,Size,12,,1,,Color,Alb/Navy Blue,,1,,,,,,,,,,,,[47cm]·[60cm],8435782517859
variation,MU0304280155-K,,1,0,visible,,Dimensiuni: 49 * 64 cm,taxable,1,0,0,152.25,,,https://static.musaibrand.com/images/models/0304-K/model/large/0304-K_0155_2_1.jpg,MU0304-K,13,Size,14,,1,,Color,Alb/Navy Blue,,1,,,,,,,,,,,,[49cm]·[64cm],8435782517958
variation,MU0304000201-K,,1,0,visible,,Dimensiuni: 53 * 68 cm,taxable,1,0,0,152.25,,,https://static.musaibrand.com/images/models/0304-K/model/large/0304-K_0201_2_1.jpg,MU0304-K,14,Size,XS,,1,,Color,Negru/alb,,1,,,,,,,,,,,,[53cm]·[68cm],8435782516760
variation,MU0304010201-K,,1,0,visible,,Dimensiuni: 55 * 71 cm,taxable,1,0,0,152.25,,,https://static.musaibrand.com/images/models/0304-K/model/large/0304-K_0201_2_1.jpg,MU0304-K,15,Size,S,,1,,Color,Negru/alb,,1,,,,,,,,,,,,[55cm]·[71cm],8435782516869
variation,MU0304020201-K,,1,0,visible,,Dimensiuni: 57 * 72 cm,taxable,1,0,0,152.25,,,https://static.musaibrand.com/images/models/0304-K/model/large/0304-K_0201_2_1.jpg,MU0304-K,16,Size,M,,1,,Color,Negru/alb,,1,,,,,,,,,,,,[57cm]·[72cm],8435782516968
variation,MU0304030201-K,,1,0,visible,,Dimensiuni: 59 * 74 cm,taxable,1,0,0,152.25,,,https://static.musaibrand.com/images/models/0304-K/model/large/0304-K_0201_2_1.jpg,MU0304-K,17,Size,L,,1,,Color,Negru/alb,,1,,,,,,,,,,,,[59cm]·[74cm],8435782517064
variation,MU0304040201-K,,1,0,visible,,Dimensiuni: 62/76 * 1 cm,taxable,1,0,0,152.25,,,https://static.musaibrand.com/images/models/0304-K/model/large/0304-K_0201_2_1.jpg,MU0304-K,18,Size,XL,,1,,Color,Negru/alb,,1,,,,,,,,,,,,[62cm/76cm]·[1cm],8435782517163
variation,MU0304050201-K,,1,0,visible,,Dimensiuni: 65 * 78 cm,taxable,1,0,0,152.25,,,https://static.musaibrand.com/images/models/0304-K/model/large/0304-K_0201_2_1.jpg,MU0304-K,19,Size,2XL,,1,,Color,Negru/alb,,1,,,,,,,,,,,,[65cm]·[78cm],8435782517262
variation,MU0304060201-K,,1,0,visible,,Dimensiuni: 68 * 80 cm,taxable,1,0,0,152.25,,,https://static.musaibrand.com/images/models/0304-K/model/large/0304-K_0201_2_1.jpg,MU0304-K,20,Size,3XL,,1,,Color,Negru/alb,,1,,,,,,,,,,,,[68cm]·[80cm],8435782517361
variation,MU0304220201-K,,1,0,visible,,Dimensiuni: 37 * 44 cm,taxable,1,0,0,152.25,,,https://static.musaibrand.com/images/models/0304-K/model/large/0304-K_0201_2_1.jpg,MU0304-K,21,Size,4,,1,,Color,Negru/alb,,1,,,,,,,,,,,,[37cm]·[44cm],8435782517460
variation,MU0304240201-K,,1,0,visible,,Dimensiuni: 40 * 48 cm,taxable,1,0,0,152.25,,,https://static.musaibrand.com/images/models/0304-K/model/large/0304-K_0201_2_1.jpg,MU0304-K,22,Size,6,,1,,Color,Negru/alb,,1,,,,,,,,,,,,[40cm]·[48cm],8435782517569
variation,MU0304250201-K,,1,0,visible,,Dimensiuni: 43 * 52 cm,taxable,1,0,0,152.25,,,https://static.musaibrand.com/images/models/0304-K/model/large/0304-K_0201_2_1.jpg,MU0304-K,23,Size,8,,1,,Color,Negru/alb,,1,,,,,,,,,,,,[43cm]·[52cm],8435782517668
variation,MU0304260201-K,,1,0,visible,,Dimensiuni: 45 * 56 cm,taxable,1,0,0,152.25,,,https://static.musaibrand.com/images/models/0304-K/model/large/0304-K_0201_2_1.jpg,MU0304-K,24,Size,10,,1,,Color,Negru/alb,,1,,,,,,,,,,,,[45cm]·[56cm],8435782517767
variation,MU0304270201-K,,1,0,visible,,Dimensiuni: 47 * 60 cm,taxable,1,0,0,152.25,,,https://static.musaibrand.com/images/models/0304-K/model/large/0304-K_0201_2_1.jpg,MU0304-K,25,Size,12,,1,,Color,Negru/alb,,1,,,,,,,,,,,,[47cm]·[60cm],8435782517866
variation,MU0304280201-K,,1,0,visible,,Dimensiuni: 49 * 64 cm,taxable,1,0,0,152.25,,,https://static.musaibrand.com/images/models/0304-K/model/large/0304-K_0201_2_1.jpg,MU0304-K,26,Size,14,,1,,Color,Negru/alb,,1,,,,,,,,,,,,[49cm]·[64cm],8435782517965
variation,MU0304000355-K,,1,0,visible,,Dimensiuni: 53 * 68 cm,taxable,1,0,0,152.25,,,https://static.musaibrand.com/images/models/0304-K/model/large/0304-K_0355_2_1.jpg,MU0304-K,27,Size,XS,,1,,Color,Galben/Navy Blue,,1,,,,,,,,,,,,[53cm]·[68cm],8435782516777
variation,MU0304010355-K,,1,0,visible,,Dimensiuni: 55 * 71 cm,taxable,1,0,0,152.25,,,https://static.musaibrand.com/images/models/0304-K/model/large/0304-K_0355_2_1.jpg,MU0304-K,28,Size,S,,1,,Color,Galben/Navy Blue,,1,,,,,,,,,,,,[55cm]·[71cm],8435782516876
variation,MU0304020355-K,,1,0,visible,,Dimensiuni: 57 * 72 cm,taxable,1,0,0,152.25,,,https://static.musaibrand.com/images/models/0304-K/model/large/0304-K_0355_2_1.jpg,MU0304-K,29,Size,M,,1,,Color,Galben/Navy Blue,,1,,,,,,,,,,,,[57cm]·[72cm],8435782516975
variation,MU0304030355-K,,1,0,visible,,Dimensiuni: 59 * 74 cm,taxable,1,0,0,152.25,,,https://static.musaibrand.com/images/models/0304-K/model/large/0304-K_0355_2_1.jpg,MU0304-K,30,Size,L,,1,,Color,Galben/Navy Blue,,1,,,,,,,,,,,,[59cm]·[74cm],8435782517071
variation,MU0304040355-K,,1,0,visible,,Dimensiuni: 62/76 * 1 cm,taxable,1,0,0,152.25,,,https://static.musaibrand.com/images/models/0304-K/model/large/0304-K_0355_2_1.jpg,MU0304-K,31,Size,XL,,1,,Color,Galben/Navy Blue,,1,,,,,,,,,,,,[62cm/76cm]·[1cm],8435782517170
variation,MU0304050355-K,,1,0,visible,,Dimensiuni: 65 * 78 cm,taxable,1,0,0,152.25,,,https://static.musaibrand.com/images/models/0304-K/model/large/0304-K_0355_2_1.jpg,MU0304-K,32,Size,2XL,,1,,Color,Galben/Navy Blue,,1,,,,,,,,,,,,[65cm]·[78cm],8435782517279
variation,MU0304060355-K,,1,0,visible,,Dimensiuni: 68 * 80 cm,taxable,1,0,0,152.25,,,https://static.musaibrand.com/images/models/0304-K/model/large/0304-K_0355_2_1.jpg,MU0304-K,33,Size,3XL,,1,,Color,Galben/Navy Blue,,1,,,,,,,,,,,,[68cm]·[80cm],8435782517378
variation,MU0304220355-K,,1,0,visible,,Dimensiuni: 37 * 44 cm,taxable,1,0,0,152.25,,,https://static.musaibrand.com/images/models/0304-K/model/large/0304-K_0355_2_1.jpg,MU0304-K,34,Size,4,,1,,Color,Galben/Navy Blue,,1,,,,,,,,,,,,[37cm]·[44cm],8435782517477
variation,MU0304240355-K,,1,0,visible,,Dimensiuni: 40 * 48 cm,taxable,1,0,0,152.25,,,https://static.musaibrand.com/images/models/0304-K/model/large/0304-K_0355_2_1.jpg,MU0304-K,35,Size,6,,1,,Color,Galben/Navy Blue,,1,,,,,,,,,,,,[40cm]·[48cm],8435782517576
variation,MU0304250355-K,,1,0,visible,,Dimensiuni: 43 * 52 cm,taxable,1,0,0,152.25,,,https://static.musaibrand.com/images/models/0304-K/model/large/0304-K_0355_2_1.jpg,MU0304-K,36,Size,8,,1,,Color,Galben/Navy Blue,,1,,,,,,,,,,,,[43cm]·[52cm],8435782517675
variation,MU0304260355-K,,1,0,visible,,Dimensiuni: 45 * 56 cm,taxable,1,0,0,152.25,,,https://static.musaibrand.com/images/models/0304-K/model/large/0304-K_0355_2_1.jpg,MU0304-K,37,Size,10,,1,,Color,Galben/Navy Blue,,1,,,,,,,,,,,,[45cm]·[56cm],8435782517774
variation,MU0304270355-K,,1,0,visible,,Dimensiuni: 47 * 60 cm,taxable,1,0,0,152.25,,,https://static.musaibrand.com/images/models/0304-K/model/large/0304-K_0355_2_1.jpg,MU0304-K,38,Size,12,,1,,Color,Galben/Navy Blue,,1,,,,,,,,,,,,[47cm]·[60cm],8435782517873
variation,MU0304280355-K,,1,0,visible,,Dimensiuni: 49 * 64 cm,taxable,1,0,0,152.25,,,https://static.musaibrand.com/images/models/0304-K/model/large/0304-K_0355_2_1.jpg,MU0304-K,39,Size,14,,1,,Color,Galben/Navy Blue,,1,,,,,,,,,,,,[49cm]·[64cm],8435782517972
variation,MU0304000555-K,,1,0,visible,,Dimensiuni: 53 * 68 cm,taxable,1,0,0,152.25,,,https://static.musaibrand.com/images/models/0304-K/model/large/0304-K_0555_2_1.jpg,MU0304-K,40,Size,XS,,1,,Color,Albastru regal/albastru marin,,1,,,,,,,,,,,,[53cm]·[68cm],8435782516784
variation,MU0304010555-K,,1,0,visible,,Dimensiuni: 55 * 71 cm,taxable,1,0,0,152.25,,,https://static.musaibrand.com/images/models/0304-K/model/large/0304-K_0555_2_1.jpg,MU0304-K,41,Size,S,,1,,Color,Albastru regal/albastru marin,,1,,,,,,,,,,,,[55cm]·[71cm],8435782516883
variation,MU0304020555-K,,1,0,visible,,Dimensiuni: 57 * 72 cm,taxable,1,0,0,152.25,,,https://static.musaibrand.com/images/models/0304-K/model/large/0304-K_0555_2_1.jpg,MU0304-K,42,Size,M,,1,,Color,Albastru regal/albastru marin,,1,,,,,,,,,,,,[57cm]·[72cm],8435782516982
variation,MU0304030555-K,,1,0,visible,,Dimensiuni: 59 * 74 cm,taxable,1,0,0,152.25,,,https://static.musaibrand.com/images/models/0304-K/model/large/0304-K_0555_2_1.jpg,MU0304-K,43,Size,L,,1,,Color,Albastru regal/albastru marin,,1,,,,,,,,,,,,[59cm]·[74cm],8435782517088
variation,MU0304040555-K,,1,0,visible,,Dimensiuni: 62/76 * 1 cm,taxable,1,0,0,152.25,,,https://static.musaibrand.com/images/models/0304-K/model/large/0304-K_0555_2_1.jpg,MU0304-K,44,Size,XL,,1,,Color,Albastru regal/albastru marin,,1,,,,,,,,,,,,[62cm/76cm]·[1cm],8435782517187
variation,MU0304050555-K,,1,0,visible,,Dimensiuni: 65 * 78 cm,taxable,1,0,0,152.25,,,https://static.musaibrand.com/images/models/0304-K/model/large/0304-K_0555_2_1.jpg,MU0304-K,45,Size,2XL,,1,,Color,Albastru regal/albastru marin,,1,,,,,,,,,,,,[65cm]·[78cm],8435782517286
variation,MU0304060555-K,,1,0,visible,,Dimensiuni: 68 * 80 cm,taxable,1,0,0,152.25,,,https://static.musaibrand.com/images/models/0304-K/model/large/0304-K_0555_2_1.jpg,MU0304-K,46,Size,3XL,,1,,Color,Albastru regal/albastru marin,,1,,,,,,,,,,,,[68cm]·[80cm],8435782517385
variation,MU0304220555-K,,1,0,visible,,Dimensiuni: 37 * 44 cm,taxable,1,0,0,152.25,,,https://static.musaibrand.com/images/models/0304-K/model/large/0304-K_0555_2_1.jpg,MU0304-K,47,Size,4,,1,,Color,Albastru regal/albastru marin,,1,,,,,,,,,,,,[37cm]·[44cm],8435782517484
variation,MU0304240555-K,,1,0,visible,,Dimensiuni: 40 * 48 cm,taxable,1,0,0,152.25,,,https://static.musaibrand.com/images/models/0304-K/model/large/0304-K_0555_2_1.jpg,MU0304-K,48,Size,6,,1,,Color,Albastru regal/albastru marin,,1,,,,,,,,,,,,[40cm]·[48cm],8435782517583
variation,MU0304250555-K,,1,0,visible,,Dimensiuni: 43 * 52 cm,taxable,1,0,0,152.25,,,https://static.musaibrand.com/images/models/0304-K/model/large/0304-K_0555_2_1.jpg,MU0304-K,49,Size,8,,1,,Color,Albastru regal/albastru marin,,1,,,,,,,,,,,,[43cm]·[52cm],8435782517682
variation,MU0304260555-K,,1,0,visible,,Dimensiuni: 45 * 56 cm,taxable,1,0,0,152.25,,,https://static.musaibrand.com/images/models/0304-K/model/large/0304-K_0555_2_1.jpg,MU0304-K,50,Size,10,,1,,Color,Albastru regal/albastru marin,,1,,,,,,,,,,,,[45cm]·[56cm],8435782517781
variation,MU0304270555-K,,1,0,visible,,Dimensiuni: 47 * 60 cm,taxable,1,0,0,152.25,,,https://static.musaibrand.com/images/models/0304-K/model/large/0304-K_0555_2_1.jpg,MU0304-K,51,Size,12,,1,,Color,Albastru regal/albastru marin,,1,,,,,,,,,,,,[47cm]·[60cm],8435782517880
variation,MU0304280555-K,,1,0,visible,,Dimensiuni: 49 * 64 cm,taxable,1,0,0,152.25,,,https://static.musaibrand.com/images/models/0304-K/model/large/0304-K_0555_2_1.jpg,MU0304-K,52,Size,14,,1,,Color,Albastru regal/albastru marin,,1,,,,,,,,,,,,[49cm]·[64cm],8435782517989
variation,MU0304001055-K,,1,0,visible,,Dimensiuni: 53 * 68 cm,taxable,1,0,0,152.25,,,https://static.musaibrand.com/images/models/0304-K/model/large/0304-K_1055_2_1.jpg,MU0304-K,53,Size,XS,,1,,Color,Albastru deschis/Navy Blue,,1,,,,,,,,,,,,[53cm]·[68cm],8435782516791
variation,MU0304011055-K,,1,0,visible,,Dimensiuni: 55 * 71 cm,taxable,1,0,0,152.25,,,https://static.musaibrand.com/images/models/0304-K/model/large/0304-K_1055_2_1.jpg,MU0304-K,54,Size,S,,1,,Color,Albastru deschis/Navy Blue,,1,,,,,,,,,,,,[55cm]·[71cm],8435782516890
variation,MU0304021055-K,,1,0,visible,,Dimensiuni: 57 * 72 cm,taxable,1,0,0,152.25,,,https://static.musaibrand.com/images/models/0304-K/model/large/0304-K_1055_2_1.jpg,MU0304-K,55,Size,M,,1,,Color,Albastru deschis/Navy Blue,,1,,,,,,,,,,,,[57cm]·[72cm],8435782516999
variation,MU0304031055-K,,1,0,visible,,Dimensiuni: 59 * 74 cm,taxable,1,0,0,152.25,,,https://static.musaibrand.com/images/models/0304-K/model/large/0304-K_1055_2_1.jpg,MU0304-K,56,Size,L,,1,,Color,Albastru deschis/Navy Blue,,1,,,,,,,,,,,,[59cm]·[74cm],8435782517095
variation,MU0304041055-K,,1,0,visible,,Dimensiuni: 62/76 * 1 cm,taxable,1,0,0,152.25,,,https://static.musaibrand.com/images/models/0304-K/model/large/0304-K_1055_2_1.jpg,MU0304-K,57,Size,XL,,1,,Color,Albastru deschis/Navy Blue,,1,,,,,,,,,,,,[62cm/76cm]·[1cm],8435782517194
variation,MU0304051055-K,,1,0,visible,,Dimensiuni: 65 * 78 cm,taxable,1,0,0,152.25,,,https://static.musaibrand.com/images/models/0304-K/model/large/0304-K_1055_2_1.jpg,MU0304-K,58,Size,2XL,,1,,Color,Albastru deschis/Navy Blue,,1,,,,,,,,,,,,[65cm]·[78cm],8435782517293
variation,MU0304061055-K,,1,0,visible,,Dimensiuni: 68 * 80 cm,taxable,1,0,0,152.25,,,https://static.musaibrand.com/images/models/0304-K/model/large/0304-K_1055_2_1.jpg,MU0304-K,59,Size,3XL,,1,,Color,Albastru deschis/Navy Blue,,1,,,,,,,,,,,,[68cm]·[80cm],8435782517392
variation,MU0304221055-K,,1,0,visible,,Dimensiuni: 37 * 44 cm,taxable,1,0,0,152.25,,,https://static.musaibrand.com/images/models/0304-K/model/large/0304-K_1055_2_1.jpg,MU0304-K,60,Size,4,,1,,Color,Albastru deschis/Navy Blue,,1,,,,,,,,,,,,[37cm]·[44cm],8435782517491
variation,MU0304241055-K,,1,0,visible,,Dimensiuni: 40 * 48 cm,taxable,1,0,0,152.25,,,https://static.musaibrand.com/images/models/0304-K/model/large/0304-K_1055_2_1.jpg,MU0304-K,61,Size,6,,1,,Color,Albastru deschis/Navy Blue,,1,,,,,,,,,,,,[40cm]·[48cm],8435782517590
variation,MU0304251055-K,,1,0,visible,,Dimensiuni: 43 * 52 cm,taxable,1,0,0,152.25,,,https://static.musaibrand.com/images/models/0304-K/model/large/0304-K_1055_2_1.jpg,MU0304-K,62,Size,8,,1,,Color,Albastru deschis/Navy Blue,,1,,,,,,,,,,,,[43cm]·[52cm],8435782517699
variation,MU0304261055-K,,1,0,visible,,Dimensiuni: 45 * 56 cm,taxable,1,0,0,152.25,,,https://static.musaibrand.com/images/models/0304-K/model/large/0304-K_1055_2_1.jpg,MU0304-K,63,Size,10,,1,,Color,Albastru deschis/Navy Blue,,1,,,,,,,,,,,,[45cm]·[56cm],8435782517798
variation,MU0304271055-K,,1,0,visible,,Dimensiuni: 47 * 60 cm,taxable,1,0,0,152.25,,,https://static.musaibrand.com/images/models/0304-K/model/large/0304-K_1055_2_1.jpg,MU0304-K,64,Size,12,,1,,Color,Albastru deschis/Navy Blue,,1,,,,,,,,,,,,[47cm]·[60cm],8435782517897
variation,MU0304281055-K,,1,0,visible,,Dimensiuni: 49 * 64 cm,taxable,1,0,0,152.25,,,https://static.musaibrand.com/images/models/0304-K/model/large/0304-K_1055_2_1.jpg,MU0304-K,65,Size,14,,1,,Color,Albastru deschis/Navy Blue,,1,,,,,,,,,,,,[49cm]·[64cm],8435782517996
variation,MU03040017655-K,,1,0,visible,,Dimensiuni: 53 * 68 cm,taxable,1,0,0,152.25,,,https://static.musaibrand.com/images/models/0304-K/model/large/0304-K_17655_2_1.jpg,MU0304-K,66,Size,XS,,1,,Color,Turcoaz fluor/Navy Blue,,1,,,,,,,,,,,,[53cm]·[68cm],8435782516807
variation,MU03040117655-K,,1,0,visible,,Dimensiuni: 55 * 71 cm,taxable,1,0,0,152.25,,,https://static.musaibrand.com/images/models/0304-K/model/large/0304-K_17655_2_1.jpg,MU0304-K,67,Size,S,,1,,Color,Turcoaz fluor/Navy Blue,,1,,,,,,,,,,,,[55cm]·[71cm],8435782516906
variation,MU03040217655-K,,1,0,visible,,Dimensiuni: 57 * 72 cm,taxable,1,0,0,152.25,,,https://static.musaibrand.com/images/models/0304-K/model/large/0304-K_17655_2_1.jpg,MU0304-K,68,Size,M,,1,,Color,Turcoaz fluor/Navy Blue,,1,,,,,,,,,,,,[57cm]·[72cm],8435782517002
variation,MU03040317655-K,,1,0,visible,,Dimensiuni: 59 * 74 cm,taxable,1,0,0,152.25,,,https://static.musaibrand.com/images/models/0304-K/model/large/0304-K_17655_2_1.jpg,MU0304-K,69,Size,L,,1,,Color,Turcoaz fluor/Navy Blue,,1,,,,,,,,,,,,[59cm]·[74cm],8435782517101
variation,MU03040417655-K,,1,0,visible,,Dimensiuni: 62/76 * 1 cm,taxable,1,0,0,152.25,,,https://static.musaibrand.com/images/models/0304-K/model/large/0304-K_17655_2_1.jpg,MU0304-K,70,Size,XL,,1,,Color,Turcoaz fluor/Navy Blue,,1,,,,,,,,,,,,[62cm/76cm]·[1cm],8435782517200
variation,MU03040517655-K,,1,0,visible,,Dimensiuni: 65 * 78 cm,taxable,1,0,0,152.25,,,https://static.musaibrand.com/images/models/0304-K/model/large/0304-K_17655_2_1.jpg,MU0304-K,71,Size,2XL,,1,,Color,Turcoaz fluor/Navy Blue,,1,,,,,,,,,,,,[65cm]·[78cm],8435782517309
variation,MU03040617655-K,,1,0,visible,,Dimensiuni: 68 * 80 cm,taxable,1,0,0,152.25,,,https://static.musaibrand.com/images/models/0304-K/model/large/0304-K_17655_2_1.jpg,MU0304-K,72,Size,3XL,,1,,Color,Turcoaz fluor/Navy Blue,,1,,,,,,,,,,,,[68cm]·[80cm],8435782517408
variation,MU03042217655-K,,1,0,visible,,Dimensiuni: 37 * 44 cm,taxable,1,0,0,152.25,,,https://static.musaibrand.com/images/models/0304-K/model/large/0304-K_17655_2_1.jpg,MU0304-K,73,Size,4,,1,,Color,Turcoaz fluor/Navy Blue,,1,,,,,,,,,,,,[37cm]·[44cm],8435782517507
variation,MU03042417655-K,,1,0,visible,,Dimensiuni: 40 * 48 cm,taxable,1,0,0,152.25,,,https://static.musaibrand.com/images/models/0304-K/model/large/0304-K_17655_2_1.jpg,MU0304-K,74,Size,6,,1,,Color,Turcoaz fluor/Navy Blue,,1,,,,,,,,,,,,[40cm]·[48cm],8435782517606
variation,MU03042517655-K,,1,0,visible,,Dimensiuni: 43 * 52 cm,taxable,1,0,0,152.25,,,https://static.musaibrand.com/images/models/0304-K/model/large/0304-K_17655_2_1.jpg,MU0304-K,75,Size,8,,1,,Color,Turcoaz fluor/Navy Blue,,1,,,,,,,,,,,,[43cm]·[52cm],8435782517705
variation,MU03042617655-K,,1,0,visible,,Dimensiuni: 45 * 56 cm,taxable,1,0,0,152.25,,,https://static.musaibrand.com/images/models/0304-K/model/large/0304-K_17655_2_1.jpg,MU0304-K,76,Size,10,,1,,Color,Turcoaz fluor/Navy Blue,,1,,,,,,,,,,,,[45cm]·[56cm],8435782517804
variation,MU03042717655-K,,1,0,visible,,Dimensiuni: 47 * 60 cm,taxable,1,0,0,152.25,,,https://static.musaibrand.com/images/models/0304-K/model/large/0304-K_17655_2_1.jpg,MU0304-K,77,Size,12,,1,,Color,Turcoaz fluor/Navy Blue,,1,,,,,,,,,,,,[47cm]·[60cm],8435782517903
variation,MU03042817655-K,,1,0,visible,,Dimensiuni: 49 * 64 cm,taxable,1,0,0,152.25,,,https://static.musaibrand.com/images/models/0304-K/model/large/0304-K_17655_2_1.jpg,MU0304-K,78,Size,14,,1,,Color,Turcoaz fluor/Navy Blue,,1,,,,,,,,,,,,[49cm]·[64cm],8435782518009
variation,MU03040025801-K,,1,0,visible,,Dimensiuni: 53 * 68 cm,taxable,1,0,0,152.25,,,https://static.musaibrand.com/images/models/0304-K/model/large/0304-K_25801_2_1.jpg,MU0304-K,79,Size,XS,,1,,Color,Gri deschis/alb,,1,,,,,,,,,,,,[53cm]·[68cm],8435782516814
variation,MU03040125801-K,,1,0,visible,,Dimensiuni: 55 * 71 cm,taxable,1,0,0,152.25,,,https://static.musaibrand.com/images/models/0304-K/model/large/0304-K_25801_2_1.jpg,MU0304-K,80,Size,S,,1,,Color,Gri deschis/alb,,1,,,,,,,,,,,,[55cm]·[71cm],8435782516913
variation,MU03040225801-K,,1,0,visible,,Dimensiuni: 57 * 72 cm,taxable,1,0,0,152.25,,,https://static.musaibrand.com/images/models/0304-K/model/large/0304-K_25801_2_1.jpg,MU0304-K,81,Size,M,,1,,Color,Gri deschis/alb,,1,,,,,,,,,,,,[57cm]·[72cm],8435782517019
variation,MU03040325801-K,,1,0,visible,,Dimensiuni: 59 * 74 cm,taxable,1,0,0,152.25,,,https://static.musaibrand.com/images/models/0304-K/model/large/0304-K_25801_2_1.jpg,MU0304-K,82,Size,L,,1,,Color,Gri deschis/alb,,1,,,,,,,,,,,,[59cm]·[74cm],8435782517118
variation,MU03040425801-K,,1,0,visible,,Dimensiuni: 62/76 * 1 cm,taxable,1,0,0,152.25,,,https://static.musaibrand.com/images/models/0304-K/model/large/0304-K_25801_2_1.jpg,MU0304-K,83,Size,XL,,1,,Color,Gri deschis/alb,,1,,,,,,,,,,,,[62cm/76cm]·[1cm],8435782517217
variation,MU03040525801-K,,1,0,visible,,Dimensiuni: 65 * 78 cm,taxable,1,0,0,152.25,,,https://static.musaibrand.com/images/models/0304-K/model/large/0304-K_25801_2_1.jpg,MU0304-K,84,Size,2XL,,1,,Color,Gri deschis/alb,,1,,,,,,,,,,,,[65cm]·[78cm],8435782517316
variation,MU03040625801-K,,1,0,visible,,Dimensiuni: 68 * 80 cm,taxable,1,0,0,152.25,,,https://static.musaibrand.com/images/models/0304-K/model/large/0304-K_25801_2_1.jpg,MU0304-K,85,Size,3XL,,1,,Color,Gri deschis/alb,,1,,,,,,,,,,,,[68cm]·[80cm],8435782517415
variation,MU03042225801-K,,1,0,visible,,Dimensiuni: 37 * 44 cm,taxable,1,0,0,152.25,,,https://static.musaibrand.com/images/models/0304-K/model/large/0304-K_25801_2_1.jpg,MU0304-K,86,Size,4,,1,,Color,Gri deschis/alb,,1,,,,,,,,,,,,[37cm]·[44cm],8435782517514
variation,MU03042425801-K,,1,0,visible,,Dimensiuni: 40 * 48 cm,taxable,1,0,0,152.25,,,https://static.musaibrand.com/images/models/0304-K/model/large/0304-K_25801_2_1.jpg,MU0304-K,87,Size,6,,1,,Color,Gri deschis/alb,,1,,,,,,,,,,,,[40cm]·[48cm],8435782517613
variation,MU03042525801-K,,1,0,visible,,Dimensiuni: 43 * 52 cm,taxable,1,0,0,152.25,,,https://static.musaibrand.com/images/models/0304-K/model/large/0304-K_25801_2_1.jpg,MU0304-K,88,Size,8,,1,,Color,Gri deschis/alb,,1,,,,,,,,,,,,[43cm]·[52cm],8435782517712
variation,MU03042625801-K,,1,0,visible,,Dimensiuni: 45 * 56 cm,taxable,1,0,0,152.25,,,https://static.musaibrand.com/images/models/0304-K/model/large/0304-K_25801_2_1.jpg,MU0304-K,89,Size,10,,1,,Color,Gri deschis/alb,,1,,,,,,,,,,,,[45cm]·[56cm],8435782517811
variation,MU03042725801-K,,1,0,visible,,Dimensiuni: 47 * 60 cm,taxable,1,0,0,152.25,,,https://static.musaibrand.com/images/models/0304-K/model/large/0304-K_25801_2_1.jpg,MU0304-K,90,Size,12,,1,,Color,Gri deschis/alb,,1,,,,,,,,,,,,[47cm]·[60cm],8435782517910
variation,MU03042825801-K,,1,0,visible,,Dimensiuni: 49 * 64 cm,taxable,1,0,0,152.25,,,https://static.musaibrand.com/images/models/0304-K/model/large/0304-K_25801_2_1.jpg,MU0304-K,91,Size,14,,1,,Color,Gri deschis/alb,,1,,,,,,,,,,,,[49cm]·[64cm],8435782518016
variation,MU0304005501-K,,1,0,visible,,Dimensiuni: 53 * 68 cm,taxable,1,0,0,152.25,,,https://static.musaibrand.com/images/models/0304-K/model/large/0304-K_5501_2_1.jpg,MU0304-K,92,Size,XS,,1,,Color,Alb/marin,,1,,,,,,,,,,,,[53cm]·[68cm],8435782516821
variation,MU0304015501-K,,1,0,visible,,Dimensiuni: 55 * 71 cm,taxable,1,0,0,152.25,,,https://static.musaibrand.com/images/models/0304-K/model/large/0304-K_5501_2_1.jpg,MU0304-K,93,Size,S,,1,,Color,Alb/marin,,1,,,,,,,,,,,,[55cm]·[71cm],8435782516920
variation,MU0304025501-K,,1,0,visible,,Dimensiuni: 57 * 72 cm,taxable,1,0,0,152.25,,,https://static.musaibrand.com/images/models/0304-K/model/large/0304-K_5501_2_1.jpg,MU0304-K,94,Size,M,,1,,Color,Alb/marin,,1,,,,,,,,,,,,[57cm]·[72cm],8435782517026
variation,MU0304035501-K,,1,0,visible,,Dimensiuni: 59 * 74 cm,taxable,1,0,0,152.25,,,https://static.musaibrand.com/images/models/0304-K/model/large/0304-K_5501_2_1.jpg,MU0304-K,95,Size,L,,1,,Color,Alb/marin,,1,,,,,,,,,,,,[59cm]·[74cm],8435782517125
variation,MU0304045501-K,,1,0,visible,,Dimensiuni: 62/76 * 1 cm,taxable,1,0,0,152.25,,,https://static.musaibrand.com/images/models/0304-K/model/large/0304-K_5501_2_1.jpg,MU0304-K,96,Size,XL,,1,,Color,Alb/marin,,1,,,,,,,,,,,,[62cm/76cm]·[1cm],8435782517224
variation,MU0304055501-K,,1,0,visible,,Dimensiuni: 65 * 78 cm,taxable,1,0,0,152.25,,,https://static.musaibrand.com/images/models/0304-K/model/large/0304-K_5501_2_1.jpg,MU0304-K,97,Size,2XL,,1,,Color,Alb/marin,,1,,,,,,,,,,,,[65cm]·[78cm],8435782517323
variation,MU0304065501-K,,1,0,visible,,Dimensiuni: 68 * 80 cm,taxable,1,0,0,152.25,,,https://static.musaibrand.com/images/models/0304-K/model/large/0304-K_5501_2_1.jpg,MU0304-K,98,Size,3XL,,1,,Color,Alb/marin,,1,,,,,,,,,,,,[68cm]·[80cm],8435782517422
variation,MU0304225501-K,,1,0,visible,,Dimensiuni: 37 * 44 cm,taxable,1,0,0,152.25,,,https://static.musaibrand.com/images/models/0304-K/model/large/0304-K_5501_2_1.jpg,MU0304-K,99,Size,4,,1,,Color,Alb/marin,,1,,,,,,,,,,,,[37cm]·[44cm],8435782517521
variation,MU0304245501-K,,1,0,visible,,Dimensiuni: 40 * 48 cm,taxable,1,0,0,152.25,,,https://static.musaibrand.com/images/models/0304-K/model/large/0304-K_5501_2_1.jpg,MU0304-K,100,Size,6,,1,,Color,Alb/marin,,1,,,,,,,,,,,,[40cm]·[48cm],8435782517620
variation,MU0304255501-K,,1,0,visible,,Dimensiuni: 43 * 52 cm,taxable,1,0,0,152.25,,,https://static.musaibrand.com/images/models/0304-K/model/large/0304-K_5501_2_1.jpg,MU0304-K,101,Size,8,,1,,Color,Alb/marin,,1,,,,,,,,,,,,[43cm]·[52cm],8435782517729
variation,MU0304265501-K,,1,0,visible,,Dimensiuni: 45 * 56 cm,taxable,1,0,0,152.25,,,https://static.musaibrand.com/images/models/0304-K/model/large/0304-K_5501_2_1.jpg,MU0304-K,102,Size,10,,1,,Color,Alb/marin,,1,,,,,,,,,,,,[45cm]·[56cm],8435782517828
variation,MU0304275501-K,,1,0,visible,,Dimensiuni: 47 * 60 cm,taxable,1,0,0,152.25,,,https://static.musaibrand.com/images/models/0304-K/model/large/0304-K_5501_2_1.jpg,MU0304-K,103,Size,12,,1,,Color,Alb/marin,,1,,,,,,,,,,,,[47cm]·[60cm],8435782517927
variation,MU0304285501-K,,1,0,visible,,Dimensiuni: 49 * 64 cm,taxable,1,0,0,152.25,,,https://static.musaibrand.com/images/models/0304-K/model/large/0304-K_5501_2_1.jpg,MU0304-K,104,Size,14,,1,,Color,Alb/marin,,1,,,,,,,,,,,,[49cm]·[64cm],8435782518023
variation,MU0304005534-K,,1,0,visible,,Dimensiuni: 53 * 68 cm,taxable,1,0,0,152.25,,,https://static.musaibrand.com/images/models/0304-K/model/large/0304-K_5534_2_1.jpg,MU0304-K,105,Size,XS,,1,,Color,Albastru marin / roz gumă,,1,,,,,,,,,,,,[53cm]·[68cm],8435782516838
variation,MU0304015534-K,,1,0,visible,,Dimensiuni: 55 * 71 cm,taxable,1,0,0,152.25,,,https://static.musaibrand.com/images/models/0304-K/model/large/0304-K_5534_2_1.jpg,MU0304-K,106,Size,S,,1,,Color,Albastru marin / roz gumă,,1,,,,,,,,,,,,[55cm]·[71cm],8435782516937
variation,MU0304025534-K,,1,0,visible,,Dimensiuni: 57 * 72 cm,taxable,1,0,0,152.25,,,https://static.musaibrand.com/images/models/0304-K/model/large/0304-K_5534_2_1.jpg,MU0304-K,107,Size,M,,1,,Color,Albastru marin / roz gumă,,1,,,,,,,,,,,,[57cm]·[72cm],8435782517033
variation,MU0304035534-K,,1,0,visible,,Dimensiuni: 59 * 74 cm,taxable,1,0,0,152.25,,,https://static.musaibrand.com/images/models/0304-K/model/large/0304-K_5534_2_1.jpg,MU0304-K,108,Size,L,,1,,Color,Albastru marin / roz gumă,,1,,,,,,,,,,,,[59cm]·[74cm],8435782517132
variation,MU0304045534-K,,1,0,visible,,Dimensiuni: 62/76 * 1 cm,taxable,1,0,0,152.25,,,https://static.musaibrand.com/images/models/0304-K/model/large/0304-K_5534_2_1.jpg,MU0304-K,109,Size,XL,,1,,Color,Albastru marin / roz gumă,,1,,,,,,,,,,,,[62cm/76cm]·[1cm],8435782517231
variation,MU0304055534-K,,1,0,visible,,Dimensiuni: 65 * 78 cm,taxable,1,0,0,152.25,,,https://static.musaibrand.com/images/models/0304-K/model/large/0304-K_5534_2_1.jpg,MU0304-K,110,Size,2XL,,1,,Color,Albastru marin / roz gumă,,1,,,,,,,,,,,,[65cm]·[78cm],8435782517330
variation,MU0304065534-K,,1,0,visible,,Dimensiuni: 68 * 80 cm,taxable,1,0,0,152.25,,,https://static.musaibrand.com/images/models/0304-K/model/large/0304-K_5534_2_1.jpg,MU0304-K,111,Size,3XL,,1,,Color,Albastru marin / roz gumă,,1,,,,,,,,,,,,[68cm]·[80cm],8435782517439
variation,MU0304225534-K,,1,0,visible,,Dimensiuni: 37 * 44 cm,taxable,1,0,0,152.25,,,https://static.musaibrand.com/images/models/0304-K/model/large/0304-K_5534_2_1.jpg,MU0304-K,112,Size,4,,1,,Color,Albastru marin / roz gumă,,1,,,,,,,,,,,,[37cm]·[44cm],8435782517538
variation,MU0304245534-K,,1,0,visible,,Dimensiuni: 40 * 48 cm,taxable,1,0,0,152.25,,,https://static.musaibrand.com/images/models/0304-K/model/large/0304-K_5534_2_1.jpg,MU0304-K,113,Size,6,,1,,Color,Albastru marin / roz gumă,,1,,,,,,,,,,,,[40cm]·[48cm],8435782517637
variation,MU0304255534-K,,1,0,visible,,Dimensiuni: 43 * 52 cm,taxable,1,0,0,152.25,,,https://static.musaibrand.com/images/models/0304-K/model/large/0304-K_5534_2_1.jpg,MU0304-K,114,Size,8,,1,,Color,Albastru marin / roz gumă,,1,,,,,,,,,,,,[43cm]·[52cm],8435782517736
variation,MU0304265534-K,,1,0,visible,,Dimensiuni: 45 * 56 cm,taxable,1,0,0,152.25,,,https://static.musaibrand.com/images/models/0304-K/model/large/0304-K_5534_2_1.jpg,MU0304-K,115,Size,10,,1,,Color,Albastru marin / roz gumă,,1,,,,,,,,,,,,[45cm]·[56cm],8435782517835
variation,MU0304275534-K,,1,0,visible,,Dimensiuni: 47 * 60 cm,taxable,1,0,0,152.25,,,https://static.musaibrand.com/images/models/0304-K/model/large/0304-K_5534_2_1.jpg,MU0304-K,116,Size,12,,1,,Color,Albastru marin / roz gumă,,1,,,,,,,,,,,,[47cm]·[60cm],8435782517934
variation,MU0304285534-K,,1,0,visible,,Dimensiuni: 49 * 64 cm,taxable,1,0,0,152.25,,,https://static.musaibrand.com/images/models/0304-K/model/large/0304-K_5534_2_1.jpg,MU0304-K,117,Size,14,,1,,Color,Albastru marin / roz gumă,,1,,,,,,,,,,,,[49cm]·[64cm],8435782518030
variation,MU0304006055-K,,1,0,visible,,Dimensiuni: 53 * 68 cm,taxable,1,0,0,152.25,,,https://static.musaibrand.com/images/models/0304-K/model/large/0304-K_6055_2_1.jpg,MU0304-K,118,Size,XS,,1,,Color,Roșu/albastru marin,,1,,,,,,,,,,,,[53cm]·[68cm],8435782516845
variation,MU0304016055-K,,1,0,visible,,Dimensiuni: 55 * 71 cm,taxable,1,0,0,152.25,,,https://static.musaibrand.com/images/models/0304-K/model/large/0304-K_6055_2_1.jpg,MU0304-K,119,Size,S,,1,,Color,Roșu/albastru marin,,1,,,,,,,,,,,,[55cm]·[71cm],8435782516944
variation,MU0304026055-K,,1,0,visible,,Dimensiuni: 57 * 72 cm,taxable,1,0,0,152.25,,,https://static.musaibrand.com/images/models/0304-K/model/large/0304-K_6055_2_1.jpg,MU0304-K,120,Size,M,,1,,Color,Roșu/albastru marin,,1,,,,,,,,,,,,[57cm]·[72cm],8435782517040
variation,MU0304036055-K,,1,0,visible,,Dimensiuni: 59 * 74 cm,taxable,1,0,0,152.25,,,https://static.musaibrand.com/images/models/0304-K/model/large/0304-K_6055_2_1.jpg,MU0304-K,121,Size,L,,1,,Color,Roșu/albastru marin,,1,,,,,,,,,,,,[59cm]·[74cm],8435782517149
variation,MU0304046055-K,,1,0,visible,,Dimensiuni: 62/76 * 1 cm,taxable,1,0,0,152.25,,,https://static.musaibrand.com/images/models/0304-K/model/large/0304-K_6055_2_1.jpg,MU0304-K,122,Size,XL,,1,,Color,Roșu/albastru marin,,1,,,,,,,,,,,,[62cm/76cm]·[1cm],8435782517248
variation,MU0304056055-K,,1,0,visible,,Dimensiuni: 65 * 78 cm,taxable,1,0,0,152.25,,,https://static.musaibrand.com/images/models/0304-K/model/large/0304-K_6055_2_1.jpg,MU0304-K,123,Size,2XL,,1,,Color,Roșu/albastru marin,,1,,,,,,,,,,,,[65cm]·[78cm],8435782517347
variation,MU0304066055-K,,1,0,visible,,Dimensiuni: 68 * 80 cm,taxable,1,0,0,152.25,,,https://static.musaibrand.com/images/models/0304-K/model/large/0304-K_6055_2_1.jpg,MU0304-K,124,Size,3XL,,1,,Color,Roșu/albastru marin,,1,,,,,,,,,,,,[68cm]·[80cm],8435782517446
variation,MU0304226055-K,,1,0,visible,,Dimensiuni: 37 * 44 cm,taxable,1,0,0,152.25,,,https://static.musaibrand.com/images/models/0304-K/model/large/0304-K_6055_2_1.jpg,MU0304-K,125,Size,4,,1,,Color,Roșu/albastru marin,,1,,,,,,,,,,,,[37cm]·[44cm],8435782517545
variation,MU0304246055-K,,1,0,visible,,Dimensiuni: 40 * 48 cm,taxable,1,0,0,152.25,,,https://static.musaibrand.com/images/models/0304-K/model/large/0304-K_6055_2_1.jpg,MU0304-K,126,Size,6,,1,,Color,Roșu/albastru marin,,1,,,,,,,,,,,,[40cm]·[48cm],8435782517644
variation,MU0304256055-K,,1,0,visible,,Dimensiuni: 43 * 52 cm,taxable,1,0,0,152.25,,,https://static.musaibrand.com/images/models/0304-K/model/large/0304-K_6055_2_1.jpg,MU0304-K,127,Size,8,,1,,Color,Roșu/albastru marin,,1,,,,,,,,,,,,[43cm]·[52cm],8435782517743
variation,MU0304266055-K,,1,0,visible,,Dimensiuni: 45 * 56 cm,taxable,1,0,0,152.25,,,https://static.musaibrand.com/images/models/0304-K/model/large/0304-K_6055_2_1.jpg,MU0304-K,128,Size,10,,1,,Color,Roșu/albastru marin,,1,,,,,,,,,,,,[45cm]·[56cm],8435782517842
variation,MU0304276055-K,,1,0,visible,,Dimensiuni: 47 * 60 cm,taxable,1,0,0,152.25,,,https://static.musaibrand.com/images/models/0304-K/model/large/0304-K_6055_2_1.jpg,MU0304-K,129,Size,12,,1,,Color,Roșu/albastru marin,,1,,,,,,,,,,,,[47cm]·[60cm],8435782517941
variation,MU0304286055-K,,1,0,visible,,Dimensiuni: 49 * 64 cm,taxable,1,0,0,152.25,,,https://static.musaibrand.com/images/models/0304-K/model/large/0304-K_6055_2_1.jpg,MU0304-K,130,Size,14,,1,,Color,Roșu/albastru marin,,1,,,,,,,,,,,,[49cm]·[64cm],8435782518047
variable,MU0305,Hanorac - Ubora,1,0,visible,,"<p>Hanorac tehnic unisex cu guler rotund, realizat din poliester piqué reciclat, cu căptușeală moale periată.</p><p><strong>Compoziție:</strong> 100% poliester pique reciclat</p><p><br>· Guler cu nervuri, manșete și tiv 1x1.<br>· Acoperire elastică a cusăturii pe guler.<br>· Detaliu cu logo brodat pe piept.</p><h4>Dimensiuni</h4><table style='border-collapse:collapse;margin:8px 0'><tr><th style='padding:4px 12px;border:1px solid #ddd;text-align:left'>Mărime</th><th style='padding:4px 12px;border:1px solid #ddd;text-align:left'>Dimensiuni</th></tr><tr><td style='padding:4px 12px;border:1px solid #ddd'>XS</td><td style='padding:4px 12px;border:1px solid #ddd'>52 * 64 cm</td></tr><tr><td style='padding:4px 12px;border:1px solid #ddd'>S</td><td style='padding:4px 12px;border:1px solid #ddd'>54 * 66 cm</td></tr><tr><td style='padding:4px 12px;border:1px solid #ddd'>M</td><td style='padding:4px 12px;border:1px solid #ddd'>57 * 68 cm</td></tr><tr><td style='padding:4px 12px;border:1px solid #ddd'>L</td><td style='padding:4px 12px;border:1px solid #ddd'>60 * 70 cm</td></tr><tr><td style='padding:4px 12px;border:1px solid #ddd'>XL</td><td style='padding:4px 12px;border:1px solid #ddd'>63 * 73 cm</td></tr><tr><td style='padding:4px 12px;border:1px solid #ddd'>2XL</td><td style='padding:4px 12px;border:1px solid #ddd'>66 * 76 cm</td></tr><tr><td style='padding:4px 12px;border:1px solid #ddd'>3XL</td><td style='padding:4px 12px;border:1px solid #ddd'>69 * 79 cm</td></tr><tr><td style='padding:4px 12px;border:1px solid #ddd'>2</td><td style='padding:4px 12px;border:1px solid #ddd'>35 * 41 cm</td></tr><tr><td style='padding:4px 12px;border:1px solid #ddd'>4</td><td style='padding:4px 12px;border:1px solid #ddd'>37 * 44 cm</td></tr><tr><td style='padding:4px 12px;border:1px solid #ddd'>6</td><td style='padding:4px 12px;border:1px solid #ddd'>40 * 48 cm</td></tr><tr><td style='padding:4px 12px;border:1px solid #ddd'>8</td><td style='padding:4px 12px;border:1px solid #ddd'>43 * 52 cm</td></tr><tr><td style='padding:4px 12px;border:1px solid #ddd'>10</td><td style='padding:4px 12px;border:1px solid #ddd'>45 * 56 cm</td></tr><tr><td style='padding:4px 12px;border:1px solid #ddd'>12</td><td style='padding:4px 12px;border:1px solid #ddd'>47 * 60 cm</td></tr><tr><td style='padding:4px 12px;border:1px solid #ddd'>14</td><td style='padding:4px 12px;border:1px solid #ddd'>49 * 64 cm</td></tr></table>",taxable,1,0,0,,Hanorace,MUSAI,"https://static.musaibrand.com/images/models/0305/model/large/0305_01_1_1.jpg,https://static.musaibrand.com/images/models/0305/model/large/0305_02_1_1.jpg,https://static.musaibrand.com/images/models/0305/model/large/0305_05_1_1.jpg,https://static.musaibrand.com/images/models/0305/model/large/0305_55_1_1.jpg,https://static.musaibrand.com/images/models/0305/model/large/0305_60_1_1.jpg,https://static.musaibrand.com/images/models/0305/model/large/0305_01_2_1.jpg,https://static.musaibrand.com/images/models/0305/model/large/0305_02_2_1.jpg,https://static.musaibrand.com/images/models/0305/model/large/0305_05_2_1.jpg,https://static.musaibrand.com/images/models/0305/model/large/0305_55_2_1.jpg,https://static.musaibrand.com/images/models/0305/model/large/0305_60_2_1.jpg",,0,Size,"XS, S, M, L, XL, 2XL, 3XL, 2, 4, 6, 8, 10, 12, 14",1,1,,Color,"Alb, Negru, Albastru regal, Albastru marin, ROȘU",1,1,,Gender,Unisex,1,1,,Dimensiuni,"[52cm]·[64cm], [54cm]·[66cm], [57cm]·[68cm], [60cm]·[70cm], [63cm]·[73cm], [66cm]·[76cm], [69cm]·[79cm], [35cm]·[41cm], [37cm]·[44cm], [40cm]·[48cm], [43cm]·[52cm], [45cm]·[56cm], [47cm]·[60cm], [49cm]·[64cm]",1,0,,,
variation,MU03050001,,1,0,visible,,Dimensiuni: 52 * 64 cm,taxable,1,0,0,105,,,https://static.musaibrand.com/images/models/0305/model/large/0305_01_2_1.jpg,MU0305,1,Size,XS,,1,,Color,Alb,,1,,,,,,,,,,,,[52cm]·[64cm],8435782518054
variation,MU03050101,,1,0,visible,,Dimensiuni: 54 * 66 cm,taxable,1,0,0,105,,,https://static.musaibrand.com/images/models/0305/model/large/0305_01_2_1.jpg,MU0305,2,Size,S,,1,,Color,Alb,,1,,,,,,,,,,,,[54cm]·[66cm],8435782518108
variation,MU03050201,,1,0,visible,,Dimensiuni: 57 * 68 cm,taxable,1,0,0,105,,,https://static.musaibrand.com/images/models/0305/model/large/0305_01_2_1.jpg,MU0305,3,Size,M,,1,,Color,Alb,,1,,,,,,,,,,,,[57cm]·[68cm],8435782518153
variation,MU03050301,,1,0,visible,,Dimensiuni: 60 * 70 cm,taxable,1,0,0,105,,,https://static.musaibrand.com/images/models/0305/model/large/0305_01_2_1.jpg,MU0305,4,Size,L,,1,,Color,Alb,,1,,,,,,,,,,,,[60cm]·[70cm],8435782518207
variation,MU03050401,,1,0,visible,,Dimensiuni: 63 * 73 cm,taxable,1,0,0,105,,,https://static.musaibrand.com/images/models/0305/model/large/0305_01_2_1.jpg,MU0305,5,Size,XL,,1,,Color,Alb,,1,,,,,,,,,,,,[63cm]·[73cm],8435782518252
variation,MU03050501,,1,0,visible,,Dimensiuni: 66 * 76 cm,taxable,1,0,0,105,,,https://static.musaibrand.com/images/models/0305/model/large/0305_01_2_1.jpg,MU0305,6,Size,2XL,,1,,Color,Alb,,1,,,,,,,,,,,,[66cm]·[76cm],8435782518306
variation,MU03050601,,1,0,visible,,Dimensiuni: 69 * 79 cm,taxable,1,0,0,105,,,https://static.musaibrand.com/images/models/0305/model/large/0305_01_2_1.jpg,MU0305,7,Size,3XL,,1,,Color,Alb,,1,,,,,,,,,,,,[69cm]·[79cm],8435782518351
variation,MU03052001,,1,0,visible,,Dimensiuni: 35 * 41 cm,taxable,1,0,0,105,,,https://static.musaibrand.com/images/models/0305/model/large/0305_01_2_1.jpg,MU0305,8,Size,2,,1,,Color,Alb,,1,,,,,,,,,,,,[35cm]·[41cm],8435782518405
variation,MU03052201,,1,0,visible,,Dimensiuni: 37 * 44 cm,taxable,1,0,0,105,,,https://static.musaibrand.com/images/models/0305/model/large/0305_01_2_1.jpg,MU0305,9,Size,4,,1,,Color,Alb,,1,,,,,,,,,,,,[37cm]·[44cm],8435782518450
variation,MU03052401,,1,0,visible,,Dimensiuni: 40 * 48 cm,taxable,1,0,0,105,,,https://static.musaibrand.com/images/models/0305/model/large/0305_01_2_1.jpg,MU0305,10,Size,6,,1,,Color,Alb,,1,,,,,,,,,,,,[40cm]·[48cm],8435782518504
variation,MU03052501,,1,0,visible,,Dimensiuni: 43 * 52 cm,taxable,1,0,0,105,,,https://static.musaibrand.com/images/models/0305/model/large/0305_01_2_1.jpg,MU0305,11,Size,8,,1,,Color,Alb,,1,,,,,,,,,,,,[43cm]·[52cm],8435782518559
variation,MU03052601,,1,0,visible,,Dimensiuni: 45 * 56 cm,taxable,1,0,0,105,,,https://static.musaibrand.com/images/models/0305/model/large/0305_01_2_1.jpg,MU0305,12,Size,10,,1,,Color,Alb,,1,,,,,,,,,,,,[45cm]·[56cm],8435782518603
variation,MU03052701,,1,0,visible,,Dimensiuni: 47 * 60 cm,taxable,1,0,0,105,,,https://static.musaibrand.com/images/models/0305/model/large/0305_01_2_1.jpg,MU0305,13,Size,12,,1,,Color,Alb,,1,,,,,,,,,,,,[47cm]·[60cm],8435782518658
variation,MU03052801,,1,0,visible,,Dimensiuni: 49 * 64 cm,taxable,1,0,0,105,,,https://static.musaibrand.com/images/models/0305/model/large/0305_01_2_1.jpg,MU0305,14,Size,14,,1,,Color,Alb,,1,,,,,,,,,,,,[49cm]·[64cm],8435782518702
variation,MU03050002,,1,0,visible,,Dimensiuni: 52 * 64 cm,taxable,1,0,0,105,,,https://static.musaibrand.com/images/models/0305/model/large/0305_02_2_1.jpg,MU0305,15,Size,XS,,1,,Color,Negru,,1,,,,,,,,,,,,[52cm]·[64cm],8435782518061
variation,MU03050102,,1,0,visible,,Dimensiuni: 54 * 66 cm,taxable,1,0,0,105,,,https://static.musaibrand.com/images/models/0305/model/large/0305_02_2_1.jpg,MU0305,16,Size,S,,1,,Color,Negru,,1,,,,,,,,,,,,[54cm]·[66cm],8435782518115
variation,MU03050202,,1,0,visible,,Dimensiuni: 57 * 68 cm,taxable,1,0,0,105,,,https://static.musaibrand.com/images/models/0305/model/large/0305_02_2_1.jpg,MU0305,17,Size,M,,1,,Color,Negru,,1,,,,,,,,,,,,[57cm]·[68cm],8435782518160
variation,MU03050302,,1,0,visible,,Dimensiuni: 60 * 70 cm,taxable,1,0,0,105,,,https://static.musaibrand.com/images/models/0305/model/large/0305_02_2_1.jpg,MU0305,18,Size,L,,1,,Color,Negru,,1,,,,,,,,,,,,[60cm]·[70cm],8435782518214
variation,MU03050402,,1,0,visible,,Dimensiuni: 63 * 73 cm,taxable,1,0,0,105,,,https://static.musaibrand.com/images/models/0305/model/large/0305_02_2_1.jpg,MU0305,19,Size,XL,,1,,Color,Negru,,1,,,,,,,,,,,,[63cm]·[73cm],8435782518269
variation,MU03050502,,1,0,visible,,Dimensiuni: 66 * 76 cm,taxable,1,0,0,105,,,https://static.musaibrand.com/images/models/0305/model/large/0305_02_2_1.jpg,MU0305,20,Size,2XL,,1,,Color,Negru,,1,,,,,,,,,,,,[66cm]·[76cm],8435782518313
variation,MU03050602,,1,0,visible,,Dimensiuni: 69 * 79 cm,taxable,1,0,0,105,,,https://static.musaibrand.com/images/models/0305/model/large/0305_02_2_1.jpg,MU0305,21,Size,3XL,,1,,Color,Negru,,1,,,,,,,,,,,,[69cm]·[79cm],8435782518368
variation,MU03052002,,1,0,visible,,Dimensiuni: 35 * 41 cm,taxable,1,0,0,105,,,https://static.musaibrand.com/images/models/0305/model/large/0305_02_2_1.jpg,MU0305,22,Size,2,,1,,Color,Negru,,1,,,,,,,,,,,,[35cm]·[41cm],8435782518412
variation,MU03052202,,1,0,visible,,Dimensiuni: 37 * 44 cm,taxable,1,0,0,105,,,https://static.musaibrand.com/images/models/0305/model/large/0305_02_2_1.jpg,MU0305,23,Size,4,,1,,Color,Negru,,1,,,,,,,,,,,,[37cm]·[44cm],8435782518467
variation,MU03052402,,1,0,visible,,Dimensiuni: 40 * 48 cm,taxable,1,0,0,105,,,https://static.musaibrand.com/images/models/0305/model/large/0305_02_2_1.jpg,MU0305,24,Size,6,,1,,Color,Negru,,1,,,,,,,,,,,,[40cm]·[48cm],8435782518511
variation,MU03052502,,1,0,visible,,Dimensiuni: 43 * 52 cm,taxable,1,0,0,105,,,https://static.musaibrand.com/images/models/0305/model/large/0305_02_2_1.jpg,MU0305,25,Size,8,,1,,Color,Negru,,1,,,,,,,,,,,,[43cm]·[52cm],8435782518566
variation,MU03052602,,1,0,visible,,Dimensiuni: 45 * 56 cm,taxable,1,0,0,105,,,https://static.musaibrand.com/images/models/0305/model/large/0305_02_2_1.jpg,MU0305,26,Size,10,,1,,Color,Negru,,1,,,,,,,,,,,,[45cm]·[56cm],8435782518610
variation,MU03052702,,1,0,visible,,Dimensiuni: 47 * 60 cm,taxable,1,0,0,105,,,https://static.musaibrand.com/images/models/0305/model/large/0305_02_2_1.jpg,MU0305,27,Size,12,,1,,Color,Negru,,1,,,,,,,,,,,,[47cm]·[60cm],8435782518665
variation,MU03052802,,1,0,visible,,Dimensiuni: 49 * 64 cm,taxable,1,0,0,105,,,https://static.musaibrand.com/images/models/0305/model/large/0305_02_2_1.jpg,MU0305,28,Size,14,,1,,Color,Negru,,1,,,,,,,,,,,,[49cm]·[64cm],8435782518719
variation,MU03050005,,1,0,visible,,Dimensiuni: 52 * 64 cm,taxable,1,0,0,105,,,https://static.musaibrand.com/images/models/0305/model/large/0305_05_2_1.jpg,MU0305,29,Size,XS,,1,,Color,Albastru regal,,1,,,,,,,,,,,,[52cm]·[64cm],8435782518078
variation,MU03050105,,1,0,visible,,Dimensiuni: 54 * 66 cm,taxable,1,0,0,105,,,https://static.musaibrand.com/images/models/0305/model/large/0305_05_2_1.jpg,MU0305,30,Size,S,,1,,Color,Albastru regal,,1,,,,,,,,,,,,[54cm]·[66cm],8435782518122
variation,MU03050205,,1,0,visible,,Dimensiuni: 57 * 68 cm,taxable,1,0,0,105,,,https://static.musaibrand.com/images/models/0305/model/large/0305_05_2_1.jpg,MU0305,31,Size,M,,1,,Color,Albastru regal,,1,,,,,,,,,,,,[57cm]·[68cm],8435782518177
variation,MU03050305,,1,0,visible,,Dimensiuni: 60 * 70 cm,taxable,1,0,0,105,,,https://static.musaibrand.com/images/models/0305/model/large/0305_05_2_1.jpg,MU0305,32,Size,L,,1,,Color,Albastru regal,,1,,,,,,,,,,,,[60cm]·[70cm],8435782518221
variation,MU03050405,,1,0,visible,,Dimensiuni: 63 * 73 cm,taxable,1,0,0,105,,,https://static.musaibrand.com/images/models/0305/model/large/0305_05_2_1.jpg,MU0305,33,Size,XL,,1,,Color,Albastru regal,,1,,,,,,,,,,,,[63cm]·[73cm],8435782518276
variation,MU03050505,,1,0,visible,,Dimensiuni: 66 * 76 cm,taxable,1,0,0,105,,,https://static.musaibrand.com/images/models/0305/model/large/0305_05_2_1.jpg,MU0305,34,Size,2XL,,1,,Color,Albastru regal,,1,,,,,,,,,,,,[66cm]·[76cm],8435782518320
variation,MU03050605,,1,0,visible,,Dimensiuni: 69 * 79 cm,taxable,1,0,0,105,,,https://static.musaibrand.com/images/models/0305/model/large/0305_05_2_1.jpg,MU0305,35,Size,3XL,,1,,Color,Albastru regal,,1,,,,,,,,,,,,[69cm]·[79cm],8435782518375
variation,MU03052005,,1,0,visible,,Dimensiuni: 35 * 41 cm,taxable,1,0,0,105,,,https://static.musaibrand.com/images/models/0305/model/large/0305_05_2_1.jpg,MU0305,36,Size,2,,1,,Color,Albastru regal,,1,,,,,,,,,,,,[35cm]·[41cm],8435782518429
variation,MU03052205,,1,0,visible,,Dimensiuni: 37 * 44 cm,taxable,1,0,0,105,,,https://static.musaibrand.com/images/models/0305/model/large/0305_05_2_1.jpg,MU0305,37,Size,4,,1,,Color,Albastru regal,,1,,,,,,,,,,,,[37cm]·[44cm],8435782518474
variation,MU03052405,,1,0,visible,,Dimensiuni: 40 * 48 cm,taxable,1,0,0,105,,,https://static.musaibrand.com/images/models/0305/model/large/0305_05_2_1.jpg,MU0305,38,Size,6,,1,,Color,Albastru regal,,1,,,,,,,,,,,,[40cm]·[48cm],8435782518528
variation,MU03052505,,1,0,visible,,Dimensiuni: 43 * 52 cm,taxable,1,0,0,105,,,https://static.musaibrand.com/images/models/0305/model/large/0305_05_2_1.jpg,MU0305,39,Size,8,,1,,Color,Albastru regal,,1,,,,,,,,,,,,[43cm]·[52cm],8435782518573
variation,MU03052605,,1,0,visible,,Dimensiuni: 45 * 56 cm,taxable,1,0,0,105,,,https://static.musaibrand.com/images/models/0305/model/large/0305_05_2_1.jpg,MU0305,40,Size,10,,1,,Color,Albastru regal,,1,,,,,,,,,,,,[45cm]·[56cm],8435782518627
variation,MU03052705,,1,0,visible,,Dimensiuni: 47 * 60 cm,taxable,1,0,0,105,,,https://static.musaibrand.com/images/models/0305/model/large/0305_05_2_1.jpg,MU0305,41,Size,12,,1,,Color,Albastru regal,,1,,,,,,,,,,,,[47cm]·[60cm],8435782518672
variation,MU03052805,,1,0,visible,,Dimensiuni: 49 * 64 cm,taxable,1,0,0,105,,,https://static.musaibrand.com/images/models/0305/model/large/0305_05_2_1.jpg,MU0305,42,Size,14,,1,,Color,Albastru regal,,1,,,,,,,,,,,,[49cm]·[64cm],8435782518726
variation,MU03050055,,1,0,visible,,Dimensiuni: 52 * 64 cm,taxable,1,0,0,105,,,https://static.musaibrand.com/images/models/0305/model/large/0305_55_2_1.jpg,MU0305,43,Size,XS,,1,,Color,Albastru marin,,1,,,,,,,,,,,,[52cm]·[64cm],8435782518085
variation,MU03050155,,1,0,visible,,Dimensiuni: 54 * 66 cm,taxable,1,0,0,105,,,https://static.musaibrand.com/images/models/0305/model/large/0305_55_2_1.jpg,MU0305,44,Size,S,,1,,Color,Albastru marin,,1,,,,,,,,,,,,[54cm]·[66cm],8435782518139
variation,MU03050255,,1,0,visible,,Dimensiuni: 57 * 68 cm,taxable,1,0,0,105,,,https://static.musaibrand.com/images/models/0305/model/large/0305_55_2_1.jpg,MU0305,45,Size,M,,1,,Color,Albastru marin,,1,,,,,,,,,,,,[57cm]·[68cm],8435782518184
variation,MU03050355,,1,0,visible,,Dimensiuni: 60 * 70 cm,taxable,1,0,0,105,,,https://static.musaibrand.com/images/models/0305/model/large/0305_55_2_1.jpg,MU0305,46,Size,L,,1,,Color,Albastru marin,,1,,,,,,,,,,,,[60cm]·[70cm],8435782518238
variation,MU03050455,,1,0,visible,,Dimensiuni: 63 * 73 cm,taxable,1,0,0,105,,,https://static.musaibrand.com/images/models/0305/model/large/0305_55_2_1.jpg,MU0305,47,Size,XL,,1,,Color,Albastru marin,,1,,,,,,,,,,,,[63cm]·[73cm],8435782518283
variation,MU03050555,,1,0,visible,,Dimensiuni: 66 * 76 cm,taxable,1,0,0,105,,,https://static.musaibrand.com/images/models/0305/model/large/0305_55_2_1.jpg,MU0305,48,Size,2XL,,1,,Color,Albastru marin,,1,,,,,,,,,,,,[66cm]·[76cm],8435782518337
variation,MU03050655,,1,0,visible,,Dimensiuni: 69 * 79 cm,taxable,1,0,0,105,,,https://static.musaibrand.com/images/models/0305/model/large/0305_55_2_1.jpg,MU0305,49,Size,3XL,,1,,Color,Albastru marin,,1,,,,,,,,,,,,[69cm]·[79cm],8435782518382
variation,MU03052055,,1,0,visible,,Dimensiuni: 35 * 41 cm,taxable,1,0,0,105,,,https://static.musaibrand.com/images/models/0305/model/large/0305_55_2_1.jpg,MU0305,50,Size,2,,1,,Color,Albastru marin,,1,,,,,,,,,,,,[35cm]·[41cm],8435782518436
variation,MU03052255,,1,0,visible,,Dimensiuni: 37 * 44 cm,taxable,1,0,0,105,,,https://static.musaibrand.com/images/models/0305/model/large/0305_55_2_1.jpg,MU0305,51,Size,4,,1,,Color,Albastru marin,,1,,,,,,,,,,,,[37cm]·[44cm],8435782518481
variation,MU03052455,,1,0,visible,,Dimensiuni: 40 * 48 cm,taxable,1,0,0,105,,,https://static.musaibrand.com/images/models/0305/model/large/0305_55_2_1.jpg,MU0305,52,Size,6,,1,,Color,Albastru marin,,1,,,,,,,,,,,,[40cm]·[48cm],8435782518535
variation,MU03052555,,1,0,visible,,Dimensiuni: 43 * 52 cm,taxable,1,0,0,105,,,https://static.musaibrand.com/images/models/0305/model/large/0305_55_2_1.jpg,MU0305,53,Size,8,,1,,Color,Albastru marin,,1,,,,,,,,,,,,[43cm]·[52cm],8435782518580
variation,MU03052655,,1,0,visible,,Dimensiuni: 45 * 56 cm,taxable,1,0,0,105,,,https://static.musaibrand.com/images/models/0305/model/large/0305_55_2_1.jpg,MU0305,54,Size,10,,1,,Color,Albastru marin,,1,,,,,,,,,,,,[45cm]·[56cm],8435782518634
variation,MU03052755,,1,0,visible,,Dimensiuni: 47 * 60 cm,taxable,1,0,0,105,,,https://static.musaibrand.com/images/models/0305/model/large/0305_55_2_1.jpg,MU0305,55,Size,12,,1,,Color,Albastru marin,,1,,,,,,,,,,,,[47cm]·[60cm],8435782518689
variation,MU03052855,,1,0,visible,,Dimensiuni: 49 * 64 cm,taxable,1,0,0,105,,,https://static.musaibrand.com/images/models/0305/model/large/0305_55_2_1.jpg,MU0305,56,Size,14,,1,,Color,Albastru marin,,1,,,,,,,,,,,,[49cm]·[64cm],8435782518733
variation,MU03050060,,1,0,visible,,Dimensiuni: 52 * 64 cm,taxable,1,0,0,105,,,https://static.musaibrand.com/images/models/0305/model/large/0305_60_2_1.jpg,MU0305,57,Size,XS,,1,,Color,ROȘU,,1,,,,,,,,,,,,[52cm]·[64cm],8435782518092
variation,MU03050160,,1,0,visible,,Dimensiuni: 54 * 66 cm,taxable,1,0,0,105,,,https://static.musaibrand.com/images/models/0305/model/large/0305_60_2_1.jpg,MU0305,58,Size,S,,1,,Color,ROȘU,,1,,,,,,,,,,,,[54cm]·[66cm],8435782518146
variation,MU03050260,,1,0,visible,,Dimensiuni: 57 * 68 cm,taxable,1,0,0,105,,,https://static.musaibrand.com/images/models/0305/model/large/0305_60_2_1.jpg,MU0305,59,Size,M,,1,,Color,ROȘU,,1,,,,,,,,,,,,[57cm]·[68cm],8435782518191
variation,MU03050360,,1,0,visible,,Dimensiuni: 60 * 70 cm,taxable,1,0,0,105,,,https://static.musaibrand.com/images/models/0305/model/large/0305_60_2_1.jpg,MU0305,60,Size,L,,1,,Color,ROȘU,,1,,,,,,,,,,,,[60cm]·[70cm],8435782518245
variation,MU03050460,,1,0,visible,,Dimensiuni: 63 * 73 cm,taxable,1,0,0,105,,,https://static.musaibrand.com/images/models/0305/model/large/0305_60_2_1.jpg,MU0305,61,Size,XL,,1,,Color,ROȘU,,1,,,,,,,,,,,,[63cm]·[73cm],8435782518290
variation,MU03050560,,1,0,visible,,Dimensiuni: 66 * 76 cm,taxable,1,0,0,105,,,https://static.musaibrand.com/images/models/0305/model/large/0305_60_2_1.jpg,MU0305,62,Size,2XL,,1,,Color,ROȘU,,1,,,,,,,,,,,,[66cm]·[76cm],8435782518344
variation,MU03050660,,1,0,visible,,Dimensiuni: 69 * 79 cm,taxable,1,0,0,105,,,https://static.musaibrand.com/images/models/0305/model/large/0305_60_2_1.jpg,MU0305,63,Size,3XL,,1,,Color,ROȘU,,1,,,,,,,,,,,,[69cm]·[79cm],8435782518399
variation,MU03052060,,1,0,visible,,Dimensiuni: 35 * 41 cm,taxable,1,0,0,105,,,https://static.musaibrand.com/images/models/0305/model/large/0305_60_2_1.jpg,MU0305,64,Size,2,,1,,Color,ROȘU,,1,,,,,,,,,,,,[35cm]·[41cm],8435782518443
variation,MU03052260,,1,0,visible,,Dimensiuni: 37 * 44 cm,taxable,1,0,0,105,,,https://static.musaibrand.com/images/models/0305/model/large/0305_60_2_1.jpg,MU0305,65,Size,4,,1,,Color,ROȘU,,1,,,,,,,,,,,,[37cm]·[44cm],8435782518498
variation,MU03052460,,1,0,visible,,Dimensiuni: 40 * 48 cm,taxable,1,0,0,105,,,https://static.musaibrand.com/images/models/0305/model/large/0305_60_2_1.jpg,MU0305,66,Size,6,,1,,Color,ROȘU,,1,,,,,,,,,,,,[40cm]·[48cm],8435782518542
variation,MU03052560,,1,0,visible,,Dimensiuni: 43 * 52 cm,taxable,1,0,0,105,,,https://static.musaibrand.com/images/models/0305/model/large/0305_60_2_1.jpg,MU0305,67,Size,8,,1,,Color,ROȘU,,1,,,,,,,,,,,,[43cm]·[52cm],8435782518597
variation,MU03052660,,1,0,visible,,Dimensiuni: 45 * 56 cm,taxable,1,0,0,105,,,https://static.musaibrand.com/images/models/0305/model/large/0305_60_2_1.jpg,MU0305,68,Size,10,,1,,Color,ROȘU,,1,,,,,,,,,,,,[45cm]·[56cm],8435782518641
variation,MU03052760,,1,0,visible,,Dimensiuni: 47 * 60 cm,taxable,1,0,0,105,,,https://static.musaibrand.com/images/models/0305/model/large/0305_60_2_1.jpg,MU0305,69,Size,12,,1,,Color,ROȘU,,1,,,,,,,,,,,,[47cm]·[60cm],8435782518696
variation,MU03052860,,1,0,visible,,Dimensiuni: 49 * 64 cm,taxable,1,0,0,105,,,https://static.musaibrand.com/images/models/0305/model/large/0305_60_2_1.jpg,MU0305,70,Size,14,,1,,Color,ROȘU,,1,,,,,,,,,,,,[49cm]·[64cm],8435782518740
variable,MU0305-K,Hanorac Ubora Copii,1,0,visible,,"<p>Hanorac tehnic pentru copii cu guler rotund, realizat din poliester piqué reciclat, cu căptușeală moale periată.</p><p><strong>Compoziție:</strong> 100% poliester pique reciclat</p><p><br>· Guler cu nervuri, manșete și tiv 1x1.<br>· Acoperire elastică a cusăturii pe guler.<br>· Detaliu cu logo brodat pe piept.</p><h4>Dimensiuni</h4><table style='border-collapse:collapse;margin:8px 0'><tr><th style='padding:4px 12px;border:1px solid #ddd;text-align:left'>Mărime</th><th style='padding:4px 12px;border:1px solid #ddd;text-align:left'>Dimensiuni</th></tr><tr><td style='padding:4px 12px;border:1px solid #ddd'>XS</td><td style='padding:4px 12px;border:1px solid #ddd'>52 * 64 cm</td></tr><tr><td style='padding:4px 12px;border:1px solid #ddd'>S</td><td style='padding:4px 12px;border:1px solid #ddd'>54 * 66 cm</td></tr><tr><td style='padding:4px 12px;border:1px solid #ddd'>M</td><td style='padding:4px 12px;border:1px solid #ddd'>57 * 68 cm</td></tr><tr><td style='padding:4px 12px;border:1px solid #ddd'>L</td><td style='padding:4px 12px;border:1px solid #ddd'>60 * 70 cm</td></tr><tr><td style='padding:4px 12px;border:1px solid #ddd'>XL</td><td style='padding:4px 12px;border:1px solid #ddd'>63 * 73 cm</td></tr><tr><td style='padding:4px 12px;border:1px solid #ddd'>2XL</td><td style='padding:4px 12px;border:1px solid #ddd'>66 * 76 cm</td></tr><tr><td style='padding:4px 12px;border:1px solid #ddd'>3XL</td><td style='padding:4px 12px;border:1px solid #ddd'>69 * 79 cm</td></tr><tr><td style='padding:4px 12px;border:1px solid #ddd'>2</td><td style='padding:4px 12px;border:1px solid #ddd'>35 * 41 cm</td></tr><tr><td style='padding:4px 12px;border:1px solid #ddd'>4</td><td style='padding:4px 12px;border:1px solid #ddd'>37 * 44 cm</td></tr><tr><td style='padding:4px 12px;border:1px solid #ddd'>6</td><td style='padding:4px 12px;border:1px solid #ddd'>40 * 48 cm</td></tr><tr><td style='padding:4px 12px;border:1px solid #ddd'>8</td><td style='padding:4px 12px;border:1px solid #ddd'>43 * 52 cm</td></tr><tr><td style='padding:4px 12px;border:1px solid #ddd'>10</td><td style='padding:4px 12px;border:1px solid #ddd'>45 * 56 cm</td></tr><tr><td style='padding:4px 12px;border:1px solid #ddd'>12</td><td style='padding:4px 12px;border:1px solid #ddd'>47 * 60 cm</td></tr><tr><td style='padding:4px 12px;border:1px solid #ddd'>14</td><td style='padding:4px 12px;border:1px solid #ddd'>49 * 64 cm</td></tr></table>",taxable,1,0,0,,Hanorace,MUSAI,"https://static.musaibrand.com/images/models/0305-K/model/large/0305-K_01_1_1.jpg,https://static.musaibrand.com/images/models/0305-K/model/large/0305-K_02_1_1.jpg,https://static.musaibrand.com/images/models/0305-K/model/large/0305-K_05_1_1.jpg,https://static.musaibrand.com/images/models/0305-K/model/large/0305-K_55_1_1.jpg,https://static.musaibrand.com/images/models/0305-K/model/large/0305-K_60_1_1.jpg,https://static.musaibrand.com/images/models/0305-K/model/large/0305-K_01_2_1.jpg,https://static.musaibrand.com/images/models/0305-K/model/large/0305-K_02_2_1.jpg,https://static.musaibrand.com/images/models/0305-K/model/large/0305-K_05_2_1.jpg,https://static.musaibrand.com/images/models/0305-K/model/large/0305-K_55_2_1.jpg,https://static.musaibrand.com/images/models/0305-K/model/large/0305-K_60_2_1.jpg",,0,Size,"XS, S, M, L, XL, 2XL, 3XL, 2, 4, 6, 8, 10, 12, 14",1,1,,Color,"Alb, Negru, Albastru regal, Albastru marin, ROȘU",1,1,,Gender,Unisex,1,1,,Dimensiuni,"[52cm]·[64cm], [54cm]·[66cm], [57cm]·[68cm], [60cm]·[70cm], [63cm]·[73cm], [66cm]·[76cm], [69cm]·[79cm], [35cm]·[41cm], [37cm]·[44cm], [40cm]·[48cm], [43cm]·[52cm], [45cm]·[56cm], [47cm]·[60cm], [49cm]·[64cm]",1,0,,,
variation,MU03050001-K,,1,0,visible,,Dimensiuni: 52 * 64 cm,taxable,1,0,0,105,,,https://static.musaibrand.com/images/models/0305-K/model/large/0305-K_01_2_1.jpg,MU0305-K,1,Size,XS,,1,,Color,Alb,,1,,,,,,,,,,,,[52cm]·[64cm],8435782518054
variation,MU03050101-K,,1,0,visible,,Dimensiuni: 54 * 66 cm,taxable,1,0,0,105,,,https://static.musaibrand.com/images/models/0305-K/model/large/0305-K_01_2_1.jpg,MU0305-K,2,Size,S,,1,,Color,Alb,,1,,,,,,,,,,,,[54cm]·[66cm],8435782518108
variation,MU03050201-K,,1,0,visible,,Dimensiuni: 57 * 68 cm,taxable,1,0,0,105,,,https://static.musaibrand.com/images/models/0305-K/model/large/0305-K_01_2_1.jpg,MU0305-K,3,Size,M,,1,,Color,Alb,,1,,,,,,,,,,,,[57cm]·[68cm],8435782518153
variation,MU03050301-K,,1,0,visible,,Dimensiuni: 60 * 70 cm,taxable,1,0,0,105,,,https://static.musaibrand.com/images/models/0305-K/model/large/0305-K_01_2_1.jpg,MU0305-K,4,Size,L,,1,,Color,Alb,,1,,,,,,,,,,,,[60cm]·[70cm],8435782518207
variation,MU03050401-K,,1,0,visible,,Dimensiuni: 63 * 73 cm,taxable,1,0,0,105,,,https://static.musaibrand.com/images/models/0305-K/model/large/0305-K_01_2_1.jpg,MU0305-K,5,Size,XL,,1,,Color,Alb,,1,,,,,,,,,,,,[63cm]·[73cm],8435782518252
variation,MU03050501-K,,1,0,visible,,Dimensiuni: 66 * 76 cm,taxable,1,0,0,105,,,https://static.musaibrand.com/images/models/0305-K/model/large/0305-K_01_2_1.jpg,MU0305-K,6,Size,2XL,,1,,Color,Alb,,1,,,,,,,,,,,,[66cm]·[76cm],8435782518306
variation,MU03050601-K,,1,0,visible,,Dimensiuni: 69 * 79 cm,taxable,1,0,0,105,,,https://static.musaibrand.com/images/models/0305-K/model/large/0305-K_01_2_1.jpg,MU0305-K,7,Size,3XL,,1,,Color,Alb,,1,,,,,,,,,,,,[69cm]·[79cm],8435782518351
variation,MU03052001-K,,1,0,visible,,Dimensiuni: 35 * 41 cm,taxable,1,0,0,105,,,https://static.musaibrand.com/images/models/0305-K/model/large/0305-K_01_2_1.jpg,MU0305-K,8,Size,2,,1,,Color,Alb,,1,,,,,,,,,,,,[35cm]·[41cm],8435782518405
variation,MU03052201-K,,1,0,visible,,Dimensiuni: 37 * 44 cm,taxable,1,0,0,105,,,https://static.musaibrand.com/images/models/0305-K/model/large/0305-K_01_2_1.jpg,MU0305-K,9,Size,4,,1,,Color,Alb,,1,,,,,,,,,,,,[37cm]·[44cm],8435782518450
variation,MU03052401-K,,1,0,visible,,Dimensiuni: 40 * 48 cm,taxable,1,0,0,105,,,https://static.musaibrand.com/images/models/0305-K/model/large/0305-K_01_2_1.jpg,MU0305-K,10,Size,6,,1,,Color,Alb,,1,,,,,,,,,,,,[40cm]·[48cm],8435782518504
variation,MU03052501-K,,1,0,visible,,Dimensiuni: 43 * 52 cm,taxable,1,0,0,105,,,https://static.musaibrand.com/images/models/0305-K/model/large/0305-K_01_2_1.jpg,MU0305-K,11,Size,8,,1,,Color,Alb,,1,,,,,,,,,,,,[43cm]·[52cm],8435782518559
variation,MU03052601-K,,1,0,visible,,Dimensiuni: 45 * 56 cm,taxable,1,0,0,105,,,https://static.musaibrand.com/images/models/0305-K/model/large/0305-K_01_2_1.jpg,MU0305-K,12,Size,10,,1,,Color,Alb,,1,,,,,,,,,,,,[45cm]·[56cm],8435782518603
variation,MU03052701-K,,1,0,visible,,Dimensiuni: 47 * 60 cm,taxable,1,0,0,105,,,https://static.musaibrand.com/images/models/0305-K/model/large/0305-K_01_2_1.jpg,MU0305-K,13,Size,12,,1,,Color,Alb,,1,,,,,,,,,,,,[47cm]·[60cm],8435782518658
variation,MU03052801-K,,1,0,visible,,Dimensiuni: 49 * 64 cm,taxable,1,0,0,105,,,https://static.musaibrand.com/images/models/0305-K/model/large/0305-K_01_2_1.jpg,MU0305-K,14,Size,14,,1,,Color,Alb,,1,,,,,,,,,,,,[49cm]·[64cm],8435782518702
variation,MU03050002-K,,1,0,visible,,Dimensiuni: 52 * 64 cm,taxable,1,0,0,105,,,https://static.musaibrand.com/images/models/0305-K/model/large/0305-K_02_2_1.jpg,MU0305-K,15,Size,XS,,1,,Color,Negru,,1,,,,,,,,,,,,[52cm]·[64cm],8435782518061
variation,MU03050102-K,,1,0,visible,,Dimensiuni: 54 * 66 cm,taxable,1,0,0,105,,,https://static.musaibrand.com/images/models/0305-K/model/large/0305-K_02_2_1.jpg,MU0305-K,16,Size,S,,1,,Color,Negru,,1,,,,,,,,,,,,[54cm]·[66cm],8435782518115
variation,MU03050202-K,,1,0,visible,,Dimensiuni: 57 * 68 cm,taxable,1,0,0,105,,,https://static.musaibrand.com/images/models/0305-K/model/large/0305-K_02_2_1.jpg,MU0305-K,17,Size,M,,1,,Color,Negru,,1,,,,,,,,,,,,[57cm]·[68cm],8435782518160
variation,MU03050302-K,,1,0,visible,,Dimensiuni: 60 * 70 cm,taxable,1,0,0,105,,,https://static.musaibrand.com/images/models/0305-K/model/large/0305-K_02_2_1.jpg,MU0305-K,18,Size,L,,1,,Color,Negru,,1,,,,,,,,,,,,[60cm]·[70cm],8435782518214
variation,MU03050402-K,,1,0,visible,,Dimensiuni: 63 * 73 cm,taxable,1,0,0,105,,,https://static.musaibrand.com/images/models/0305-K/model/large/0305-K_02_2_1.jpg,MU0305-K,19,Size,XL,,1,,Color,Negru,,1,,,,,,,,,,,,[63cm]·[73cm],8435782518269
variation,MU03050502-K,,1,0,visible,,Dimensiuni: 66 * 76 cm,taxable,1,0,0,105,,,https://static.musaibrand.com/images/models/0305-K/model/large/0305-K_02_2_1.jpg,MU0305-K,20,Size,2XL,,1,,Color,Negru,,1,,,,,,,,,,,,[66cm]·[76cm],8435782518313
variation,MU03050602-K,,1,0,visible,,Dimensiuni: 69 * 79 cm,taxable,1,0,0,105,,,https://static.musaibrand.com/images/models/0305-K/model/large/0305-K_02_2_1.jpg,MU0305-K,21,Size,3XL,,1,,Color,Negru,,1,,,,,,,,,,,,[69cm]·[79cm],8435782518368
variation,MU03052002-K,,1,0,visible,,Dimensiuni: 35 * 41 cm,taxable,1,0,0,105,,,https://static.musaibrand.com/images/models/0305-K/model/large/0305-K_02_2_1.jpg,MU0305-K,22,Size,2,,1,,Color,Negru,,1,,,,,,,,,,,,[35cm]·[41cm],8435782518412
variation,MU03052202-K,,1,0,visible,,Dimensiuni: 37 * 44 cm,taxable,1,0,0,105,,,https://static.musaibrand.com/images/models/0305-K/model/large/0305-K_02_2_1.jpg,MU0305-K,23,Size,4,,1,,Color,Negru,,1,,,,,,,,,,,,[37cm]·[44cm],8435782518467
variation,MU03052402-K,,1,0,visible,,Dimensiuni: 40 * 48 cm,taxable,1,0,0,105,,,https://static.musaibrand.com/images/models/0305-K/model/large/0305-K_02_2_1.jpg,MU0305-K,24,Size,6,,1,,Color,Negru,,1,,,,,,,,,,,,[40cm]·[48cm],8435782518511
variation,MU03052502-K,,1,0,visible,,Dimensiuni: 43 * 52 cm,taxable,1,0,0,105,,,https://static.musaibrand.com/images/models/0305-K/model/large/0305-K_02_2_1.jpg,MU0305-K,25,Size,8,,1,,Color,Negru,,1,,,,,,,,,,,,[43cm]·[52cm],8435782518566
variation,MU03052602-K,,1,0,visible,,Dimensiuni: 45 * 56 cm,taxable,1,0,0,105,,,https://static.musaibrand.com/images/models/0305-K/model/large/0305-K_02_2_1.jpg,MU0305-K,26,Size,10,,1,,Color,Negru,,1,,,,,,,,,,,,[45cm]·[56cm],8435782518610
variation,MU03052702-K,,1,0,visible,,Dimensiuni: 47 * 60 cm,taxable,1,0,0,105,,,https://static.musaibrand.com/images/models/0305-K/model/large/0305-K_02_2_1.jpg,MU0305-K,27,Size,12,,1,,Color,Negru,,1,,,,,,,,,,,,[47cm]·[60cm],8435782518665
variation,MU03052802-K,,1,0,visible,,Dimensiuni: 49 * 64 cm,taxable,1,0,0,105,,,https://static.musaibrand.com/images/models/0305-K/model/large/0305-K_02_2_1.jpg,MU0305-K,28,Size,14,,1,,Color,Negru,,1,,,,,,,,,,,,[49cm]·[64cm],8435782518719
variation,MU03050005-K,,1,0,visible,,Dimensiuni: 52 * 64 cm,taxable,1,0,0,105,,,https://static.musaibrand.com/images/models/0305-K/model/large/0305-K_05_2_1.jpg,MU0305-K,29,Size,XS,,1,,Color,Albastru regal,,1,,,,,,,,,,,,[52cm]·[64cm],8435782518078
variation,MU03050105-K,,1,0,visible,,Dimensiuni: 54 * 66 cm,taxable,1,0,0,105,,,https://static.musaibrand.com/images/models/0305-K/model/large/0305-K_05_2_1.jpg,MU0305-K,30,Size,S,,1,,Color,Albastru regal,,1,,,,,,,,,,,,[54cm]·[66cm],8435782518122
variation,MU03050205-K,,1,0,visible,,Dimensiuni: 57 * 68 cm,taxable,1,0,0,105,,,https://static.musaibrand.com/images/models/0305-K/model/large/0305-K_05_2_1.jpg,MU0305-K,31,Size,M,,1,,Color,Albastru regal,,1,,,,,,,,,,,,[57cm]·[68cm],8435782518177
variation,MU03050305-K,,1,0,visible,,Dimensiuni: 60 * 70 cm,taxable,1,0,0,105,,,https://static.musaibrand.com/images/models/0305-K/model/large/0305-K_05_2_1.jpg,MU0305-K,32,Size,L,,1,,Color,Albastru regal,,1,,,,,,,,,,,,[60cm]·[70cm],8435782518221
variation,MU03050405-K,,1,0,visible,,Dimensiuni: 63 * 73 cm,taxable,1,0,0,105,,,https://static.musaibrand.com/images/models/0305-K/model/large/0305-K_05_2_1.jpg,MU0305-K,33,Size,XL,,1,,Color,Albastru regal,,1,,,,,,,,,,,,[63cm]·[73cm],8435782518276
variation,MU03050505-K,,1,0,visible,,Dimensiuni: 66 * 76 cm,taxable,1,0,0,105,,,https://static.musaibrand.com/images/models/0305-K/model/large/0305-K_05_2_1.jpg,MU0305-K,34,Size,2XL,,1,,Color,Albastru regal,,1,,,,,,,,,,,,[66cm]·[76cm],8435782518320
variation,MU03050605-K,,1,0,visible,,Dimensiuni: 69 * 79 cm,taxable,1,0,0,105,,,https://static.musaibrand.com/images/models/0305-K/model/large/0305-K_05_2_1.jpg,MU0305-K,35,Size,3XL,,1,,Color,Albastru regal,,1,,,,,,,,,,,,[69cm]·[79cm],8435782518375
variation,MU03052005-K,,1,0,visible,,Dimensiuni: 35 * 41 cm,taxable,1,0,0,105,,,https://static.musaibrand.com/images/models/0305-K/model/large/0305-K_05_2_1.jpg,MU0305-K,36,Size,2,,1,,Color,Albastru regal,,1,,,,,,,,,,,,[35cm]·[41cm],8435782518429
variation,MU03052205-K,,1,0,visible,,Dimensiuni: 37 * 44 cm,taxable,1,0,0,105,,,https://static.musaibrand.com/images/models/0305-K/model/large/0305-K_05_2_1.jpg,MU0305-K,37,Size,4,,1,,Color,Albastru regal,,1,,,,,,,,,,,,[37cm]·[44cm],8435782518474
variation,MU03052405-K,,1,0,visible,,Dimensiuni: 40 * 48 cm,taxable,1,0,0,105,,,https://static.musaibrand.com/images/models/0305-K/model/large/0305-K_05_2_1.jpg,MU0305-K,38,Size,6,,1,,Color,Albastru regal,,1,,,,,,,,,,,,[40cm]·[48cm],8435782518528
variation,MU03052505-K,,1,0,visible,,Dimensiuni: 43 * 52 cm,taxable,1,0,0,105,,,https://static.musaibrand.com/images/models/0305-K/model/large/0305-K_05_2_1.jpg,MU0305-K,39,Size,8,,1,,Color,Albastru regal,,1,,,,,,,,,,,,[43cm]·[52cm],8435782518573
variation,MU03052605-K,,1,0,visible,,Dimensiuni: 45 * 56 cm,taxable,1,0,0,105,,,https://static.musaibrand.com/images/models/0305-K/model/large/0305-K_05_2_1.jpg,MU0305-K,40,Size,10,,1,,Color,Albastru regal,,1,,,,,,,,,,,,[45cm]·[56cm],8435782518627
variation,MU03052705-K,,1,0,visible,,Dimensiuni: 47 * 60 cm,taxable,1,0,0,105,,,https://static.musaibrand.com/images/models/0305-K/model/large/0305-K_05_2_1.jpg,MU0305-K,41,Size,12,,1,,Color,Albastru regal,,1,,,,,,,,,,,,[47cm]·[60cm],8435782518672
variation,MU03052805-K,,1,0,visible,,Dimensiuni: 49 * 64 cm,taxable,1,0,0,105,,,https://static.musaibrand.com/images/models/0305-K/model/large/0305-K_05_2_1.jpg,MU0305-K,42,Size,14,,1,,Color,Albastru regal,,1,,,,,,,,,,,,[49cm]·[64cm],8435782518726
variation,MU03050055-K,,1,0,visible,,Dimensiuni: 52 * 64 cm,taxable,1,0,0,105,,,https://static.musaibrand.com/images/models/0305-K/model/large/0305-K_55_2_1.jpg,MU0305-K,43,Size,XS,,1,,Color,Albastru marin,,1,,,,,,,,,,,,[52cm]·[64cm],8435782518085
variation,MU03050155-K,,1,0,visible,,Dimensiuni: 54 * 66 cm,taxable,1,0,0,105,,,https://static.musaibrand.com/images/models/0305-K/model/large/0305-K_55_2_1.jpg,MU0305-K,44,Size,S,,1,,Color,Albastru marin,,1,,,,,,,,,,,,[54cm]·[66cm],8435782518139
variation,MU03050255-K,,1,0,visible,,Dimensiuni: 57 * 68 cm,taxable,1,0,0,105,,,https://static.musaibrand.com/images/models/0305-K/model/large/0305-K_55_2_1.jpg,MU0305-K,45,Size,M,,1,,Color,Albastru marin,,1,,,,,,,,,,,,[57cm]·[68cm],8435782518184
variation,MU03050355-K,,1,0,visible,,Dimensiuni: 60 * 70 cm,taxable,1,0,0,105,,,https://static.musaibrand.com/images/models/0305-K/model/large/0305-K_55_2_1.jpg,MU0305-K,46,Size,L,,1,,Color,Albastru marin,,1,,,,,,,,,,,,[60cm]·[70cm],8435782518238
variation,MU03050455-K,,1,0,visible,,Dimensiuni: 63 * 73 cm,taxable,1,0,0,105,,,https://static.musaibrand.com/images/models/0305-K/model/large/0305-K_55_2_1.jpg,MU0305-K,47,Size,XL,,1,,Color,Albastru marin,,1,,,,,,,,,,,,[63cm]·[73cm],8435782518283
variation,MU03050555-K,,1,0,visible,,Dimensiuni: 66 * 76 cm,taxable,1,0,0,105,,,https://static.musaibrand.com/images/models/0305-K/model/large/0305-K_55_2_1.jpg,MU0305-K,48,Size,2XL,,1,,Color,Albastru marin,,1,,,,,,,,,,,,[66cm]·[76cm],8435782518337
variation,MU03050655-K,,1,0,visible,,Dimensiuni: 69 * 79 cm,taxable,1,0,0,105,,,https://static.musaibrand.com/images/models/0305-K/model/large/0305-K_55_2_1.jpg,MU0305-K,49,Size,3XL,,1,,Color,Albastru marin,,1,,,,,,,,,,,,[69cm]·[79cm],8435782518382
variation,MU03052055-K,,1,0,visible,,Dimensiuni: 35 * 41 cm,taxable,1,0,0,105,,,https://static.musaibrand.com/images/models/0305-K/model/large/0305-K_55_2_1.jpg,MU0305-K,50,Size,2,,1,,Color,Albastru marin,,1,,,,,,,,,,,,[35cm]·[41cm],8435782518436
variation,MU03052255-K,,1,0,visible,,Dimensiuni: 37 * 44 cm,taxable,1,0,0,105,,,https://static.musaibrand.com/images/models/0305-K/model/large/0305-K_55_2_1.jpg,MU0305-K,51,Size,4,,1,,Color,Albastru marin,,1,,,,,,,,,,,,[37cm]·[44cm],8435782518481
variation,MU03052455-K,,1,0,visible,,Dimensiuni: 40 * 48 cm,taxable,1,0,0,105,,,https://static.musaibrand.com/images/models/0305-K/model/large/0305-K_55_2_1.jpg,MU0305-K,52,Size,6,,1,,Color,Albastru marin,,1,,,,,,,,,,,,[40cm]·[48cm],8435782518535
variation,MU03052555-K,,1,0,visible,,Dimensiuni: 43 * 52 cm,taxable,1,0,0,105,,,https://static.musaibrand.com/images/models/0305-K/model/large/0305-K_55_2_1.jpg,MU0305-K,53,Size,8,,1,,Color,Albastru marin,,1,,,,,,,,,,,,[43cm]·[52cm],8435782518580
variation,MU03052655-K,,1,0,visible,,Dimensiuni: 45 * 56 cm,taxable,1,0,0,105,,,https://static.musaibrand.com/images/models/0305-K/model/large/0305-K_55_2_1.jpg,MU0305-K,54,Size,10,,1,,Color,Albastru marin,,1,,,,,,,,,,,,[45cm]·[56cm],8435782518634
variation,MU03052755-K,,1,0,visible,,Dimensiuni: 47 * 60 cm,taxable,1,0,0,105,,,https://static.musaibrand.com/images/models/0305-K/model/large/0305-K_55_2_1.jpg,MU0305-K,55,Size,12,,1,,Color,Albastru marin,,1,,,,,,,,,,,,[47cm]·[60cm],8435782518689
variation,MU03052855-K,,1,0,visible,,Dimensiuni: 49 * 64 cm,taxable,1,0,0,105,,,https://static.musaibrand.com/images/models/0305-K/model/large/0305-K_55_2_1.jpg,MU0305-K,56,Size,14,,1,,Color,Albastru marin,,1,,,,,,,,,,,,[49cm]·[64cm],8435782518733
variation,MU03050060-K,,1,0,visible,,Dimensiuni: 52 * 64 cm,taxable,1,0,0,105,,,https://static.musaibrand.com/images/models/0305-K/model/large/0305-K_60_2_1.jpg,MU0305-K,57,Size,XS,,1,,Color,ROȘU,,1,,,,,,,,,,,,[52cm]·[64cm],8435782518092
variation,MU03050160-K,,1,0,visible,,Dimensiuni: 54 * 66 cm,taxable,1,0,0,105,,,https://static.musaibrand.com/images/models/0305-K/model/large/0305-K_60_2_1.jpg,MU0305-K,58,Size,S,,1,,Color,ROȘU,,1,,,,,,,,,,,,[54cm]·[66cm],8435782518146
variation,MU03050260-K,,1,0,visible,,Dimensiuni: 57 * 68 cm,taxable,1,0,0,105,,,https://static.musaibrand.com/images/models/0305-K/model/large/0305-K_60_2_1.jpg,MU0305-K,59,Size,M,,1,,Color,ROȘU,,1,,,,,,,,,,,,[57cm]·[68cm],8435782518191
variation,MU03050360-K,,1,0,visible,,Dimensiuni: 60 * 70 cm,taxable,1,0,0,105,,,https://static.musaibrand.com/images/models/0305-K/model/large/0305-K_60_2_1.jpg,MU0305-K,60,Size,L,,1,,Color,ROȘU,,1,,,,,,,,,,,,[60cm]·[70cm],8435782518245
variation,MU03050460-K,,1,0,visible,,Dimensiuni: 63 * 73 cm,taxable,1,0,0,105,,,https://static.musaibrand.com/images/models/0305-K/model/large/0305-K_60_2_1.jpg,MU0305-K,61,Size,XL,,1,,Color,ROȘU,,1,,,,,,,,,,,,[63cm]·[73cm],8435782518290
variation,MU03050560-K,,1,0,visible,,Dimensiuni: 66 * 76 cm,taxable,1,0,0,105,,,https://static.musaibrand.com/images/models/0305-K/model/large/0305-K_60_2_1.jpg,MU0305-K,62,Size,2XL,,1,,Color,ROȘU,,1,,,,,,,,,,,,[66cm]·[76cm],8435782518344
variation,MU03050660-K,,1,0,visible,,Dimensiuni: 69 * 79 cm,taxable,1,0,0,105,,,https://static.musaibrand.com/images/models/0305-K/model/large/0305-K_60_2_1.jpg,MU0305-K,63,Size,3XL,,1,,Color,ROȘU,,1,,,,,,,,,,,,[69cm]·[79cm],8435782518399
variation,MU03052060-K,,1,0,visible,,Dimensiuni: 35 * 41 cm,taxable,1,0,0,105,,,https://static.musaibrand.com/images/models/0305-K/model/large/0305-K_60_2_1.jpg,MU0305-K,64,Size,2,,1,,Color,ROȘU,,1,,,,,,,,,,,,[35cm]·[41cm],8435782518443
variation,MU03052260-K,,1,0,visible,,Dimensiuni: 37 * 44 cm,taxable,1,0,0,105,,,https://static.musaibrand.com/images/models/0305-K/model/large/0305-K_60_2_1.jpg,MU0305-K,65,Size,4,,1,,Color,ROȘU,,1,,,,,,,,,,,,[37cm]·[44cm],8435782518498
variation,MU03052460-K,,1,0,visible,,Dimensiuni: 40 * 48 cm,taxable,1,0,0,105,,,https://static.musaibrand.com/images/models/0305-K/model/large/0305-K_60_2_1.jpg,MU0305-K,66,Size,6,,1,,Color,ROȘU,,1,,,,,,,,,,,,[40cm]·[48cm],8435782518542
variation,MU03052560-K,,1,0,visible,,Dimensiuni: 43 * 52 cm,taxable,1,0,0,105,,,https://static.musaibrand.com/images/models/0305-K/model/large/0305-K_60_2_1.jpg,MU0305-K,67,Size,8,,1,,Color,ROȘU,,1,,,,,,,,,,,,[43cm]·[52cm],8435782518597
variation,MU03052660-K,,1,0,visible,,Dimensiuni: 45 * 56 cm,taxable,1,0,0,105,,,https://static.musaibrand.com/images/models/0305-K/model/large/0305-K_60_2_1.jpg,MU0305-K,68,Size,10,,1,,Color,ROȘU,,1,,,,,,,,,,,,[45cm]·[56cm],8435782518641
variation,MU03052760-K,,1,0,visible,,Dimensiuni: 47 * 60 cm,taxable,1,0,0,105,,,https://static.musaibrand.com/images/models/0305-K/model/large/0305-K_60_2_1.jpg,MU0305-K,69,Size,12,,1,,Color,ROȘU,,1,,,,,,,,,,,,[47cm]·[60cm],8435782518696
variation,MU03052860-K,,1,0,visible,,Dimensiuni: 49 * 64 cm,taxable,1,0,0,105,,,https://static.musaibrand.com/images/models/0305-K/model/large/0305-K_60_2_1.jpg,MU0305-K,70,Size,14,,1,,Color,ROȘU,,1,,,,,,,,,,,,[49cm]·[64cm],8435782518740
variable,MU0306,Hanorac - Mawi,1,0,visible,,"<p>Hanorac tehnic unisex cu fermoar până la jumătate, mâneci raglan și guler mediu, realizat din poliester piqué reciclat, cu căptușeală moale periată.</p><p><strong>Compoziție:</strong> 100% poliester pique reciclat</p><p><br>· Partea frontală a gulerului integrată în față într-o singură bucată; jumătate din partea din spate cu nervuri 1x1.<br>· Acoperire elastică a cusăturii la guler.<br>· Clapetă interioară și apărătoare de bărbie pe toată lungimea.<br>· Fermoar personalizat cu imagine marcă.<br>· Buzunare laterale mari cu fermoar și bandă de acoperire.<br>· Detaliu cu logo brodat pe piept.</p><h4>Dimensiuni</h4><table style='border-collapse:collapse;margin:8px 0'><tr><th style='padding:4px 12px;border:1px solid #ddd;text-align:left'>Mărime</th><th style='padding:4px 12px;border:1px solid #ddd;text-align:left'>Dimensiuni</th></tr><tr><td style='padding:4px 12px;border:1px solid #ddd'>XS</td><td style='padding:4px 12px;border:1px solid #ddd'>54 * 67 cm</td></tr><tr><td style='padding:4px 12px;border:1px solid #ddd'>S</td><td style='padding:4px 12px;border:1px solid #ddd'>56 * 68,5 cm</td></tr><tr><td style='padding:4px 12px;border:1px solid #ddd'>M</td><td style='padding:4px 12px;border:1px solid #ddd'>58 * 70 cm</td></tr><tr><td style='padding:4px 12px;border:1px solid #ddd'>L</td><td style='padding:4px 12px;border:1px solid #ddd'>60 * 72 cm</td></tr><tr><td style='padding:4px 12px;border:1px solid #ddd'>XL</td><td style='padding:4px 12px;border:1px solid #ddd'>63 * 73 cm</td></tr><tr><td style='padding:4px 12px;border:1px solid #ddd'>2XL</td><td style='padding:4px 12px;border:1px solid #ddd'>66 * 75 cm</td></tr><tr><td style='padding:4px 12px;border:1px solid #ddd'>3XL</td><td style='padding:4px 12px;border:1px solid #ddd'>69 * 76 cm</td></tr><tr><td style='padding:4px 12px;border:1px solid #ddd'>4</td><td style='padding:4px 12px;border:1px solid #ddd'>37 * 44 cm</td></tr><tr><td style='padding:4px 12px;border:1px solid #ddd'>6</td><td style='padding:4px 12px;border:1px solid #ddd'>40 * 48 cm</td></tr><tr><td style='padding:4px 12px;border:1px solid #ddd'>8</td><td style='padding:4px 12px;border:1px solid #ddd'>43 * 50 cm</td></tr><tr><td style='padding:4px 12px;border:1px solid #ddd'>10</td><td style='padding:4px 12px;border:1px solid #ddd'>45 * 56 cm</td></tr><tr><td style='padding:4px 12px;border:1px solid #ddd'>12</td><td style='padding:4px 12px;border:1px solid #ddd'>47 * 49 cm</td></tr><tr><td style='padding:4px 12px;border:1px solid #ddd'>14</td><td style='padding:4px 12px;border:1px solid #ddd'>49 * 64 cm</td></tr></table>",taxable,1,0,0,,Hanorace,MUSAI,"https://static.musaibrand.com/images/models/0306/model/large/0306_01_1_1.jpg,https://static.musaibrand.com/images/models/0306/model/large/0306_02_1_1.jpg,https://static.musaibrand.com/images/models/0306/model/large/0306_03_1_1.jpg,https://static.musaibrand.com/images/models/0306/model/large/0306_05_1_1.jpg,https://static.musaibrand.com/images/models/0306/model/large/0306_10_1_1.jpg,https://static.musaibrand.com/images/models/0306/model/large/0306_176_1_1.jpg,https://static.musaibrand.com/images/models/0306/model/large/0306_221_1_1.jpg,https://static.musaibrand.com/images/models/0306/model/large/0306_222_1_1.jpg,https://static.musaibrand.com/images/models/0306/model/large/0306_223_1_1.jpg,https://static.musaibrand.com/images/models/0306/model/large/0306_226_1_1.jpg,https://static.musaibrand.com/images/models/0306/model/large/0306_258_1_1.jpg,https://static.musaibrand.com/images/models/0306/model/large/0306_55_1_1.jpg,https://static.musaibrand.com/images/models/0306/model/large/0306_60_1_1.jpg,https://static.musaibrand.com/images/models/0306/model/large/0306_64_1_1.jpg,https://static.musaibrand.com/images/models/0306/model/large/0306_01_2_1.jpg,https://static.musaibrand.com/images/models/0306/model/large/0306_02_2_1.jpg,https://static.musaibrand.com/images/models/0306/model/large/0306_03_2_1.jpg,https://static.musaibrand.com/images/models/0306/model/large/0306_05_2_1.jpg,https://static.musaibrand.com/images/models/0306/model/large/0306_10_2_1.jpg,https://static.musaibrand.com/images/models/0306/model/large/0306_176_2_1.jpg,https://static.musaibrand.com/images/models/0306/model/large/0306_221_2_1.jpg,https://static.musaibrand.com/images/models/0306/model/large/0306_222_2_1.jpg,https://static.musaibrand.com/images/models/0306/model/large/0306_223_2_1.jpg,https://static.musaibrand.com/images/models/0306/model/large/0306_226_2_1.jpg,https://static.musaibrand.com/images/models/0306/model/large/0306_258_2_1.jpg,https://static.musaibrand.com/images/models/0306/model/large/0306_55_2_1.jpg,https://static.musaibrand.com/images/models/0306/model/large/0306_60_2_1.jpg,https://static.musaibrand.com/images/models/0306/model/large/0306_64_2_1.jpg",,0,Size,"XS, S, M, L, XL, 2XL, 3XL, 4, 6, 8, 10, 12, 14",1,1,,Color,"Alb, Negru, Galben, Albastru regal, Sky blue, Fluor turcoaz, Galben fluor, Fluor verde, Fluor portocaliu, Fern Green, Gri deschis, Albastru marin, ROȘU, Burgundy",1,1,,Gender,Unisex,1,1,,Dimensiuni,"[54cm]·[67cm], [56cm]·[68.5cm], [58cm]·[70cm], [60cm]·[72cm], [63cm]·[73cm], [66cm]·[75cm], [69cm]·[76cm], [37cm]·[44cm], [40cm]·[48cm], [43cm]·[50cm], [45cm]·[56cm], [47cm]·[49cm], [49cm]·[64cm]",1,0,,,
variation,MU03060001,,1,0,visible,,Dimensiuni: 54 * 67 cm,taxable,1,0,0,99.75,,,https://static.musaibrand.com/images/models/0306/model/large/0306_01_2_1.jpg,MU0306,1,Size,XS,,1,,Color,Alb,,1,,,,,,,,,,,,[54cm]·[67cm],8435782518757
variation,MU03060101,,1,0,visible,,"Dimensiuni: 56 * 68,5 cm",taxable,1,0,0,99.75,,,https://static.musaibrand.com/images/models/0306/model/large/0306_01_2_1.jpg,MU0306,2,Size,S,,1,,Color,Alb,,1,,,,,,,,,,,,"[56cm]·[68,5cm]",8435782518887
variation,MU03060201,,1,0,visible,,Dimensiuni: 58 * 70 cm,taxable,1,0,0,99.75,,,https://static.musaibrand.com/images/models/0306/model/large/0306_01_2_1.jpg,MU0306,3,Size,M,,1,,Color,Alb,,1,,,,,,,,,,,,[58cm]·[70cm],8435782519013
variation,MU03060301,,1,0,visible,,Dimensiuni: 60 * 72 cm,taxable,1,0,0,99.75,,,https://static.musaibrand.com/images/models/0306/model/large/0306_01_2_1.jpg,MU0306,4,Size,L,,1,,Color,Alb,,1,,,,,,,,,,,,[60cm]·[72cm],8435782519143
variation,MU03060401,,1,0,visible,,Dimensiuni: 63 * 73 cm,taxable,1,0,0,99.75,,,https://static.musaibrand.com/images/models/0306/model/large/0306_01_2_1.jpg,MU0306,5,Size,XL,,1,,Color,Alb,,1,,,,,,,,,,,,[63cm]·[73cm],8435782519273
variation,MU03060501,,1,0,visible,,Dimensiuni: 66 * 75 cm,taxable,1,0,0,99.75,,,https://static.musaibrand.com/images/models/0306/model/large/0306_01_2_1.jpg,MU0306,6,Size,2XL,,1,,Color,Alb,,1,,,,,,,,,,,,[66cm]·[75cm],8435782519402
variation,MU03060601,,1,0,visible,,Dimensiuni: 69 * 76 cm,taxable,1,0,0,99.75,,,https://static.musaibrand.com/images/models/0306/model/large/0306_01_2_1.jpg,MU0306,7,Size,3XL,,1,,Color,Alb,,1,,,,,,,,,,,,[69cm]·[76cm],8435782519532
variation,MU03062201,,1,0,visible,,Dimensiuni: 37 * 44 cm,taxable,1,0,0,99.75,,,https://static.musaibrand.com/images/models/0306/model/large/0306_01_2_1.jpg,MU0306,8,Size,4,,1,,Color,Alb,,1,,,,,,,,,,,,[37cm]·[44cm],8435782519662
variation,MU03062401,,1,0,visible,,Dimensiuni: 40 * 48 cm,taxable,1,0,0,99.75,,,https://static.musaibrand.com/images/models/0306/model/large/0306_01_2_1.jpg,MU0306,9,Size,6,,1,,Color,Alb,,1,,,,,,,,,,,,[40cm]·[48cm],8435782519792
variation,MU03062501,,1,0,visible,,Dimensiuni: 43 * 50 cm,taxable,1,0,0,99.75,,,https://static.musaibrand.com/images/models/0306/model/large/0306_01_2_1.jpg,MU0306,10,Size,8,,1,,Color,Alb,,1,,,,,,,,,,,,[43cm]·[50cm],8435782519921
variation,MU03062601,,1,0,visible,,Dimensiuni: 45 * 56 cm,taxable,1,0,0,99.75,,,https://static.musaibrand.com/images/models/0306/model/large/0306_01_2_1.jpg,MU0306,11,Size,10,,1,,Color,Alb,,1,,,,,,,,,,,,[45cm]·[56cm],8435782520057
variation,MU03062701,,1,0,visible,,Dimensiuni: 47 * 49 cm,taxable,1,0,0,99.75,,,https://static.musaibrand.com/images/models/0306/model/large/0306_01_2_1.jpg,MU0306,12,Size,12,,1,,Color,Alb,,1,,,,,,,,,,,,[47cm]·[49cm],8435782520187
variation,MU03062801,,1,0,visible,,Dimensiuni: 49 * 64 cm,taxable,1,0,0,99.75,,,https://static.musaibrand.com/images/models/0306/model/large/0306_01_2_1.jpg,MU0306,13,Size,14,,1,,Color,Alb,,1,,,,,,,,,,,,[49cm]·[64cm],8435782520316
variation,MU03060002,,1,0,visible,,Dimensiuni: 54 * 67 cm,taxable,1,0,0,99.75,,,https://static.musaibrand.com/images/models/0306/model/large/0306_02_2_1.jpg,MU0306,14,Size,XS,,1,,Color,Negru,,1,,,,,,,,,,,,[54cm]·[67cm],8435782518764
variation,MU03060102,,1,0,visible,,"Dimensiuni: 56 * 68,5 cm",taxable,1,0,0,99.75,,,https://static.musaibrand.com/images/models/0306/model/large/0306_02_2_1.jpg,MU0306,15,Size,S,,1,,Color,Negru,,1,,,,,,,,,,,,"[56cm]·[68,5cm]",8435782518894
variation,MU03060202,,1,0,visible,,Dimensiuni: 58 * 70 cm,taxable,1,0,0,99.75,,,https://static.musaibrand.com/images/models/0306/model/large/0306_02_2_1.jpg,MU0306,16,Size,M,,1,,Color,Negru,,1,,,,,,,,,,,,[58cm]·[70cm],8435782519020
variation,MU03060302,,1,0,visible,,Dimensiuni: 60 * 72 cm,taxable,1,0,0,99.75,,,https://static.musaibrand.com/images/models/0306/model/large/0306_02_2_1.jpg,MU0306,17,Size,L,,1,,Color,Negru,,1,,,,,,,,,,,,[60cm]·[72cm],8435782519150
variation,MU03060402,,1,0,visible,,Dimensiuni: 63 * 73 cm,taxable,1,0,0,99.75,,,https://static.musaibrand.com/images/models/0306/model/large/0306_02_2_1.jpg,MU0306,18,Size,XL,,1,,Color,Negru,,1,,,,,,,,,,,,[63cm]·[73cm],8435782519280
variation,MU03060502,,1,0,visible,,Dimensiuni: 66 * 75 cm,taxable,1,0,0,99.75,,,https://static.musaibrand.com/images/models/0306/model/large/0306_02_2_1.jpg,MU0306,19,Size,2XL,,1,,Color,Negru,,1,,,,,,,,,,,,[66cm]·[75cm],8435782519419
variation,MU03060602,,1,0,visible,,Dimensiuni: 69 * 76 cm,taxable,1,0,0,99.75,,,https://static.musaibrand.com/images/models/0306/model/large/0306_02_2_1.jpg,MU0306,20,Size,3XL,,1,,Color,Negru,,1,,,,,,,,,,,,[69cm]·[76cm],8435782519549
variation,MU03062202,,1,0,visible,,Dimensiuni: 37 * 44 cm,taxable,1,0,0,99.75,,,https://static.musaibrand.com/images/models/0306/model/large/0306_02_2_1.jpg,MU0306,21,Size,4,,1,,Color,Negru,,1,,,,,,,,,,,,[37cm]·[44cm],8435782519679
variation,MU03062402,,1,0,visible,,Dimensiuni: 40 * 48 cm,taxable,1,0,0,99.75,,,https://static.musaibrand.com/images/models/0306/model/large/0306_02_2_1.jpg,MU0306,22,Size,6,,1,,Color,Negru,,1,,,,,,,,,,,,[40cm]·[48cm],8435782519808
variation,MU03062502,,1,0,visible,,Dimensiuni: 43 * 50 cm,taxable,1,0,0,99.75,,,https://static.musaibrand.com/images/models/0306/model/large/0306_02_2_1.jpg,MU0306,23,Size,8,,1,,Color,Negru,,1,,,,,,,,,,,,[43cm]·[50cm],8435782519938
variation,MU03062602,,1,0,visible,,Dimensiuni: 45 * 56 cm,taxable,1,0,0,99.75,,,https://static.musaibrand.com/images/models/0306/model/large/0306_02_2_1.jpg,MU0306,24,Size,10,,1,,Color,Negru,,1,,,,,,,,,,,,[45cm]·[56cm],8435782520064
variation,MU03062702,,1,0,visible,,Dimensiuni: 47 * 49 cm,taxable,1,0,0,99.75,,,https://static.musaibrand.com/images/models/0306/model/large/0306_02_2_1.jpg,MU0306,25,Size,12,,1,,Color,Negru,,1,,,,,,,,,,,,[47cm]·[49cm],8435782520194
variation,MU03062802,,1,0,visible,,Dimensiuni: 49 * 64 cm,taxable,1,0,0,99.75,,,https://static.musaibrand.com/images/models/0306/model/large/0306_02_2_1.jpg,MU0306,26,Size,14,,1,,Color,Negru,,1,,,,,,,,,,,,[49cm]·[64cm],8435782520323
variation,MU03060003,,1,0,visible,,Dimensiuni: 54 * 67 cm,taxable,1,0,0,99.75,,,https://static.musaibrand.com/images/models/0306/model/large/0306_03_2_1.jpg,MU0306,27,Size,XS,,1,,Color,Galben,,1,,,,,,,,,,,,[54cm]·[67cm],8435782518771
variation,MU03060103,,1,0,visible,,"Dimensiuni: 56 * 68,5 cm",taxable,1,0,0,99.75,,,https://static.musaibrand.com/images/models/0306/model/large/0306_03_2_1.jpg,MU0306,28,Size,S,,1,,Color,Galben,,1,,,,,,,,,,,,"[56cm]·[68,5cm]",8435782518900
variation,MU03060203,,1,0,visible,,Dimensiuni: 58 * 70 cm,taxable,1,0,0,99.75,,,https://static.musaibrand.com/images/models/0306/model/large/0306_03_2_1.jpg,MU0306,29,Size,M,,1,,Color,Galben,,1,,,,,,,,,,,,[58cm]·[70cm],8435782519037
variation,MU03060303,,1,0,visible,,Dimensiuni: 60 * 72 cm,taxable,1,0,0,99.75,,,https://static.musaibrand.com/images/models/0306/model/large/0306_03_2_1.jpg,MU0306,30,Size,L,,1,,Color,Galben,,1,,,,,,,,,,,,[60cm]·[72cm],8435782519167
variation,MU03060403,,1,0,visible,,Dimensiuni: 63 * 73 cm,taxable,1,0,0,99.75,,,https://static.musaibrand.com/images/models/0306/model/large/0306_03_2_1.jpg,MU0306,31,Size,XL,,1,,Color,Galben,,1,,,,,,,,,,,,[63cm]·[73cm],8435782519297
variation,MU03060503,,1,0,visible,,Dimensiuni: 66 * 75 cm,taxable,1,0,0,99.75,,,https://static.musaibrand.com/images/models/0306/model/large/0306_03_2_1.jpg,MU0306,32,Size,2XL,,1,,Color,Galben,,1,,,,,,,,,,,,[66cm]·[75cm],8435782519426
variation,MU03060603,,1,0,visible,,Dimensiuni: 69 * 76 cm,taxable,1,0,0,99.75,,,https://static.musaibrand.com/images/models/0306/model/large/0306_03_2_1.jpg,MU0306,33,Size,3XL,,1,,Color,Galben,,1,,,,,,,,,,,,[69cm]·[76cm],8435782519556
variation,MU03062203,,1,0,visible,,Dimensiuni: 37 * 44 cm,taxable,1,0,0,99.75,,,https://static.musaibrand.com/images/models/0306/model/large/0306_03_2_1.jpg,MU0306,34,Size,4,,1,,Color,Galben,,1,,,,,,,,,,,,[37cm]·[44cm],8435782519686
variation,MU03062403,,1,0,visible,,Dimensiuni: 40 * 48 cm,taxable,1,0,0,99.75,,,https://static.musaibrand.com/images/models/0306/model/large/0306_03_2_1.jpg,MU0306,35,Size,6,,1,,Color,Galben,,1,,,,,,,,,,,,[40cm]·[48cm],8435782519815
variation,MU03062503,,1,0,visible,,Dimensiuni: 43 * 50 cm,taxable,1,0,0,99.75,,,https://static.musaibrand.com/images/models/0306/model/large/0306_03_2_1.jpg,MU0306,36,Size,8,,1,,Color,Galben,,1,,,,,,,,,,,,[43cm]·[50cm],8435782519945
variation,MU03062603,,1,0,visible,,Dimensiuni: 45 * 56 cm,taxable,1,0,0,99.75,,,https://static.musaibrand.com/images/models/0306/model/large/0306_03_2_1.jpg,MU0306,37,Size,10,,1,,Color,Galben,,1,,,,,,,,,,,,[45cm]·[56cm],8435782520071
variation,MU03062703,,1,0,visible,,Dimensiuni: 47 * 49 cm,taxable,1,0,0,99.75,,,https://static.musaibrand.com/images/models/0306/model/large/0306_03_2_1.jpg,MU0306,38,Size,12,,1,,Color,Galben,,1,,,,,,,,,,,,[47cm]·[49cm],8435782520200
variation,MU03062803,,1,0,visible,,Dimensiuni: 49 * 64 cm,taxable,1,0,0,99.75,,,https://static.musaibrand.com/images/models/0306/model/large/0306_03_2_1.jpg,MU0306,39,Size,14,,1,,Color,Galben,,1,,,,,,,,,,,,[49cm]·[64cm],8435782520330
variation,MU03060005,,1,0,visible,,Dimensiuni: 54 * 67 cm,taxable,1,0,0,99.75,,,https://static.musaibrand.com/images/models/0306/model/large/0306_05_2_1.jpg,MU0306,40,Size,XS,,1,,Color,Albastru regal,,1,,,,,,,,,,,,[54cm]·[67cm],8435782518788
variation,MU03060105,,1,0,visible,,"Dimensiuni: 56 * 68,5 cm",taxable,1,0,0,99.75,,,https://static.musaibrand.com/images/models/0306/model/large/0306_05_2_1.jpg,MU0306,41,Size,S,,1,,Color,Albastru regal,,1,,,,,,,,,,,,"[56cm]·[68,5cm]",8435782518917
variation,MU03060205,,1,0,visible,,Dimensiuni: 58 * 70 cm,taxable,1,0,0,99.75,,,https://static.musaibrand.com/images/models/0306/model/large/0306_05_2_1.jpg,MU0306,42,Size,M,,1,,Color,Albastru regal,,1,,,,,,,,,,,,[58cm]·[70cm],8435782519044
variation,MU03060305,,1,0,visible,,Dimensiuni: 60 * 72 cm,taxable,1,0,0,99.75,,,https://static.musaibrand.com/images/models/0306/model/large/0306_05_2_1.jpg,MU0306,43,Size,L,,1,,Color,Albastru regal,,1,,,,,,,,,,,,[60cm]·[72cm],8435782519174
variation,MU03060405,,1,0,visible,,Dimensiuni: 63 * 73 cm,taxable,1,0,0,99.75,,,https://static.musaibrand.com/images/models/0306/model/large/0306_05_2_1.jpg,MU0306,44,Size,XL,,1,,Color,Albastru regal,,1,,,,,,,,,,,,[63cm]·[73cm],8435782519303
variation,MU03060505,,1,0,visible,,Dimensiuni: 66 * 75 cm,taxable,1,0,0,99.75,,,https://static.musaibrand.com/images/models/0306/model/large/0306_05_2_1.jpg,MU0306,45,Size,2XL,,1,,Color,Albastru regal,,1,,,,,,,,,,,,[66cm]·[75cm],8435782519433
variation,MU03060605,,1,0,visible,,Dimensiuni: 69 * 76 cm,taxable,1,0,0,99.75,,,https://static.musaibrand.com/images/models/0306/model/large/0306_05_2_1.jpg,MU0306,46,Size,3XL,,1,,Color,Albastru regal,,1,,,,,,,,,,,,[69cm]·[76cm],8435782519563
variation,MU03062205,,1,0,visible,,Dimensiuni: 37 * 44 cm,taxable,1,0,0,99.75,,,https://static.musaibrand.com/images/models/0306/model/large/0306_05_2_1.jpg,MU0306,47,Size,4,,1,,Color,Albastru regal,,1,,,,,,,,,,,,[37cm]·[44cm],8435782519693
variation,MU03062405,,1,0,visible,,Dimensiuni: 40 * 48 cm,taxable,1,0,0,99.75,,,https://static.musaibrand.com/images/models/0306/model/large/0306_05_2_1.jpg,MU0306,48,Size,6,,1,,Color,Albastru regal,,1,,,,,,,,,,,,[40cm]·[48cm],8435782519822
variation,MU03062505,,1,0,visible,,Dimensiuni: 43 * 50 cm,taxable,1,0,0,99.75,,,https://static.musaibrand.com/images/models/0306/model/large/0306_05_2_1.jpg,MU0306,49,Size,8,,1,,Color,Albastru regal,,1,,,,,,,,,,,,[43cm]·[50cm],8435782519952
variation,MU03062605,,1,0,visible,,Dimensiuni: 45 * 56 cm,taxable,1,0,0,99.75,,,https://static.musaibrand.com/images/models/0306/model/large/0306_05_2_1.jpg,MU0306,50,Size,10,,1,,Color,Albastru regal,,1,,,,,,,,,,,,[45cm]·[56cm],8435782520088
variation,MU03062705,,1,0,visible,,Dimensiuni: 47 * 49 cm,taxable,1,0,0,99.75,,,https://static.musaibrand.com/images/models/0306/model/large/0306_05_2_1.jpg,MU0306,51,Size,12,,1,,Color,Albastru regal,,1,,,,,,,,,,,,[47cm]·[49cm],8435782520217
variation,MU03062805,,1,0,visible,,Dimensiuni: 49 * 64 cm,taxable,1,0,0,99.75,,,https://static.musaibrand.com/images/models/0306/model/large/0306_05_2_1.jpg,MU0306,52,Size,14,,1,,Color,Albastru regal,,1,,,,,,,,,,,,[49cm]·[64cm],8435782520347
variation,MU03060010,,1,0,visible,,Dimensiuni: 54 * 67 cm,taxable,1,0,0,99.75,,,https://static.musaibrand.com/images/models/0306/model/large/0306_10_2_1.jpg,MU0306,53,Size,XS,,1,,Color,Sky blue,,1,,,,,,,,,,,,[54cm]·[67cm],8435782518795
variation,MU03060110,,1,0,visible,,"Dimensiuni: 56 * 68,5 cm",taxable,1,0,0,99.75,,,https://static.musaibrand.com/images/models/0306/model/large/0306_10_2_1.jpg,MU0306,54,Size,S,,1,,Color,Sky blue,,1,,,,,,,,,,,,"[56cm]·[68,5cm]",8435782518924
variation,MU03060210,,1,0,visible,,Dimensiuni: 58 * 70 cm,taxable,1,0,0,99.75,,,https://static.musaibrand.com/images/models/0306/model/large/0306_10_2_1.jpg,MU0306,55,Size,M,,1,,Color,Sky blue,,1,,,,,,,,,,,,[58cm]·[70cm],8435782519051
variation,MU03060310,,1,0,visible,,Dimensiuni: 60 * 72 cm,taxable,1,0,0,99.75,,,https://static.musaibrand.com/images/models/0306/model/large/0306_10_2_1.jpg,MU0306,56,Size,L,,1,,Color,Sky blue,,1,,,,,,,,,,,,[60cm]·[72cm],8435782519181
variation,MU03060410,,1,0,visible,,Dimensiuni: 63 * 73 cm,taxable,1,0,0,99.75,,,https://static.musaibrand.com/images/models/0306/model/large/0306_10_2_1.jpg,MU0306,57,Size,XL,,1,,Color,Sky blue,,1,,,,,,,,,,,,[63cm]·[73cm],8435782519310
variation,MU03060510,,1,0,visible,,Dimensiuni: 66 * 75 cm,taxable,1,0,0,99.75,,,https://static.musaibrand.com/images/models/0306/model/large/0306_10_2_1.jpg,MU0306,58,Size,2XL,,1,,Color,Sky blue,,1,,,,,,,,,,,,[66cm]·[75cm],8435782519440
variation,MU03060610,,1,0,visible,,Dimensiuni: 69 * 76 cm,taxable,1,0,0,99.75,,,https://static.musaibrand.com/images/models/0306/model/large/0306_10_2_1.jpg,MU0306,59,Size,3XL,,1,,Color,Sky blue,,1,,,,,,,,,,,,[69cm]·[76cm],8435782519570
variation,MU03062210,,1,0,visible,,Dimensiuni: 37 * 44 cm,taxable,1,0,0,99.75,,,https://static.musaibrand.com/images/models/0306/model/large/0306_10_2_1.jpg,MU0306,60,Size,4,,1,,Color,Sky blue,,1,,,,,,,,,,,,[37cm]·[44cm],8435782519709
variation,MU03062410,,1,0,visible,,Dimensiuni: 40 * 48 cm,taxable,1,0,0,99.75,,,https://static.musaibrand.com/images/models/0306/model/large/0306_10_2_1.jpg,MU0306,61,Size,6,,1,,Color,Sky blue,,1,,,,,,,,,,,,[40cm]·[48cm],8435782519839
variation,MU03062510,,1,0,visible,,Dimensiuni: 43 * 50 cm,taxable,1,0,0,99.75,,,https://static.musaibrand.com/images/models/0306/model/large/0306_10_2_1.jpg,MU0306,62,Size,8,,1,,Color,Sky blue,,1,,,,,,,,,,,,[43cm]·[50cm],8435782519969
variation,MU03062610,,1,0,visible,,Dimensiuni: 45 * 56 cm,taxable,1,0,0,99.75,,,https://static.musaibrand.com/images/models/0306/model/large/0306_10_2_1.jpg,MU0306,63,Size,10,,1,,Color,Sky blue,,1,,,,,,,,,,,,[45cm]·[56cm],8435782520095
variation,MU03062710,,1,0,visible,,Dimensiuni: 47 * 49 cm,taxable,1,0,0,99.75,,,https://static.musaibrand.com/images/models/0306/model/large/0306_10_2_1.jpg,MU0306,64,Size,12,,1,,Color,Sky blue,,1,,,,,,,,,,,,[47cm]·[49cm],8435782520224
variation,MU03062810,,1,0,visible,,Dimensiuni: 49 * 64 cm,taxable,1,0,0,99.75,,,https://static.musaibrand.com/images/models/0306/model/large/0306_10_2_1.jpg,MU0306,65,Size,14,,1,,Color,Sky blue,,1,,,,,,,,,,,,[49cm]·[64cm],8435782520354
variation,MU030600176,,1,0,visible,,Dimensiuni: 54 * 67 cm,taxable,1,0,0,99.75,,,https://static.musaibrand.com/images/models/0306/model/large/0306_176_2_1.jpg,MU0306,66,Size,XS,,1,,Color,Fluor turcoaz,,1,,,,,,,,,,,,[54cm]·[67cm],8435782518801
variation,MU030601176,,1,0,visible,,"Dimensiuni: 56 * 68,5 cm",taxable,1,0,0,99.75,,,https://static.musaibrand.com/images/models/0306/model/large/0306_176_2_1.jpg,MU0306,67,Size,S,,1,,Color,Fluor turcoaz,,1,,,,,,,,,,,,"[56cm]·[68,5cm]",8435782518931
variation,MU030602176,,1,0,visible,,Dimensiuni: 58 * 70 cm,taxable,1,0,0,99.75,,,https://static.musaibrand.com/images/models/0306/model/large/0306_176_2_1.jpg,MU0306,68,Size,M,,1,,Color,Fluor turcoaz,,1,,,,,,,,,,,,[58cm]·[70cm],8435782519068
variation,MU030603176,,1,0,visible,,Dimensiuni: 60 * 72 cm,taxable,1,0,0,99.75,,,https://static.musaibrand.com/images/models/0306/model/large/0306_176_2_1.jpg,MU0306,69,Size,L,,1,,Color,Fluor turcoaz,,1,,,,,,,,,,,,[60cm]·[72cm],8435782519198
variation,MU030604176,,1,0,visible,,Dimensiuni: 63 * 73 cm,taxable,1,0,0,99.75,,,https://static.musaibrand.com/images/models/0306/model/large/0306_176_2_1.jpg,MU0306,70,Size,XL,,1,,Color,Fluor turcoaz,,1,,,,,,,,,,,,[63cm]·[73cm],8435782519327
variation,MU030605176,,1,0,visible,,Dimensiuni: 66 * 75 cm,taxable,1,0,0,99.75,,,https://static.musaibrand.com/images/models/0306/model/large/0306_176_2_1.jpg,MU0306,71,Size,2XL,,1,,Color,Fluor turcoaz,,1,,,,,,,,,,,,[66cm]·[75cm],8435782519457
variation,MU030606176,,1,0,visible,,Dimensiuni: 69 * 76 cm,taxable,1,0,0,99.75,,,https://static.musaibrand.com/images/models/0306/model/large/0306_176_2_1.jpg,MU0306,72,Size,3XL,,1,,Color,Fluor turcoaz,,1,,,,,,,,,,,,[69cm]·[76cm],8435782519587
variation,MU030622176,,1,0,visible,,Dimensiuni: 37 * 44 cm,taxable,1,0,0,99.75,,,https://static.musaibrand.com/images/models/0306/model/large/0306_176_2_1.jpg,MU0306,73,Size,4,,1,,Color,Fluor turcoaz,,1,,,,,,,,,,,,[37cm]·[44cm],8435782519716
variation,MU030624176,,1,0,visible,,Dimensiuni: 40 * 48 cm,taxable,1,0,0,99.75,,,https://static.musaibrand.com/images/models/0306/model/large/0306_176_2_1.jpg,MU0306,74,Size,6,,1,,Color,Fluor turcoaz,,1,,,,,,,,,,,,[40cm]·[48cm],8435782519846
variation,MU030625176,,1,0,visible,,Dimensiuni: 43 * 50 cm,taxable,1,0,0,99.75,,,https://static.musaibrand.com/images/models/0306/model/large/0306_176_2_1.jpg,MU0306,75,Size,8,,1,,Color,Fluor turcoaz,,1,,,,,,,,,,,,[43cm]·[50cm],8435782519976
variation,MU030626176,,1,0,visible,,Dimensiuni: 45 * 56 cm,taxable,1,0,0,99.75,,,https://static.musaibrand.com/images/models/0306/model/large/0306_176_2_1.jpg,MU0306,76,Size,10,,1,,Color,Fluor turcoaz,,1,,,,,,,,,,,,[45cm]·[56cm],8435782520101
variation,MU030627176,,1,0,visible,,Dimensiuni: 47 * 49 cm,taxable,1,0,0,99.75,,,https://static.musaibrand.com/images/models/0306/model/large/0306_176_2_1.jpg,MU0306,77,Size,12,,1,,Color,Fluor turcoaz,,1,,,,,,,,,,,,[47cm]·[49cm],8435782520231
variation,MU030628176,,1,0,visible,,Dimensiuni: 49 * 64 cm,taxable,1,0,0,99.75,,,https://static.musaibrand.com/images/models/0306/model/large/0306_176_2_1.jpg,MU0306,78,Size,14,,1,,Color,Fluor turcoaz,,1,,,,,,,,,,,,[49cm]·[64cm],8435782520361
variation,MU030600221,,1,0,visible,,Dimensiuni: 54 * 67 cm,taxable,1,0,0,99.75,,,https://static.musaibrand.com/images/models/0306/model/large/0306_221_2_1.jpg,MU0306,79,Size,XS,,1,,Color,Galben fluor,,1,,,,,,,,,,,,[54cm]·[67cm],8435782518818
variation,MU030601221,,1,0,visible,,"Dimensiuni: 56 * 68,5 cm",taxable,1,0,0,99.75,,,https://static.musaibrand.com/images/models/0306/model/large/0306_221_2_1.jpg,MU0306,80,Size,S,,1,,Color,Galben fluor,,1,,,,,,,,,,,,"[56cm]·[68,5cm]",8435782518948
variation,MU030602221,,1,0,visible,,Dimensiuni: 58 * 70 cm,taxable,1,0,0,99.75,,,https://static.musaibrand.com/images/models/0306/model/large/0306_221_2_1.jpg,MU0306,81,Size,M,,1,,Color,Galben fluor,,1,,,,,,,,,,,,[58cm]·[70cm],8435782519075
variation,MU030603221,,1,0,visible,,Dimensiuni: 60 * 72 cm,taxable,1,0,0,99.75,,,https://static.musaibrand.com/images/models/0306/model/large/0306_221_2_1.jpg,MU0306,82,Size,L,,1,,Color,Galben fluor,,1,,,,,,,,,,,,[60cm]·[72cm],8435782519204
variation,MU030604221,,1,0,visible,,Dimensiuni: 63 * 73 cm,taxable,1,0,0,99.75,,,https://static.musaibrand.com/images/models/0306/model/large/0306_221_2_1.jpg,MU0306,83,Size,XL,,1,,Color,Galben fluor,,1,,,,,,,,,,,,[63cm]·[73cm],8435782519334
variation,MU030605221,,1,0,visible,,Dimensiuni: 66 * 75 cm,taxable,1,0,0,99.75,,,https://static.musaibrand.com/images/models/0306/model/large/0306_221_2_1.jpg,MU0306,84,Size,2XL,,1,,Color,Galben fluor,,1,,,,,,,,,,,,[66cm]·[75cm],8435782519464
variation,MU030606221,,1,0,visible,,Dimensiuni: 69 * 76 cm,taxable,1,0,0,99.75,,,https://static.musaibrand.com/images/models/0306/model/large/0306_221_2_1.jpg,MU0306,85,Size,3XL,,1,,Color,Galben fluor,,1,,,,,,,,,,,,[69cm]·[76cm],8435782519594
variation,MU030622221,,1,0,visible,,Dimensiuni: 37 * 44 cm,taxable,1,0,0,99.75,,,https://static.musaibrand.com/images/models/0306/model/large/0306_221_2_1.jpg,MU0306,86,Size,4,,1,,Color,Galben fluor,,1,,,,,,,,,,,,[37cm]·[44cm],8435782519723
variation,MU030624221,,1,0,visible,,Dimensiuni: 40 * 48 cm,taxable,1,0,0,99.75,,,https://static.musaibrand.com/images/models/0306/model/large/0306_221_2_1.jpg,MU0306,87,Size,6,,1,,Color,Galben fluor,,1,,,,,,,,,,,,[40cm]·[48cm],8435782519853
variation,MU030625221,,1,0,visible,,Dimensiuni: 43 * 50 cm,taxable,1,0,0,99.75,,,https://static.musaibrand.com/images/models/0306/model/large/0306_221_2_1.jpg,MU0306,88,Size,8,,1,,Color,Galben fluor,,1,,,,,,,,,,,,[43cm]·[50cm],8435782519983
variation,MU030626221,,1,0,visible,,Dimensiuni: 45 * 56 cm,taxable,1,0,0,99.75,,,https://static.musaibrand.com/images/models/0306/model/large/0306_221_2_1.jpg,MU0306,89,Size,10,,1,,Color,Galben fluor,,1,,,,,,,,,,,,[45cm]·[56cm],8435782520118
variation,MU030627221,,1,0,visible,,Dimensiuni: 47 * 49 cm,taxable,1,0,0,99.75,,,https://static.musaibrand.com/images/models/0306/model/large/0306_221_2_1.jpg,MU0306,90,Size,12,,1,,Color,Galben fluor,,1,,,,,,,,,,,,[47cm]·[49cm],8435782520248
variation,MU030628221,,1,0,visible,,Dimensiuni: 49 * 64 cm,taxable,1,0,0,99.75,,,https://static.musaibrand.com/images/models/0306/model/large/0306_221_2_1.jpg,MU0306,91,Size,14,,1,,Color,Galben fluor,,1,,,,,,,,,,,,[49cm]·[64cm],8435782520378
variation,MU030600222,,1,0,visible,,Dimensiuni: 54 * 67 cm,taxable,1,0,0,99.75,,,https://static.musaibrand.com/images/models/0306/model/large/0306_222_2_1.jpg,MU0306,92,Size,XS,,1,,Color,Fluor verde,,1,,,,,,,,,,,,[54cm]·[67cm],8435782518825
variation,MU030601222,,1,0,visible,,"Dimensiuni: 56 * 68,5 cm",taxable,1,0,0,99.75,,,https://static.musaibrand.com/images/models/0306/model/large/0306_222_2_1.jpg,MU0306,93,Size,S,,1,,Color,Fluor verde,,1,,,,,,,,,,,,"[56cm]·[68,5cm]",8435782518955
variation,MU030602222,,1,0,visible,,Dimensiuni: 58 * 70 cm,taxable,1,0,0,99.75,,,https://static.musaibrand.com/images/models/0306/model/large/0306_222_2_1.jpg,MU0306,94,Size,M,,1,,Color,Fluor verde,,1,,,,,,,,,,,,[58cm]·[70cm],8435782519082
variation,MU030603222,,1,0,visible,,Dimensiuni: 60 * 72 cm,taxable,1,0,0,99.75,,,https://static.musaibrand.com/images/models/0306/model/large/0306_222_2_1.jpg,MU0306,95,Size,L,,1,,Color,Fluor verde,,1,,,,,,,,,,,,[60cm]·[72cm],8435782519211
variation,MU030604222,,1,0,visible,,Dimensiuni: 63 * 73 cm,taxable,1,0,0,99.75,,,https://static.musaibrand.com/images/models/0306/model/large/0306_222_2_1.jpg,MU0306,96,Size,XL,,1,,Color,Fluor verde,,1,,,,,,,,,,,,[63cm]·[73cm],8435782519341
variation,MU030605222,,1,0,visible,,Dimensiuni: 66 * 75 cm,taxable,1,0,0,99.75,,,https://static.musaibrand.com/images/models/0306/model/large/0306_222_2_1.jpg,MU0306,97,Size,2XL,,1,,Color,Fluor verde,,1,,,,,,,,,,,,[66cm]·[75cm],8435782519471
variation,MU030606222,,1,0,visible,,Dimensiuni: 69 * 76 cm,taxable,1,0,0,99.75,,,https://static.musaibrand.com/images/models/0306/model/large/0306_222_2_1.jpg,MU0306,98,Size,3XL,,1,,Color,Fluor verde,,1,,,,,,,,,,,,[69cm]·[76cm],8435782519600
variation,MU030622222,,1,0,visible,,Dimensiuni: 37 * 44 cm,taxable,1,0,0,99.75,,,https://static.musaibrand.com/images/models/0306/model/large/0306_222_2_1.jpg,MU0306,99,Size,4,,1,,Color,Fluor verde,,1,,,,,,,,,,,,[37cm]·[44cm],8435782519730
variation,MU030624222,,1,0,visible,,Dimensiuni: 40 * 48 cm,taxable,1,0,0,99.75,,,https://static.musaibrand.com/images/models/0306/model/large/0306_222_2_1.jpg,MU0306,100,Size,6,,1,,Color,Fluor verde,,1,,,,,,,,,,,,[40cm]·[48cm],8435782519860
variation,MU030625222,,1,0,visible,,Dimensiuni: 43 * 50 cm,taxable,1,0,0,99.75,,,https://static.musaibrand.com/images/models/0306/model/large/0306_222_2_1.jpg,MU0306,101,Size,8,,1,,Color,Fluor verde,,1,,,,,,,,,,,,[43cm]·[50cm],8435782519990
variation,MU030626222,,1,0,visible,,Dimensiuni: 45 * 56 cm,taxable,1,0,0,99.75,,,https://static.musaibrand.com/images/models/0306/model/large/0306_222_2_1.jpg,MU0306,102,Size,10,,1,,Color,Fluor verde,,1,,,,,,,,,,,,[45cm]·[56cm],8435782520125
variation,MU030627222,,1,0,visible,,Dimensiuni: 47 * 49 cm,taxable,1,0,0,99.75,,,https://static.musaibrand.com/images/models/0306/model/large/0306_222_2_1.jpg,MU0306,103,Size,12,,1,,Color,Fluor verde,,1,,,,,,,,,,,,[47cm]·[49cm],8435782520255
variation,MU030628222,,1,0,visible,,Dimensiuni: 49 * 64 cm,taxable,1,0,0,99.75,,,https://static.musaibrand.com/images/models/0306/model/large/0306_222_2_1.jpg,MU0306,104,Size,14,,1,,Color,Fluor verde,,1,,,,,,,,,,,,[49cm]·[64cm],8435782520385
variation,MU030600223,,1,0,visible,,Dimensiuni: 54 * 67 cm,taxable,1,0,0,99.75,,,https://static.musaibrand.com/images/models/0306/model/large/0306_223_2_1.jpg,MU0306,105,Size,XS,,1,,Color,Fluor portocaliu,,1,,,,,,,,,,,,[54cm]·[67cm],8435782518832
variation,MU030601223,,1,0,visible,,"Dimensiuni: 56 * 68,5 cm",taxable,1,0,0,99.75,,,https://static.musaibrand.com/images/models/0306/model/large/0306_223_2_1.jpg,MU0306,106,Size,S,,1,,Color,Fluor portocaliu,,1,,,,,,,,,,,,"[56cm]·[68,5cm]",8435782518962
variation,MU030602223,,1,0,visible,,Dimensiuni: 58 * 70 cm,taxable,1,0,0,99.75,,,https://static.musaibrand.com/images/models/0306/model/large/0306_223_2_1.jpg,MU0306,107,Size,M,,1,,Color,Fluor portocaliu,,1,,,,,,,,,,,,[58cm]·[70cm],8435782519099
variation,MU030603223,,1,0,visible,,Dimensiuni: 60 * 72 cm,taxable,1,0,0,99.75,,,https://static.musaibrand.com/images/models/0306/model/large/0306_223_2_1.jpg,MU0306,108,Size,L,,1,,Color,Fluor portocaliu,,1,,,,,,,,,,,,[60cm]·[72cm],8435782519228
variation,MU030604223,,1,0,visible,,Dimensiuni: 63 * 73 cm,taxable,1,0,0,99.75,,,https://static.musaibrand.com/images/models/0306/model/large/0306_223_2_1.jpg,MU0306,109,Size,XL,,1,,Color,Fluor portocaliu,,1,,,,,,,,,,,,[63cm]·[73cm],8435782519358
variation,MU030605223,,1,0,visible,,Dimensiuni: 66 * 75 cm,taxable,1,0,0,99.75,,,https://static.musaibrand.com/images/models/0306/model/large/0306_223_2_1.jpg,MU0306,110,Size,2XL,,1,,Color,Fluor portocaliu,,1,,,,,,,,,,,,[66cm]·[75cm],8435782519488
variation,MU030606223,,1,0,visible,,Dimensiuni: 69 * 76 cm,taxable,1,0,0,99.75,,,https://static.musaibrand.com/images/models/0306/model/large/0306_223_2_1.jpg,MU0306,111,Size,3XL,,1,,Color,Fluor portocaliu,,1,,,,,,,,,,,,[69cm]·[76cm],8435782519617
variation,MU030622223,,1,0,visible,,Dimensiuni: 37 * 44 cm,taxable,1,0,0,99.75,,,https://static.musaibrand.com/images/models/0306/model/large/0306_223_2_1.jpg,MU0306,112,Size,4,,1,,Color,Fluor portocaliu,,1,,,,,,,,,,,,[37cm]·[44cm],8435782519747
variation,MU030624223,,1,0,visible,,Dimensiuni: 40 * 48 cm,taxable,1,0,0,99.75,,,https://static.musaibrand.com/images/models/0306/model/large/0306_223_2_1.jpg,MU0306,113,Size,6,,1,,Color,Fluor portocaliu,,1,,,,,,,,,,,,[40cm]·[48cm],8435782519877
variation,MU030625223,,1,0,visible,,Dimensiuni: 43 * 50 cm,taxable,1,0,0,99.75,,,https://static.musaibrand.com/images/models/0306/model/large/0306_223_2_1.jpg,MU0306,114,Size,8,,1,,Color,Fluor portocaliu,,1,,,,,,,,,,,,[43cm]·[50cm],8435782520002
variation,MU030626223,,1,0,visible,,Dimensiuni: 45 * 56 cm,taxable,1,0,0,99.75,,,https://static.musaibrand.com/images/models/0306/model/large/0306_223_2_1.jpg,MU0306,115,Size,10,,1,,Color,Fluor portocaliu,,1,,,,,,,,,,,,[45cm]·[56cm],8435782520132
variation,MU030627223,,1,0,visible,,Dimensiuni: 47 * 49 cm,taxable,1,0,0,99.75,,,https://static.musaibrand.com/images/models/0306/model/large/0306_223_2_1.jpg,MU0306,116,Size,12,,1,,Color,Fluor portocaliu,,1,,,,,,,,,,,,[47cm]·[49cm],8435782520262
variation,MU030628223,,1,0,visible,,Dimensiuni: 49 * 64 cm,taxable,1,0,0,99.75,,,https://static.musaibrand.com/images/models/0306/model/large/0306_223_2_1.jpg,MU0306,117,Size,14,,1,,Color,Fluor portocaliu,,1,,,,,,,,,,,,[49cm]·[64cm],8435782520392
variation,MU030600226,,1,0,visible,,Dimensiuni: 54 * 67 cm,taxable,1,0,0,99.75,,,https://static.musaibrand.com/images/models/0306/model/large/0306_226_2_1.jpg,MU0306,118,Size,XS,,1,,Color,Fern Green,,1,,,,,,,,,,,,[54cm]·[67cm],8435782528459
variation,MU030601226,,1,0,visible,,"Dimensiuni: 56 * 68,5 cm",taxable,1,0,0,99.75,,,https://static.musaibrand.com/images/models/0306/model/large/0306_226_2_1.jpg,MU0306,119,Size,S,,1,,Color,Fern Green,,1,,,,,,,,,,,,"[56cm]·[68,5cm]",8435782528466
variation,MU030602226,,1,0,visible,,Dimensiuni: 58 * 70 cm,taxable,1,0,0,99.75,,,https://static.musaibrand.com/images/models/0306/model/large/0306_226_2_1.jpg,MU0306,120,Size,M,,1,,Color,Fern Green,,1,,,,,,,,,,,,[58cm]·[70cm],8435782528473
variation,MU030603226,,1,0,visible,,Dimensiuni: 60 * 72 cm,taxable,1,0,0,99.75,,,https://static.musaibrand.com/images/models/0306/model/large/0306_226_2_1.jpg,MU0306,121,Size,L,,1,,Color,Fern Green,,1,,,,,,,,,,,,[60cm]·[72cm],8435782528480
variation,MU030604226,,1,0,visible,,Dimensiuni: 63 * 73 cm,taxable,1,0,0,99.75,,,https://static.musaibrand.com/images/models/0306/model/large/0306_226_2_1.jpg,MU0306,122,Size,XL,,1,,Color,Fern Green,,1,,,,,,,,,,,,[63cm]·[73cm],8435782528497
variation,MU030605226,,1,0,visible,,Dimensiuni: 66 * 75 cm,taxable,1,0,0,99.75,,,https://static.musaibrand.com/images/models/0306/model/large/0306_226_2_1.jpg,MU0306,123,Size,2XL,,1,,Color,Fern Green,,1,,,,,,,,,,,,[66cm]·[75cm],8435782528503
variation,MU030606226,,1,0,visible,,Dimensiuni: 69 * 76 cm,taxable,1,0,0,99.75,,,https://static.musaibrand.com/images/models/0306/model/large/0306_226_2_1.jpg,MU0306,124,Size,3XL,,1,,Color,Fern Green,,1,,,,,,,,,,,,[69cm]·[76cm],8435782528510
variation,MU030622226,,1,0,visible,,Dimensiuni: 37 * 44 cm,taxable,1,0,0,99.75,,,https://static.musaibrand.com/images/models/0306/model/large/0306_226_2_1.jpg,MU0306,125,Size,4,,1,,Color,Fern Green,,1,,,,,,,,,,,,[37cm]·[44cm],8435782528527
variation,MU030624226,,1,0,visible,,Dimensiuni: 40 * 48 cm,taxable,1,0,0,99.75,,,https://static.musaibrand.com/images/models/0306/model/large/0306_226_2_1.jpg,MU0306,126,Size,6,,1,,Color,Fern Green,,1,,,,,,,,,,,,[40cm]·[48cm],8435782528534
variation,MU030625226,,1,0,visible,,Dimensiuni: 43 * 50 cm,taxable,1,0,0,99.75,,,https://static.musaibrand.com/images/models/0306/model/large/0306_226_2_1.jpg,MU0306,127,Size,8,,1,,Color,Fern Green,,1,,,,,,,,,,,,[43cm]·[50cm],8435782528541
variation,MU030626226,,1,0,visible,,Dimensiuni: 45 * 56 cm,taxable,1,0,0,99.75,,,https://static.musaibrand.com/images/models/0306/model/large/0306_226_2_1.jpg,MU0306,128,Size,10,,1,,Color,Fern Green,,1,,,,,,,,,,,,[45cm]·[56cm],8435782528558
variation,MU030627226,,1,0,visible,,Dimensiuni: 47 * 49 cm,taxable,1,0,0,99.75,,,https://static.musaibrand.com/images/models/0306/model/large/0306_226_2_1.jpg,MU0306,129,Size,12,,1,,Color,Fern Green,,1,,,,,,,,,,,,[47cm]·[49cm],8435782528565
variation,MU030628226,,1,0,visible,,Dimensiuni: 49 * 64 cm,taxable,1,0,0,99.75,,,https://static.musaibrand.com/images/models/0306/model/large/0306_226_2_1.jpg,MU0306,130,Size,14,,1,,Color,Fern Green,,1,,,,,,,,,,,,[49cm]·[64cm],8435782528572
variation,MU030600258,,1,0,visible,,Dimensiuni: 54 * 67 cm,taxable,1,0,0,99.75,,,https://static.musaibrand.com/images/models/0306/model/large/0306_258_2_1.jpg,MU0306,131,Size,XS,,1,,Color,Gri deschis,,1,,,,,,,,,,,,[54cm]·[67cm],8435782518849
variation,MU030601258,,1,0,visible,,"Dimensiuni: 56 * 68,5 cm",taxable,1,0,0,99.75,,,https://static.musaibrand.com/images/models/0306/model/large/0306_258_2_1.jpg,MU0306,132,Size,S,,1,,Color,Gri deschis,,1,,,,,,,,,,,,"[56cm]·[68,5cm]",8435782518979
variation,MU030602258,,1,0,visible,,Dimensiuni: 58 * 70 cm,taxable,1,0,0,99.75,,,https://static.musaibrand.com/images/models/0306/model/large/0306_258_2_1.jpg,MU0306,133,Size,M,,1,,Color,Gri deschis,,1,,,,,,,,,,,,[58cm]·[70cm],8435782519105
variation,MU030603258,,1,0,visible,,Dimensiuni: 60 * 72 cm,taxable,1,0,0,99.75,,,https://static.musaibrand.com/images/models/0306/model/large/0306_258_2_1.jpg,MU0306,134,Size,L,,1,,Color,Gri deschis,,1,,,,,,,,,,,,[60cm]·[72cm],8435782519235
variation,MU030604258,,1,0,visible,,Dimensiuni: 63 * 73 cm,taxable,1,0,0,99.75,,,https://static.musaibrand.com/images/models/0306/model/large/0306_258_2_1.jpg,MU0306,135,Size,XL,,1,,Color,Gri deschis,,1,,,,,,,,,,,,[63cm]·[73cm],8435782519365
variation,MU030605258,,1,0,visible,,Dimensiuni: 66 * 75 cm,taxable,1,0,0,99.75,,,https://static.musaibrand.com/images/models/0306/model/large/0306_258_2_1.jpg,MU0306,136,Size,2XL,,1,,Color,Gri deschis,,1,,,,,,,,,,,,[66cm]·[75cm],8435782519495
variation,MU030606258,,1,0,visible,,Dimensiuni: 69 * 76 cm,taxable,1,0,0,99.75,,,https://static.musaibrand.com/images/models/0306/model/large/0306_258_2_1.jpg,MU0306,137,Size,3XL,,1,,Color,Gri deschis,,1,,,,,,,,,,,,[69cm]·[76cm],8435782519624
variation,MU030622258,,1,0,visible,,Dimensiuni: 37 * 44 cm,taxable,1,0,0,99.75,,,https://static.musaibrand.com/images/models/0306/model/large/0306_258_2_1.jpg,MU0306,138,Size,4,,1,,Color,Gri deschis,,1,,,,,,,,,,,,[37cm]·[44cm],8435782519754
variation,MU030624258,,1,0,visible,,Dimensiuni: 40 * 48 cm,taxable,1,0,0,99.75,,,https://static.musaibrand.com/images/models/0306/model/large/0306_258_2_1.jpg,MU0306,139,Size,6,,1,,Color,Gri deschis,,1,,,,,,,,,,,,[40cm]·[48cm],8435782519884
variation,MU030625258,,1,0,visible,,Dimensiuni: 43 * 50 cm,taxable,1,0,0,99.75,,,https://static.musaibrand.com/images/models/0306/model/large/0306_258_2_1.jpg,MU0306,140,Size,8,,1,,Color,Gri deschis,,1,,,,,,,,,,,,[43cm]·[50cm],8435782520019
variation,MU030626258,,1,0,visible,,Dimensiuni: 45 * 56 cm,taxable,1,0,0,99.75,,,https://static.musaibrand.com/images/models/0306/model/large/0306_258_2_1.jpg,MU0306,141,Size,10,,1,,Color,Gri deschis,,1,,,,,,,,,,,,[45cm]·[56cm],8435782520149
variation,MU030627258,,1,0,visible,,Dimensiuni: 47 * 49 cm,taxable,1,0,0,99.75,,,https://static.musaibrand.com/images/models/0306/model/large/0306_258_2_1.jpg,MU0306,142,Size,12,,1,,Color,Gri deschis,,1,,,,,,,,,,,,[47cm]·[49cm],8435782520279
variation,MU030628258,,1,0,visible,,Dimensiuni: 49 * 64 cm,taxable,1,0,0,99.75,,,https://static.musaibrand.com/images/models/0306/model/large/0306_258_2_1.jpg,MU0306,143,Size,14,,1,,Color,Gri deschis,,1,,,,,,,,,,,,[49cm]·[64cm],8435782520408
variation,MU03060055,,1,0,visible,,Dimensiuni: 54 * 67 cm,taxable,1,0,0,99.75,,,https://static.musaibrand.com/images/models/0306/model/large/0306_55_2_1.jpg,MU0306,144,Size,XS,,1,,Color,Albastru marin,,1,,,,,,,,,,,,[54cm]·[67cm],8435782518856
variation,MU03060155,,1,0,visible,,"Dimensiuni: 56 * 68,5 cm",taxable,1,0,0,99.75,,,https://static.musaibrand.com/images/models/0306/model/large/0306_55_2_1.jpg,MU0306,145,Size,S,,1,,Color,Albastru marin,,1,,,,,,,,,,,,"[56cm]·[68,5cm]",8435782518986
variation,MU03060255,,1,0,visible,,Dimensiuni: 58 * 70 cm,taxable,1,0,0,99.75,,,https://static.musaibrand.com/images/models/0306/model/large/0306_55_2_1.jpg,MU0306,146,Size,M,,1,,Color,Albastru marin,,1,,,,,,,,,,,,[58cm]·[70cm],8435782519112
variation,MU03060355,,1,0,visible,,Dimensiuni: 60 * 72 cm,taxable,1,0,0,99.75,,,https://static.musaibrand.com/images/models/0306/model/large/0306_55_2_1.jpg,MU0306,147,Size,L,,1,,Color,Albastru marin,,1,,,,,,,,,,,,[60cm]·[72cm],8435782519242
variation,MU03060455,,1,0,visible,,Dimensiuni: 63 * 73 cm,taxable,1,0,0,99.75,,,https://static.musaibrand.com/images/models/0306/model/large/0306_55_2_1.jpg,MU0306,148,Size,XL,,1,,Color,Albastru marin,,1,,,,,,,,,,,,[63cm]·[73cm],8435782519372
variation,MU03060555,,1,0,visible,,Dimensiuni: 66 * 75 cm,taxable,1,0,0,99.75,,,https://static.musaibrand.com/images/models/0306/model/large/0306_55_2_1.jpg,MU0306,149,Size,2XL,,1,,Color,Albastru marin,,1,,,,,,,,,,,,[66cm]·[75cm],8435782519501
variation,MU03060655,,1,0,visible,,Dimensiuni: 69 * 76 cm,taxable,1,0,0,99.75,,,https://static.musaibrand.com/images/models/0306/model/large/0306_55_2_1.jpg,MU0306,150,Size,3XL,,1,,Color,Albastru marin,,1,,,,,,,,,,,,[69cm]·[76cm],8435782519631
variation,MU03062255,,1,0,visible,,Dimensiuni: 37 * 44 cm,taxable,1,0,0,99.75,,,https://static.musaibrand.com/images/models/0306/model/large/0306_55_2_1.jpg,MU0306,151,Size,4,,1,,Color,Albastru marin,,1,,,,,,,,,,,,[37cm]·[44cm],8435782519761
variation,MU03062455,,1,0,visible,,Dimensiuni: 40 * 48 cm,taxable,1,0,0,99.75,,,https://static.musaibrand.com/images/models/0306/model/large/0306_55_2_1.jpg,MU0306,152,Size,6,,1,,Color,Albastru marin,,1,,,,,,,,,,,,[40cm]·[48cm],8435782519891
variation,MU03062555,,1,0,visible,,Dimensiuni: 43 * 50 cm,taxable,1,0,0,99.75,,,https://static.musaibrand.com/images/models/0306/model/large/0306_55_2_1.jpg,MU0306,153,Size,8,,1,,Color,Albastru marin,,1,,,,,,,,,,,,[43cm]·[50cm],8435782520026
variation,MU03062655,,1,0,visible,,Dimensiuni: 45 * 56 cm,taxable,1,0,0,99.75,,,https://static.musaibrand.com/images/models/0306/model/large/0306_55_2_1.jpg,MU0306,154,Size,10,,1,,Color,Albastru marin,,1,,,,,,,,,,,,[45cm]·[56cm],8435782520156
variation,MU03062755,,1,0,visible,,Dimensiuni: 47 * 49 cm,taxable,1,0,0,99.75,,,https://static.musaibrand.com/images/models/0306/model/large/0306_55_2_1.jpg,MU0306,155,Size,12,,1,,Color,Albastru marin,,1,,,,,,,,,,,,[47cm]·[49cm],8435782520286
variation,MU03062855,,1,0,visible,,Dimensiuni: 49 * 64 cm,taxable,1,0,0,99.75,,,https://static.musaibrand.com/images/models/0306/model/large/0306_55_2_1.jpg,MU0306,156,Size,14,,1,,Color,Albastru marin,,1,,,,,,,,,,,,[49cm]·[64cm],8435782520415
variation,MU03060060,,1,0,visible,,Dimensiuni: 54 * 67 cm,taxable,1,0,0,99.75,,,https://static.musaibrand.com/images/models/0306/model/large/0306_60_2_1.jpg,MU0306,157,Size,XS,,1,,Color,ROȘU,,1,,,,,,,,,,,,[54cm]·[67cm],8435782518863
variation,MU03060160,,1,0,visible,,"Dimensiuni: 56 * 68,5 cm",taxable,1,0,0,99.75,,,https://static.musaibrand.com/images/models/0306/model/large/0306_60_2_1.jpg,MU0306,158,Size,S,,1,,Color,ROȘU,,1,,,,,,,,,,,,"[56cm]·[68,5cm]",8435782518993
variation,MU03060260,,1,0,visible,,Dimensiuni: 58 * 70 cm,taxable,1,0,0,99.75,,,https://static.musaibrand.com/images/models/0306/model/large/0306_60_2_1.jpg,MU0306,159,Size,M,,1,,Color,ROȘU,,1,,,,,,,,,,,,[58cm]·[70cm],8435782519129
variation,MU03060360,,1,0,visible,,Dimensiuni: 60 * 72 cm,taxable,1,0,0,99.75,,,https://static.musaibrand.com/images/models/0306/model/large/0306_60_2_1.jpg,MU0306,160,Size,L,,1,,Color,ROȘU,,1,,,,,,,,,,,,[60cm]·[72cm],8435782519259
variation,MU03060460,,1,0,visible,,Dimensiuni: 63 * 73 cm,taxable,1,0,0,99.75,,,https://static.musaibrand.com/images/models/0306/model/large/0306_60_2_1.jpg,MU0306,161,Size,XL,,1,,Color,ROȘU,,1,,,,,,,,,,,,[63cm]·[73cm],8435782519389
variation,MU03060560,,1,0,visible,,Dimensiuni: 66 * 75 cm,taxable,1,0,0,99.75,,,https://static.musaibrand.com/images/models/0306/model/large/0306_60_2_1.jpg,MU0306,162,Size,2XL,,1,,Color,ROȘU,,1,,,,,,,,,,,,[66cm]·[75cm],8435782519518
variation,MU03060660,,1,0,visible,,Dimensiuni: 69 * 76 cm,taxable,1,0,0,99.75,,,https://static.musaibrand.com/images/models/0306/model/large/0306_60_2_1.jpg,MU0306,163,Size,3XL,,1,,Color,ROȘU,,1,,,,,,,,,,,,[69cm]·[76cm],8435782519648
variation,MU03062260,,1,0,visible,,Dimensiuni: 37 * 44 cm,taxable,1,0,0,99.75,,,https://static.musaibrand.com/images/models/0306/model/large/0306_60_2_1.jpg,MU0306,164,Size,4,,1,,Color,ROȘU,,1,,,,,,,,,,,,[37cm]·[44cm],8435782519778
variation,MU03062460,,1,0,visible,,Dimensiuni: 40 * 48 cm,taxable,1,0,0,99.75,,,https://static.musaibrand.com/images/models/0306/model/large/0306_60_2_1.jpg,MU0306,165,Size,6,,1,,Color,ROȘU,,1,,,,,,,,,,,,[40cm]·[48cm],8435782519907
variation,MU03062560,,1,0,visible,,Dimensiuni: 43 * 50 cm,taxable,1,0,0,99.75,,,https://static.musaibrand.com/images/models/0306/model/large/0306_60_2_1.jpg,MU0306,166,Size,8,,1,,Color,ROȘU,,1,,,,,,,,,,,,[43cm]·[50cm],8435782520033
variation,MU03062660,,1,0,visible,,Dimensiuni: 45 * 56 cm,taxable,1,0,0,99.75,,,https://static.musaibrand.com/images/models/0306/model/large/0306_60_2_1.jpg,MU0306,167,Size,10,,1,,Color,ROȘU,,1,,,,,,,,,,,,[45cm]·[56cm],8435782520163
variation,MU03062760,,1,0,visible,,Dimensiuni: 47 * 49 cm,taxable,1,0,0,99.75,,,https://static.musaibrand.com/images/models/0306/model/large/0306_60_2_1.jpg,MU0306,168,Size,12,,1,,Color,ROȘU,,1,,,,,,,,,,,,[47cm]·[49cm],8435782520293
variation,MU03062860,,1,0,visible,,Dimensiuni: 49 * 64 cm,taxable,1,0,0,99.75,,,https://static.musaibrand.com/images/models/0306/model/large/0306_60_2_1.jpg,MU0306,169,Size,14,,1,,Color,ROȘU,,1,,,,,,,,,,,,[49cm]·[64cm],8435782520422
variation,MU03060064,,1,0,visible,,Dimensiuni: 54 * 67 cm,taxable,1,0,0,99.75,,,https://static.musaibrand.com/images/models/0306/model/large/0306_64_2_1.jpg,MU0306,170,Size,XS,,1,,Color,Burgundy,,1,,,,,,,,,,,,[54cm]·[67cm],8435782518870
variation,MU03060164,,1,0,visible,,"Dimensiuni: 56 * 68,5 cm",taxable,1,0,0,99.75,,,https://static.musaibrand.com/images/models/0306/model/large/0306_64_2_1.jpg,MU0306,171,Size,S,,1,,Color,Burgundy,,1,,,,,,,,,,,,"[56cm]·[68,5cm]",8435782519006
variation,MU03060264,,1,0,visible,,Dimensiuni: 58 * 70 cm,taxable,1,0,0,99.75,,,https://static.musaibrand.com/images/models/0306/model/large/0306_64_2_1.jpg,MU0306,172,Size,M,,1,,Color,Burgundy,,1,,,,,,,,,,,,[58cm]·[70cm],8435782519136
variation,MU03060364,,1,0,visible,,Dimensiuni: 60 * 72 cm,taxable,1,0,0,99.75,,,https://static.musaibrand.com/images/models/0306/model/large/0306_64_2_1.jpg,MU0306,173,Size,L,,1,,Color,Burgundy,,1,,,,,,,,,,,,[60cm]·[72cm],8435782519266
variation,MU03060464,,1,0,visible,,Dimensiuni: 63 * 73 cm,taxable,1,0,0,99.75,,,https://static.musaibrand.com/images/models/0306/model/large/0306_64_2_1.jpg,MU0306,174,Size,XL,,1,,Color,Burgundy,,1,,,,,,,,,,,,[63cm]·[73cm],8435782519396
variation,MU03060564,,1,0,visible,,Dimensiuni: 66 * 75 cm,taxable,1,0,0,99.75,,,https://static.musaibrand.com/images/models/0306/model/large/0306_64_2_1.jpg,MU0306,175,Size,2XL,,1,,Color,Burgundy,,1,,,,,,,,,,,,[66cm]·[75cm],8435782519525
variation,MU03060664,,1,0,visible,,Dimensiuni: 69 * 76 cm,taxable,1,0,0,99.75,,,https://static.musaibrand.com/images/models/0306/model/large/0306_64_2_1.jpg,MU0306,176,Size,3XL,,1,,Color,Burgundy,,1,,,,,,,,,,,,[69cm]·[76cm],8435782519655
variation,MU03062264,,1,0,visible,,Dimensiuni: 37 * 44 cm,taxable,1,0,0,99.75,,,https://static.musaibrand.com/images/models/0306/model/large/0306_64_2_1.jpg,MU0306,177,Size,4,,1,,Color,Burgundy,,1,,,,,,,,,,,,[37cm]·[44cm],8435782519785
variation,MU03062464,,1,0,visible,,Dimensiuni: 40 * 48 cm,taxable,1,0,0,99.75,,,https://static.musaibrand.com/images/models/0306/model/large/0306_64_2_1.jpg,MU0306,178,Size,6,,1,,Color,Burgundy,,1,,,,,,,,,,,,[40cm]·[48cm],8435782519914
variation,MU03062564,,1,0,visible,,Dimensiuni: 43 * 50 cm,taxable,1,0,0,99.75,,,https://static.musaibrand.com/images/models/0306/model/large/0306_64_2_1.jpg,MU0306,179,Size,8,,1,,Color,Burgundy,,1,,,,,,,,,,,,[43cm]·[50cm],8435782520040
variation,MU03062664,,1,0,visible,,Dimensiuni: 45 * 56 cm,taxable,1,0,0,99.75,,,https://static.musaibrand.com/images/models/0306/model/large/0306_64_2_1.jpg,MU0306,180,Size,10,,1,,Color,Burgundy,,1,,,,,,,,,,,,[45cm]·[56cm],8435782520170
variation,MU03062764,,1,0,visible,,Dimensiuni: 47 * 49 cm,taxable,1,0,0,99.75,,,https://static.musaibrand.com/images/models/0306/model/large/0306_64_2_1.jpg,MU0306,181,Size,12,,1,,Color,Burgundy,,1,,,,,,,,,,,,[47cm]·[49cm],8435782520309
variation,MU03062864,,1,0,visible,,Dimensiuni: 49 * 64 cm,taxable,1,0,0,99.75,,,https://static.musaibrand.com/images/models/0306/model/large/0306_64_2_1.jpg,MU0306,182,Size,14,,1,,Color,Burgundy,,1,,,,,,,,,,,,[49cm]·[64cm],8435782520439
