Type,SKU,Name,Published,Is featured?,Visibility in catalog,Short description,Description,Tax status,In stock?,Backorders allowed?,Sold individually?,Regular price,Categories,Tags,Images,Parent,Position,Attribute 1 name,Attribute 1 value(s),Attribute 1 visible,Attribute 1 global,Attribute 1 default,Attribute 2 name,Attribute 2 value(s),Attribute 2 visible,Attribute 2 global,Attribute 2 default,Attribute 3 name,Attribute 3 value(s),Attribute 3 visible,Attribute 3 global,Attribute 3 default,Attribute 4 name,Attribute 4 value(s),Attribute 4 visible,Attribute 4 global,Attribute 4 default,Meta: dimensions,Meta: ean
variable,MU0206,Pantaloni - Kute Femeie,1,0,visible,,"<p>Pantaloni scurți pentru femei cu buzunare, confecționați din material poliesteric reciclat, cu betelie elastică și șnur interior reglabil.</p><p><strong>Compoziție:</strong> 100% poliester reciclat</p><p><br>· Două buzunare laterale cu fermoare inversate și bandă de acoperire asortate. <br>· Șnur interior asortat personalizat cu design de marcă.<br>· Tăieturi laterale. <br>· Prinderi margini spate.<br>· Detaliu cu logo brodat.</p><h4>Dimensiuni</h4><table style='border-collapse:collapse;margin:8px 0'><tr><th style='padding:4px 12px;border:1px solid #ddd;text-align:left'>Mărime</th><th style='padding:4px 12px;border:1px solid #ddd;text-align:left'>Dimensiuni</th></tr><tr><td style='padding:4px 12px;border:1px solid #ddd'>XS</td><td style='padding:4px 12px;border:1px solid #ddd'>33 * 35 cm</td></tr><tr><td style='padding:4px 12px;border:1px solid #ddd'>S</td><td style='padding:4px 12px;border:1px solid #ddd'>35 * 37 cm</td></tr><tr><td style='padding:4px 12px;border:1px solid #ddd'>M</td><td style='padding:4px 12px;border:1px solid #ddd'>37 * 37 cm</td></tr><tr><td style='padding:4px 12px;border:1px solid #ddd'>L</td><td style='padding:4px 12px;border:1px solid #ddd'>39 * 38 cm</td></tr><tr><td style='padding:4px 12px;border:1px solid #ddd'>XL</td><td style='padding:4px 12px;border:1px solid #ddd'>41 * 39 cm</td></tr><tr><td style='padding:4px 12px;border:1px solid #ddd'>2XL</td><td style='padding:4px 12px;border:1px solid #ddd'>43 * 40 cm</td></tr></table>",taxable,1,0,0,,Pantaloni și colanți,MUSAI,"https://static.musaibrand.com/images/models/0206/model/large/0206_01_1_1.jpg,https://static.musaibrand.com/images/models/0206/model/large/0206_02_1_1.jpg,https://static.musaibrand.com/images/models/0206/model/large/0206_55_1_1.jpg,https://static.musaibrand.com/images/models/0206/model/large/0206_01_2_1.jpg,https://static.musaibrand.com/images/models/0206/model/large/0206_02_2_1.jpg,https://static.musaibrand.com/images/models/0206/model/large/0206_55_2_1.jpg",,0,Size,"XS, S, M, L, XL, 2XL",1,1,,Color,"Alb, Negru, Albastru marin",1,1,,Gender,Femeie,1,1,,Dimensiuni,"[33cm]·[35cm], [35cm]·[37cm], [37cm]·[37cm], [39cm]·[38cm], [41cm]·[39cm], [43cm]·[40cm]",1,0,,,
variation,MU02060001,,1,0,visible,,Dimensiuni: 33 * 35 cm,taxable,1,0,0,94.5,,,https://static.musaibrand.com/images/models/0206/model/large/0206_01_2_1.jpg,MU0206,1,Size,XS,,1,,Color,Alb,,1,,,,,,,,,,,,[33cm]·[35cm],8435782512083
variation,MU02060101,,1,0,visible,,Dimensiuni: 35 * 37 cm,taxable,1,0,0,94.5,,,https://static.musaibrand.com/images/models/0206/model/large/0206_01_2_1.jpg,MU0206,2,Size,S,,1,,Color,Alb,,1,,,,,,,,,,,,[35cm]·[37cm],8435782512113
variation,MU02060201,,1,0,visible,,Dimensiuni: 37 * 37 cm,taxable,1,0,0,94.5,,,https://static.musaibrand.com/images/models/0206/model/large/0206_01_2_1.jpg,MU0206,3,Size,M,,1,,Color,Alb,,1,,,,,,,,,,,,[37cm]·[37cm],8435782512144
variation,MU02060301,,1,0,visible,,Dimensiuni: 39 * 38 cm,taxable,1,0,0,94.5,,,https://static.musaibrand.com/images/models/0206/model/large/0206_01_2_1.jpg,MU0206,4,Size,L,,1,,Color,Alb,,1,,,,,,,,,,,,[39cm]·[38cm],8435782512175
variation,MU02060401,,1,0,visible,,Dimensiuni: 41 * 39 cm,taxable,1,0,0,94.5,,,https://static.musaibrand.com/images/models/0206/model/large/0206_01_2_1.jpg,MU0206,5,Size,XL,,1,,Color,Alb,,1,,,,,,,,,,,,[41cm]·[39cm],8435782512205
variation,MU02060501,,1,0,visible,,Dimensiuni: 43 * 40 cm,taxable,1,0,0,94.5,,,https://static.musaibrand.com/images/models/0206/model/large/0206_01_2_1.jpg,MU0206,6,Size,2XL,,1,,Color,Alb,,1,,,,,,,,,,,,[43cm]·[40cm],8435782512236
variation,MU02060002,,1,0,visible,,Dimensiuni: 33 * 35 cm,taxable,1,0,0,94.5,,,https://static.musaibrand.com/images/models/0206/model/large/0206_02_2_1.jpg,MU0206,7,Size,XS,,1,,Color,Negru,,1,,,,,,,,,,,,[33cm]·[35cm],8435782512090
variation,MU02060102,,1,0,visible,,Dimensiuni: 35 * 37 cm,taxable,1,0,0,94.5,,,https://static.musaibrand.com/images/models/0206/model/large/0206_02_2_1.jpg,MU0206,8,Size,S,,1,,Color,Negru,,1,,,,,,,,,,,,[35cm]·[37cm],8435782512120
variation,MU02060202,,1,0,visible,,Dimensiuni: 37 * 37 cm,taxable,1,0,0,94.5,,,https://static.musaibrand.com/images/models/0206/model/large/0206_02_2_1.jpg,MU0206,9,Size,M,,1,,Color,Negru,,1,,,,,,,,,,,,[37cm]·[37cm],8435782512151
variation,MU02060302,,1,0,visible,,Dimensiuni: 39 * 38 cm,taxable,1,0,0,94.5,,,https://static.musaibrand.com/images/models/0206/model/large/0206_02_2_1.jpg,MU0206,10,Size,L,,1,,Color,Negru,,1,,,,,,,,,,,,[39cm]·[38cm],8435782512182
variation,MU02060402,,1,0,visible,,Dimensiuni: 41 * 39 cm,taxable,1,0,0,94.5,,,https://static.musaibrand.com/images/models/0206/model/large/0206_02_2_1.jpg,MU0206,11,Size,XL,,1,,Color,Negru,,1,,,,,,,,,,,,[41cm]·[39cm],8435782512212
variation,MU02060502,,1,0,visible,,Dimensiuni: 43 * 40 cm,taxable,1,0,0,94.5,,,https://static.musaibrand.com/images/models/0206/model/large/0206_02_2_1.jpg,MU0206,12,Size,2XL,,1,,Color,Negru,,1,,,,,,,,,,,,[43cm]·[40cm],8435782512243
variation,MU02060055,,1,0,visible,,Dimensiuni: 33 * 35 cm,taxable,1,0,0,94.5,,,https://static.musaibrand.com/images/models/0206/model/large/0206_55_2_1.jpg,MU0206,13,Size,XS,,1,,Color,Albastru marin,,1,,,,,,,,,,,,[33cm]·[35cm],8435782512106
variation,MU02060155,,1,0,visible,,Dimensiuni: 35 * 37 cm,taxable,1,0,0,94.5,,,https://static.musaibrand.com/images/models/0206/model/large/0206_55_2_1.jpg,MU0206,14,Size,S,,1,,Color,Albastru marin,,1,,,,,,,,,,,,[35cm]·[37cm],8435782512137
variation,MU02060255,,1,0,visible,,Dimensiuni: 37 * 37 cm,taxable,1,0,0,94.5,,,https://static.musaibrand.com/images/models/0206/model/large/0206_55_2_1.jpg,MU0206,15,Size,M,,1,,Color,Albastru marin,,1,,,,,,,,,,,,[37cm]·[37cm],8435782512168
variation,MU02060355,,1,0,visible,,Dimensiuni: 39 * 38 cm,taxable,1,0,0,94.5,,,https://static.musaibrand.com/images/models/0206/model/large/0206_55_2_1.jpg,MU0206,16,Size,L,,1,,Color,Albastru marin,,1,,,,,,,,,,,,[39cm]·[38cm],8435782512199
variation,MU02060455,,1,0,visible,,Dimensiuni: 41 * 39 cm,taxable,1,0,0,94.5,,,https://static.musaibrand.com/images/models/0206/model/large/0206_55_2_1.jpg,MU0206,17,Size,XL,,1,,Color,Albastru marin,,1,,,,,,,,,,,,[41cm]·[39cm],8435782512229
variation,MU02060555,,1,0,visible,,Dimensiuni: 43 * 40 cm,taxable,1,0,0,94.5,,,https://static.musaibrand.com/images/models/0206/model/large/0206_55_2_1.jpg,MU0206,18,Size,2XL,,1,,Color,Albastru marin,,1,,,,,,,,,,,,[43cm]·[40cm],8435782512250
variable,MU0207,Pantaloni - Deuce,1,0,visible,,"<p>Pantaloni scurți tehnici unisex ușori cu elastan din poliester reciclat. <br>· Stretch.</p><p><strong>Compoziție:</strong> 90% poliester reciclat· 10% elastanTesatura mesh:· 90% poliester reciclat· 10% elastan microperforat</p><p><br>· Bandă elastică la spate cu șnur interior reglabil asortat. <br>· Buzunare laterale mari. <br>· Tivuri lipite termic. <br>· Combinație cu material micro-perforat în partea de prindere în spate și buzunare pentru o mai bună respirabilitate.<br>· Șnur interior personalizat cu design de marcă.<br>· Detaliu cu logo imprimat.</p><h4>Dimensiuni</h4><table style='border-collapse:collapse;margin:8px 0'><tr><th style='padding:4px 12px;border:1px solid #ddd;text-align:left'>Mărime</th><th style='padding:4px 12px;border:1px solid #ddd;text-align:left'>Dimensiuni</th></tr><tr><td style='padding:4px 12px;border:1px solid #ddd'>XS</td><td style='padding:4px 12px;border:1px solid #ddd'>36 * 43 cm</td></tr><tr><td style='padding:4px 12px;border:1px solid #ddd'>S</td><td style='padding:4px 12px;border:1px solid #ddd'>37 * 44 cm</td></tr><tr><td style='padding:4px 12px;border:1px solid #ddd'>M</td><td style='padding:4px 12px;border:1px solid #ddd'>39 * 45 cm</td></tr><tr><td style='padding:4px 12px;border:1px solid #ddd'>L</td><td style='padding:4px 12px;border:1px solid #ddd'>41 * 46 cm</td></tr><tr><td style='padding:4px 12px;border:1px solid #ddd'>XL</td><td style='padding:4px 12px;border:1px solid #ddd'>43 * 47 cm</td></tr><tr><td style='padding:4px 12px;border:1px solid #ddd'>2XL</td><td style='padding:4px 12px;border:1px solid #ddd'>45 * 48 cm</td></tr><tr><td style='padding:4px 12px;border:1px solid #ddd'>3XL</td><td style='padding:4px 12px;border:1px solid #ddd'>47 * 49 cm</td></tr><tr><td style='padding:4px 12px;border:1px solid #ddd'>4</td><td style='padding:4px 12px;border:1px solid #ddd'>26,5 * 25 cm</td></tr><tr><td style='padding:4px 12px;border:1px solid #ddd'>6</td><td style='padding:4px 12px;border:1px solid #ddd'>28 * 31 cm</td></tr><tr><td style='padding:4px 12px;border:1px solid #ddd'>8</td><td style='padding:4px 12px;border:1px solid #ddd'>29,5 * 34,5 cm</td></tr><tr><td style='padding:4px 12px;border:1px solid #ddd'>10</td><td style='padding:4px 12px;border:1px solid #ddd'>31,5 * 38 cm</td></tr><tr><td style='padding:4px 12px;border:1px solid #ddd'>12</td><td style='padding:4px 12px;border:1px solid #ddd'>33,5 * 39 cm</td></tr><tr><td style='padding:4px 12px;border:1px solid #ddd'>14</td><td style='padding:4px 12px;border:1px solid #ddd'>35 * 40 cm</td></tr></table>",taxable,1,0,0,,Pantaloni scurţi,MUSAI,"https://static.musaibrand.com/images/models/0207/model/large/0207_01_1_1.jpg,https://static.musaibrand.com/images/models/0207/model/large/0207_02_1_1.jpg,https://static.musaibrand.com/images/models/0207/model/large/0207_55_1_1.jpg,https://static.musaibrand.com/images/models/0207/model/large/0207_01_2_1.jpg,https://static.musaibrand.com/images/models/0207/model/large/0207_02_2_1.jpg,https://static.musaibrand.com/images/models/0207/model/large/0207_55_2_1.jpg",,0,Size,"XS, S, M, L, XL, 2XL, 3XL, 4, 6, 8, 10, 12, 14",1,1,,Color,"Alb, Negru, Albastru marin",1,1,,Gender,Unisex,1,1,,Dimensiuni,"[36cm]·[43cm], [37cm]·[44cm], [39cm]·[45cm], [41cm]·[46cm], [43cm]·[47cm], [45cm]·[48cm], [47cm]·[49cm], [26.5cm]·[25cm], [28cm]·[31cm], [29.5cm]·[34.5cm], [31.5cm]·[38cm], [33.5cm]·[39cm], [35cm]·[40cm]",1,0,,,
variation,MU02070001,,1,0,visible,,Dimensiuni: 36 * 43 cm,taxable,1,0,0,94.5,,,https://static.musaibrand.com/images/models/0207/model/large/0207_01_2_1.jpg,MU0207,1,Size,XS,,1,,Color,Alb,,1,,,,,,,,,,,,[36cm]·[43cm],8435782512267
variation,MU02070101,,1,0,visible,,Dimensiuni: 37 * 44 cm,taxable,1,0,0,94.5,,,https://static.musaibrand.com/images/models/0207/model/large/0207_01_2_1.jpg,MU0207,2,Size,S,,1,,Color,Alb,,1,,,,,,,,,,,,[37cm]·[44cm],8435782512298
variation,MU02070201,,1,0,visible,,Dimensiuni: 39 * 45 cm,taxable,1,0,0,94.5,,,https://static.musaibrand.com/images/models/0207/model/large/0207_01_2_1.jpg,MU0207,3,Size,M,,1,,Color,Alb,,1,,,,,,,,,,,,[39cm]·[45cm],8435782512328
variation,MU02070301,,1,0,visible,,Dimensiuni: 41 * 46 cm,taxable,1,0,0,94.5,,,https://static.musaibrand.com/images/models/0207/model/large/0207_01_2_1.jpg,MU0207,4,Size,L,,1,,Color,Alb,,1,,,,,,,,,,,,[41cm]·[46cm],8435782512359
variation,MU02070401,,1,0,visible,,Dimensiuni: 43 * 47 cm,taxable,1,0,0,94.5,,,https://static.musaibrand.com/images/models/0207/model/large/0207_01_2_1.jpg,MU0207,5,Size,XL,,1,,Color,Alb,,1,,,,,,,,,,,,[43cm]·[47cm],8435782512380
variation,MU02070501,,1,0,visible,,Dimensiuni: 45 * 48 cm,taxable,1,0,0,94.5,,,https://static.musaibrand.com/images/models/0207/model/large/0207_01_2_1.jpg,MU0207,6,Size,2XL,,1,,Color,Alb,,1,,,,,,,,,,,,[45cm]·[48cm],8435782512410
variation,MU02070601,,1,0,visible,,Dimensiuni: 47 * 49 cm,taxable,1,0,0,94.5,,,https://static.musaibrand.com/images/models/0207/model/large/0207_01_2_1.jpg,MU0207,7,Size,3XL,,1,,Color,Alb,,1,,,,,,,,,,,,[47cm]·[49cm],8435782512441
variation,MU02072201,,1,0,visible,,"Dimensiuni: 26,5 * 25 cm",taxable,1,0,0,94.5,,,https://static.musaibrand.com/images/models/0207/model/large/0207_01_2_1.jpg,MU0207,8,Size,4,,1,,Color,Alb,,1,,,,,,,,,,,,"[26,5cm]·[25cm]",8435782512472
variation,MU02072401,,1,0,visible,,Dimensiuni: 28 * 31 cm,taxable,1,0,0,94.5,,,https://static.musaibrand.com/images/models/0207/model/large/0207_01_2_1.jpg,MU0207,9,Size,6,,1,,Color,Alb,,1,,,,,,,,,,,,[28cm]·[31cm],8435782512502
variation,MU02072501,,1,0,visible,,"Dimensiuni: 29,5 * 34,5 cm",taxable,1,0,0,94.5,,,https://static.musaibrand.com/images/models/0207/model/large/0207_01_2_1.jpg,MU0207,10,Size,8,,1,,Color,Alb,,1,,,,,,,,,,,,"[29,5cm]·[34,5cm]",8435782512533
variation,MU02072601,,1,0,visible,,"Dimensiuni: 31,5 * 38 cm",taxable,1,0,0,94.5,,,https://static.musaibrand.com/images/models/0207/model/large/0207_01_2_1.jpg,MU0207,11,Size,10,,1,,Color,Alb,,1,,,,,,,,,,,,"[31,5cm]·[38cm]",8435782512564
variation,MU02072701,,1,0,visible,,"Dimensiuni: 33,5 * 39 cm",taxable,1,0,0,94.5,,,https://static.musaibrand.com/images/models/0207/model/large/0207_01_2_1.jpg,MU0207,12,Size,12,,1,,Color,Alb,,1,,,,,,,,,,,,"[33,5cm]·[39cm]",8435782512595
variation,MU02072801,,1,0,visible,,Dimensiuni: 35 * 40 cm,taxable,1,0,0,94.5,,,https://static.musaibrand.com/images/models/0207/model/large/0207_01_2_1.jpg,MU0207,13,Size,14,,1,,Color,Alb,,1,,,,,,,,,,,,[35cm]·[40cm],8435782512625
variation,MU02070002,,1,0,visible,,Dimensiuni: 36 * 43 cm,taxable,1,0,0,94.5,,,https://static.musaibrand.com/images/models/0207/model/large/0207_02_2_1.jpg,MU0207,14,Size,XS,,1,,Color,Negru,,1,,,,,,,,,,,,[36cm]·[43cm],8435782512274
variation,MU02070102,,1,0,visible,,Dimensiuni: 37 * 44 cm,taxable,1,0,0,94.5,,,https://static.musaibrand.com/images/models/0207/model/large/0207_02_2_1.jpg,MU0207,15,Size,S,,1,,Color,Negru,,1,,,,,,,,,,,,[37cm]·[44cm],8435782512304
variation,MU02070202,,1,0,visible,,Dimensiuni: 39 * 45 cm,taxable,1,0,0,94.5,,,https://static.musaibrand.com/images/models/0207/model/large/0207_02_2_1.jpg,MU0207,16,Size,M,,1,,Color,Negru,,1,,,,,,,,,,,,[39cm]·[45cm],8435782512335
variation,MU02070302,,1,0,visible,,Dimensiuni: 41 * 46 cm,taxable,1,0,0,94.5,,,https://static.musaibrand.com/images/models/0207/model/large/0207_02_2_1.jpg,MU0207,17,Size,L,,1,,Color,Negru,,1,,,,,,,,,,,,[41cm]·[46cm],8435782512366
variation,MU02070402,,1,0,visible,,Dimensiuni: 43 * 47 cm,taxable,1,0,0,94.5,,,https://static.musaibrand.com/images/models/0207/model/large/0207_02_2_1.jpg,MU0207,18,Size,XL,,1,,Color,Negru,,1,,,,,,,,,,,,[43cm]·[47cm],8435782512397
variation,MU02070502,,1,0,visible,,Dimensiuni: 45 * 48 cm,taxable,1,0,0,94.5,,,https://static.musaibrand.com/images/models/0207/model/large/0207_02_2_1.jpg,MU0207,19,Size,2XL,,1,,Color,Negru,,1,,,,,,,,,,,,[45cm]·[48cm],8435782512427
variation,MU02070602,,1,0,visible,,Dimensiuni: 47 * 49 cm,taxable,1,0,0,94.5,,,https://static.musaibrand.com/images/models/0207/model/large/0207_02_2_1.jpg,MU0207,20,Size,3XL,,1,,Color,Negru,,1,,,,,,,,,,,,[47cm]·[49cm],8435782512458
variation,MU02072202,,1,0,visible,,"Dimensiuni: 26,5 * 25 cm",taxable,1,0,0,94.5,,,https://static.musaibrand.com/images/models/0207/model/large/0207_02_2_1.jpg,MU0207,21,Size,4,,1,,Color,Negru,,1,,,,,,,,,,,,"[26,5cm]·[25cm]",8435782512489
variation,MU02072402,,1,0,visible,,Dimensiuni: 28 * 31 cm,taxable,1,0,0,94.5,,,https://static.musaibrand.com/images/models/0207/model/large/0207_02_2_1.jpg,MU0207,22,Size,6,,1,,Color,Negru,,1,,,,,,,,,,,,[28cm]·[31cm],8435782512519
variation,MU02072502,,1,0,visible,,"Dimensiuni: 29,5 * 34,5 cm",taxable,1,0,0,94.5,,,https://static.musaibrand.com/images/models/0207/model/large/0207_02_2_1.jpg,MU0207,23,Size,8,,1,,Color,Negru,,1,,,,,,,,,,,,"[29,5cm]·[34,5cm]",8435782512540
variation,MU02072602,,1,0,visible,,"Dimensiuni: 31,5 * 38 cm",taxable,1,0,0,94.5,,,https://static.musaibrand.com/images/models/0207/model/large/0207_02_2_1.jpg,MU0207,24,Size,10,,1,,Color,Negru,,1,,,,,,,,,,,,"[31,5cm]·[38cm]",8435782512571
variation,MU02072702,,1,0,visible,,"Dimensiuni: 33,5 * 39 cm",taxable,1,0,0,94.5,,,https://static.musaibrand.com/images/models/0207/model/large/0207_02_2_1.jpg,MU0207,25,Size,12,,1,,Color,Negru,,1,,,,,,,,,,,,"[33,5cm]·[39cm]",8435782512601
variation,MU02072802,,1,0,visible,,Dimensiuni: 35 * 40 cm,taxable,1,0,0,94.5,,,https://static.musaibrand.com/images/models/0207/model/large/0207_02_2_1.jpg,MU0207,26,Size,14,,1,,Color,Negru,,1,,,,,,,,,,,,[35cm]·[40cm],8435782512632
variation,MU02070055,,1,0,visible,,Dimensiuni: 36 * 43 cm,taxable,1,0,0,94.5,,,https://static.musaibrand.com/images/models/0207/model/large/0207_55_2_1.jpg,MU0207,27,Size,XS,,1,,Color,Albastru marin,,1,,,,,,,,,,,,[36cm]·[43cm],8435782512281
variation,MU02070155,,1,0,visible,,Dimensiuni: 37 * 44 cm,taxable,1,0,0,94.5,,,https://static.musaibrand.com/images/models/0207/model/large/0207_55_2_1.jpg,MU0207,28,Size,S,,1,,Color,Albastru marin,,1,,,,,,,,,,,,[37cm]·[44cm],8435782512311
variation,MU02070255,,1,0,visible,,Dimensiuni: 39 * 45 cm,taxable,1,0,0,94.5,,,https://static.musaibrand.com/images/models/0207/model/large/0207_55_2_1.jpg,MU0207,29,Size,M,,1,,Color,Albastru marin,,1,,,,,,,,,,,,[39cm]·[45cm],8435782512342
variation,MU02070355,,1,0,visible,,Dimensiuni: 41 * 46 cm,taxable,1,0,0,94.5,,,https://static.musaibrand.com/images/models/0207/model/large/0207_55_2_1.jpg,MU0207,30,Size,L,,1,,Color,Albastru marin,,1,,,,,,,,,,,,[41cm]·[46cm],8435782512373
variation,MU02070455,,1,0,visible,,Dimensiuni: 43 * 47 cm,taxable,1,0,0,94.5,,,https://static.musaibrand.com/images/models/0207/model/large/0207_55_2_1.jpg,MU0207,31,Size,XL,,1,,Color,Albastru marin,,1,,,,,,,,,,,,[43cm]·[47cm],8435782512403
variation,MU02070555,,1,0,visible,,Dimensiuni: 45 * 48 cm,taxable,1,0,0,94.5,,,https://static.musaibrand.com/images/models/0207/model/large/0207_55_2_1.jpg,MU0207,32,Size,2XL,,1,,Color,Albastru marin,,1,,,,,,,,,,,,[45cm]·[48cm],8435782512434
variation,MU02070655,,1,0,visible,,Dimensiuni: 47 * 49 cm,taxable,1,0,0,94.5,,,https://static.musaibrand.com/images/models/0207/model/large/0207_55_2_1.jpg,MU0207,33,Size,3XL,,1,,Color,Albastru marin,,1,,,,,,,,,,,,[47cm]·[49cm],8435782512465
variation,MU02072255,,1,0,visible,,"Dimensiuni: 26,5 * 25 cm",taxable,1,0,0,94.5,,,https://static.musaibrand.com/images/models/0207/model/large/0207_55_2_1.jpg,MU0207,34,Size,4,,1,,Color,Albastru marin,,1,,,,,,,,,,,,"[26,5cm]·[25cm]",8435782512496
variation,MU02072455,,1,0,visible,,Dimensiuni: 28 * 31 cm,taxable,1,0,0,94.5,,,https://static.musaibrand.com/images/models/0207/model/large/0207_55_2_1.jpg,MU0207,35,Size,6,,1,,Color,Albastru marin,,1,,,,,,,,,,,,[28cm]·[31cm],8435782512526
variation,MU02072555,,1,0,visible,,"Dimensiuni: 29,5 * 34,5 cm",taxable,1,0,0,94.5,,,https://static.musaibrand.com/images/models/0207/model/large/0207_55_2_1.jpg,MU0207,36,Size,8,,1,,Color,Albastru marin,,1,,,,,,,,,,,,"[29,5cm]·[34,5cm]",8435782512557
variation,MU02072655,,1,0,visible,,"Dimensiuni: 31,5 * 38 cm",taxable,1,0,0,94.5,,,https://static.musaibrand.com/images/models/0207/model/large/0207_55_2_1.jpg,MU0207,37,Size,10,,1,,Color,Albastru marin,,1,,,,,,,,,,,,"[31,5cm]·[38cm]",8435782512588
variation,MU02072755,,1,0,visible,,"Dimensiuni: 33,5 * 39 cm",taxable,1,0,0,94.5,,,https://static.musaibrand.com/images/models/0207/model/large/0207_55_2_1.jpg,MU0207,38,Size,12,,1,,Color,Albastru marin,,1,,,,,,,,,,,,"[33,5cm]·[39cm]",8435782512618
variation,MU02072855,,1,0,visible,,Dimensiuni: 35 * 40 cm,taxable,1,0,0,94.5,,,https://static.musaibrand.com/images/models/0207/model/large/0207_55_2_1.jpg,MU0207,39,Size,14,,1,,Color,Albastru marin,,1,,,,,,,,,,,,[35cm]·[40cm],8435782512649
variable,MU0207-K,Pantaloni Deuce Copii,1,0,visible,,"<p>Pantaloni scurți tehnici pentru copii ușori cu elastan din poliester reciclat. <br>· Stretch.</p><p><strong>Compoziție:</strong> 90% poliester reciclat· 10% elastanTesatura mesh:· 90% poliester reciclat· 10% elastan microperforat</p><p><br>· Bandă elastică la spate cu șnur interior reglabil asortat. <br>· Buzunare laterale mari. <br>· Tivuri lipite termic. <br>· Combinație cu material micro-perforat în partea de prindere în spate și buzunare pentru o mai bună respirabilitate.<br>· Șnur interior personalizat cu design de marcă.<br>· Detaliu cu logo imprimat.</p><h4>Dimensiuni</h4><table style='border-collapse:collapse;margin:8px 0'><tr><th style='padding:4px 12px;border:1px solid #ddd;text-align:left'>Mărime</th><th style='padding:4px 12px;border:1px solid #ddd;text-align:left'>Dimensiuni</th></tr><tr><td style='padding:4px 12px;border:1px solid #ddd'>XS</td><td style='padding:4px 12px;border:1px solid #ddd'>36 * 43 cm</td></tr><tr><td style='padding:4px 12px;border:1px solid #ddd'>S</td><td style='padding:4px 12px;border:1px solid #ddd'>37 * 44 cm</td></tr><tr><td style='padding:4px 12px;border:1px solid #ddd'>M</td><td style='padding:4px 12px;border:1px solid #ddd'>39 * 45 cm</td></tr><tr><td style='padding:4px 12px;border:1px solid #ddd'>L</td><td style='padding:4px 12px;border:1px solid #ddd'>41 * 46 cm</td></tr><tr><td style='padding:4px 12px;border:1px solid #ddd'>XL</td><td style='padding:4px 12px;border:1px solid #ddd'>43 * 47 cm</td></tr><tr><td style='padding:4px 12px;border:1px solid #ddd'>2XL</td><td style='padding:4px 12px;border:1px solid #ddd'>45 * 48 cm</td></tr><tr><td style='padding:4px 12px;border:1px solid #ddd'>3XL</td><td style='padding:4px 12px;border:1px solid #ddd'>47 * 49 cm</td></tr><tr><td style='padding:4px 12px;border:1px solid #ddd'>4</td><td style='padding:4px 12px;border:1px solid #ddd'>26,5 * 25 cm</td></tr><tr><td style='padding:4px 12px;border:1px solid #ddd'>6</td><td style='padding:4px 12px;border:1px solid #ddd'>28 * 31 cm</td></tr><tr><td style='padding:4px 12px;border:1px solid #ddd'>8</td><td style='padding:4px 12px;border:1px solid #ddd'>29,5 * 34,5 cm</td></tr><tr><td style='padding:4px 12px;border:1px solid #ddd'>10</td><td style='padding:4px 12px;border:1px solid #ddd'>31,5 * 38 cm</td></tr><tr><td style='padding:4px 12px;border:1px solid #ddd'>12</td><td style='padding:4px 12px;border:1px solid #ddd'>33,5 * 39 cm</td></tr><tr><td style='padding:4px 12px;border:1px solid #ddd'>14</td><td style='padding:4px 12px;border:1px solid #ddd'>35 * 40 cm</td></tr></table>",taxable,1,0,0,,Pantaloni scurţi,MUSAI,"https://static.musaibrand.com/images/models/0207-K/model/large/0207-K_01_1_1.jpg,https://static.musaibrand.com/images/models/0207-K/model/large/0207-K_02_1_1.jpg,https://static.musaibrand.com/images/models/0207-K/model/large/0207-K_55_1_1.jpg,https://static.musaibrand.com/images/models/0207-K/model/large/0207-K_01_2_1.jpg,https://static.musaibrand.com/images/models/0207-K/model/large/0207-K_02_2_1.jpg,https://static.musaibrand.com/images/models/0207-K/model/large/0207-K_55_2_1.jpg",,0,Size,"XS, S, M, L, XL, 2XL, 3XL, 4, 6, 8, 10, 12, 14",1,1,,Color,"Alb, Negru, Albastru marin",1,1,,Gender,Unisex,1,1,,Dimensiuni,"[36cm]·[43cm], [37cm]·[44cm], [39cm]·[45cm], [41cm]·[46cm], [43cm]·[47cm], [45cm]·[48cm], [47cm]·[49cm], [26.5cm]·[25cm], [28cm]·[31cm], [29.5cm]·[34.5cm], [31.5cm]·[38cm], [33.5cm]·[39cm], [35cm]·[40cm]",1,0,,,
variation,MU02070001-K,,1,0,visible,,Dimensiuni: 36 * 43 cm,taxable,1,0,0,94.5,,,https://static.musaibrand.com/images/models/0207-K/model/large/0207-K_01_2_1.jpg,MU0207-K,1,Size,XS,,1,,Color,Alb,,1,,,,,,,,,,,,[36cm]·[43cm],8435782512267
variation,MU02070101-K,,1,0,visible,,Dimensiuni: 37 * 44 cm,taxable,1,0,0,94.5,,,https://static.musaibrand.com/images/models/0207-K/model/large/0207-K_01_2_1.jpg,MU0207-K,2,Size,S,,1,,Color,Alb,,1,,,,,,,,,,,,[37cm]·[44cm],8435782512298
variation,MU02070201-K,,1,0,visible,,Dimensiuni: 39 * 45 cm,taxable,1,0,0,94.5,,,https://static.musaibrand.com/images/models/0207-K/model/large/0207-K_01_2_1.jpg,MU0207-K,3,Size,M,,1,,Color,Alb,,1,,,,,,,,,,,,[39cm]·[45cm],8435782512328
variation,MU02070301-K,,1,0,visible,,Dimensiuni: 41 * 46 cm,taxable,1,0,0,94.5,,,https://static.musaibrand.com/images/models/0207-K/model/large/0207-K_01_2_1.jpg,MU0207-K,4,Size,L,,1,,Color,Alb,,1,,,,,,,,,,,,[41cm]·[46cm],8435782512359
variation,MU02070401-K,,1,0,visible,,Dimensiuni: 43 * 47 cm,taxable,1,0,0,94.5,,,https://static.musaibrand.com/images/models/0207-K/model/large/0207-K_01_2_1.jpg,MU0207-K,5,Size,XL,,1,,Color,Alb,,1,,,,,,,,,,,,[43cm]·[47cm],8435782512380
variation,MU02070501-K,,1,0,visible,,Dimensiuni: 45 * 48 cm,taxable,1,0,0,94.5,,,https://static.musaibrand.com/images/models/0207-K/model/large/0207-K_01_2_1.jpg,MU0207-K,6,Size,2XL,,1,,Color,Alb,,1,,,,,,,,,,,,[45cm]·[48cm],8435782512410
variation,MU02070601-K,,1,0,visible,,Dimensiuni: 47 * 49 cm,taxable,1,0,0,94.5,,,https://static.musaibrand.com/images/models/0207-K/model/large/0207-K_01_2_1.jpg,MU0207-K,7,Size,3XL,,1,,Color,Alb,,1,,,,,,,,,,,,[47cm]·[49cm],8435782512441
variation,MU02072201-K,,1,0,visible,,"Dimensiuni: 26,5 * 25 cm",taxable,1,0,0,94.5,,,https://static.musaibrand.com/images/models/0207-K/model/large/0207-K_01_2_1.jpg,MU0207-K,8,Size,4,,1,,Color,Alb,,1,,,,,,,,,,,,"[26,5cm]·[25cm]",8435782512472
variation,MU02072401-K,,1,0,visible,,Dimensiuni: 28 * 31 cm,taxable,1,0,0,94.5,,,https://static.musaibrand.com/images/models/0207-K/model/large/0207-K_01_2_1.jpg,MU0207-K,9,Size,6,,1,,Color,Alb,,1,,,,,,,,,,,,[28cm]·[31cm],8435782512502
variation,MU02072501-K,,1,0,visible,,"Dimensiuni: 29,5 * 34,5 cm",taxable,1,0,0,94.5,,,https://static.musaibrand.com/images/models/0207-K/model/large/0207-K_01_2_1.jpg,MU0207-K,10,Size,8,,1,,Color,Alb,,1,,,,,,,,,,,,"[29,5cm]·[34,5cm]",8435782512533
variation,MU02072601-K,,1,0,visible,,"Dimensiuni: 31,5 * 38 cm",taxable,1,0,0,94.5,,,https://static.musaibrand.com/images/models/0207-K/model/large/0207-K_01_2_1.jpg,MU0207-K,11,Size,10,,1,,Color,Alb,,1,,,,,,,,,,,,"[31,5cm]·[38cm]",8435782512564
variation,MU02072701-K,,1,0,visible,,"Dimensiuni: 33,5 * 39 cm",taxable,1,0,0,94.5,,,https://static.musaibrand.com/images/models/0207-K/model/large/0207-K_01_2_1.jpg,MU0207-K,12,Size,12,,1,,Color,Alb,,1,,,,,,,,,,,,"[33,5cm]·[39cm]",8435782512595
variation,MU02072801-K,,1,0,visible,,Dimensiuni: 35 * 40 cm,taxable,1,0,0,94.5,,,https://static.musaibrand.com/images/models/0207-K/model/large/0207-K_01_2_1.jpg,MU0207-K,13,Size,14,,1,,Color,Alb,,1,,,,,,,,,,,,[35cm]·[40cm],8435782512625
variation,MU02070002-K,,1,0,visible,,Dimensiuni: 36 * 43 cm,taxable,1,0,0,94.5,,,https://static.musaibrand.com/images/models/0207-K/model/large/0207-K_02_2_1.jpg,MU0207-K,14,Size,XS,,1,,Color,Negru,,1,,,,,,,,,,,,[36cm]·[43cm],8435782512274
variation,MU02070102-K,,1,0,visible,,Dimensiuni: 37 * 44 cm,taxable,1,0,0,94.5,,,https://static.musaibrand.com/images/models/0207-K/model/large/0207-K_02_2_1.jpg,MU0207-K,15,Size,S,,1,,Color,Negru,,1,,,,,,,,,,,,[37cm]·[44cm],8435782512304
variation,MU02070202-K,,1,0,visible,,Dimensiuni: 39 * 45 cm,taxable,1,0,0,94.5,,,https://static.musaibrand.com/images/models/0207-K/model/large/0207-K_02_2_1.jpg,MU0207-K,16,Size,M,,1,,Color,Negru,,1,,,,,,,,,,,,[39cm]·[45cm],8435782512335
variation,MU02070302-K,,1,0,visible,,Dimensiuni: 41 * 46 cm,taxable,1,0,0,94.5,,,https://static.musaibrand.com/images/models/0207-K/model/large/0207-K_02_2_1.jpg,MU0207-K,17,Size,L,,1,,Color,Negru,,1,,,,,,,,,,,,[41cm]·[46cm],8435782512366
variation,MU02070402-K,,1,0,visible,,Dimensiuni: 43 * 47 cm,taxable,1,0,0,94.5,,,https://static.musaibrand.com/images/models/0207-K/model/large/0207-K_02_2_1.jpg,MU0207-K,18,Size,XL,,1,,Color,Negru,,1,,,,,,,,,,,,[43cm]·[47cm],8435782512397
variation,MU02070502-K,,1,0,visible,,Dimensiuni: 45 * 48 cm,taxable,1,0,0,94.5,,,https://static.musaibrand.com/images/models/0207-K/model/large/0207-K_02_2_1.jpg,MU0207-K,19,Size,2XL,,1,,Color,Negru,,1,,,,,,,,,,,,[45cm]·[48cm],8435782512427
variation,MU02070602-K,,1,0,visible,,Dimensiuni: 47 * 49 cm,taxable,1,0,0,94.5,,,https://static.musaibrand.com/images/models/0207-K/model/large/0207-K_02_2_1.jpg,MU0207-K,20,Size,3XL,,1,,Color,Negru,,1,,,,,,,,,,,,[47cm]·[49cm],8435782512458
variation,MU02072202-K,,1,0,visible,,"Dimensiuni: 26,5 * 25 cm",taxable,1,0,0,94.5,,,https://static.musaibrand.com/images/models/0207-K/model/large/0207-K_02_2_1.jpg,MU0207-K,21,Size,4,,1,,Color,Negru,,1,,,,,,,,,,,,"[26,5cm]·[25cm]",8435782512489
variation,MU02072402-K,,1,0,visible,,Dimensiuni: 28 * 31 cm,taxable,1,0,0,94.5,,,https://static.musaibrand.com/images/models/0207-K/model/large/0207-K_02_2_1.jpg,MU0207-K,22,Size,6,,1,,Color,Negru,,1,,,,,,,,,,,,[28cm]·[31cm],8435782512519
variation,MU02072502-K,,1,0,visible,,"Dimensiuni: 29,5 * 34,5 cm",taxable,1,0,0,94.5,,,https://static.musaibrand.com/images/models/0207-K/model/large/0207-K_02_2_1.jpg,MU0207-K,23,Size,8,,1,,Color,Negru,,1,,,,,,,,,,,,"[29,5cm]·[34,5cm]",8435782512540
variation,MU02072602-K,,1,0,visible,,"Dimensiuni: 31,5 * 38 cm",taxable,1,0,0,94.5,,,https://static.musaibrand.com/images/models/0207-K/model/large/0207-K_02_2_1.jpg,MU0207-K,24,Size,10,,1,,Color,Negru,,1,,,,,,,,,,,,"[31,5cm]·[38cm]",8435782512571
variation,MU02072702-K,,1,0,visible,,"Dimensiuni: 33,5 * 39 cm",taxable,1,0,0,94.5,,,https://static.musaibrand.com/images/models/0207-K/model/large/0207-K_02_2_1.jpg,MU0207-K,25,Size,12,,1,,Color,Negru,,1,,,,,,,,,,,,"[33,5cm]·[39cm]",8435782512601
variation,MU02072802-K,,1,0,visible,,Dimensiuni: 35 * 40 cm,taxable,1,0,0,94.5,,,https://static.musaibrand.com/images/models/0207-K/model/large/0207-K_02_2_1.jpg,MU0207-K,26,Size,14,,1,,Color,Negru,,1,,,,,,,,,,,,[35cm]·[40cm],8435782512632
variation,MU02070055-K,,1,0,visible,,Dimensiuni: 36 * 43 cm,taxable,1,0,0,94.5,,,https://static.musaibrand.com/images/models/0207-K/model/large/0207-K_55_2_1.jpg,MU0207-K,27,Size,XS,,1,,Color,Albastru marin,,1,,,,,,,,,,,,[36cm]·[43cm],8435782512281
variation,MU02070155-K,,1,0,visible,,Dimensiuni: 37 * 44 cm,taxable,1,0,0,94.5,,,https://static.musaibrand.com/images/models/0207-K/model/large/0207-K_55_2_1.jpg,MU0207-K,28,Size,S,,1,,Color,Albastru marin,,1,,,,,,,,,,,,[37cm]·[44cm],8435782512311
variation,MU02070255-K,,1,0,visible,,Dimensiuni: 39 * 45 cm,taxable,1,0,0,94.5,,,https://static.musaibrand.com/images/models/0207-K/model/large/0207-K_55_2_1.jpg,MU0207-K,29,Size,M,,1,,Color,Albastru marin,,1,,,,,,,,,,,,[39cm]·[45cm],8435782512342
variation,MU02070355-K,,1,0,visible,,Dimensiuni: 41 * 46 cm,taxable,1,0,0,94.5,,,https://static.musaibrand.com/images/models/0207-K/model/large/0207-K_55_2_1.jpg,MU0207-K,30,Size,L,,1,,Color,Albastru marin,,1,,,,,,,,,,,,[41cm]·[46cm],8435782512373
variation,MU02070455-K,,1,0,visible,,Dimensiuni: 43 * 47 cm,taxable,1,0,0,94.5,,,https://static.musaibrand.com/images/models/0207-K/model/large/0207-K_55_2_1.jpg,MU0207-K,31,Size,XL,,1,,Color,Albastru marin,,1,,,,,,,,,,,,[43cm]·[47cm],8435782512403
variation,MU02070555-K,,1,0,visible,,Dimensiuni: 45 * 48 cm,taxable,1,0,0,94.5,,,https://static.musaibrand.com/images/models/0207-K/model/large/0207-K_55_2_1.jpg,MU0207-K,32,Size,2XL,,1,,Color,Albastru marin,,1,,,,,,,,,,,,[45cm]·[48cm],8435782512434
variation,MU02070655-K,,1,0,visible,,Dimensiuni: 47 * 49 cm,taxable,1,0,0,94.5,,,https://static.musaibrand.com/images/models/0207-K/model/large/0207-K_55_2_1.jpg,MU0207-K,33,Size,3XL,,1,,Color,Albastru marin,,1,,,,,,,,,,,,[47cm]·[49cm],8435782512465
variation,MU02072255-K,,1,0,visible,,"Dimensiuni: 26,5 * 25 cm",taxable,1,0,0,94.5,,,https://static.musaibrand.com/images/models/0207-K/model/large/0207-K_55_2_1.jpg,MU0207-K,34,Size,4,,1,,Color,Albastru marin,,1,,,,,,,,,,,,"[26,5cm]·[25cm]",8435782512496
variation,MU02072455-K,,1,0,visible,,Dimensiuni: 28 * 31 cm,taxable,1,0,0,94.5,,,https://static.musaibrand.com/images/models/0207-K/model/large/0207-K_55_2_1.jpg,MU0207-K,35,Size,6,,1,,Color,Albastru marin,,1,,,,,,,,,,,,[28cm]·[31cm],8435782512526
variation,MU02072555-K,,1,0,visible,,"Dimensiuni: 29,5 * 34,5 cm",taxable,1,0,0,94.5,,,https://static.musaibrand.com/images/models/0207-K/model/large/0207-K_55_2_1.jpg,MU0207-K,36,Size,8,,1,,Color,Albastru marin,,1,,,,,,,,,,,,"[29,5cm]·[34,5cm]",8435782512557
variation,MU02072655-K,,1,0,visible,,"Dimensiuni: 31,5 * 38 cm",taxable,1,0,0,94.5,,,https://static.musaibrand.com/images/models/0207-K/model/large/0207-K_55_2_1.jpg,MU0207-K,37,Size,10,,1,,Color,Albastru marin,,1,,,,,,,,,,,,"[31,5cm]·[38cm]",8435782512588
variation,MU02072755-K,,1,0,visible,,"Dimensiuni: 33,5 * 39 cm",taxable,1,0,0,94.5,,,https://static.musaibrand.com/images/models/0207-K/model/large/0207-K_55_2_1.jpg,MU0207-K,38,Size,12,,1,,Color,Albastru marin,,1,,,,,,,,,,,,"[33,5cm]·[39cm]",8435782512618
variation,MU02072855-K,,1,0,visible,,Dimensiuni: 35 * 40 cm,taxable,1,0,0,94.5,,,https://static.musaibrand.com/images/models/0207-K/model/large/0207-K_55_2_1.jpg,MU0207-K,39,Size,14,,1,,Color,Albastru marin,,1,,,,,,,,,,,,[35cm]·[40cm],8435782512649
variable,MU0208,Pantaloni termici - Joto,1,0,visible,,<p>Pantaloni termici unisex din poliester reciclat cu poliamidă și elastan.<br>· Stretch<br>· 2ND Skin.</p><p><strong>Compoziție:</strong> 65% poliamidă reciclată· 26% poliamidă· 9% elastan</p><p><br>· Bandă elastică întărită la talie și tivuri.<br>· Design de marcă în jacquard pe picior.</p><h4>Dimensiuni</h4><table style='border-collapse:collapse;margin:8px 0'><tr><th style='padding:4px 12px;border:1px solid #ddd;text-align:left'>Mărime</th><th style='padding:4px 12px;border:1px solid #ddd;text-align:left'>Dimensiuni</th></tr><tr><td style='padding:4px 12px;border:1px solid #ddd'>XS-S</td><td style='padding:4px 12px;border:1px solid #ddd'>33 * 89 cm</td></tr><tr><td style='padding:4px 12px;border:1px solid #ddd'>M-L</td><td style='padding:4px 12px;border:1px solid #ddd'>36 * 92 cm</td></tr><tr><td style='padding:4px 12px;border:1px solid #ddd'>XL-XXL</td><td style='padding:4px 12px;border:1px solid #ddd'>39 * 94 cm</td></tr><tr><td style='padding:4px 12px;border:1px solid #ddd'>4/6</td><td style='padding:4px 12px;border:1px solid #ddd'>23 * 63 cm</td></tr><tr><td style='padding:4px 12px;border:1px solid #ddd'>8/10</td><td style='padding:4px 12px;border:1px solid #ddd'>25 * 70 cm</td></tr><tr><td style='padding:4px 12px;border:1px solid #ddd'>12/14</td><td style='padding:4px 12px;border:1px solid #ddd'>29 * 80 cm</td></tr></table>,taxable,1,0,0,,Pantaloni și colanți,MUSAI,"https://static.musaibrand.com/images/models/0208/model/large/0208_02_1_1.jpg,https://static.musaibrand.com/images/models/0208/model/large/0208_02_2_1.jpg",,0,Size,"XS-S, M-L, XL-XXL, 4/6, 8/10, 12/14",1,1,,Color,Negru,1,1,,Gender,Unisex,1,1,,Dimensiuni,"[33cm]·[89cm], [36cm]·[92cm], [39cm]·[94cm], [23cm]·[63cm], [25cm]·[70cm], [29cm]·[80cm]",1,0,,,
variation,MU02087002,,1,0,visible,,Dimensiuni: 33 * 89 cm,taxable,1,0,0,94.5,,,https://static.musaibrand.com/images/models/0208/model/large/0208_02_2_1.jpg,MU0208,1,Size,XS-S,,1,,Color,Negru,,1,,,,,,,,,,,,[33cm]·[89cm],8435782512656
variation,MU02087102,,1,0,visible,,Dimensiuni: 36 * 92 cm,taxable,1,0,0,94.5,,,https://static.musaibrand.com/images/models/0208/model/large/0208_02_2_1.jpg,MU0208,2,Size,M-L,,1,,Color,Negru,,1,,,,,,,,,,,,[36cm]·[92cm],8435782512663
variation,MU02087202,,1,0,visible,,Dimensiuni: 39 * 94 cm,taxable,1,0,0,94.5,,,https://static.musaibrand.com/images/models/0208/model/large/0208_02_2_1.jpg,MU0208,3,Size,XL-XXL,,1,,Color,Negru,,1,,,,,,,,,,,,[39cm]·[94cm],8435782512670
variation,MU02087502,,1,0,visible,,Dimensiuni: 23 * 63 cm,taxable,1,0,0,94.5,,,https://static.musaibrand.com/images/models/0208/model/large/0208_02_2_1.jpg,MU0208,4,Size,4/6,,1,,Color,Negru,,1,,,,,,,,,,,,[23cm]·[63cm],8435782512687
variation,MU02087602,,1,0,visible,,Dimensiuni: 25 * 70 cm,taxable,1,0,0,94.5,,,https://static.musaibrand.com/images/models/0208/model/large/0208_02_2_1.jpg,MU0208,5,Size,8/10,,1,,Color,Negru,,1,,,,,,,,,,,,[25cm]·[70cm],8435782512694
variation,MU02087702,,1,0,visible,,Dimensiuni: 29 * 80 cm,taxable,1,0,0,94.5,,,https://static.musaibrand.com/images/models/0208/model/large/0208_02_2_1.jpg,MU0208,6,Size,12/14,,1,,Color,Negru,,1,,,,,,,,,,,,[29cm]·[80cm],8435782512700
variable,MU0208-K,Pantaloni térmico Joto Copii,1,0,visible,,<p>Pantaloni termici pentru copii din poliester reciclat cu poliamidă și elastan.<br>· Stretch<br>· 2ND Skin.</p><p><strong>Compoziție:</strong> 65% poliamidă reciclată· 26% poliamidă· 9% elastan</p><p><br>· Bandă elastică întărită la talie și tivuri.<br>· Design de marcă în jacquard pe picior.</p><h4>Dimensiuni</h4><table style='border-collapse:collapse;margin:8px 0'><tr><th style='padding:4px 12px;border:1px solid #ddd;text-align:left'>Mărime</th><th style='padding:4px 12px;border:1px solid #ddd;text-align:left'>Dimensiuni</th></tr><tr><td style='padding:4px 12px;border:1px solid #ddd'>XS-S</td><td style='padding:4px 12px;border:1px solid #ddd'>33 * 89 cm</td></tr><tr><td style='padding:4px 12px;border:1px solid #ddd'>M-L</td><td style='padding:4px 12px;border:1px solid #ddd'>36 * 92 cm</td></tr><tr><td style='padding:4px 12px;border:1px solid #ddd'>XL-XXL</td><td style='padding:4px 12px;border:1px solid #ddd'>39 * 94 cm</td></tr><tr><td style='padding:4px 12px;border:1px solid #ddd'>4/6</td><td style='padding:4px 12px;border:1px solid #ddd'>23 * 63 cm</td></tr><tr><td style='padding:4px 12px;border:1px solid #ddd'>8/10</td><td style='padding:4px 12px;border:1px solid #ddd'>25 * 70 cm</td></tr><tr><td style='padding:4px 12px;border:1px solid #ddd'>12/14</td><td style='padding:4px 12px;border:1px solid #ddd'>29 * 80 cm</td></tr></table>,taxable,1,0,0,,Pantaloni și colanți,MUSAI,"https://static.musaibrand.com/images/models/0208-K/model/large/0208-K_02_1_1.jpg,https://static.musaibrand.com/images/models/0208-K/model/large/0208-K_02_2_1.jpg",,0,Size,"XS-S, M-L, XL-XXL, 4/6, 8/10, 12/14",1,1,,Color,Negru,1,1,,Gender,Unisex,1,1,,Dimensiuni,"[33cm]·[89cm], [36cm]·[92cm], [39cm]·[94cm], [23cm]·[63cm], [25cm]·[70cm], [29cm]·[80cm]",1,0,,,
variation,MU02087002-K,,1,0,visible,,Dimensiuni: 33 * 89 cm,taxable,1,0,0,94.5,,,https://static.musaibrand.com/images/models/0208-K/model/large/0208-K_02_2_1.jpg,MU0208-K,1,Size,XS-S,,1,,Color,Negru,,1,,,,,,,,,,,,[33cm]·[89cm],8435782512656
variation,MU02087102-K,,1,0,visible,,Dimensiuni: 36 * 92 cm,taxable,1,0,0,94.5,,,https://static.musaibrand.com/images/models/0208-K/model/large/0208-K_02_2_1.jpg,MU0208-K,2,Size,M-L,,1,,Color,Negru,,1,,,,,,,,,,,,[36cm]·[92cm],8435782512663
variation,MU02087202-K,,1,0,visible,,Dimensiuni: 39 * 94 cm,taxable,1,0,0,94.5,,,https://static.musaibrand.com/images/models/0208-K/model/large/0208-K_02_2_1.jpg,MU0208-K,3,Size,XL-XXL,,1,,Color,Negru,,1,,,,,,,,,,,,[39cm]·[94cm],8435782512670
variation,MU02087502-K,,1,0,visible,,Dimensiuni: 23 * 63 cm,taxable,1,0,0,94.5,,,https://static.musaibrand.com/images/models/0208-K/model/large/0208-K_02_2_1.jpg,MU0208-K,4,Size,4/6,,1,,Color,Negru,,1,,,,,,,,,,,,[23cm]·[63cm],8435782512687
variation,MU02087602-K,,1,0,visible,,Dimensiuni: 25 * 70 cm,taxable,1,0,0,94.5,,,https://static.musaibrand.com/images/models/0208-K/model/large/0208-K_02_2_1.jpg,MU0208-K,5,Size,8/10,,1,,Color,Negru,,1,,,,,,,,,,,,[25cm]·[70cm],8435782512694
variation,MU02087702-K,,1,0,visible,,Dimensiuni: 29 * 80 cm,taxable,1,0,0,94.5,,,https://static.musaibrand.com/images/models/0208-K/model/large/0208-K_02_2_1.jpg,MU0208-K,6,Size,12/14,,1,,Color,Negru,,1,,,,,,,,,,,,[29cm]·[80cm],8435782512700
variable,MU0209,Pantaloni - Defu,1,0,visible,,"<p>Pantaloni tehnici unisex cu croială normală din material pique periat, confecționați din poliester reciclat, cu betelie elastică și șnur interior reglabil.</p><p><strong>Compoziție:</strong> 100% poliester pique reciclat</p><p><br>· Buzunare laterale cu fermoar și bandă de acoperire asortate.<br>· Șnur interior asortat personalizat cu design de marcă.<br>· Cusături ranforsate.<br>· Deschidere tiv cu fermoar asortat.<br>· Tiv în partea de jos<br>· Detaliu cu logo brodat.</p><h4>Dimensiuni</h4><table style='border-collapse:collapse;margin:8px 0'><tr><th style='padding:4px 12px;border:1px solid #ddd;text-align:left'>Mărime</th><th style='padding:4px 12px;border:1px solid #ddd;text-align:left'>Dimensiuni</th></tr><tr><td style='padding:4px 12px;border:1px solid #ddd'>XS</td><td style='padding:4px 12px;border:1px solid #ddd'>34 * 94 cm</td></tr><tr><td style='padding:4px 12px;border:1px solid #ddd'>S</td><td style='padding:4px 12px;border:1px solid #ddd'>36 * 96 cm</td></tr><tr><td style='padding:4px 12px;border:1px solid #ddd'>M</td><td style='padding:4px 12px;border:1px solid #ddd'>38 * 99 cm</td></tr><tr><td style='padding:4px 12px;border:1px solid #ddd'>L</td><td style='padding:4px 12px;border:1px solid #ddd'>40 * 102 cm</td></tr><tr><td style='padding:4px 12px;border:1px solid #ddd'>XL</td><td style='padding:4px 12px;border:1px solid #ddd'>42 * 104 cm</td></tr><tr><td style='padding:4px 12px;border:1px solid #ddd'>2XL</td><td style='padding:4px 12px;border:1px solid #ddd'>44 * 106 cm</td></tr><tr><td style='padding:4px 12px;border:1px solid #ddd'>3XL</td><td style='padding:4px 12px;border:1px solid #ddd'>46 * 108 cm</td></tr><tr><td style='padding:4px 12px;border:1px solid #ddd'>4</td><td style='padding:4px 12px;border:1px solid #ddd'>25 * 61 cm</td></tr><tr><td style='padding:4px 12px;border:1px solid #ddd'>6</td><td style='padding:4px 12px;border:1px solid #ddd'>27 * 68 cm</td></tr><tr><td style='padding:4px 12px;border:1px solid #ddd'>8</td><td style='padding:4px 12px;border:1px solid #ddd'>29 * 76 cm</td></tr><tr><td style='padding:4px 12px;border:1px solid #ddd'>10</td><td style='padding:4px 12px;border:1px solid #ddd'>31 * 84 cm</td></tr><tr><td style='padding:4px 12px;border:1px solid #ddd'>12</td><td style='padding:4px 12px;border:1px solid #ddd'>32 * 90 cm</td></tr><tr><td style='padding:4px 12px;border:1px solid #ddd'>14</td><td style='padding:4px 12px;border:1px solid #ddd'>33 * 93 cm</td></tr></table>",taxable,1,0,0,,Pantaloni și colanți,MUSAI,"https://static.musaibrand.com/images/models/0209/model/large/0209_02_1_1.jpg,https://static.musaibrand.com/images/models/0209/model/large/0209_55_1_1.jpg,https://static.musaibrand.com/images/models/0209/model/large/0209_02_2_1.jpg,https://static.musaibrand.com/images/models/0209/model/large/0209_55_2_1.jpg",,0,Size,"XS, S, M, L, XL, 2XL, 3XL, 4, 6, 8, 10, 12, 14",1,1,,Color,"Negru, Albastru marin",1,1,,Gender,Unisex,1,1,,Dimensiuni,"[34cm]·[94cm], [36cm]·[96cm], [38cm]·[99cm], [40cm]·[102cm], [42cm]·[104cm], [44cm]·[106cm], [46cm]·[108cm], [25cm]·[61cm], [27cm]·[68cm], [29cm]·[76cm], [31cm]·[84cm], [32cm]·[90cm], [33cm]·[93cm]",1,0,,,
variation,MU02090002,,1,0,visible,,Dimensiuni: 34 * 94 cm,taxable,1,0,0,105,,,https://static.musaibrand.com/images/models/0209/model/large/0209_02_2_1.jpg,MU0209,1,Size,XS,,1,,Color,Negru,,1,,,,,,,,,,,,[34cm]·[94cm],8435782527926
variation,MU02090102,,1,0,visible,,Dimensiuni: 36 * 96 cm,taxable,1,0,0,105,,,https://static.musaibrand.com/images/models/0209/model/large/0209_02_2_1.jpg,MU0209,2,Size,S,,1,,Color,Negru,,1,,,,,,,,,,,,[36cm]·[96cm],8435782527698
variation,MU02090202,,1,0,visible,,Dimensiuni: 38 * 99 cm,taxable,1,0,0,105,,,https://static.musaibrand.com/images/models/0209/model/large/0209_02_2_1.jpg,MU0209,3,Size,M,,1,,Color,Negru,,1,,,,,,,,,,,,[38cm]·[99cm],8435782527704
variation,MU02090302,,1,0,visible,,Dimensiuni: 40 * 102 cm,taxable,1,0,0,105,,,https://static.musaibrand.com/images/models/0209/model/large/0209_02_2_1.jpg,MU0209,4,Size,L,,1,,Color,Negru,,1,,,,,,,,,,,,[40cm]·[102cm],8435782527711
variation,MU02090402,,1,0,visible,,Dimensiuni: 42 * 104 cm,taxable,1,0,0,105,,,https://static.musaibrand.com/images/models/0209/model/large/0209_02_2_1.jpg,MU0209,5,Size,XL,,1,,Color,Negru,,1,,,,,,,,,,,,[42cm]·[104cm],8435782527728
variation,MU02090502,,1,0,visible,,Dimensiuni: 44 * 106 cm,taxable,1,0,0,105,,,https://static.musaibrand.com/images/models/0209/model/large/0209_02_2_1.jpg,MU0209,6,Size,2XL,,1,,Color,Negru,,1,,,,,,,,,,,,[44cm]·[106cm],8435782527735
variation,MU02090602,,1,0,visible,,Dimensiuni: 46 * 108 cm,taxable,1,0,0,105,,,https://static.musaibrand.com/images/models/0209/model/large/0209_02_2_1.jpg,MU0209,7,Size,3XL,,1,,Color,Negru,,1,,,,,,,,,,,,[46cm]·[108cm],8435782527742
variation,MU02092202,,1,0,visible,,Dimensiuni: 25 * 61 cm,taxable,1,0,0,105,,,https://static.musaibrand.com/images/models/0209/model/large/0209_02_2_1.jpg,MU0209,8,Size,4,,1,,Color,Negru,,1,,,,,,,,,,,,[25cm]·[61cm],8435782527759
variation,MU02092402,,1,0,visible,,Dimensiuni: 27 * 68 cm,taxable,1,0,0,105,,,https://static.musaibrand.com/images/models/0209/model/large/0209_02_2_1.jpg,MU0209,9,Size,6,,1,,Color,Negru,,1,,,,,,,,,,,,[27cm]·[68cm],8435782527766
variation,MU02092502,,1,0,visible,,Dimensiuni: 29 * 76 cm,taxable,1,0,0,105,,,https://static.musaibrand.com/images/models/0209/model/large/0209_02_2_1.jpg,MU0209,10,Size,8,,1,,Color,Negru,,1,,,,,,,,,,,,[29cm]·[76cm],8435782527933
variation,MU02092602,,1,0,visible,,Dimensiuni: 31 * 84 cm,taxable,1,0,0,105,,,https://static.musaibrand.com/images/models/0209/model/large/0209_02_2_1.jpg,MU0209,11,Size,10,,1,,Color,Negru,,1,,,,,,,,,,,,[31cm]·[84cm],8435782527773
variation,MU02092702,,1,0,visible,,Dimensiuni: 32 * 90 cm,taxable,1,0,0,105,,,https://static.musaibrand.com/images/models/0209/model/large/0209_02_2_1.jpg,MU0209,12,Size,12,,1,,Color,Negru,,1,,,,,,,,,,,,[32cm]·[90cm],8435782527940
variation,MU02092802,,1,0,visible,,Dimensiuni: 33 * 93 cm,taxable,1,0,0,105,,,https://static.musaibrand.com/images/models/0209/model/large/0209_02_2_1.jpg,MU0209,13,Size,14,,1,,Color,Negru,,1,,,,,,,,,,,,[33cm]·[93cm],8435782527780
variation,MU02090055,,1,0,visible,,Dimensiuni: 34 * 94 cm,taxable,1,0,0,105,,,https://static.musaibrand.com/images/models/0209/model/large/0209_55_2_1.jpg,MU0209,14,Size,XS,,1,,Color,Albastru marin,,1,,,,,,,,,,,,[34cm]·[94cm],8435782527803
variation,MU02090155,,1,0,visible,,Dimensiuni: 36 * 96 cm,taxable,1,0,0,105,,,https://static.musaibrand.com/images/models/0209/model/large/0209_55_2_1.jpg,MU0209,15,Size,S,,1,,Color,Albastru marin,,1,,,,,,,,,,,,[36cm]·[96cm],8435782527810
variation,MU02090255,,1,0,visible,,Dimensiuni: 38 * 99 cm,taxable,1,0,0,105,,,https://static.musaibrand.com/images/models/0209/model/large/0209_55_2_1.jpg,MU0209,16,Size,M,,1,,Color,Albastru marin,,1,,,,,,,,,,,,[38cm]·[99cm],8435782527827
variation,MU02090355,,1,0,visible,,Dimensiuni: 40 * 102 cm,taxable,1,0,0,105,,,https://static.musaibrand.com/images/models/0209/model/large/0209_55_2_1.jpg,MU0209,17,Size,L,,1,,Color,Albastru marin,,1,,,,,,,,,,,,[40cm]·[102cm],8435782527834
variation,MU02090455,,1,0,visible,,Dimensiuni: 42 * 104 cm,taxable,1,0,0,105,,,https://static.musaibrand.com/images/models/0209/model/large/0209_55_2_1.jpg,MU0209,18,Size,XL,,1,,Color,Albastru marin,,1,,,,,,,,,,,,[42cm]·[104cm],8435782527841
variation,MU02090555,,1,0,visible,,Dimensiuni: 44 * 106 cm,taxable,1,0,0,105,,,https://static.musaibrand.com/images/models/0209/model/large/0209_55_2_1.jpg,MU0209,19,Size,2XL,,1,,Color,Albastru marin,,1,,,,,,,,,,,,[44cm]·[106cm],8435782527858
variation,MU02090655,,1,0,visible,,Dimensiuni: 46 * 108 cm,taxable,1,0,0,105,,,https://static.musaibrand.com/images/models/0209/model/large/0209_55_2_1.jpg,MU0209,20,Size,3XL,,1,,Color,Albastru marin,,1,,,,,,,,,,,,[46cm]·[108cm],8435782527865
variation,MU02092255,,1,0,visible,,Dimensiuni: 25 * 61 cm,taxable,1,0,0,105,,,https://static.musaibrand.com/images/models/0209/model/large/0209_55_2_1.jpg,MU0209,21,Size,4,,1,,Color,Albastru marin,,1,,,,,,,,,,,,[25cm]·[61cm],8435782527872
variation,MU02092455,,1,0,visible,,Dimensiuni: 27 * 68 cm,taxable,1,0,0,105,,,https://static.musaibrand.com/images/models/0209/model/large/0209_55_2_1.jpg,MU0209,22,Size,6,,1,,Color,Albastru marin,,1,,,,,,,,,,,,[27cm]·[68cm],8435782527889
variation,MU02092555,,1,0,visible,,Dimensiuni: 29 * 76 cm,taxable,1,0,0,105,,,https://static.musaibrand.com/images/models/0209/model/large/0209_55_2_1.jpg,MU0209,23,Size,8,,1,,Color,Albastru marin,,1,,,,,,,,,,,,[29cm]·[76cm],8435782527957
variation,MU02092655,,1,0,visible,,Dimensiuni: 31 * 84 cm,taxable,1,0,0,105,,,https://static.musaibrand.com/images/models/0209/model/large/0209_55_2_1.jpg,MU0209,24,Size,10,,1,,Color,Albastru marin,,1,,,,,,,,,,,,[31cm]·[84cm],8435782527896
variation,MU02092755,,1,0,visible,,Dimensiuni: 32 * 90 cm,taxable,1,0,0,105,,,https://static.musaibrand.com/images/models/0209/model/large/0209_55_2_1.jpg,MU0209,25,Size,12,,1,,Color,Albastru marin,,1,,,,,,,,,,,,[32cm]·[90cm],8435782527964
variation,MU02092855,,1,0,visible,,Dimensiuni: 33 * 93 cm,taxable,1,0,0,105,,,https://static.musaibrand.com/images/models/0209/model/large/0209_55_2_1.jpg,MU0209,26,Size,14,,1,,Color,Albastru marin,,1,,,,,,,,,,,,[33cm]·[93cm],8435782527902
variable,MU0209-K,Pantaloni Defu Copii,1,0,visible,,"<p>Pantaloni tehnici pentru copii cu croială normală din material pique periat, confecționați din poliester reciclat, cu betelie elastică și șnur interior reglabil.</p><p><strong>Compoziție:</strong> 100% poliester pique reciclat</p><p><br>· Buzunare laterale cu fermoar și bandă de acoperire asortate.<br>· Șnur interior asortat personalizat cu design de marcă.<br>· Cusături ranforsate.<br>· Deschidere tiv cu fermoar asortat.<br>· Tiv în partea de jos<br>· Detaliu cu logo brodat.</p><h4>Dimensiuni</h4><table style='border-collapse:collapse;margin:8px 0'><tr><th style='padding:4px 12px;border:1px solid #ddd;text-align:left'>Mărime</th><th style='padding:4px 12px;border:1px solid #ddd;text-align:left'>Dimensiuni</th></tr><tr><td style='padding:4px 12px;border:1px solid #ddd'>XS</td><td style='padding:4px 12px;border:1px solid #ddd'>34 * 94 cm</td></tr><tr><td style='padding:4px 12px;border:1px solid #ddd'>S</td><td style='padding:4px 12px;border:1px solid #ddd'>36 * 96 cm</td></tr><tr><td style='padding:4px 12px;border:1px solid #ddd'>M</td><td style='padding:4px 12px;border:1px solid #ddd'>38 * 99 cm</td></tr><tr><td style='padding:4px 12px;border:1px solid #ddd'>L</td><td style='padding:4px 12px;border:1px solid #ddd'>40 * 102 cm</td></tr><tr><td style='padding:4px 12px;border:1px solid #ddd'>XL</td><td style='padding:4px 12px;border:1px solid #ddd'>42 * 104 cm</td></tr><tr><td style='padding:4px 12px;border:1px solid #ddd'>2XL</td><td style='padding:4px 12px;border:1px solid #ddd'>44 * 106 cm</td></tr><tr><td style='padding:4px 12px;border:1px solid #ddd'>3XL</td><td style='padding:4px 12px;border:1px solid #ddd'>46 * 108 cm</td></tr><tr><td style='padding:4px 12px;border:1px solid #ddd'>4</td><td style='padding:4px 12px;border:1px solid #ddd'>25 * 61 cm</td></tr><tr><td style='padding:4px 12px;border:1px solid #ddd'>6</td><td style='padding:4px 12px;border:1px solid #ddd'>27 * 68 cm</td></tr><tr><td style='padding:4px 12px;border:1px solid #ddd'>8</td><td style='padding:4px 12px;border:1px solid #ddd'>29 * 76 cm</td></tr><tr><td style='padding:4px 12px;border:1px solid #ddd'>10</td><td style='padding:4px 12px;border:1px solid #ddd'>31 * 84 cm</td></tr><tr><td style='padding:4px 12px;border:1px solid #ddd'>12</td><td style='padding:4px 12px;border:1px solid #ddd'>32 * 90 cm</td></tr><tr><td style='padding:4px 12px;border:1px solid #ddd'>14</td><td style='padding:4px 12px;border:1px solid #ddd'>33 * 93 cm</td></tr></table>",taxable,1,0,0,,Pantaloni și colanți,MUSAI,"https://static.musaibrand.com/images/models/0209-K/model/large/0209-K_02_1_1.jpg,https://static.musaibrand.com/images/models/0209-K/model/large/0209-K_55_1_1.jpg,https://static.musaibrand.com/images/models/0209-K/model/large/0209-K_02_2_1.jpg,https://static.musaibrand.com/images/models/0209-K/model/large/0209-K_55_2_1.jpg",,0,Size,"XS, S, M, L, XL, 2XL, 3XL, 4, 6, 8, 10, 12, 14",1,1,,Color,"Negru, Albastru marin",1,1,,Gender,Unisex,1,1,,Dimensiuni,"[34cm]·[94cm], [36cm]·[96cm], [38cm]·[99cm], [40cm]·[102cm], [42cm]·[104cm], [44cm]·[106cm], [46cm]·[108cm], [25cm]·[61cm], [27cm]·[68cm], [29cm]·[76cm], [31cm]·[84cm], [32cm]·[90cm], [33cm]·[93cm]",1,0,,,
variation,MU02090002-K,,1,0,visible,,Dimensiuni: 34 * 94 cm,taxable,1,0,0,105,,,https://static.musaibrand.com/images/models/0209-K/model/large/0209-K_02_2_1.jpg,MU0209-K,1,Size,XS,,1,,Color,Negru,,1,,,,,,,,,,,,[34cm]·[94cm],8435782527926
variation,MU02090102-K,,1,0,visible,,Dimensiuni: 36 * 96 cm,taxable,1,0,0,105,,,https://static.musaibrand.com/images/models/0209-K/model/large/0209-K_02_2_1.jpg,MU0209-K,2,Size,S,,1,,Color,Negru,,1,,,,,,,,,,,,[36cm]·[96cm],8435782527698
variation,MU02090202-K,,1,0,visible,,Dimensiuni: 38 * 99 cm,taxable,1,0,0,105,,,https://static.musaibrand.com/images/models/0209-K/model/large/0209-K_02_2_1.jpg,MU0209-K,3,Size,M,,1,,Color,Negru,,1,,,,,,,,,,,,[38cm]·[99cm],8435782527704
variation,MU02090302-K,,1,0,visible,,Dimensiuni: 40 * 102 cm,taxable,1,0,0,105,,,https://static.musaibrand.com/images/models/0209-K/model/large/0209-K_02_2_1.jpg,MU0209-K,4,Size,L,,1,,Color,Negru,,1,,,,,,,,,,,,[40cm]·[102cm],8435782527711
variation,MU02090402-K,,1,0,visible,,Dimensiuni: 42 * 104 cm,taxable,1,0,0,105,,,https://static.musaibrand.com/images/models/0209-K/model/large/0209-K_02_2_1.jpg,MU0209-K,5,Size,XL,,1,,Color,Negru,,1,,,,,,,,,,,,[42cm]·[104cm],8435782527728
variation,MU02090502-K,,1,0,visible,,Dimensiuni: 44 * 106 cm,taxable,1,0,0,105,,,https://static.musaibrand.com/images/models/0209-K/model/large/0209-K_02_2_1.jpg,MU0209-K,6,Size,2XL,,1,,Color,Negru,,1,,,,,,,,,,,,[44cm]·[106cm],8435782527735
variation,MU02090602-K,,1,0,visible,,Dimensiuni: 46 * 108 cm,taxable,1,0,0,105,,,https://static.musaibrand.com/images/models/0209-K/model/large/0209-K_02_2_1.jpg,MU0209-K,7,Size,3XL,,1,,Color,Negru,,1,,,,,,,,,,,,[46cm]·[108cm],8435782527742
variation,MU02092202-K,,1,0,visible,,Dimensiuni: 25 * 61 cm,taxable,1,0,0,105,,,https://static.musaibrand.com/images/models/0209-K/model/large/0209-K_02_2_1.jpg,MU0209-K,8,Size,4,,1,,Color,Negru,,1,,,,,,,,,,,,[25cm]·[61cm],8435782527759
variation,MU02092402-K,,1,0,visible,,Dimensiuni: 27 * 68 cm,taxable,1,0,0,105,,,https://static.musaibrand.com/images/models/0209-K/model/large/0209-K_02_2_1.jpg,MU0209-K,9,Size,6,,1,,Color,Negru,,1,,,,,,,,,,,,[27cm]·[68cm],8435782527766
variation,MU02092502-K,,1,0,visible,,Dimensiuni: 29 * 76 cm,taxable,1,0,0,105,,,https://static.musaibrand.com/images/models/0209-K/model/large/0209-K_02_2_1.jpg,MU0209-K,10,Size,8,,1,,Color,Negru,,1,,,,,,,,,,,,[29cm]·[76cm],8435782527933
variation,MU02092602-K,,1,0,visible,,Dimensiuni: 31 * 84 cm,taxable,1,0,0,105,,,https://static.musaibrand.com/images/models/0209-K/model/large/0209-K_02_2_1.jpg,MU0209-K,11,Size,10,,1,,Color,Negru,,1,,,,,,,,,,,,[31cm]·[84cm],8435782527773
variation,MU02092702-K,,1,0,visible,,Dimensiuni: 32 * 90 cm,taxable,1,0,0,105,,,https://static.musaibrand.com/images/models/0209-K/model/large/0209-K_02_2_1.jpg,MU0209-K,12,Size,12,,1,,Color,Negru,,1,,,,,,,,,,,,[32cm]·[90cm],8435782527940
variation,MU02092802-K,,1,0,visible,,Dimensiuni: 33 * 93 cm,taxable,1,0,0,105,,,https://static.musaibrand.com/images/models/0209-K/model/large/0209-K_02_2_1.jpg,MU0209-K,13,Size,14,,1,,Color,Negru,,1,,,,,,,,,,,,[33cm]·[93cm],8435782527780
variation,MU02090055-K,,1,0,visible,,Dimensiuni: 34 * 94 cm,taxable,1,0,0,105,,,https://static.musaibrand.com/images/models/0209-K/model/large/0209-K_55_2_1.jpg,MU0209-K,14,Size,XS,,1,,Color,Albastru marin,,1,,,,,,,,,,,,[34cm]·[94cm],8435782527803
variation,MU02090155-K,,1,0,visible,,Dimensiuni: 36 * 96 cm,taxable,1,0,0,105,,,https://static.musaibrand.com/images/models/0209-K/model/large/0209-K_55_2_1.jpg,MU0209-K,15,Size,S,,1,,Color,Albastru marin,,1,,,,,,,,,,,,[36cm]·[96cm],8435782527810
variation,MU02090255-K,,1,0,visible,,Dimensiuni: 38 * 99 cm,taxable,1,0,0,105,,,https://static.musaibrand.com/images/models/0209-K/model/large/0209-K_55_2_1.jpg,MU0209-K,16,Size,M,,1,,Color,Albastru marin,,1,,,,,,,,,,,,[38cm]·[99cm],8435782527827
variation,MU02090355-K,,1,0,visible,,Dimensiuni: 40 * 102 cm,taxable,1,0,0,105,,,https://static.musaibrand.com/images/models/0209-K/model/large/0209-K_55_2_1.jpg,MU0209-K,17,Size,L,,1,,Color,Albastru marin,,1,,,,,,,,,,,,[40cm]·[102cm],8435782527834
variation,MU02090455-K,,1,0,visible,,Dimensiuni: 42 * 104 cm,taxable,1,0,0,105,,,https://static.musaibrand.com/images/models/0209-K/model/large/0209-K_55_2_1.jpg,MU0209-K,18,Size,XL,,1,,Color,Albastru marin,,1,,,,,,,,,,,,[42cm]·[104cm],8435782527841
variation,MU02090555-K,,1,0,visible,,Dimensiuni: 44 * 106 cm,taxable,1,0,0,105,,,https://static.musaibrand.com/images/models/0209-K/model/large/0209-K_55_2_1.jpg,MU0209-K,19,Size,2XL,,1,,Color,Albastru marin,,1,,,,,,,,,,,,[44cm]·[106cm],8435782527858
variation,MU02090655-K,,1,0,visible,,Dimensiuni: 46 * 108 cm,taxable,1,0,0,105,,,https://static.musaibrand.com/images/models/0209-K/model/large/0209-K_55_2_1.jpg,MU0209-K,20,Size,3XL,,1,,Color,Albastru marin,,1,,,,,,,,,,,,[46cm]·[108cm],8435782527865
variation,MU02092255-K,,1,0,visible,,Dimensiuni: 25 * 61 cm,taxable,1,0,0,105,,,https://static.musaibrand.com/images/models/0209-K/model/large/0209-K_55_2_1.jpg,MU0209-K,21,Size,4,,1,,Color,Albastru marin,,1,,,,,,,,,,,,[25cm]·[61cm],8435782527872
variation,MU02092455-K,,1,0,visible,,Dimensiuni: 27 * 68 cm,taxable,1,0,0,105,,,https://static.musaibrand.com/images/models/0209-K/model/large/0209-K_55_2_1.jpg,MU0209-K,22,Size,6,,1,,Color,Albastru marin,,1,,,,,,,,,,,,[27cm]·[68cm],8435782527889
variation,MU02092555-K,,1,0,visible,,Dimensiuni: 29 * 76 cm,taxable,1,0,0,105,,,https://static.musaibrand.com/images/models/0209-K/model/large/0209-K_55_2_1.jpg,MU0209-K,23,Size,8,,1,,Color,Albastru marin,,1,,,,,,,,,,,,[29cm]·[76cm],8435782527957
variation,MU02092655-K,,1,0,visible,,Dimensiuni: 31 * 84 cm,taxable,1,0,0,105,,,https://static.musaibrand.com/images/models/0209-K/model/large/0209-K_55_2_1.jpg,MU0209-K,24,Size,10,,1,,Color,Albastru marin,,1,,,,,,,,,,,,[31cm]·[84cm],8435782527896
variation,MU02092755-K,,1,0,visible,,Dimensiuni: 32 * 90 cm,taxable,1,0,0,105,,,https://static.musaibrand.com/images/models/0209-K/model/large/0209-K_55_2_1.jpg,MU0209-K,25,Size,12,,1,,Color,Albastru marin,,1,,,,,,,,,,,,[32cm]·[90cm],8435782527964
variation,MU02092855-K,,1,0,visible,,Dimensiuni: 33 * 93 cm,taxable,1,0,0,105,,,https://static.musaibrand.com/images/models/0209-K/model/large/0209-K_55_2_1.jpg,MU0209-K,26,Size,14,,1,,Color,Albastru marin,,1,,,,,,,,,,,,[33cm]·[93cm],8435782527902
variable,MU0210-K,Legging Matu Copii,1,0,visible,,"<p>Colanți sport pentru fete din poliester reciclat cu elastan, talie elastică și șnur interior ajustabil.<br>· Stretch</p><p><strong>Compoziție:</strong> 88% poliéster reciclado.· 12% elastano.</p><p><br>· Finisaje cu cusături plate.  <br>· Cusături întărite. <br>· Tiv în partea de jos. <br>· Detaliu cu logo brodat.</p>",taxable,1,0,0,,Pantaloni și colanți,MUSAI,"https://static.musaibrand.com/images/models/0210-K/model/large/0210-K_02_1_1.jpg,https://static.musaibrand.com/images/models/0210-K/model/large/0210-K_55_1_1.jpg,https://static.musaibrand.com/images/models/0210-K/model/large/0210-K_02_2_1.jpg,https://static.musaibrand.com/images/models/0210-K/model/large/0210-K_55_2_1.jpg",,0,Size,"4, 6, 8, 10, 12, 14",1,1,,Color,"Negru, Albastru marin",1,1,,Gender,Unisex,1,1,,Dimensiuni,,1,0,,,
variation,MU02102202-K,,1,0,visible,,,taxable,1,0,0,147,,,https://static.musaibrand.com/images/models/0210-K/model/large/0210-K_02_2_1.jpg,MU0210-K,1,Size,4,,1,,Color,Negru,,1,,,,,,,,,,,,,8435782530162
variation,MU02102402-K,,1,0,visible,,,taxable,1,0,0,147,,,https://static.musaibrand.com/images/models/0210-K/model/large/0210-K_02_2_1.jpg,MU0210-K,2,Size,6,,1,,Color,Negru,,1,,,,,,,,,,,,,8435782530186
variation,MU02102502-K,,1,0,visible,,,taxable,1,0,0,147,,,https://static.musaibrand.com/images/models/0210-K/model/large/0210-K_02_2_1.jpg,MU0210-K,3,Size,8,,1,,Color,Negru,,1,,,,,,,,,,,,,8435782530209
variation,MU02102602-K,,1,0,visible,,,taxable,1,0,0,147,,,https://static.musaibrand.com/images/models/0210-K/model/large/0210-K_02_2_1.jpg,MU0210-K,4,Size,10,,1,,Color,Negru,,1,,,,,,,,,,,,,8435782530223
variation,MU02102702-K,,1,0,visible,,,taxable,1,0,0,147,,,https://static.musaibrand.com/images/models/0210-K/model/large/0210-K_02_2_1.jpg,MU0210-K,5,Size,12,,1,,Color,Negru,,1,,,,,,,,,,,,,8435782530247
variation,MU02102802-K,,1,0,visible,,,taxable,1,0,0,147,,,https://static.musaibrand.com/images/models/0210-K/model/large/0210-K_02_2_1.jpg,MU0210-K,6,Size,14,,1,,Color,Negru,,1,,,,,,,,,,,,,8435782530261
variation,MU02102255-K,,1,0,visible,,,taxable,1,0,0,147,,,https://static.musaibrand.com/images/models/0210-K/model/large/0210-K_55_2_1.jpg,MU0210-K,7,Size,4,,1,,Color,Albastru marin,,1,,,,,,,,,,,,,8435782530179
variation,MU02102455-K,,1,0,visible,,,taxable,1,0,0,147,,,https://static.musaibrand.com/images/models/0210-K/model/large/0210-K_55_2_1.jpg,MU0210-K,8,Size,6,,1,,Color,Albastru marin,,1,,,,,,,,,,,,,8435782530193
variation,MU02102555-K,,1,0,visible,,,taxable,1,0,0,147,,,https://static.musaibrand.com/images/models/0210-K/model/large/0210-K_55_2_1.jpg,MU0210-K,9,Size,8,,1,,Color,Albastru marin,,1,,,,,,,,,,,,,8435782530216
variation,MU02102655-K,,1,0,visible,,,taxable,1,0,0,147,,,https://static.musaibrand.com/images/models/0210-K/model/large/0210-K_55_2_1.jpg,MU0210-K,10,Size,10,,1,,Color,Albastru marin,,1,,,,,,,,,,,,,8435782530230
variation,MU02102755-K,,1,0,visible,,,taxable,1,0,0,147,,,https://static.musaibrand.com/images/models/0210-K/model/large/0210-K_55_2_1.jpg,MU0210-K,11,Size,12,,1,,Color,Albastru marin,,1,,,,,,,,,,,,,8435782530254
variation,MU02102855-K,,1,0,visible,,,taxable,1,0,0,147,,,https://static.musaibrand.com/images/models/0210-K/model/large/0210-K_55_2_1.jpg,MU0210-K,12,Size,14,,1,,Color,Albastru marin,,1,,,,,,,,,,,,,8435782530278
variable,MU0300,Jachetă - Mawi,1,0,visible,,"<p>Jachetă tehnică unisex cu mâneci raglan și guler mediu, realizată din poliester piqué reciclat, cu căptușeală moale periată.</p><p><strong>Compoziție:</strong> 100% poliester pique reciclat</p><p><br>· Partea frontală a gulerului integrată în față într-o singură bucată; jumătate din partea din spate cu nervuri 1x1.<br>· Acoperire elastică a cusăturii la guler.<br>· Clapetă interioară și apărătoare de bărbie pe toată lungimea.<br>· Fermoar personalizat cu imagine marcă.<br>· Buzunare laterale mari cu fermoar și bandă de acoperire.<br>· Detaliu cu logo brodat pe piept.</p><h4>Dimensiuni</h4><table style='border-collapse:collapse;margin:8px 0'><tr><th style='padding:4px 12px;border:1px solid #ddd;text-align:left'>Mărime</th><th style='padding:4px 12px;border:1px solid #ddd;text-align:left'>Dimensiuni</th></tr><tr><td style='padding:4px 12px;border:1px solid #ddd'>XS</td><td style='padding:4px 12px;border:1px solid #ddd'>54 * 67 cm</td></tr><tr><td style='padding:4px 12px;border:1px solid #ddd'>S</td><td style='padding:4px 12px;border:1px solid #ddd'>56 * 68,5 cm</td></tr><tr><td style='padding:4px 12px;border:1px solid #ddd'>M</td><td style='padding:4px 12px;border:1px solid #ddd'>58 * 70 cm</td></tr><tr><td style='padding:4px 12px;border:1px solid #ddd'>L</td><td style='padding:4px 12px;border:1px solid #ddd'>60 * 72 cm</td></tr><tr><td style='padding:4px 12px;border:1px solid #ddd'>XL</td><td style='padding:4px 12px;border:1px solid #ddd'>63 * 73 cm</td></tr><tr><td style='padding:4px 12px;border:1px solid #ddd'>3XL</td><td style='padding:4px 12px;border:1px solid #ddd'>69 * 76 cm</td></tr><tr><td style='padding:4px 12px;border:1px solid #ddd'>4</td><td style='padding:4px 12px;border:1px solid #ddd'>37 * 44 cm</td></tr><tr><td style='padding:4px 12px;border:1px solid #ddd'>6</td><td style='padding:4px 12px;border:1px solid #ddd'>40 * 48 cm</td></tr><tr><td style='padding:4px 12px;border:1px solid #ddd'>8</td><td style='padding:4px 12px;border:1px solid #ddd'>43 * 52 cm</td></tr><tr><td style='padding:4px 12px;border:1px solid #ddd'>10</td><td style='padding:4px 12px;border:1px solid #ddd'>45 * 56 cm</td></tr><tr><td style='padding:4px 12px;border:1px solid #ddd'>12</td><td style='padding:4px 12px;border:1px solid #ddd'>47 * 60 cm</td></tr><tr><td style='padding:4px 12px;border:1px solid #ddd'>14</td><td style='padding:4px 12px;border:1px solid #ddd'>49 * 64 cm</td></tr></table>",taxable,1,0,0,,Jachete,MUSAI,"https://static.musaibrand.com/images/models/0300/model/large/0300_01_1_1.jpg,https://static.musaibrand.com/images/models/0300/model/large/0300_02_1_1.jpg,https://static.musaibrand.com/images/models/0300/model/large/0300_03_1_1.jpg,https://static.musaibrand.com/images/models/0300/model/large/0300_05_1_1.jpg,https://static.musaibrand.com/images/models/0300/model/large/0300_10_1_1.jpg,https://static.musaibrand.com/images/models/0300/model/large/0300_176_1_1.jpg,https://static.musaibrand.com/images/models/0300/model/large/0300_221_1_1.jpg,https://static.musaibrand.com/images/models/0300/model/large/0300_222_1_1.jpg,https://static.musaibrand.com/images/models/0300/model/large/0300_223_1_1.jpg,https://static.musaibrand.com/images/models/0300/model/large/0300_226_1_1.jpg,https://static.musaibrand.com/images/models/0300/model/large/0300_258_1_1.jpg,https://static.musaibrand.com/images/models/0300/model/large/0300_55_1_1.jpg,https://static.musaibrand.com/images/models/0300/model/large/0300_60_1_1.jpg,https://static.musaibrand.com/images/models/0300/model/large/0300_64_1_1.jpg,https://static.musaibrand.com/images/models/0300/model/large/0300_01_2_1.jpg,https://static.musaibrand.com/images/models/0300/model/large/0300_02_2_1.jpg,https://static.musaibrand.com/images/models/0300/model/large/0300_03_2_1.jpg,https://static.musaibrand.com/images/models/0300/model/large/0300_05_2_1.jpg,https://static.musaibrand.com/images/models/0300/model/large/0300_10_2_1.jpg,https://static.musaibrand.com/images/models/0300/model/large/0300_176_2_1.jpg,https://static.musaibrand.com/images/models/0300/model/large/0300_221_2_1.jpg,https://static.musaibrand.com/images/models/0300/model/large/0300_222_2_1.jpg,https://static.musaibrand.com/images/models/0300/model/large/0300_223_2_1.jpg,https://static.musaibrand.com/images/models/0300/model/large/0300_226_2_1.jpg,https://static.musaibrand.com/images/models/0300/model/large/0300_258_2_1.jpg,https://static.musaibrand.com/images/models/0300/model/large/0300_55_2_1.jpg,https://static.musaibrand.com/images/models/0300/model/large/0300_60_2_1.jpg,https://static.musaibrand.com/images/models/0300/model/large/0300_64_2_1.jpg",,0,Size,"XS, S, M, L, XL, 2XL, 3XL, 4, 6, 8, 10, 12, 14",1,1,,Color,"Alb, Negru, Galben, Albastru regal, Sky blue, Fluor turcoaz, Galben fluor, Fluor verde, Fluor portocaliu, Fern Green, Gri deschis, Albastru marin, ROȘU, Burgundy",1,1,,Gender,Bărbat,1,1,,Dimensiuni,"[54cm]·[67cm], [56cm]·[68.5cm], [58cm]·[70cm], [60cm]·[72cm], [63cm]·[73cm], [69cm]·[76cm], [37cm]·[44cm], [40cm]·[48cm], [43cm]·[52cm], [45cm]·[56cm], [47cm]·[60cm], [49cm]·[64cm]",1,0,,,
variation,MU03000001,,1,0,visible,,Dimensiuni: 54 * 67 cm,taxable,1,0,0,105,,,https://static.musaibrand.com/images/models/0300/model/large/0300_01_2_1.jpg,MU0300,1,Size,XS,,1,,Color,Alb,,1,,,,,,,,,,,,[54cm]·[67cm],8435782512717
variation,MU03000101,,1,0,visible,,"Dimensiuni: 56 * 68,5 cm",taxable,1,0,0,105,,,https://static.musaibrand.com/images/models/0300/model/large/0300_01_2_1.jpg,MU0300,2,Size,S,,1,,Color,Alb,,1,,,,,,,,,,,,"[56cm]·[68,5cm]",8435782512847
variation,MU03000201,,1,0,visible,,Dimensiuni: 58 * 70 cm,taxable,1,0,0,105,,,https://static.musaibrand.com/images/models/0300/model/large/0300_01_2_1.jpg,MU0300,3,Size,M,,1,,Color,Alb,,1,,,,,,,,,,,,[58cm]·[70cm],8435782512977
variation,MU03000301,,1,0,visible,,Dimensiuni: 60 * 72 cm,taxable,1,0,0,105,,,https://static.musaibrand.com/images/models/0300/model/large/0300_01_2_1.jpg,MU0300,4,Size,L,,1,,Color,Alb,,1,,,,,,,,,,,,[60cm]·[72cm],8435782513103
variation,MU03000401,,1,0,visible,,Dimensiuni: 63 * 73 cm,taxable,1,0,0,105,,,https://static.musaibrand.com/images/models/0300/model/large/0300_01_2_1.jpg,MU0300,5,Size,XL,,1,,Color,Alb,,1,,,,,,,,,,,,[63cm]·[73cm],8435782513233
variation,MU03000501,,1,0,visible,,,taxable,1,0,0,105,,,https://static.musaibrand.com/images/models/0300/model/large/0300_01_2_1.jpg,MU0300,6,Size,2XL,,1,,Color,Alb,,1,,,,,,,,,,,,,8435782513363
variation,MU03000601,,1,0,visible,,Dimensiuni: 69 * 76 cm,taxable,1,0,0,105,,,https://static.musaibrand.com/images/models/0300/model/large/0300_01_2_1.jpg,MU0300,7,Size,3XL,,1,,Color,Alb,,1,,,,,,,,,,,,[69cm]·[76cm],8435782513493
variation,MU03002201,,1,0,visible,,Dimensiuni: 37 * 44 cm,taxable,1,0,0,105,,,https://static.musaibrand.com/images/models/0300/model/large/0300_01_2_1.jpg,MU0300,8,Size,4,,1,,Color,Alb,,1,,,,,,,,,,,,[37cm]·[44cm],8435782513622
variation,MU03002401,,1,0,visible,,Dimensiuni: 40 * 48 cm,taxable,1,0,0,105,,,https://static.musaibrand.com/images/models/0300/model/large/0300_01_2_1.jpg,MU0300,9,Size,6,,1,,Color,Alb,,1,,,,,,,,,,,,[40cm]·[48cm],8435782513752
variation,MU03002501,,1,0,visible,,Dimensiuni: 43 * 52 cm,taxable,1,0,0,105,,,https://static.musaibrand.com/images/models/0300/model/large/0300_01_2_1.jpg,MU0300,10,Size,8,,1,,Color,Alb,,1,,,,,,,,,,,,[43cm]·[52cm],8435782513882
variation,MU03002601,,1,0,visible,,Dimensiuni: 45 * 56 cm,taxable,1,0,0,105,,,https://static.musaibrand.com/images/models/0300/model/large/0300_01_2_1.jpg,MU0300,11,Size,10,,1,,Color,Alb,,1,,,,,,,,,,,,[45cm]·[56cm],8435782514018
variation,MU03002701,,1,0,visible,,Dimensiuni: 47 * 60 cm,taxable,1,0,0,105,,,https://static.musaibrand.com/images/models/0300/model/large/0300_01_2_1.jpg,MU0300,12,Size,12,,1,,Color,Alb,,1,,,,,,,,,,,,[47cm]·[60cm],8435782514148
variation,MU03002801,,1,0,visible,,Dimensiuni: 49 * 64 cm,taxable,1,0,0,105,,,https://static.musaibrand.com/images/models/0300/model/large/0300_01_2_1.jpg,MU0300,13,Size,14,,1,,Color,Alb,,1,,,,,,,,,,,,[49cm]·[64cm],8435782514278
variation,MU03000002,,1,0,visible,,Dimensiuni: 54 * 67 cm,taxable,1,0,0,105,,,https://static.musaibrand.com/images/models/0300/model/large/0300_02_2_1.jpg,MU0300,14,Size,XS,,1,,Color,Negru,,1,,,,,,,,,,,,[54cm]·[67cm],8435782512724
variation,MU03000102,,1,0,visible,,"Dimensiuni: 56 * 68,5 cm",taxable,1,0,0,105,,,https://static.musaibrand.com/images/models/0300/model/large/0300_02_2_1.jpg,MU0300,15,Size,S,,1,,Color,Negru,,1,,,,,,,,,,,,"[56cm]·[68,5cm]",8435782512854
variation,MU03000202,,1,0,visible,,Dimensiuni: 58 * 70 cm,taxable,1,0,0,105,,,https://static.musaibrand.com/images/models/0300/model/large/0300_02_2_1.jpg,MU0300,16,Size,M,,1,,Color,Negru,,1,,,,,,,,,,,,[58cm]·[70cm],8435782512984
variation,MU03000302,,1,0,visible,,Dimensiuni: 60 * 72 cm,taxable,1,0,0,105,,,https://static.musaibrand.com/images/models/0300/model/large/0300_02_2_1.jpg,MU0300,17,Size,L,,1,,Color,Negru,,1,,,,,,,,,,,,[60cm]·[72cm],8435782513110
variation,MU03000402,,1,0,visible,,Dimensiuni: 63 * 73 cm,taxable,1,0,0,105,,,https://static.musaibrand.com/images/models/0300/model/large/0300_02_2_1.jpg,MU0300,18,Size,XL,,1,,Color,Negru,,1,,,,,,,,,,,,[63cm]·[73cm],8435782513240
variation,MU03000502,,1,0,visible,,,taxable,1,0,0,105,,,https://static.musaibrand.com/images/models/0300/model/large/0300_02_2_1.jpg,MU0300,19,Size,2XL,,1,,Color,Negru,,1,,,,,,,,,,,,,8435782513370
variation,MU03000602,,1,0,visible,,Dimensiuni: 69 * 76 cm,taxable,1,0,0,105,,,https://static.musaibrand.com/images/models/0300/model/large/0300_02_2_1.jpg,MU0300,20,Size,3XL,,1,,Color,Negru,,1,,,,,,,,,,,,[69cm]·[76cm],8435782513509
variation,MU03002202,,1,0,visible,,Dimensiuni: 37 * 44 cm,taxable,1,0,0,105,,,https://static.musaibrand.com/images/models/0300/model/large/0300_02_2_1.jpg,MU0300,21,Size,4,,1,,Color,Negru,,1,,,,,,,,,,,,[37cm]·[44cm],8435782513639
variation,MU03002402,,1,0,visible,,Dimensiuni: 40 * 48 cm,taxable,1,0,0,105,,,https://static.musaibrand.com/images/models/0300/model/large/0300_02_2_1.jpg,MU0300,22,Size,6,,1,,Color,Negru,,1,,,,,,,,,,,,[40cm]·[48cm],8435782513769
variation,MU03002502,,1,0,visible,,Dimensiuni: 43 * 52 cm,taxable,1,0,0,105,,,https://static.musaibrand.com/images/models/0300/model/large/0300_02_2_1.jpg,MU0300,23,Size,8,,1,,Color,Negru,,1,,,,,,,,,,,,[43cm]·[52cm],8435782513899
variation,MU03002602,,1,0,visible,,Dimensiuni: 45 * 56 cm,taxable,1,0,0,105,,,https://static.musaibrand.com/images/models/0300/model/large/0300_02_2_1.jpg,MU0300,24,Size,10,,1,,Color,Negru,,1,,,,,,,,,,,,[45cm]·[56cm],8435782514025
variation,MU03002702,,1,0,visible,,Dimensiuni: 47 * 60 cm,taxable,1,0,0,105,,,https://static.musaibrand.com/images/models/0300/model/large/0300_02_2_1.jpg,MU0300,25,Size,12,,1,,Color,Negru,,1,,,,,,,,,,,,[47cm]·[60cm],8435782514155
variation,MU03002802,,1,0,visible,,Dimensiuni: 49 * 64 cm,taxable,1,0,0,105,,,https://static.musaibrand.com/images/models/0300/model/large/0300_02_2_1.jpg,MU0300,26,Size,14,,1,,Color,Negru,,1,,,,,,,,,,,,[49cm]·[64cm],8435782514285
variation,MU03000003,,1,0,visible,,Dimensiuni: 54 * 67 cm,taxable,1,0,0,105,,,https://static.musaibrand.com/images/models/0300/model/large/0300_03_2_1.jpg,MU0300,27,Size,XS,,1,,Color,Galben,,1,,,,,,,,,,,,[54cm]·[67cm],8435782512731
variation,MU03000103,,1,0,visible,,"Dimensiuni: 56 * 68,5 cm",taxable,1,0,0,105,,,https://static.musaibrand.com/images/models/0300/model/large/0300_03_2_1.jpg,MU0300,28,Size,S,,1,,Color,Galben,,1,,,,,,,,,,,,"[56cm]·[68,5cm]",8435782512861
variation,MU03000203,,1,0,visible,,Dimensiuni: 58 * 70 cm,taxable,1,0,0,105,,,https://static.musaibrand.com/images/models/0300/model/large/0300_03_2_1.jpg,MU0300,29,Size,M,,1,,Color,Galben,,1,,,,,,,,,,,,[58cm]·[70cm],8435782512991
variation,MU03000303,,1,0,visible,,Dimensiuni: 60 * 72 cm,taxable,1,0,0,105,,,https://static.musaibrand.com/images/models/0300/model/large/0300_03_2_1.jpg,MU0300,30,Size,L,,1,,Color,Galben,,1,,,,,,,,,,,,[60cm]·[72cm],8435782513127
variation,MU03000403,,1,0,visible,,Dimensiuni: 63 * 73 cm,taxable,1,0,0,105,,,https://static.musaibrand.com/images/models/0300/model/large/0300_03_2_1.jpg,MU0300,31,Size,XL,,1,,Color,Galben,,1,,,,,,,,,,,,[63cm]·[73cm],8435782513257
variation,MU03000503,,1,0,visible,,,taxable,1,0,0,105,,,https://static.musaibrand.com/images/models/0300/model/large/0300_03_2_1.jpg,MU0300,32,Size,2XL,,1,,Color,Galben,,1,,,,,,,,,,,,,8435782513387
variation,MU03000603,,1,0,visible,,Dimensiuni: 69 * 76 cm,taxable,1,0,0,105,,,https://static.musaibrand.com/images/models/0300/model/large/0300_03_2_1.jpg,MU0300,33,Size,3XL,,1,,Color,Galben,,1,,,,,,,,,,,,[69cm]·[76cm],8435782513516
variation,MU03002203,,1,0,visible,,Dimensiuni: 37 * 44 cm,taxable,1,0,0,105,,,https://static.musaibrand.com/images/models/0300/model/large/0300_03_2_1.jpg,MU0300,34,Size,4,,1,,Color,Galben,,1,,,,,,,,,,,,[37cm]·[44cm],8435782513646
variation,MU03002403,,1,0,visible,,Dimensiuni: 40 * 48 cm,taxable,1,0,0,105,,,https://static.musaibrand.com/images/models/0300/model/large/0300_03_2_1.jpg,MU0300,35,Size,6,,1,,Color,Galben,,1,,,,,,,,,,,,[40cm]·[48cm],8435782513776
variation,MU03002503,,1,0,visible,,Dimensiuni: 43 * 52 cm,taxable,1,0,0,105,,,https://static.musaibrand.com/images/models/0300/model/large/0300_03_2_1.jpg,MU0300,36,Size,8,,1,,Color,Galben,,1,,,,,,,,,,,,[43cm]·[52cm],8435782513905
variation,MU03002603,,1,0,visible,,Dimensiuni: 45 * 56 cm,taxable,1,0,0,105,,,https://static.musaibrand.com/images/models/0300/model/large/0300_03_2_1.jpg,MU0300,37,Size,10,,1,,Color,Galben,,1,,,,,,,,,,,,[45cm]·[56cm],8435782514032
variation,MU03002703,,1,0,visible,,Dimensiuni: 47 * 60 cm,taxable,1,0,0,105,,,https://static.musaibrand.com/images/models/0300/model/large/0300_03_2_1.jpg,MU0300,38,Size,12,,1,,Color,Galben,,1,,,,,,,,,,,,[47cm]·[60cm],8435782514162
variation,MU03002803,,1,0,visible,,Dimensiuni: 49 * 64 cm,taxable,1,0,0,105,,,https://static.musaibrand.com/images/models/0300/model/large/0300_03_2_1.jpg,MU0300,39,Size,14,,1,,Color,Galben,,1,,,,,,,,,,,,[49cm]·[64cm],8435782514292
variation,MU03000005,,1,0,visible,,Dimensiuni: 54 * 67 cm,taxable,1,0,0,105,,,https://static.musaibrand.com/images/models/0300/model/large/0300_05_2_1.jpg,MU0300,40,Size,XS,,1,,Color,Albastru regal,,1,,,,,,,,,,,,[54cm]·[67cm],8435782512748
variation,MU03000105,,1,0,visible,,"Dimensiuni: 56 * 68,5 cm",taxable,1,0,0,105,,,https://static.musaibrand.com/images/models/0300/model/large/0300_05_2_1.jpg,MU0300,41,Size,S,,1,,Color,Albastru regal,,1,,,,,,,,,,,,"[56cm]·[68,5cm]",8435782512878
variation,MU03000205,,1,0,visible,,Dimensiuni: 58 * 70 cm,taxable,1,0,0,105,,,https://static.musaibrand.com/images/models/0300/model/large/0300_05_2_1.jpg,MU0300,42,Size,M,,1,,Color,Albastru regal,,1,,,,,,,,,,,,[58cm]·[70cm],8435782513004
variation,MU03000305,,1,0,visible,,Dimensiuni: 60 * 72 cm,taxable,1,0,0,105,,,https://static.musaibrand.com/images/models/0300/model/large/0300_05_2_1.jpg,MU0300,43,Size,L,,1,,Color,Albastru regal,,1,,,,,,,,,,,,[60cm]·[72cm],8435782513134
variation,MU03000405,,1,0,visible,,Dimensiuni: 63 * 73 cm,taxable,1,0,0,105,,,https://static.musaibrand.com/images/models/0300/model/large/0300_05_2_1.jpg,MU0300,44,Size,XL,,1,,Color,Albastru regal,,1,,,,,,,,,,,,[63cm]·[73cm],8435782513264
variation,MU03000505,,1,0,visible,,,taxable,1,0,0,105,,,https://static.musaibrand.com/images/models/0300/model/large/0300_05_2_1.jpg,MU0300,45,Size,2XL,,1,,Color,Albastru regal,,1,,,,,,,,,,,,,8435782513394
variation,MU03000605,,1,0,visible,,Dimensiuni: 69 * 76 cm,taxable,1,0,0,105,,,https://static.musaibrand.com/images/models/0300/model/large/0300_05_2_1.jpg,MU0300,46,Size,3XL,,1,,Color,Albastru regal,,1,,,,,,,,,,,,[69cm]·[76cm],8435782513523
variation,MU03002205,,1,0,visible,,Dimensiuni: 37 * 44 cm,taxable,1,0,0,105,,,https://static.musaibrand.com/images/models/0300/model/large/0300_05_2_1.jpg,MU0300,47,Size,4,,1,,Color,Albastru regal,,1,,,,,,,,,,,,[37cm]·[44cm],8435782513653
variation,MU03002405,,1,0,visible,,Dimensiuni: 40 * 48 cm,taxable,1,0,0,105,,,https://static.musaibrand.com/images/models/0300/model/large/0300_05_2_1.jpg,MU0300,48,Size,6,,1,,Color,Albastru regal,,1,,,,,,,,,,,,[40cm]·[48cm],8435782513783
variation,MU03002505,,1,0,visible,,Dimensiuni: 43 * 52 cm,taxable,1,0,0,105,,,https://static.musaibrand.com/images/models/0300/model/large/0300_05_2_1.jpg,MU0300,49,Size,8,,1,,Color,Albastru regal,,1,,,,,,,,,,,,[43cm]·[52cm],8435782513912
variation,MU03002605,,1,0,visible,,Dimensiuni: 45 * 56 cm,taxable,1,0,0,105,,,https://static.musaibrand.com/images/models/0300/model/large/0300_05_2_1.jpg,MU0300,50,Size,10,,1,,Color,Albastru regal,,1,,,,,,,,,,,,[45cm]·[56cm],8435782514049
variation,MU03002705,,1,0,visible,,Dimensiuni: 47 * 60 cm,taxable,1,0,0,105,,,https://static.musaibrand.com/images/models/0300/model/large/0300_05_2_1.jpg,MU0300,51,Size,12,,1,,Color,Albastru regal,,1,,,,,,,,,,,,[47cm]·[60cm],8435782514179
variation,MU03002805,,1,0,visible,,Dimensiuni: 49 * 64 cm,taxable,1,0,0,105,,,https://static.musaibrand.com/images/models/0300/model/large/0300_05_2_1.jpg,MU0300,52,Size,14,,1,,Color,Albastru regal,,1,,,,,,,,,,,,[49cm]·[64cm],8435782514308
variation,MU03000010,,1,0,visible,,Dimensiuni: 54 * 67 cm,taxable,1,0,0,105,,,https://static.musaibrand.com/images/models/0300/model/large/0300_10_2_1.jpg,MU0300,53,Size,XS,,1,,Color,Sky blue,,1,,,,,,,,,,,,[54cm]·[67cm],8435782512755
variation,MU03000110,,1,0,visible,,"Dimensiuni: 56 * 68,5 cm",taxable,1,0,0,105,,,https://static.musaibrand.com/images/models/0300/model/large/0300_10_2_1.jpg,MU0300,54,Size,S,,1,,Color,Sky blue,,1,,,,,,,,,,,,"[56cm]·[68,5cm]",8435782512885
variation,MU03000210,,1,0,visible,,Dimensiuni: 58 * 70 cm,taxable,1,0,0,105,,,https://static.musaibrand.com/images/models/0300/model/large/0300_10_2_1.jpg,MU0300,55,Size,M,,1,,Color,Sky blue,,1,,,,,,,,,,,,[58cm]·[70cm],8435782513011
variation,MU03000310,,1,0,visible,,Dimensiuni: 60 * 72 cm,taxable,1,0,0,105,,,https://static.musaibrand.com/images/models/0300/model/large/0300_10_2_1.jpg,MU0300,56,Size,L,,1,,Color,Sky blue,,1,,,,,,,,,,,,[60cm]·[72cm],8435782513141
variation,MU03000410,,1,0,visible,,Dimensiuni: 63 * 73 cm,taxable,1,0,0,105,,,https://static.musaibrand.com/images/models/0300/model/large/0300_10_2_1.jpg,MU0300,57,Size,XL,,1,,Color,Sky blue,,1,,,,,,,,,,,,[63cm]·[73cm],8435782513271
variation,MU03000510,,1,0,visible,,,taxable,1,0,0,105,,,https://static.musaibrand.com/images/models/0300/model/large/0300_10_2_1.jpg,MU0300,58,Size,2XL,,1,,Color,Sky blue,,1,,,,,,,,,,,,,8435782513400
variation,MU03000610,,1,0,visible,,Dimensiuni: 69 * 76 cm,taxable,1,0,0,105,,,https://static.musaibrand.com/images/models/0300/model/large/0300_10_2_1.jpg,MU0300,59,Size,3XL,,1,,Color,Sky blue,,1,,,,,,,,,,,,[69cm]·[76cm],8435782513530
variation,MU03002210,,1,0,visible,,Dimensiuni: 37 * 44 cm,taxable,1,0,0,105,,,https://static.musaibrand.com/images/models/0300/model/large/0300_10_2_1.jpg,MU0300,60,Size,4,,1,,Color,Sky blue,,1,,,,,,,,,,,,[37cm]·[44cm],8435782513660
variation,MU03002410,,1,0,visible,,Dimensiuni: 40 * 48 cm,taxable,1,0,0,105,,,https://static.musaibrand.com/images/models/0300/model/large/0300_10_2_1.jpg,MU0300,61,Size,6,,1,,Color,Sky blue,,1,,,,,,,,,,,,[40cm]·[48cm],8435782513790
variation,MU03002510,,1,0,visible,,Dimensiuni: 43 * 52 cm,taxable,1,0,0,105,,,https://static.musaibrand.com/images/models/0300/model/large/0300_10_2_1.jpg,MU0300,62,Size,8,,1,,Color,Sky blue,,1,,,,,,,,,,,,[43cm]·[52cm],8435782513929
variation,MU03002610,,1,0,visible,,Dimensiuni: 45 * 56 cm,taxable,1,0,0,105,,,https://static.musaibrand.com/images/models/0300/model/large/0300_10_2_1.jpg,MU0300,63,Size,10,,1,,Color,Sky blue,,1,,,,,,,,,,,,[45cm]·[56cm],8435782514056
variation,MU03002710,,1,0,visible,,Dimensiuni: 47 * 60 cm,taxable,1,0,0,105,,,https://static.musaibrand.com/images/models/0300/model/large/0300_10_2_1.jpg,MU0300,64,Size,12,,1,,Color,Sky blue,,1,,,,,,,,,,,,[47cm]·[60cm],8435782514186
variation,MU03002810,,1,0,visible,,Dimensiuni: 49 * 64 cm,taxable,1,0,0,105,,,https://static.musaibrand.com/images/models/0300/model/large/0300_10_2_1.jpg,MU0300,65,Size,14,,1,,Color,Sky blue,,1,,,,,,,,,,,,[49cm]·[64cm],8435782514315
variation,MU030000176,,1,0,visible,,Dimensiuni: 54 * 67 cm,taxable,1,0,0,105,,,https://static.musaibrand.com/images/models/0300/model/large/0300_176_2_1.jpg,MU0300,66,Size,XS,,1,,Color,Fluor turcoaz,,1,,,,,,,,,,,,[54cm]·[67cm],8435782512762
variation,MU030001176,,1,0,visible,,"Dimensiuni: 56 * 68,5 cm",taxable,1,0,0,105,,,https://static.musaibrand.com/images/models/0300/model/large/0300_176_2_1.jpg,MU0300,67,Size,S,,1,,Color,Fluor turcoaz,,1,,,,,,,,,,,,"[56cm]·[68,5cm]",8435782512892
variation,MU030002176,,1,0,visible,,Dimensiuni: 58 * 70 cm,taxable,1,0,0,105,,,https://static.musaibrand.com/images/models/0300/model/large/0300_176_2_1.jpg,MU0300,68,Size,M,,1,,Color,Fluor turcoaz,,1,,,,,,,,,,,,[58cm]·[70cm],8435782513028
variation,MU030003176,,1,0,visible,,Dimensiuni: 60 * 72 cm,taxable,1,0,0,105,,,https://static.musaibrand.com/images/models/0300/model/large/0300_176_2_1.jpg,MU0300,69,Size,L,,1,,Color,Fluor turcoaz,,1,,,,,,,,,,,,[60cm]·[72cm],8435782513158
variation,MU030004176,,1,0,visible,,Dimensiuni: 63 * 73 cm,taxable,1,0,0,105,,,https://static.musaibrand.com/images/models/0300/model/large/0300_176_2_1.jpg,MU0300,70,Size,XL,,1,,Color,Fluor turcoaz,,1,,,,,,,,,,,,[63cm]·[73cm],8435782513288
variation,MU030005176,,1,0,visible,,,taxable,1,0,0,105,,,https://static.musaibrand.com/images/models/0300/model/large/0300_176_2_1.jpg,MU0300,71,Size,2XL,,1,,Color,Fluor turcoaz,,1,,,,,,,,,,,,,8435782513417
variation,MU030006176,,1,0,visible,,Dimensiuni: 69 * 76 cm,taxable,1,0,0,105,,,https://static.musaibrand.com/images/models/0300/model/large/0300_176_2_1.jpg,MU0300,72,Size,3XL,,1,,Color,Fluor turcoaz,,1,,,,,,,,,,,,[69cm]·[76cm],8435782513547
variation,MU030022176,,1,0,visible,,Dimensiuni: 37 * 44 cm,taxable,1,0,0,105,,,https://static.musaibrand.com/images/models/0300/model/large/0300_176_2_1.jpg,MU0300,73,Size,4,,1,,Color,Fluor turcoaz,,1,,,,,,,,,,,,[37cm]·[44cm],8435782513677
variation,MU030024176,,1,0,visible,,Dimensiuni: 40 * 48 cm,taxable,1,0,0,105,,,https://static.musaibrand.com/images/models/0300/model/large/0300_176_2_1.jpg,MU0300,74,Size,6,,1,,Color,Fluor turcoaz,,1,,,,,,,,,,,,[40cm]·[48cm],8435782513806
variation,MU030025176,,1,0,visible,,Dimensiuni: 43 * 52 cm,taxable,1,0,0,105,,,https://static.musaibrand.com/images/models/0300/model/large/0300_176_2_1.jpg,MU0300,75,Size,8,,1,,Color,Fluor turcoaz,,1,,,,,,,,,,,,[43cm]·[52cm],8435782513936
variation,MU030026176,,1,0,visible,,Dimensiuni: 45 * 56 cm,taxable,1,0,0,105,,,https://static.musaibrand.com/images/models/0300/model/large/0300_176_2_1.jpg,MU0300,76,Size,10,,1,,Color,Fluor turcoaz,,1,,,,,,,,,,,,[45cm]·[56cm],8435782514063
variation,MU030027176,,1,0,visible,,Dimensiuni: 47 * 60 cm,taxable,1,0,0,105,,,https://static.musaibrand.com/images/models/0300/model/large/0300_176_2_1.jpg,MU0300,77,Size,12,,1,,Color,Fluor turcoaz,,1,,,,,,,,,,,,[47cm]·[60cm],8435782514193
variation,MU030028176,,1,0,visible,,Dimensiuni: 49 * 64 cm,taxable,1,0,0,105,,,https://static.musaibrand.com/images/models/0300/model/large/0300_176_2_1.jpg,MU0300,78,Size,14,,1,,Color,Fluor turcoaz,,1,,,,,,,,,,,,[49cm]·[64cm],8435782514322
variation,MU030000221,,1,0,visible,,Dimensiuni: 54 * 67 cm,taxable,1,0,0,105,,,https://static.musaibrand.com/images/models/0300/model/large/0300_221_2_1.jpg,MU0300,79,Size,XS,,1,,Color,Galben fluor,,1,,,,,,,,,,,,[54cm]·[67cm],8435782512779
variation,MU030001221,,1,0,visible,,"Dimensiuni: 56 * 68,5 cm",taxable,1,0,0,105,,,https://static.musaibrand.com/images/models/0300/model/large/0300_221_2_1.jpg,MU0300,80,Size,S,,1,,Color,Galben fluor,,1,,,,,,,,,,,,"[56cm]·[68,5cm]",8435782512908
variation,MU030002221,,1,0,visible,,Dimensiuni: 58 * 70 cm,taxable,1,0,0,105,,,https://static.musaibrand.com/images/models/0300/model/large/0300_221_2_1.jpg,MU0300,81,Size,M,,1,,Color,Galben fluor,,1,,,,,,,,,,,,[58cm]·[70cm],8435782513035
variation,MU030003221,,1,0,visible,,Dimensiuni: 60 * 72 cm,taxable,1,0,0,105,,,https://static.musaibrand.com/images/models/0300/model/large/0300_221_2_1.jpg,MU0300,82,Size,L,,1,,Color,Galben fluor,,1,,,,,,,,,,,,[60cm]·[72cm],8435782513165
variation,MU030004221,,1,0,visible,,Dimensiuni: 63 * 73 cm,taxable,1,0,0,105,,,https://static.musaibrand.com/images/models/0300/model/large/0300_221_2_1.jpg,MU0300,83,Size,XL,,1,,Color,Galben fluor,,1,,,,,,,,,,,,[63cm]·[73cm],8435782513295
variation,MU030005221,,1,0,visible,,,taxable,1,0,0,105,,,https://static.musaibrand.com/images/models/0300/model/large/0300_221_2_1.jpg,MU0300,84,Size,2XL,,1,,Color,Galben fluor,,1,,,,,,,,,,,,,8435782513424
variation,MU030006221,,1,0,visible,,Dimensiuni: 69 * 76 cm,taxable,1,0,0,105,,,https://static.musaibrand.com/images/models/0300/model/large/0300_221_2_1.jpg,MU0300,85,Size,3XL,,1,,Color,Galben fluor,,1,,,,,,,,,,,,[69cm]·[76cm],8435782513554
variation,MU030022221,,1,0,visible,,Dimensiuni: 37 * 44 cm,taxable,1,0,0,105,,,https://static.musaibrand.com/images/models/0300/model/large/0300_221_2_1.jpg,MU0300,86,Size,4,,1,,Color,Galben fluor,,1,,,,,,,,,,,,[37cm]·[44cm],8435782513684
variation,MU030024221,,1,0,visible,,Dimensiuni: 40 * 48 cm,taxable,1,0,0,105,,,https://static.musaibrand.com/images/models/0300/model/large/0300_221_2_1.jpg,MU0300,87,Size,6,,1,,Color,Galben fluor,,1,,,,,,,,,,,,[40cm]·[48cm],8435782513813
variation,MU030025221,,1,0,visible,,Dimensiuni: 43 * 52 cm,taxable,1,0,0,105,,,https://static.musaibrand.com/images/models/0300/model/large/0300_221_2_1.jpg,MU0300,88,Size,8,,1,,Color,Galben fluor,,1,,,,,,,,,,,,[43cm]·[52cm],8435782513943
variation,MU030026221,,1,0,visible,,Dimensiuni: 45 * 56 cm,taxable,1,0,0,105,,,https://static.musaibrand.com/images/models/0300/model/large/0300_221_2_1.jpg,MU0300,89,Size,10,,1,,Color,Galben fluor,,1,,,,,,,,,,,,[45cm]·[56cm],8435782514070
variation,MU030027221,,1,0,visible,,Dimensiuni: 47 * 60 cm,taxable,1,0,0,105,,,https://static.musaibrand.com/images/models/0300/model/large/0300_221_2_1.jpg,MU0300,90,Size,12,,1,,Color,Galben fluor,,1,,,,,,,,,,,,[47cm]·[60cm],8435782514209
variation,MU030028221,,1,0,visible,,Dimensiuni: 49 * 64 cm,taxable,1,0,0,105,,,https://static.musaibrand.com/images/models/0300/model/large/0300_221_2_1.jpg,MU0300,91,Size,14,,1,,Color,Galben fluor,,1,,,,,,,,,,,,[49cm]·[64cm],8435782514339
variation,MU030000222,,1,0,visible,,Dimensiuni: 54 * 67 cm,taxable,1,0,0,105,,,https://static.musaibrand.com/images/models/0300/model/large/0300_222_2_1.jpg,MU0300,92,Size,XS,,1,,Color,Fluor verde,,1,,,,,,,,,,,,[54cm]·[67cm],8435782512786
variation,MU030001222,,1,0,visible,,"Dimensiuni: 56 * 68,5 cm",taxable,1,0,0,105,,,https://static.musaibrand.com/images/models/0300/model/large/0300_222_2_1.jpg,MU0300,93,Size,S,,1,,Color,Fluor verde,,1,,,,,,,,,,,,"[56cm]·[68,5cm]",8435782512915
variation,MU030002222,,1,0,visible,,Dimensiuni: 58 * 70 cm,taxable,1,0,0,105,,,https://static.musaibrand.com/images/models/0300/model/large/0300_222_2_1.jpg,MU0300,94,Size,M,,1,,Color,Fluor verde,,1,,,,,,,,,,,,[58cm]·[70cm],8435782513042
variation,MU030003222,,1,0,visible,,Dimensiuni: 60 * 72 cm,taxable,1,0,0,105,,,https://static.musaibrand.com/images/models/0300/model/large/0300_222_2_1.jpg,MU0300,95,Size,L,,1,,Color,Fluor verde,,1,,,,,,,,,,,,[60cm]·[72cm],8435782513172
variation,MU030004222,,1,0,visible,,Dimensiuni: 63 * 73 cm,taxable,1,0,0,105,,,https://static.musaibrand.com/images/models/0300/model/large/0300_222_2_1.jpg,MU0300,96,Size,XL,,1,,Color,Fluor verde,,1,,,,,,,,,,,,[63cm]·[73cm],8435782513301
variation,MU030005222,,1,0,visible,,,taxable,1,0,0,105,,,https://static.musaibrand.com/images/models/0300/model/large/0300_222_2_1.jpg,MU0300,97,Size,2XL,,1,,Color,Fluor verde,,1,,,,,,,,,,,,,8435782513431
variation,MU030006222,,1,0,visible,,Dimensiuni: 69 * 76 cm,taxable,1,0,0,105,,,https://static.musaibrand.com/images/models/0300/model/large/0300_222_2_1.jpg,MU0300,98,Size,3XL,,1,,Color,Fluor verde,,1,,,,,,,,,,,,[69cm]·[76cm],8435782513561
variation,MU030022222,,1,0,visible,,Dimensiuni: 37 * 44 cm,taxable,1,0,0,105,,,https://static.musaibrand.com/images/models/0300/model/large/0300_222_2_1.jpg,MU0300,99,Size,4,,1,,Color,Fluor verde,,1,,,,,,,,,,,,[37cm]·[44cm],8435782513691
variation,MU030024222,,1,0,visible,,Dimensiuni: 40 * 48 cm,taxable,1,0,0,105,,,https://static.musaibrand.com/images/models/0300/model/large/0300_222_2_1.jpg,MU0300,100,Size,6,,1,,Color,Fluor verde,,1,,,,,,,,,,,,[40cm]·[48cm],8435782513820
variation,MU030025222,,1,0,visible,,Dimensiuni: 43 * 52 cm,taxable,1,0,0,105,,,https://static.musaibrand.com/images/models/0300/model/large/0300_222_2_1.jpg,MU0300,101,Size,8,,1,,Color,Fluor verde,,1,,,,,,,,,,,,[43cm]·[52cm],8435782513950
variation,MU030026222,,1,0,visible,,Dimensiuni: 45 * 56 cm,taxable,1,0,0,105,,,https://static.musaibrand.com/images/models/0300/model/large/0300_222_2_1.jpg,MU0300,102,Size,10,,1,,Color,Fluor verde,,1,,,,,,,,,,,,[45cm]·[56cm],8435782514087
variation,MU030027222,,1,0,visible,,Dimensiuni: 47 * 60 cm,taxable,1,0,0,105,,,https://static.musaibrand.com/images/models/0300/model/large/0300_222_2_1.jpg,MU0300,103,Size,12,,1,,Color,Fluor verde,,1,,,,,,,,,,,,[47cm]·[60cm],8435782514216
variation,MU030028222,,1,0,visible,,Dimensiuni: 49 * 64 cm,taxable,1,0,0,105,,,https://static.musaibrand.com/images/models/0300/model/large/0300_222_2_1.jpg,MU0300,104,Size,14,,1,,Color,Fluor verde,,1,,,,,,,,,,,,[49cm]·[64cm],8435782514346
variation,MU030000223,,1,0,visible,,Dimensiuni: 54 * 67 cm,taxable,1,0,0,105,,,https://static.musaibrand.com/images/models/0300/model/large/0300_223_2_1.jpg,MU0300,105,Size,XS,,1,,Color,Fluor portocaliu,,1,,,,,,,,,,,,[54cm]·[67cm],8435782512793
variation,MU030001223,,1,0,visible,,"Dimensiuni: 56 * 68,5 cm",taxable,1,0,0,105,,,https://static.musaibrand.com/images/models/0300/model/large/0300_223_2_1.jpg,MU0300,106,Size,S,,1,,Color,Fluor portocaliu,,1,,,,,,,,,,,,"[56cm]·[68,5cm]",8435782512922
variation,MU030002223,,1,0,visible,,Dimensiuni: 58 * 70 cm,taxable,1,0,0,105,,,https://static.musaibrand.com/images/models/0300/model/large/0300_223_2_1.jpg,MU0300,107,Size,M,,1,,Color,Fluor portocaliu,,1,,,,,,,,,,,,[58cm]·[70cm],8435782513059
variation,MU030003223,,1,0,visible,,Dimensiuni: 60 * 72 cm,taxable,1,0,0,105,,,https://static.musaibrand.com/images/models/0300/model/large/0300_223_2_1.jpg,MU0300,108,Size,L,,1,,Color,Fluor portocaliu,,1,,,,,,,,,,,,[60cm]·[72cm],8435782513189
variation,MU030004223,,1,0,visible,,Dimensiuni: 63 * 73 cm,taxable,1,0,0,105,,,https://static.musaibrand.com/images/models/0300/model/large/0300_223_2_1.jpg,MU0300,109,Size,XL,,1,,Color,Fluor portocaliu,,1,,,,,,,,,,,,[63cm]·[73cm],8435782513318
variation,MU030005223,,1,0,visible,,,taxable,1,0,0,105,,,https://static.musaibrand.com/images/models/0300/model/large/0300_223_2_1.jpg,MU0300,110,Size,2XL,,1,,Color,Fluor portocaliu,,1,,,,,,,,,,,,,8435782513448
variation,MU030006223,,1,0,visible,,Dimensiuni: 69 * 76 cm,taxable,1,0,0,105,,,https://static.musaibrand.com/images/models/0300/model/large/0300_223_2_1.jpg,MU0300,111,Size,3XL,,1,,Color,Fluor portocaliu,,1,,,,,,,,,,,,[69cm]·[76cm],8435782513578
variation,MU030022223,,1,0,visible,,Dimensiuni: 37 * 44 cm,taxable,1,0,0,105,,,https://static.musaibrand.com/images/models/0300/model/large/0300_223_2_1.jpg,MU0300,112,Size,4,,1,,Color,Fluor portocaliu,,1,,,,,,,,,,,,[37cm]·[44cm],8435782513707
variation,MU030024223,,1,0,visible,,Dimensiuni: 40 * 48 cm,taxable,1,0,0,105,,,https://static.musaibrand.com/images/models/0300/model/large/0300_223_2_1.jpg,MU0300,113,Size,6,,1,,Color,Fluor portocaliu,,1,,,,,,,,,,,,[40cm]·[48cm],8435782513837
variation,MU030025223,,1,0,visible,,Dimensiuni: 43 * 52 cm,taxable,1,0,0,105,,,https://static.musaibrand.com/images/models/0300/model/large/0300_223_2_1.jpg,MU0300,114,Size,8,,1,,Color,Fluor portocaliu,,1,,,,,,,,,,,,[43cm]·[52cm],8435782513967
variation,MU030026223,,1,0,visible,,Dimensiuni: 45 * 56 cm,taxable,1,0,0,105,,,https://static.musaibrand.com/images/models/0300/model/large/0300_223_2_1.jpg,MU0300,115,Size,10,,1,,Color,Fluor portocaliu,,1,,,,,,,,,,,,[45cm]·[56cm],8435782514094
variation,MU030027223,,1,0,visible,,Dimensiuni: 47 * 60 cm,taxable,1,0,0,105,,,https://static.musaibrand.com/images/models/0300/model/large/0300_223_2_1.jpg,MU0300,116,Size,12,,1,,Color,Fluor portocaliu,,1,,,,,,,,,,,,[47cm]·[60cm],8435782514223
variation,MU030028223,,1,0,visible,,Dimensiuni: 49 * 64 cm,taxable,1,0,0,105,,,https://static.musaibrand.com/images/models/0300/model/large/0300_223_2_1.jpg,MU0300,117,Size,14,,1,,Color,Fluor portocaliu,,1,,,,,,,,,,,,[49cm]·[64cm],8435782514353
variation,MU030000226,,1,0,visible,,Dimensiuni: 54 * 67 cm,taxable,1,0,0,105,,,https://static.musaibrand.com/images/models/0300/model/large/0300_226_2_1.jpg,MU0300,118,Size,XS,,1,,Color,Fern Green,,1,,,,,,,,,,,,[54cm]·[67cm],8435782528107
variation,MU030001226,,1,0,visible,,"Dimensiuni: 56 * 68,5 cm",taxable,1,0,0,105,,,https://static.musaibrand.com/images/models/0300/model/large/0300_226_2_1.jpg,MU0300,119,Size,S,,1,,Color,Fern Green,,1,,,,,,,,,,,,"[56cm]·[68,5cm]",8435782528114
variation,MU030002226,,1,0,visible,,Dimensiuni: 58 * 70 cm,taxable,1,0,0,105,,,https://static.musaibrand.com/images/models/0300/model/large/0300_226_2_1.jpg,MU0300,120,Size,M,,1,,Color,Fern Green,,1,,,,,,,,,,,,[58cm]·[70cm],8435782528121
variation,MU030003226,,1,0,visible,,Dimensiuni: 60 * 72 cm,taxable,1,0,0,105,,,https://static.musaibrand.com/images/models/0300/model/large/0300_226_2_1.jpg,MU0300,121,Size,L,,1,,Color,Fern Green,,1,,,,,,,,,,,,[60cm]·[72cm],8435782528138
variation,MU030004226,,1,0,visible,,Dimensiuni: 63 * 73 cm,taxable,1,0,0,105,,,https://static.musaibrand.com/images/models/0300/model/large/0300_226_2_1.jpg,MU0300,122,Size,XL,,1,,Color,Fern Green,,1,,,,,,,,,,,,[63cm]·[73cm],8435782528145
variation,MU030005226,,1,0,visible,,,taxable,1,0,0,105,,,https://static.musaibrand.com/images/models/0300/model/large/0300_226_2_1.jpg,MU0300,123,Size,2XL,,1,,Color,Fern Green,,1,,,,,,,,,,,,,8435782528152
variation,MU030006226,,1,0,visible,,Dimensiuni: 69 * 76 cm,taxable,1,0,0,105,,,https://static.musaibrand.com/images/models/0300/model/large/0300_226_2_1.jpg,MU0300,124,Size,3XL,,1,,Color,Fern Green,,1,,,,,,,,,,,,[69cm]·[76cm],8435782528169
variation,MU030022226,,1,0,visible,,Dimensiuni: 37 * 44 cm,taxable,1,0,0,105,,,https://static.musaibrand.com/images/models/0300/model/large/0300_226_2_1.jpg,MU0300,125,Size,4,,1,,Color,Fern Green,,1,,,,,,,,,,,,[37cm]·[44cm],8435782528176
variation,MU030024226,,1,0,visible,,Dimensiuni: 40 * 48 cm,taxable,1,0,0,105,,,https://static.musaibrand.com/images/models/0300/model/large/0300_226_2_1.jpg,MU0300,126,Size,6,,1,,Color,Fern Green,,1,,,,,,,,,,,,[40cm]·[48cm],8435782528183
variation,MU030025226,,1,0,visible,,Dimensiuni: 43 * 52 cm,taxable,1,0,0,105,,,https://static.musaibrand.com/images/models/0300/model/large/0300_226_2_1.jpg,MU0300,127,Size,8,,1,,Color,Fern Green,,1,,,,,,,,,,,,[43cm]·[52cm],8435782528190
variation,MU030026226,,1,0,visible,,Dimensiuni: 45 * 56 cm,taxable,1,0,0,105,,,https://static.musaibrand.com/images/models/0300/model/large/0300_226_2_1.jpg,MU0300,128,Size,10,,1,,Color,Fern Green,,1,,,,,,,,,,,,[45cm]·[56cm],8435782528206
variation,MU030027226,,1,0,visible,,Dimensiuni: 47 * 60 cm,taxable,1,0,0,105,,,https://static.musaibrand.com/images/models/0300/model/large/0300_226_2_1.jpg,MU0300,129,Size,12,,1,,Color,Fern Green,,1,,,,,,,,,,,,[47cm]·[60cm],8435782528213
variation,MU030028226,,1,0,visible,,Dimensiuni: 49 * 64 cm,taxable,1,0,0,105,,,https://static.musaibrand.com/images/models/0300/model/large/0300_226_2_1.jpg,MU0300,130,Size,14,,1,,Color,Fern Green,,1,,,,,,,,,,,,[49cm]·[64cm],8435782528220
variation,MU030000258,,1,0,visible,,Dimensiuni: 54 * 67 cm,taxable,1,0,0,105,,,https://static.musaibrand.com/images/models/0300/model/large/0300_258_2_1.jpg,MU0300,131,Size,XS,,1,,Color,Gri deschis,,1,,,,,,,,,,,,[54cm]·[67cm],8435782512809
variation,MU030001258,,1,0,visible,,"Dimensiuni: 56 * 68,5 cm",taxable,1,0,0,105,,,https://static.musaibrand.com/images/models/0300/model/large/0300_258_2_1.jpg,MU0300,132,Size,S,,1,,Color,Gri deschis,,1,,,,,,,,,,,,"[56cm]·[68,5cm]",8435782512939
variation,MU030002258,,1,0,visible,,Dimensiuni: 58 * 70 cm,taxable,1,0,0,105,,,https://static.musaibrand.com/images/models/0300/model/large/0300_258_2_1.jpg,MU0300,133,Size,M,,1,,Color,Gri deschis,,1,,,,,,,,,,,,[58cm]·[70cm],8435782513066
variation,MU030003258,,1,0,visible,,Dimensiuni: 60 * 72 cm,taxable,1,0,0,105,,,https://static.musaibrand.com/images/models/0300/model/large/0300_258_2_1.jpg,MU0300,134,Size,L,,1,,Color,Gri deschis,,1,,,,,,,,,,,,[60cm]·[72cm],8435782513196
variation,MU030004258,,1,0,visible,,Dimensiuni: 63 * 73 cm,taxable,1,0,0,105,,,https://static.musaibrand.com/images/models/0300/model/large/0300_258_2_1.jpg,MU0300,135,Size,XL,,1,,Color,Gri deschis,,1,,,,,,,,,,,,[63cm]·[73cm],8435782513325
variation,MU030005258,,1,0,visible,,,taxable,1,0,0,105,,,https://static.musaibrand.com/images/models/0300/model/large/0300_258_2_1.jpg,MU0300,136,Size,2XL,,1,,Color,Gri deschis,,1,,,,,,,,,,,,,8435782513455
variation,MU030006258,,1,0,visible,,Dimensiuni: 69 * 76 cm,taxable,1,0,0,105,,,https://static.musaibrand.com/images/models/0300/model/large/0300_258_2_1.jpg,MU0300,137,Size,3XL,,1,,Color,Gri deschis,,1,,,,,,,,,,,,[69cm]·[76cm],8435782513585
variation,MU030022258,,1,0,visible,,Dimensiuni: 37 * 44 cm,taxable,1,0,0,105,,,https://static.musaibrand.com/images/models/0300/model/large/0300_258_2_1.jpg,MU0300,138,Size,4,,1,,Color,Gri deschis,,1,,,,,,,,,,,,[37cm]·[44cm],8435782513714
variation,MU030024258,,1,0,visible,,Dimensiuni: 40 * 48 cm,taxable,1,0,0,105,,,https://static.musaibrand.com/images/models/0300/model/large/0300_258_2_1.jpg,MU0300,139,Size,6,,1,,Color,Gri deschis,,1,,,,,,,,,,,,[40cm]·[48cm],8435782513844
variation,MU030025258,,1,0,visible,,Dimensiuni: 43 * 52 cm,taxable,1,0,0,105,,,https://static.musaibrand.com/images/models/0300/model/large/0300_258_2_1.jpg,MU0300,140,Size,8,,1,,Color,Gri deschis,,1,,,,,,,,,,,,[43cm]·[52cm],8435782513974
variation,MU030026258,,1,0,visible,,Dimensiuni: 45 * 56 cm,taxable,1,0,0,105,,,https://static.musaibrand.com/images/models/0300/model/large/0300_258_2_1.jpg,MU0300,141,Size,10,,1,,Color,Gri deschis,,1,,,,,,,,,,,,[45cm]·[56cm],8435782514100
variation,MU030027258,,1,0,visible,,Dimensiuni: 47 * 60 cm,taxable,1,0,0,105,,,https://static.musaibrand.com/images/models/0300/model/large/0300_258_2_1.jpg,MU0300,142,Size,12,,1,,Color,Gri deschis,,1,,,,,,,,,,,,[47cm]·[60cm],8435782514230
variation,MU030028258,,1,0,visible,,Dimensiuni: 49 * 64 cm,taxable,1,0,0,105,,,https://static.musaibrand.com/images/models/0300/model/large/0300_258_2_1.jpg,MU0300,143,Size,14,,1,,Color,Gri deschis,,1,,,,,,,,,,,,[49cm]·[64cm],8435782514360
variation,MU03000055,,1,0,visible,,Dimensiuni: 54 * 67 cm,taxable,1,0,0,105,,,https://static.musaibrand.com/images/models/0300/model/large/0300_55_2_1.jpg,MU0300,144,Size,XS,,1,,Color,Albastru marin,,1,,,,,,,,,,,,[54cm]·[67cm],8435782512816
variation,MU03000155,,1,0,visible,,"Dimensiuni: 56 * 68,5 cm",taxable,1,0,0,105,,,https://static.musaibrand.com/images/models/0300/model/large/0300_55_2_1.jpg,MU0300,145,Size,S,,1,,Color,Albastru marin,,1,,,,,,,,,,,,"[56cm]·[68,5cm]",8435782512946
variation,MU03000255,,1,0,visible,,Dimensiuni: 58 * 70 cm,taxable,1,0,0,105,,,https://static.musaibrand.com/images/models/0300/model/large/0300_55_2_1.jpg,MU0300,146,Size,M,,1,,Color,Albastru marin,,1,,,,,,,,,,,,[58cm]·[70cm],8435782513073
variation,MU03000355,,1,0,visible,,Dimensiuni: 60 * 72 cm,taxable,1,0,0,105,,,https://static.musaibrand.com/images/models/0300/model/large/0300_55_2_1.jpg,MU0300,147,Size,L,,1,,Color,Albastru marin,,1,,,,,,,,,,,,[60cm]·[72cm],8435782513202
variation,MU03000455,,1,0,visible,,Dimensiuni: 63 * 73 cm,taxable,1,0,0,105,,,https://static.musaibrand.com/images/models/0300/model/large/0300_55_2_1.jpg,MU0300,148,Size,XL,,1,,Color,Albastru marin,,1,,,,,,,,,,,,[63cm]·[73cm],8435782513332
variation,MU03000555,,1,0,visible,,,taxable,1,0,0,105,,,https://static.musaibrand.com/images/models/0300/model/large/0300_55_2_1.jpg,MU0300,149,Size,2XL,,1,,Color,Albastru marin,,1,,,,,,,,,,,,,8435782513462
variation,MU03000655,,1,0,visible,,Dimensiuni: 69 * 76 cm,taxable,1,0,0,105,,,https://static.musaibrand.com/images/models/0300/model/large/0300_55_2_1.jpg,MU0300,150,Size,3XL,,1,,Color,Albastru marin,,1,,,,,,,,,,,,[69cm]·[76cm],8435782513592
variation,MU03002255,,1,0,visible,,Dimensiuni: 37 * 44 cm,taxable,1,0,0,105,,,https://static.musaibrand.com/images/models/0300/model/large/0300_55_2_1.jpg,MU0300,151,Size,4,,1,,Color,Albastru marin,,1,,,,,,,,,,,,[37cm]·[44cm],8435782513721
variation,MU03002455,,1,0,visible,,Dimensiuni: 40 * 48 cm,taxable,1,0,0,105,,,https://static.musaibrand.com/images/models/0300/model/large/0300_55_2_1.jpg,MU0300,152,Size,6,,1,,Color,Albastru marin,,1,,,,,,,,,,,,[40cm]·[48cm],8435782513851
variation,MU03002555,,1,0,visible,,Dimensiuni: 43 * 52 cm,taxable,1,0,0,105,,,https://static.musaibrand.com/images/models/0300/model/large/0300_55_2_1.jpg,MU0300,153,Size,8,,1,,Color,Albastru marin,,1,,,,,,,,,,,,[43cm]·[52cm],8435782513981
variation,MU03002655,,1,0,visible,,Dimensiuni: 45 * 56 cm,taxable,1,0,0,105,,,https://static.musaibrand.com/images/models/0300/model/large/0300_55_2_1.jpg,MU0300,154,Size,10,,1,,Color,Albastru marin,,1,,,,,,,,,,,,[45cm]·[56cm],8435782514117
variation,MU03002755,,1,0,visible,,Dimensiuni: 47 * 60 cm,taxable,1,0,0,105,,,https://static.musaibrand.com/images/models/0300/model/large/0300_55_2_1.jpg,MU0300,155,Size,12,,1,,Color,Albastru marin,,1,,,,,,,,,,,,[47cm]·[60cm],8435782514247
variation,MU03002855,,1,0,visible,,Dimensiuni: 49 * 64 cm,taxable,1,0,0,105,,,https://static.musaibrand.com/images/models/0300/model/large/0300_55_2_1.jpg,MU0300,156,Size,14,,1,,Color,Albastru marin,,1,,,,,,,,,,,,[49cm]·[64cm],8435782514377
variation,MU03000060,,1,0,visible,,Dimensiuni: 54 * 67 cm,taxable,1,0,0,105,,,https://static.musaibrand.com/images/models/0300/model/large/0300_60_2_1.jpg,MU0300,157,Size,XS,,1,,Color,ROȘU,,1,,,,,,,,,,,,[54cm]·[67cm],8435782512823
variation,MU03000160,,1,0,visible,,"Dimensiuni: 56 * 68,5 cm",taxable,1,0,0,105,,,https://static.musaibrand.com/images/models/0300/model/large/0300_60_2_1.jpg,MU0300,158,Size,S,,1,,Color,ROȘU,,1,,,,,,,,,,,,"[56cm]·[68,5cm]",8435782512953
variation,MU03000260,,1,0,visible,,Dimensiuni: 58 * 70 cm,taxable,1,0,0,105,,,https://static.musaibrand.com/images/models/0300/model/large/0300_60_2_1.jpg,MU0300,159,Size,M,,1,,Color,ROȘU,,1,,,,,,,,,,,,[58cm]·[70cm],8435782513080
variation,MU03000360,,1,0,visible,,Dimensiuni: 60 * 72 cm,taxable,1,0,0,105,,,https://static.musaibrand.com/images/models/0300/model/large/0300_60_2_1.jpg,MU0300,160,Size,L,,1,,Color,ROȘU,,1,,,,,,,,,,,,[60cm]·[72cm],8435782513219
variation,MU03000460,,1,0,visible,,Dimensiuni: 63 * 73 cm,taxable,1,0,0,105,,,https://static.musaibrand.com/images/models/0300/model/large/0300_60_2_1.jpg,MU0300,161,Size,XL,,1,,Color,ROȘU,,1,,,,,,,,,,,,[63cm]·[73cm],8435782513349
variation,MU03000560,,1,0,visible,,,taxable,1,0,0,105,,,https://static.musaibrand.com/images/models/0300/model/large/0300_60_2_1.jpg,MU0300,162,Size,2XL,,1,,Color,ROȘU,,1,,,,,,,,,,,,,8435782513479
variation,MU03000660,,1,0,visible,,Dimensiuni: 69 * 76 cm,taxable,1,0,0,105,,,https://static.musaibrand.com/images/models/0300/model/large/0300_60_2_1.jpg,MU0300,163,Size,3XL,,1,,Color,ROȘU,,1,,,,,,,,,,,,[69cm]·[76cm],8435782513608
variation,MU03002260,,1,0,visible,,Dimensiuni: 37 * 44 cm,taxable,1,0,0,105,,,https://static.musaibrand.com/images/models/0300/model/large/0300_60_2_1.jpg,MU0300,164,Size,4,,1,,Color,ROȘU,,1,,,,,,,,,,,,[37cm]·[44cm],8435782513738
variation,MU03002460,,1,0,visible,,Dimensiuni: 40 * 48 cm,taxable,1,0,0,105,,,https://static.musaibrand.com/images/models/0300/model/large/0300_60_2_1.jpg,MU0300,165,Size,6,,1,,Color,ROȘU,,1,,,,,,,,,,,,[40cm]·[48cm],8435782513868
variation,MU03002560,,1,0,visible,,Dimensiuni: 43 * 52 cm,taxable,1,0,0,105,,,https://static.musaibrand.com/images/models/0300/model/large/0300_60_2_1.jpg,MU0300,166,Size,8,,1,,Color,ROȘU,,1,,,,,,,,,,,,[43cm]·[52cm],8435782513998
variation,MU03002660,,1,0,visible,,Dimensiuni: 45 * 56 cm,taxable,1,0,0,105,,,https://static.musaibrand.com/images/models/0300/model/large/0300_60_2_1.jpg,MU0300,167,Size,10,,1,,Color,ROȘU,,1,,,,,,,,,,,,[45cm]·[56cm],8435782514124
variation,MU03002760,,1,0,visible,,Dimensiuni: 47 * 60 cm,taxable,1,0,0,105,,,https://static.musaibrand.com/images/models/0300/model/large/0300_60_2_1.jpg,MU0300,168,Size,12,,1,,Color,ROȘU,,1,,,,,,,,,,,,[47cm]·[60cm],8435782514254
variation,MU03002860,,1,0,visible,,Dimensiuni: 49 * 64 cm,taxable,1,0,0,105,,,https://static.musaibrand.com/images/models/0300/model/large/0300_60_2_1.jpg,MU0300,169,Size,14,,1,,Color,ROȘU,,1,,,,,,,,,,,,[49cm]·[64cm],8435782514384
variation,MU03000064,,1,0,visible,,Dimensiuni: 54 * 67 cm,taxable,1,0,0,105,,,https://static.musaibrand.com/images/models/0300/model/large/0300_64_2_1.jpg,MU0300,170,Size,XS,,1,,Color,Burgundy,,1,,,,,,,,,,,,[54cm]·[67cm],8435782512830
variation,MU03000164,,1,0,visible,,"Dimensiuni: 56 * 68,5 cm",taxable,1,0,0,105,,,https://static.musaibrand.com/images/models/0300/model/large/0300_64_2_1.jpg,MU0300,171,Size,S,,1,,Color,Burgundy,,1,,,,,,,,,,,,"[56cm]·[68,5cm]",8435782512960
variation,MU03000264,,1,0,visible,,Dimensiuni: 58 * 70 cm,taxable,1,0,0,105,,,https://static.musaibrand.com/images/models/0300/model/large/0300_64_2_1.jpg,MU0300,172,Size,M,,1,,Color,Burgundy,,1,,,,,,,,,,,,[58cm]·[70cm],8435782513097
variation,MU03000364,,1,0,visible,,Dimensiuni: 60 * 72 cm,taxable,1,0,0,105,,,https://static.musaibrand.com/images/models/0300/model/large/0300_64_2_1.jpg,MU0300,173,Size,L,,1,,Color,Burgundy,,1,,,,,,,,,,,,[60cm]·[72cm],8435782513226
variation,MU03000464,,1,0,visible,,Dimensiuni: 63 * 73 cm,taxable,1,0,0,105,,,https://static.musaibrand.com/images/models/0300/model/large/0300_64_2_1.jpg,MU0300,174,Size,XL,,1,,Color,Burgundy,,1,,,,,,,,,,,,[63cm]·[73cm],8435782513356
variation,MU03000564,,1,0,visible,,,taxable,1,0,0,105,,,https://static.musaibrand.com/images/models/0300/model/large/0300_64_2_1.jpg,MU0300,175,Size,2XL,,1,,Color,Burgundy,,1,,,,,,,,,,,,,8435782513486
variation,MU03000664,,1,0,visible,,Dimensiuni: 69 * 76 cm,taxable,1,0,0,105,,,https://static.musaibrand.com/images/models/0300/model/large/0300_64_2_1.jpg,MU0300,176,Size,3XL,,1,,Color,Burgundy,,1,,,,,,,,,,,,[69cm]·[76cm],8435782513615
variation,MU03002264,,1,0,visible,,Dimensiuni: 37 * 44 cm,taxable,1,0,0,105,,,https://static.musaibrand.com/images/models/0300/model/large/0300_64_2_1.jpg,MU0300,177,Size,4,,1,,Color,Burgundy,,1,,,,,,,,,,,,[37cm]·[44cm],8435782513745
variation,MU03002464,,1,0,visible,,Dimensiuni: 40 * 48 cm,taxable,1,0,0,105,,,https://static.musaibrand.com/images/models/0300/model/large/0300_64_2_1.jpg,MU0300,178,Size,6,,1,,Color,Burgundy,,1,,,,,,,,,,,,[40cm]·[48cm],8435782513875
variation,MU03002564,,1,0,visible,,Dimensiuni: 43 * 52 cm,taxable,1,0,0,105,,,https://static.musaibrand.com/images/models/0300/model/large/0300_64_2_1.jpg,MU0300,179,Size,8,,1,,Color,Burgundy,,1,,,,,,,,,,,,[43cm]·[52cm],8435782514001
variation,MU03002664,,1,0,visible,,Dimensiuni: 45 * 56 cm,taxable,1,0,0,105,,,https://static.musaibrand.com/images/models/0300/model/large/0300_64_2_1.jpg,MU0300,180,Size,10,,1,,Color,Burgundy,,1,,,,,,,,,,,,[45cm]·[56cm],8435782514131
variation,MU03002764,,1,0,visible,,Dimensiuni: 47 * 60 cm,taxable,1,0,0,105,,,https://static.musaibrand.com/images/models/0300/model/large/0300_64_2_1.jpg,MU0300,181,Size,12,,1,,Color,Burgundy,,1,,,,,,,,,,,,[47cm]·[60cm],8435782514261
variation,MU03002864,,1,0,visible,,Dimensiuni: 49 * 64 cm,taxable,1,0,0,105,,,https://static.musaibrand.com/images/models/0300/model/large/0300_64_2_1.jpg,MU0300,182,Size,14,,1,,Color,Burgundy,,1,,,,,,,,,,,,[49cm]·[64cm],8435782514391
variable,MU0300-K,Jachetă Mawi Copii,1,0,visible,,"<p>Jachetă tehnică pentru copii cu mâneci raglan și guler mediu, realizată din poliester piqué reciclat, cu căptușeală moale periată.</p><p><strong>Compoziție:</strong> 100% poliester pique reciclat</p><p><br>· Partea frontală a gulerului integrată în față într-o singură bucată; jumătate din partea din spate cu nervuri 1x1.<br>· Acoperire elastică a cusăturii la guler.<br>· Clapetă interioară și apărătoare de bărbie pe toată lungimea.<br>· Fermoar personalizat cu imagine marcă.<br>· Buzunare laterale mari cu fermoar și bandă de acoperire.<br>· Detaliu cu logo brodat pe piept.</p><h4>Dimensiuni</h4><table style='border-collapse:collapse;margin:8px 0'><tr><th style='padding:4px 12px;border:1px solid #ddd;text-align:left'>Mărime</th><th style='padding:4px 12px;border:1px solid #ddd;text-align:left'>Dimensiuni</th></tr><tr><td style='padding:4px 12px;border:1px solid #ddd'>XS</td><td style='padding:4px 12px;border:1px solid #ddd'>54 * 67 cm</td></tr><tr><td style='padding:4px 12px;border:1px solid #ddd'>S</td><td style='padding:4px 12px;border:1px solid #ddd'>56 * 68,5 cm</td></tr><tr><td style='padding:4px 12px;border:1px solid #ddd'>M</td><td style='padding:4px 12px;border:1px solid #ddd'>58 * 70 cm</td></tr><tr><td style='padding:4px 12px;border:1px solid #ddd'>L</td><td style='padding:4px 12px;border:1px solid #ddd'>60 * 72 cm</td></tr><tr><td style='padding:4px 12px;border:1px solid #ddd'>XL</td><td style='padding:4px 12px;border:1px solid #ddd'>63 * 73 cm</td></tr><tr><td style='padding:4px 12px;border:1px solid #ddd'>3XL</td><td style='padding:4px 12px;border:1px solid #ddd'>69 * 76 cm</td></tr><tr><td style='padding:4px 12px;border:1px solid #ddd'>4</td><td style='padding:4px 12px;border:1px solid #ddd'>37 * 44 cm</td></tr><tr><td style='padding:4px 12px;border:1px solid #ddd'>6</td><td style='padding:4px 12px;border:1px solid #ddd'>40 * 48 cm</td></tr><tr><td style='padding:4px 12px;border:1px solid #ddd'>8</td><td style='padding:4px 12px;border:1px solid #ddd'>43 * 52 cm</td></tr><tr><td style='padding:4px 12px;border:1px solid #ddd'>10</td><td style='padding:4px 12px;border:1px solid #ddd'>45 * 56 cm</td></tr><tr><td style='padding:4px 12px;border:1px solid #ddd'>12</td><td style='padding:4px 12px;border:1px solid #ddd'>47 * 60 cm</td></tr><tr><td style='padding:4px 12px;border:1px solid #ddd'>14</td><td style='padding:4px 12px;border:1px solid #ddd'>49 * 64 cm</td></tr></table>",taxable,1,0,0,,Jachete,MUSAI,"https://static.musaibrand.com/images/models/0300-K/model/large/0300-K_01_1_1.jpg,https://static.musaibrand.com/images/models/0300-K/model/large/0300-K_02_1_1.jpg,https://static.musaibrand.com/images/models/0300-K/model/large/0300-K_03_1_1.jpg,https://static.musaibrand.com/images/models/0300-K/model/large/0300-K_05_1_1.jpg,https://static.musaibrand.com/images/models/0300-K/model/large/0300-K_10_1_1.jpg,https://static.musaibrand.com/images/models/0300-K/model/large/0300-K_176_1_1.jpg,https://static.musaibrand.com/images/models/0300-K/model/large/0300-K_221_1_1.jpg,https://static.musaibrand.com/images/models/0300-K/model/large/0300-K_222_1_1.jpg,https://static.musaibrand.com/images/models/0300-K/model/large/0300-K_223_1_1.jpg,https://static.musaibrand.com/images/models/0300-K/model/large/0300-K_226_1_1.jpg,https://static.musaibrand.com/images/models/0300-K/model/large/0300-K_258_1_1.jpg,https://static.musaibrand.com/images/models/0300-K/model/large/0300-K_55_1_1.jpg,https://static.musaibrand.com/images/models/0300-K/model/large/0300-K_60_1_1.jpg,https://static.musaibrand.com/images/models/0300-K/model/large/0300-K_64_1_1.jpg,https://static.musaibrand.com/images/models/0300-K/model/large/0300-K_01_2_1.jpg,https://static.musaibrand.com/images/models/0300-K/model/large/0300-K_02_2_1.jpg,https://static.musaibrand.com/images/models/0300-K/model/large/0300-K_03_2_1.jpg,https://static.musaibrand.com/images/models/0300-K/model/large/0300-K_05_2_1.jpg,https://static.musaibrand.com/images/models/0300-K/model/large/0300-K_10_2_1.jpg,https://static.musaibrand.com/images/models/0300-K/model/large/0300-K_176_2_1.jpg,https://static.musaibrand.com/images/models/0300-K/model/large/0300-K_221_2_1.jpg,https://static.musaibrand.com/images/models/0300-K/model/large/0300-K_222_2_1.jpg,https://static.musaibrand.com/images/models/0300-K/model/large/0300-K_223_2_1.jpg,https://static.musaibrand.com/images/models/0300-K/model/large/0300-K_226_2_1.jpg,https://static.musaibrand.com/images/models/0300-K/model/large/0300-K_258_2_1.jpg,https://static.musaibrand.com/images/models/0300-K/model/large/0300-K_55_2_1.jpg,https://static.musaibrand.com/images/models/0300-K/model/large/0300-K_60_2_1.jpg,https://static.musaibrand.com/images/models/0300-K/model/large/0300-K_64_2_1.jpg",,0,Size,"XS, S, M, L, XL, 2XL, 3XL, 4, 6, 8, 10, 12, 14",1,1,,Color,"Alb, Negru, Galben, Albastru regal, Sky blue, Fluor turcoaz, Galben fluor, Fluor verde, Fluor portocaliu, Fern Green, Gri deschis, Albastru marin, ROȘU, Burgundy",1,1,,Gender,Unisex,1,1,,Dimensiuni,"[54cm]·[67cm], [56cm]·[68.5cm], [58cm]·[70cm], [60cm]·[72cm], [63cm]·[73cm], [69cm]·[76cm], [37cm]·[44cm], [40cm]·[48cm], [43cm]·[52cm], [45cm]·[56cm], [47cm]·[60cm], [49cm]·[64cm]",1,0,,,
variation,MU03000001-K,,1,0,visible,,Dimensiuni: 54 * 67 cm,taxable,1,0,0,105,,,https://static.musaibrand.com/images/models/0300-K/model/large/0300-K_01_2_1.jpg,MU0300-K,1,Size,XS,,1,,Color,Alb,,1,,,,,,,,,,,,[54cm]·[67cm],8435782512717
variation,MU03000101-K,,1,0,visible,,"Dimensiuni: 56 * 68,5 cm",taxable,1,0,0,105,,,https://static.musaibrand.com/images/models/0300-K/model/large/0300-K_01_2_1.jpg,MU0300-K,2,Size,S,,1,,Color,Alb,,1,,,,,,,,,,,,"[56cm]·[68,5cm]",8435782512847
variation,MU03000201-K,,1,0,visible,,Dimensiuni: 58 * 70 cm,taxable,1,0,0,105,,,https://static.musaibrand.com/images/models/0300-K/model/large/0300-K_01_2_1.jpg,MU0300-K,3,Size,M,,1,,Color,Alb,,1,,,,,,,,,,,,[58cm]·[70cm],8435782512977
variation,MU03000301-K,,1,0,visible,,Dimensiuni: 60 * 72 cm,taxable,1,0,0,105,,,https://static.musaibrand.com/images/models/0300-K/model/large/0300-K_01_2_1.jpg,MU0300-K,4,Size,L,,1,,Color,Alb,,1,,,,,,,,,,,,[60cm]·[72cm],8435782513103
variation,MU03000401-K,,1,0,visible,,Dimensiuni: 63 * 73 cm,taxable,1,0,0,105,,,https://static.musaibrand.com/images/models/0300-K/model/large/0300-K_01_2_1.jpg,MU0300-K,5,Size,XL,,1,,Color,Alb,,1,,,,,,,,,,,,[63cm]·[73cm],8435782513233
variation,MU03000501-K,,1,0,visible,,,taxable,1,0,0,105,,,https://static.musaibrand.com/images/models/0300-K/model/large/0300-K_01_2_1.jpg,MU0300-K,6,Size,2XL,,1,,Color,Alb,,1,,,,,,,,,,,,,8435782513363
variation,MU03000601-K,,1,0,visible,,Dimensiuni: 69 * 76 cm,taxable,1,0,0,105,,,https://static.musaibrand.com/images/models/0300-K/model/large/0300-K_01_2_1.jpg,MU0300-K,7,Size,3XL,,1,,Color,Alb,,1,,,,,,,,,,,,[69cm]·[76cm],8435782513493
variation,MU03002201-K,,1,0,visible,,Dimensiuni: 37 * 44 cm,taxable,1,0,0,105,,,https://static.musaibrand.com/images/models/0300-K/model/large/0300-K_01_2_1.jpg,MU0300-K,8,Size,4,,1,,Color,Alb,,1,,,,,,,,,,,,[37cm]·[44cm],8435782513622
variation,MU03002401-K,,1,0,visible,,Dimensiuni: 40 * 48 cm,taxable,1,0,0,105,,,https://static.musaibrand.com/images/models/0300-K/model/large/0300-K_01_2_1.jpg,MU0300-K,9,Size,6,,1,,Color,Alb,,1,,,,,,,,,,,,[40cm]·[48cm],8435782513752
variation,MU03002501-K,,1,0,visible,,Dimensiuni: 43 * 52 cm,taxable,1,0,0,105,,,https://static.musaibrand.com/images/models/0300-K/model/large/0300-K_01_2_1.jpg,MU0300-K,10,Size,8,,1,,Color,Alb,,1,,,,,,,,,,,,[43cm]·[52cm],8435782513882
variation,MU03002601-K,,1,0,visible,,Dimensiuni: 45 * 56 cm,taxable,1,0,0,105,,,https://static.musaibrand.com/images/models/0300-K/model/large/0300-K_01_2_1.jpg,MU0300-K,11,Size,10,,1,,Color,Alb,,1,,,,,,,,,,,,[45cm]·[56cm],8435782514018
variation,MU03002701-K,,1,0,visible,,Dimensiuni: 47 * 60 cm,taxable,1,0,0,105,,,https://static.musaibrand.com/images/models/0300-K/model/large/0300-K_01_2_1.jpg,MU0300-K,12,Size,12,,1,,Color,Alb,,1,,,,,,,,,,,,[47cm]·[60cm],8435782514148
variation,MU03002801-K,,1,0,visible,,Dimensiuni: 49 * 64 cm,taxable,1,0,0,105,,,https://static.musaibrand.com/images/models/0300-K/model/large/0300-K_01_2_1.jpg,MU0300-K,13,Size,14,,1,,Color,Alb,,1,,,,,,,,,,,,[49cm]·[64cm],8435782514278
variation,MU03000002-K,,1,0,visible,,Dimensiuni: 54 * 67 cm,taxable,1,0,0,105,,,https://static.musaibrand.com/images/models/0300-K/model/large/0300-K_02_2_1.jpg,MU0300-K,14,Size,XS,,1,,Color,Negru,,1,,,,,,,,,,,,[54cm]·[67cm],8435782512724
variation,MU03000102-K,,1,0,visible,,"Dimensiuni: 56 * 68,5 cm",taxable,1,0,0,105,,,https://static.musaibrand.com/images/models/0300-K/model/large/0300-K_02_2_1.jpg,MU0300-K,15,Size,S,,1,,Color,Negru,,1,,,,,,,,,,,,"[56cm]·[68,5cm]",8435782512854
variation,MU03000202-K,,1,0,visible,,Dimensiuni: 58 * 70 cm,taxable,1,0,0,105,,,https://static.musaibrand.com/images/models/0300-K/model/large/0300-K_02_2_1.jpg,MU0300-K,16,Size,M,,1,,Color,Negru,,1,,,,,,,,,,,,[58cm]·[70cm],8435782512984
variation,MU03000302-K,,1,0,visible,,Dimensiuni: 60 * 72 cm,taxable,1,0,0,105,,,https://static.musaibrand.com/images/models/0300-K/model/large/0300-K_02_2_1.jpg,MU0300-K,17,Size,L,,1,,Color,Negru,,1,,,,,,,,,,,,[60cm]·[72cm],8435782513110
variation,MU03000402-K,,1,0,visible,,Dimensiuni: 63 * 73 cm,taxable,1,0,0,105,,,https://static.musaibrand.com/images/models/0300-K/model/large/0300-K_02_2_1.jpg,MU0300-K,18,Size,XL,,1,,Color,Negru,,1,,,,,,,,,,,,[63cm]·[73cm],8435782513240
variation,MU03000502-K,,1,0,visible,,,taxable,1,0,0,105,,,https://static.musaibrand.com/images/models/0300-K/model/large/0300-K_02_2_1.jpg,MU0300-K,19,Size,2XL,,1,,Color,Negru,,1,,,,,,,,,,,,,8435782513370
variation,MU03000602-K,,1,0,visible,,Dimensiuni: 69 * 76 cm,taxable,1,0,0,105,,,https://static.musaibrand.com/images/models/0300-K/model/large/0300-K_02_2_1.jpg,MU0300-K,20,Size,3XL,,1,,Color,Negru,,1,,,,,,,,,,,,[69cm]·[76cm],8435782513509
variation,MU03002202-K,,1,0,visible,,Dimensiuni: 37 * 44 cm,taxable,1,0,0,105,,,https://static.musaibrand.com/images/models/0300-K/model/large/0300-K_02_2_1.jpg,MU0300-K,21,Size,4,,1,,Color,Negru,,1,,,,,,,,,,,,[37cm]·[44cm],8435782513639
variation,MU03002402-K,,1,0,visible,,Dimensiuni: 40 * 48 cm,taxable,1,0,0,105,,,https://static.musaibrand.com/images/models/0300-K/model/large/0300-K_02_2_1.jpg,MU0300-K,22,Size,6,,1,,Color,Negru,,1,,,,,,,,,,,,[40cm]·[48cm],8435782513769
variation,MU03002502-K,,1,0,visible,,Dimensiuni: 43 * 52 cm,taxable,1,0,0,105,,,https://static.musaibrand.com/images/models/0300-K/model/large/0300-K_02_2_1.jpg,MU0300-K,23,Size,8,,1,,Color,Negru,,1,,,,,,,,,,,,[43cm]·[52cm],8435782513899
variation,MU03002602-K,,1,0,visible,,Dimensiuni: 45 * 56 cm,taxable,1,0,0,105,,,https://static.musaibrand.com/images/models/0300-K/model/large/0300-K_02_2_1.jpg,MU0300-K,24,Size,10,,1,,Color,Negru,,1,,,,,,,,,,,,[45cm]·[56cm],8435782514025
variation,MU03002702-K,,1,0,visible,,Dimensiuni: 47 * 60 cm,taxable,1,0,0,105,,,https://static.musaibrand.com/images/models/0300-K/model/large/0300-K_02_2_1.jpg,MU0300-K,25,Size,12,,1,,Color,Negru,,1,,,,,,,,,,,,[47cm]·[60cm],8435782514155
variation,MU03002802-K,,1,0,visible,,Dimensiuni: 49 * 64 cm,taxable,1,0,0,105,,,https://static.musaibrand.com/images/models/0300-K/model/large/0300-K_02_2_1.jpg,MU0300-K,26,Size,14,,1,,Color,Negru,,1,,,,,,,,,,,,[49cm]·[64cm],8435782514285
variation,MU03000003-K,,1,0,visible,,Dimensiuni: 54 * 67 cm,taxable,1,0,0,105,,,https://static.musaibrand.com/images/models/0300-K/model/large/0300-K_03_2_1.jpg,MU0300-K,27,Size,XS,,1,,Color,Galben,,1,,,,,,,,,,,,[54cm]·[67cm],8435782512731
variation,MU03000103-K,,1,0,visible,,"Dimensiuni: 56 * 68,5 cm",taxable,1,0,0,105,,,https://static.musaibrand.com/images/models/0300-K/model/large/0300-K_03_2_1.jpg,MU0300-K,28,Size,S,,1,,Color,Galben,,1,,,,,,,,,,,,"[56cm]·[68,5cm]",8435782512861
variation,MU03000203-K,,1,0,visible,,Dimensiuni: 58 * 70 cm,taxable,1,0,0,105,,,https://static.musaibrand.com/images/models/0300-K/model/large/0300-K_03_2_1.jpg,MU0300-K,29,Size,M,,1,,Color,Galben,,1,,,,,,,,,,,,[58cm]·[70cm],8435782512991
variation,MU03000303-K,,1,0,visible,,Dimensiuni: 60 * 72 cm,taxable,1,0,0,105,,,https://static.musaibrand.com/images/models/0300-K/model/large/0300-K_03_2_1.jpg,MU0300-K,30,Size,L,,1,,Color,Galben,,1,,,,,,,,,,,,[60cm]·[72cm],8435782513127
variation,MU03000403-K,,1,0,visible,,Dimensiuni: 63 * 73 cm,taxable,1,0,0,105,,,https://static.musaibrand.com/images/models/0300-K/model/large/0300-K_03_2_1.jpg,MU0300-K,31,Size,XL,,1,,Color,Galben,,1,,,,,,,,,,,,[63cm]·[73cm],8435782513257
variation,MU03000503-K,,1,0,visible,,,taxable,1,0,0,105,,,https://static.musaibrand.com/images/models/0300-K/model/large/0300-K_03_2_1.jpg,MU0300-K,32,Size,2XL,,1,,Color,Galben,,1,,,,,,,,,,,,,8435782513387
variation,MU03000603-K,,1,0,visible,,Dimensiuni: 69 * 76 cm,taxable,1,0,0,105,,,https://static.musaibrand.com/images/models/0300-K/model/large/0300-K_03_2_1.jpg,MU0300-K,33,Size,3XL,,1,,Color,Galben,,1,,,,,,,,,,,,[69cm]·[76cm],8435782513516
variation,MU03002203-K,,1,0,visible,,Dimensiuni: 37 * 44 cm,taxable,1,0,0,105,,,https://static.musaibrand.com/images/models/0300-K/model/large/0300-K_03_2_1.jpg,MU0300-K,34,Size,4,,1,,Color,Galben,,1,,,,,,,,,,,,[37cm]·[44cm],8435782513646
variation,MU03002403-K,,1,0,visible,,Dimensiuni: 40 * 48 cm,taxable,1,0,0,105,,,https://static.musaibrand.com/images/models/0300-K/model/large/0300-K_03_2_1.jpg,MU0300-K,35,Size,6,,1,,Color,Galben,,1,,,,,,,,,,,,[40cm]·[48cm],8435782513776
variation,MU03002503-K,,1,0,visible,,Dimensiuni: 43 * 52 cm,taxable,1,0,0,105,,,https://static.musaibrand.com/images/models/0300-K/model/large/0300-K_03_2_1.jpg,MU0300-K,36,Size,8,,1,,Color,Galben,,1,,,,,,,,,,,,[43cm]·[52cm],8435782513905
variation,MU03002603-K,,1,0,visible,,Dimensiuni: 45 * 56 cm,taxable,1,0,0,105,,,https://static.musaibrand.com/images/models/0300-K/model/large/0300-K_03_2_1.jpg,MU0300-K,37,Size,10,,1,,Color,Galben,,1,,,,,,,,,,,,[45cm]·[56cm],8435782514032
variation,MU03002703-K,,1,0,visible,,Dimensiuni: 47 * 60 cm,taxable,1,0,0,105,,,https://static.musaibrand.com/images/models/0300-K/model/large/0300-K_03_2_1.jpg,MU0300-K,38,Size,12,,1,,Color,Galben,,1,,,,,,,,,,,,[47cm]·[60cm],8435782514162
variation,MU03002803-K,,1,0,visible,,Dimensiuni: 49 * 64 cm,taxable,1,0,0,105,,,https://static.musaibrand.com/images/models/0300-K/model/large/0300-K_03_2_1.jpg,MU0300-K,39,Size,14,,1,,Color,Galben,,1,,,,,,,,,,,,[49cm]·[64cm],8435782514292
variation,MU03000005-K,,1,0,visible,,Dimensiuni: 54 * 67 cm,taxable,1,0,0,105,,,https://static.musaibrand.com/images/models/0300-K/model/large/0300-K_05_2_1.jpg,MU0300-K,40,Size,XS,,1,,Color,Albastru regal,,1,,,,,,,,,,,,[54cm]·[67cm],8435782512748
variation,MU03000105-K,,1,0,visible,,"Dimensiuni: 56 * 68,5 cm",taxable,1,0,0,105,,,https://static.musaibrand.com/images/models/0300-K/model/large/0300-K_05_2_1.jpg,MU0300-K,41,Size,S,,1,,Color,Albastru regal,,1,,,,,,,,,,,,"[56cm]·[68,5cm]",8435782512878
variation,MU03000205-K,,1,0,visible,,Dimensiuni: 58 * 70 cm,taxable,1,0,0,105,,,https://static.musaibrand.com/images/models/0300-K/model/large/0300-K_05_2_1.jpg,MU0300-K,42,Size,M,,1,,Color,Albastru regal,,1,,,,,,,,,,,,[58cm]·[70cm],8435782513004
variation,MU03000305-K,,1,0,visible,,Dimensiuni: 60 * 72 cm,taxable,1,0,0,105,,,https://static.musaibrand.com/images/models/0300-K/model/large/0300-K_05_2_1.jpg,MU0300-K,43,Size,L,,1,,Color,Albastru regal,,1,,,,,,,,,,,,[60cm]·[72cm],8435782513134
variation,MU03000405-K,,1,0,visible,,Dimensiuni: 63 * 73 cm,taxable,1,0,0,105,,,https://static.musaibrand.com/images/models/0300-K/model/large/0300-K_05_2_1.jpg,MU0300-K,44,Size,XL,,1,,Color,Albastru regal,,1,,,,,,,,,,,,[63cm]·[73cm],8435782513264
variation,MU03000505-K,,1,0,visible,,,taxable,1,0,0,105,,,https://static.musaibrand.com/images/models/0300-K/model/large/0300-K_05_2_1.jpg,MU0300-K,45,Size,2XL,,1,,Color,Albastru regal,,1,,,,,,,,,,,,,8435782513394
variation,MU03000605-K,,1,0,visible,,Dimensiuni: 69 * 76 cm,taxable,1,0,0,105,,,https://static.musaibrand.com/images/models/0300-K/model/large/0300-K_05_2_1.jpg,MU0300-K,46,Size,3XL,,1,,Color,Albastru regal,,1,,,,,,,,,,,,[69cm]·[76cm],8435782513523
variation,MU03002205-K,,1,0,visible,,Dimensiuni: 37 * 44 cm,taxable,1,0,0,105,,,https://static.musaibrand.com/images/models/0300-K/model/large/0300-K_05_2_1.jpg,MU0300-K,47,Size,4,,1,,Color,Albastru regal,,1,,,,,,,,,,,,[37cm]·[44cm],8435782513653
variation,MU03002405-K,,1,0,visible,,Dimensiuni: 40 * 48 cm,taxable,1,0,0,105,,,https://static.musaibrand.com/images/models/0300-K/model/large/0300-K_05_2_1.jpg,MU0300-K,48,Size,6,,1,,Color,Albastru regal,,1,,,,,,,,,,,,[40cm]·[48cm],8435782513783
variation,MU03002505-K,,1,0,visible,,Dimensiuni: 43 * 52 cm,taxable,1,0,0,105,,,https://static.musaibrand.com/images/models/0300-K/model/large/0300-K_05_2_1.jpg,MU0300-K,49,Size,8,,1,,Color,Albastru regal,,1,,,,,,,,,,,,[43cm]·[52cm],8435782513912
variation,MU03002605-K,,1,0,visible,,Dimensiuni: 45 * 56 cm,taxable,1,0,0,105,,,https://static.musaibrand.com/images/models/0300-K/model/large/0300-K_05_2_1.jpg,MU0300-K,50,Size,10,,1,,Color,Albastru regal,,1,,,,,,,,,,,,[45cm]·[56cm],8435782514049
variation,MU03002705-K,,1,0,visible,,Dimensiuni: 47 * 60 cm,taxable,1,0,0,105,,,https://static.musaibrand.com/images/models/0300-K/model/large/0300-K_05_2_1.jpg,MU0300-K,51,Size,12,,1,,Color,Albastru regal,,1,,,,,,,,,,,,[47cm]·[60cm],8435782514179
variation,MU03002805-K,,1,0,visible,,Dimensiuni: 49 * 64 cm,taxable,1,0,0,105,,,https://static.musaibrand.com/images/models/0300-K/model/large/0300-K_05_2_1.jpg,MU0300-K,52,Size,14,,1,,Color,Albastru regal,,1,,,,,,,,,,,,[49cm]·[64cm],8435782514308
variation,MU03000010-K,,1,0,visible,,Dimensiuni: 54 * 67 cm,taxable,1,0,0,105,,,https://static.musaibrand.com/images/models/0300-K/model/large/0300-K_10_2_1.jpg,MU0300-K,53,Size,XS,,1,,Color,Sky blue,,1,,,,,,,,,,,,[54cm]·[67cm],8435782512755
variation,MU03000110-K,,1,0,visible,,"Dimensiuni: 56 * 68,5 cm",taxable,1,0,0,105,,,https://static.musaibrand.com/images/models/0300-K/model/large/0300-K_10_2_1.jpg,MU0300-K,54,Size,S,,1,,Color,Sky blue,,1,,,,,,,,,,,,"[56cm]·[68,5cm]",8435782512885
variation,MU03000210-K,,1,0,visible,,Dimensiuni: 58 * 70 cm,taxable,1,0,0,105,,,https://static.musaibrand.com/images/models/0300-K/model/large/0300-K_10_2_1.jpg,MU0300-K,55,Size,M,,1,,Color,Sky blue,,1,,,,,,,,,,,,[58cm]·[70cm],8435782513011
variation,MU03000310-K,,1,0,visible,,Dimensiuni: 60 * 72 cm,taxable,1,0,0,105,,,https://static.musaibrand.com/images/models/0300-K/model/large/0300-K_10_2_1.jpg,MU0300-K,56,Size,L,,1,,Color,Sky blue,,1,,,,,,,,,,,,[60cm]·[72cm],8435782513141
variation,MU03000410-K,,1,0,visible,,Dimensiuni: 63 * 73 cm,taxable,1,0,0,105,,,https://static.musaibrand.com/images/models/0300-K/model/large/0300-K_10_2_1.jpg,MU0300-K,57,Size,XL,,1,,Color,Sky blue,,1,,,,,,,,,,,,[63cm]·[73cm],8435782513271
variation,MU03000510-K,,1,0,visible,,,taxable,1,0,0,105,,,https://static.musaibrand.com/images/models/0300-K/model/large/0300-K_10_2_1.jpg,MU0300-K,58,Size,2XL,,1,,Color,Sky blue,,1,,,,,,,,,,,,,8435782513400
variation,MU03000610-K,,1,0,visible,,Dimensiuni: 69 * 76 cm,taxable,1,0,0,105,,,https://static.musaibrand.com/images/models/0300-K/model/large/0300-K_10_2_1.jpg,MU0300-K,59,Size,3XL,,1,,Color,Sky blue,,1,,,,,,,,,,,,[69cm]·[76cm],8435782513530
variation,MU03002210-K,,1,0,visible,,Dimensiuni: 37 * 44 cm,taxable,1,0,0,105,,,https://static.musaibrand.com/images/models/0300-K/model/large/0300-K_10_2_1.jpg,MU0300-K,60,Size,4,,1,,Color,Sky blue,,1,,,,,,,,,,,,[37cm]·[44cm],8435782513660
variation,MU03002410-K,,1,0,visible,,Dimensiuni: 40 * 48 cm,taxable,1,0,0,105,,,https://static.musaibrand.com/images/models/0300-K/model/large/0300-K_10_2_1.jpg,MU0300-K,61,Size,6,,1,,Color,Sky blue,,1,,,,,,,,,,,,[40cm]·[48cm],8435782513790
variation,MU03002510-K,,1,0,visible,,Dimensiuni: 43 * 52 cm,taxable,1,0,0,105,,,https://static.musaibrand.com/images/models/0300-K/model/large/0300-K_10_2_1.jpg,MU0300-K,62,Size,8,,1,,Color,Sky blue,,1,,,,,,,,,,,,[43cm]·[52cm],8435782513929
variation,MU03002610-K,,1,0,visible,,Dimensiuni: 45 * 56 cm,taxable,1,0,0,105,,,https://static.musaibrand.com/images/models/0300-K/model/large/0300-K_10_2_1.jpg,MU0300-K,63,Size,10,,1,,Color,Sky blue,,1,,,,,,,,,,,,[45cm]·[56cm],8435782514056
variation,MU03002710-K,,1,0,visible,,Dimensiuni: 47 * 60 cm,taxable,1,0,0,105,,,https://static.musaibrand.com/images/models/0300-K/model/large/0300-K_10_2_1.jpg,MU0300-K,64,Size,12,,1,,Color,Sky blue,,1,,,,,,,,,,,,[47cm]·[60cm],8435782514186
variation,MU03002810-K,,1,0,visible,,Dimensiuni: 49 * 64 cm,taxable,1,0,0,105,,,https://static.musaibrand.com/images/models/0300-K/model/large/0300-K_10_2_1.jpg,MU0300-K,65,Size,14,,1,,Color,Sky blue,,1,,,,,,,,,,,,[49cm]·[64cm],8435782514315
variation,MU030000176-K,,1,0,visible,,Dimensiuni: 54 * 67 cm,taxable,1,0,0,105,,,https://static.musaibrand.com/images/models/0300-K/model/large/0300-K_176_2_1.jpg,MU0300-K,66,Size,XS,,1,,Color,Fluor turcoaz,,1,,,,,,,,,,,,[54cm]·[67cm],8435782512762
variation,MU030001176-K,,1,0,visible,,"Dimensiuni: 56 * 68,5 cm",taxable,1,0,0,105,,,https://static.musaibrand.com/images/models/0300-K/model/large/0300-K_176_2_1.jpg,MU0300-K,67,Size,S,,1,,Color,Fluor turcoaz,,1,,,,,,,,,,,,"[56cm]·[68,5cm]",8435782512892
variation,MU030002176-K,,1,0,visible,,Dimensiuni: 58 * 70 cm,taxable,1,0,0,105,,,https://static.musaibrand.com/images/models/0300-K/model/large/0300-K_176_2_1.jpg,MU0300-K,68,Size,M,,1,,Color,Fluor turcoaz,,1,,,,,,,,,,,,[58cm]·[70cm],8435782513028
variation,MU030003176-K,,1,0,visible,,Dimensiuni: 60 * 72 cm,taxable,1,0,0,105,,,https://static.musaibrand.com/images/models/0300-K/model/large/0300-K_176_2_1.jpg,MU0300-K,69,Size,L,,1,,Color,Fluor turcoaz,,1,,,,,,,,,,,,[60cm]·[72cm],8435782513158
variation,MU030004176-K,,1,0,visible,,Dimensiuni: 63 * 73 cm,taxable,1,0,0,105,,,https://static.musaibrand.com/images/models/0300-K/model/large/0300-K_176_2_1.jpg,MU0300-K,70,Size,XL,,1,,Color,Fluor turcoaz,,1,,,,,,,,,,,,[63cm]·[73cm],8435782513288
variation,MU030005176-K,,1,0,visible,,,taxable,1,0,0,105,,,https://static.musaibrand.com/images/models/0300-K/model/large/0300-K_176_2_1.jpg,MU0300-K,71,Size,2XL,,1,,Color,Fluor turcoaz,,1,,,,,,,,,,,,,8435782513417
variation,MU030006176-K,,1,0,visible,,Dimensiuni: 69 * 76 cm,taxable,1,0,0,105,,,https://static.musaibrand.com/images/models/0300-K/model/large/0300-K_176_2_1.jpg,MU0300-K,72,Size,3XL,,1,,Color,Fluor turcoaz,,1,,,,,,,,,,,,[69cm]·[76cm],8435782513547
variation,MU030022176-K,,1,0,visible,,Dimensiuni: 37 * 44 cm,taxable,1,0,0,105,,,https://static.musaibrand.com/images/models/0300-K/model/large/0300-K_176_2_1.jpg,MU0300-K,73,Size,4,,1,,Color,Fluor turcoaz,,1,,,,,,,,,,,,[37cm]·[44cm],8435782513677
variation,MU030024176-K,,1,0,visible,,Dimensiuni: 40 * 48 cm,taxable,1,0,0,105,,,https://static.musaibrand.com/images/models/0300-K/model/large/0300-K_176_2_1.jpg,MU0300-K,74,Size,6,,1,,Color,Fluor turcoaz,,1,,,,,,,,,,,,[40cm]·[48cm],8435782513806
variation,MU030025176-K,,1,0,visible,,Dimensiuni: 43 * 52 cm,taxable,1,0,0,105,,,https://static.musaibrand.com/images/models/0300-K/model/large/0300-K_176_2_1.jpg,MU0300-K,75,Size,8,,1,,Color,Fluor turcoaz,,1,,,,,,,,,,,,[43cm]·[52cm],8435782513936
variation,MU030026176-K,,1,0,visible,,Dimensiuni: 45 * 56 cm,taxable,1,0,0,105,,,https://static.musaibrand.com/images/models/0300-K/model/large/0300-K_176_2_1.jpg,MU0300-K,76,Size,10,,1,,Color,Fluor turcoaz,,1,,,,,,,,,,,,[45cm]·[56cm],8435782514063
variation,MU030027176-K,,1,0,visible,,Dimensiuni: 47 * 60 cm,taxable,1,0,0,105,,,https://static.musaibrand.com/images/models/0300-K/model/large/0300-K_176_2_1.jpg,MU0300-K,77,Size,12,,1,,Color,Fluor turcoaz,,1,,,,,,,,,,,,[47cm]·[60cm],8435782514193
variation,MU030028176-K,,1,0,visible,,Dimensiuni: 49 * 64 cm,taxable,1,0,0,105,,,https://static.musaibrand.com/images/models/0300-K/model/large/0300-K_176_2_1.jpg,MU0300-K,78,Size,14,,1,,Color,Fluor turcoaz,,1,,,,,,,,,,,,[49cm]·[64cm],8435782514322
variation,MU030000221-K,,1,0,visible,,Dimensiuni: 54 * 67 cm,taxable,1,0,0,105,,,https://static.musaibrand.com/images/models/0300-K/model/large/0300-K_221_2_1.jpg,MU0300-K,79,Size,XS,,1,,Color,Galben fluor,,1,,,,,,,,,,,,[54cm]·[67cm],8435782512779
variation,MU030001221-K,,1,0,visible,,"Dimensiuni: 56 * 68,5 cm",taxable,1,0,0,105,,,https://static.musaibrand.com/images/models/0300-K/model/large/0300-K_221_2_1.jpg,MU0300-K,80,Size,S,,1,,Color,Galben fluor,,1,,,,,,,,,,,,"[56cm]·[68,5cm]",8435782512908
variation,MU030002221-K,,1,0,visible,,Dimensiuni: 58 * 70 cm,taxable,1,0,0,105,,,https://static.musaibrand.com/images/models/0300-K/model/large/0300-K_221_2_1.jpg,MU0300-K,81,Size,M,,1,,Color,Galben fluor,,1,,,,,,,,,,,,[58cm]·[70cm],8435782513035
variation,MU030003221-K,,1,0,visible,,Dimensiuni: 60 * 72 cm,taxable,1,0,0,105,,,https://static.musaibrand.com/images/models/0300-K/model/large/0300-K_221_2_1.jpg,MU0300-K,82,Size,L,,1,,Color,Galben fluor,,1,,,,,,,,,,,,[60cm]·[72cm],8435782513165
variation,MU030004221-K,,1,0,visible,,Dimensiuni: 63 * 73 cm,taxable,1,0,0,105,,,https://static.musaibrand.com/images/models/0300-K/model/large/0300-K_221_2_1.jpg,MU0300-K,83,Size,XL,,1,,Color,Galben fluor,,1,,,,,,,,,,,,[63cm]·[73cm],8435782513295
variation,MU030005221-K,,1,0,visible,,,taxable,1,0,0,105,,,https://static.musaibrand.com/images/models/0300-K/model/large/0300-K_221_2_1.jpg,MU0300-K,84,Size,2XL,,1,,Color,Galben fluor,,1,,,,,,,,,,,,,8435782513424
variation,MU030006221-K,,1,0,visible,,Dimensiuni: 69 * 76 cm,taxable,1,0,0,105,,,https://static.musaibrand.com/images/models/0300-K/model/large/0300-K_221_2_1.jpg,MU0300-K,85,Size,3XL,,1,,Color,Galben fluor,,1,,,,,,,,,,,,[69cm]·[76cm],8435782513554
variation,MU030022221-K,,1,0,visible,,Dimensiuni: 37 * 44 cm,taxable,1,0,0,105,,,https://static.musaibrand.com/images/models/0300-K/model/large/0300-K_221_2_1.jpg,MU0300-K,86,Size,4,,1,,Color,Galben fluor,,1,,,,,,,,,,,,[37cm]·[44cm],8435782513684
variation,MU030024221-K,,1,0,visible,,Dimensiuni: 40 * 48 cm,taxable,1,0,0,105,,,https://static.musaibrand.com/images/models/0300-K/model/large/0300-K_221_2_1.jpg,MU0300-K,87,Size,6,,1,,Color,Galben fluor,,1,,,,,,,,,,,,[40cm]·[48cm],8435782513813
variation,MU030025221-K,,1,0,visible,,Dimensiuni: 43 * 52 cm,taxable,1,0,0,105,,,https://static.musaibrand.com/images/models/0300-K/model/large/0300-K_221_2_1.jpg,MU0300-K,88,Size,8,,1,,Color,Galben fluor,,1,,,,,,,,,,,,[43cm]·[52cm],8435782513943
variation,MU030026221-K,,1,0,visible,,Dimensiuni: 45 * 56 cm,taxable,1,0,0,105,,,https://static.musaibrand.com/images/models/0300-K/model/large/0300-K_221_2_1.jpg,MU0300-K,89,Size,10,,1,,Color,Galben fluor,,1,,,,,,,,,,,,[45cm]·[56cm],8435782514070
variation,MU030027221-K,,1,0,visible,,Dimensiuni: 47 * 60 cm,taxable,1,0,0,105,,,https://static.musaibrand.com/images/models/0300-K/model/large/0300-K_221_2_1.jpg,MU0300-K,90,Size,12,,1,,Color,Galben fluor,,1,,,,,,,,,,,,[47cm]·[60cm],8435782514209
variation,MU030028221-K,,1,0,visible,,Dimensiuni: 49 * 64 cm,taxable,1,0,0,105,,,https://static.musaibrand.com/images/models/0300-K/model/large/0300-K_221_2_1.jpg,MU0300-K,91,Size,14,,1,,Color,Galben fluor,,1,,,,,,,,,,,,[49cm]·[64cm],8435782514339
variation,MU030000222-K,,1,0,visible,,Dimensiuni: 54 * 67 cm,taxable,1,0,0,105,,,https://static.musaibrand.com/images/models/0300-K/model/large/0300-K_222_2_1.jpg,MU0300-K,92,Size,XS,,1,,Color,Fluor verde,,1,,,,,,,,,,,,[54cm]·[67cm],8435782512786
variation,MU030001222-K,,1,0,visible,,"Dimensiuni: 56 * 68,5 cm",taxable,1,0,0,105,,,https://static.musaibrand.com/images/models/0300-K/model/large/0300-K_222_2_1.jpg,MU0300-K,93,Size,S,,1,,Color,Fluor verde,,1,,,,,,,,,,,,"[56cm]·[68,5cm]",8435782512915
variation,MU030002222-K,,1,0,visible,,Dimensiuni: 58 * 70 cm,taxable,1,0,0,105,,,https://static.musaibrand.com/images/models/0300-K/model/large/0300-K_222_2_1.jpg,MU0300-K,94,Size,M,,1,,Color,Fluor verde,,1,,,,,,,,,,,,[58cm]·[70cm],8435782513042
variation,MU030003222-K,,1,0,visible,,Dimensiuni: 60 * 72 cm,taxable,1,0,0,105,,,https://static.musaibrand.com/images/models/0300-K/model/large/0300-K_222_2_1.jpg,MU0300-K,95,Size,L,,1,,Color,Fluor verde,,1,,,,,,,,,,,,[60cm]·[72cm],8435782513172
variation,MU030004222-K,,1,0,visible,,Dimensiuni: 63 * 73 cm,taxable,1,0,0,105,,,https://static.musaibrand.com/images/models/0300-K/model/large/0300-K_222_2_1.jpg,MU0300-K,96,Size,XL,,1,,Color,Fluor verde,,1,,,,,,,,,,,,[63cm]·[73cm],8435782513301
variation,MU030005222-K,,1,0,visible,,,taxable,1,0,0,105,,,https://static.musaibrand.com/images/models/0300-K/model/large/0300-K_222_2_1.jpg,MU0300-K,97,Size,2XL,,1,,Color,Fluor verde,,1,,,,,,,,,,,,,8435782513431
variation,MU030006222-K,,1,0,visible,,Dimensiuni: 69 * 76 cm,taxable,1,0,0,105,,,https://static.musaibrand.com/images/models/0300-K/model/large/0300-K_222_2_1.jpg,MU0300-K,98,Size,3XL,,1,,Color,Fluor verde,,1,,,,,,,,,,,,[69cm]·[76cm],8435782513561
variation,MU030022222-K,,1,0,visible,,Dimensiuni: 37 * 44 cm,taxable,1,0,0,105,,,https://static.musaibrand.com/images/models/0300-K/model/large/0300-K_222_2_1.jpg,MU0300-K,99,Size,4,,1,,Color,Fluor verde,,1,,,,,,,,,,,,[37cm]·[44cm],8435782513691
variation,MU030024222-K,,1,0,visible,,Dimensiuni: 40 * 48 cm,taxable,1,0,0,105,,,https://static.musaibrand.com/images/models/0300-K/model/large/0300-K_222_2_1.jpg,MU0300-K,100,Size,6,,1,,Color,Fluor verde,,1,,,,,,,,,,,,[40cm]·[48cm],8435782513820
variation,MU030025222-K,,1,0,visible,,Dimensiuni: 43 * 52 cm,taxable,1,0,0,105,,,https://static.musaibrand.com/images/models/0300-K/model/large/0300-K_222_2_1.jpg,MU0300-K,101,Size,8,,1,,Color,Fluor verde,,1,,,,,,,,,,,,[43cm]·[52cm],8435782513950
variation,MU030026222-K,,1,0,visible,,Dimensiuni: 45 * 56 cm,taxable,1,0,0,105,,,https://static.musaibrand.com/images/models/0300-K/model/large/0300-K_222_2_1.jpg,MU0300-K,102,Size,10,,1,,Color,Fluor verde,,1,,,,,,,,,,,,[45cm]·[56cm],8435782514087
variation,MU030027222-K,,1,0,visible,,Dimensiuni: 47 * 60 cm,taxable,1,0,0,105,,,https://static.musaibrand.com/images/models/0300-K/model/large/0300-K_222_2_1.jpg,MU0300-K,103,Size,12,,1,,Color,Fluor verde,,1,,,,,,,,,,,,[47cm]·[60cm],8435782514216
variation,MU030028222-K,,1,0,visible,,Dimensiuni: 49 * 64 cm,taxable,1,0,0,105,,,https://static.musaibrand.com/images/models/0300-K/model/large/0300-K_222_2_1.jpg,MU0300-K,104,Size,14,,1,,Color,Fluor verde,,1,,,,,,,,,,,,[49cm]·[64cm],8435782514346
variation,MU030000223-K,,1,0,visible,,Dimensiuni: 54 * 67 cm,taxable,1,0,0,105,,,https://static.musaibrand.com/images/models/0300-K/model/large/0300-K_223_2_1.jpg,MU0300-K,105,Size,XS,,1,,Color,Fluor portocaliu,,1,,,,,,,,,,,,[54cm]·[67cm],8435782512793
variation,MU030001223-K,,1,0,visible,,"Dimensiuni: 56 * 68,5 cm",taxable,1,0,0,105,,,https://static.musaibrand.com/images/models/0300-K/model/large/0300-K_223_2_1.jpg,MU0300-K,106,Size,S,,1,,Color,Fluor portocaliu,,1,,,,,,,,,,,,"[56cm]·[68,5cm]",8435782512922
variation,MU030002223-K,,1,0,visible,,Dimensiuni: 58 * 70 cm,taxable,1,0,0,105,,,https://static.musaibrand.com/images/models/0300-K/model/large/0300-K_223_2_1.jpg,MU0300-K,107,Size,M,,1,,Color,Fluor portocaliu,,1,,,,,,,,,,,,[58cm]·[70cm],8435782513059
variation,MU030003223-K,,1,0,visible,,Dimensiuni: 60 * 72 cm,taxable,1,0,0,105,,,https://static.musaibrand.com/images/models/0300-K/model/large/0300-K_223_2_1.jpg,MU0300-K,108,Size,L,,1,,Color,Fluor portocaliu,,1,,,,,,,,,,,,[60cm]·[72cm],8435782513189
variation,MU030004223-K,,1,0,visible,,Dimensiuni: 63 * 73 cm,taxable,1,0,0,105,,,https://static.musaibrand.com/images/models/0300-K/model/large/0300-K_223_2_1.jpg,MU0300-K,109,Size,XL,,1,,Color,Fluor portocaliu,,1,,,,,,,,,,,,[63cm]·[73cm],8435782513318
variation,MU030005223-K,,1,0,visible,,,taxable,1,0,0,105,,,https://static.musaibrand.com/images/models/0300-K/model/large/0300-K_223_2_1.jpg,MU0300-K,110,Size,2XL,,1,,Color,Fluor portocaliu,,1,,,,,,,,,,,,,8435782513448
variation,MU030006223-K,,1,0,visible,,Dimensiuni: 69 * 76 cm,taxable,1,0,0,105,,,https://static.musaibrand.com/images/models/0300-K/model/large/0300-K_223_2_1.jpg,MU0300-K,111,Size,3XL,,1,,Color,Fluor portocaliu,,1,,,,,,,,,,,,[69cm]·[76cm],8435782513578
variation,MU030022223-K,,1,0,visible,,Dimensiuni: 37 * 44 cm,taxable,1,0,0,105,,,https://static.musaibrand.com/images/models/0300-K/model/large/0300-K_223_2_1.jpg,MU0300-K,112,Size,4,,1,,Color,Fluor portocaliu,,1,,,,,,,,,,,,[37cm]·[44cm],8435782513707
variation,MU030024223-K,,1,0,visible,,Dimensiuni: 40 * 48 cm,taxable,1,0,0,105,,,https://static.musaibrand.com/images/models/0300-K/model/large/0300-K_223_2_1.jpg,MU0300-K,113,Size,6,,1,,Color,Fluor portocaliu,,1,,,,,,,,,,,,[40cm]·[48cm],8435782513837
variation,MU030025223-K,,1,0,visible,,Dimensiuni: 43 * 52 cm,taxable,1,0,0,105,,,https://static.musaibrand.com/images/models/0300-K/model/large/0300-K_223_2_1.jpg,MU0300-K,114,Size,8,,1,,Color,Fluor portocaliu,,1,,,,,,,,,,,,[43cm]·[52cm],8435782513967
variation,MU030026223-K,,1,0,visible,,Dimensiuni: 45 * 56 cm,taxable,1,0,0,105,,,https://static.musaibrand.com/images/models/0300-K/model/large/0300-K_223_2_1.jpg,MU0300-K,115,Size,10,,1,,Color,Fluor portocaliu,,1,,,,,,,,,,,,[45cm]·[56cm],8435782514094
variation,MU030027223-K,,1,0,visible,,Dimensiuni: 47 * 60 cm,taxable,1,0,0,105,,,https://static.musaibrand.com/images/models/0300-K/model/large/0300-K_223_2_1.jpg,MU0300-K,116,Size,12,,1,,Color,Fluor portocaliu,,1,,,,,,,,,,,,[47cm]·[60cm],8435782514223
variation,MU030028223-K,,1,0,visible,,Dimensiuni: 49 * 64 cm,taxable,1,0,0,105,,,https://static.musaibrand.com/images/models/0300-K/model/large/0300-K_223_2_1.jpg,MU0300-K,117,Size,14,,1,,Color,Fluor portocaliu,,1,,,,,,,,,,,,[49cm]·[64cm],8435782514353
variation,MU030000226-K,,1,0,visible,,Dimensiuni: 54 * 67 cm,taxable,1,0,0,105,,,https://static.musaibrand.com/images/models/0300-K/model/large/0300-K_226_2_1.jpg,MU0300-K,118,Size,XS,,1,,Color,Fern Green,,1,,,,,,,,,,,,[54cm]·[67cm],8435782528107
variation,MU030001226-K,,1,0,visible,,"Dimensiuni: 56 * 68,5 cm",taxable,1,0,0,105,,,https://static.musaibrand.com/images/models/0300-K/model/large/0300-K_226_2_1.jpg,MU0300-K,119,Size,S,,1,,Color,Fern Green,,1,,,,,,,,,,,,"[56cm]·[68,5cm]",8435782528114
variation,MU030002226-K,,1,0,visible,,Dimensiuni: 58 * 70 cm,taxable,1,0,0,105,,,https://static.musaibrand.com/images/models/0300-K/model/large/0300-K_226_2_1.jpg,MU0300-K,120,Size,M,,1,,Color,Fern Green,,1,,,,,,,,,,,,[58cm]·[70cm],8435782528121
variation,MU030003226-K,,1,0,visible,,Dimensiuni: 60 * 72 cm,taxable,1,0,0,105,,,https://static.musaibrand.com/images/models/0300-K/model/large/0300-K_226_2_1.jpg,MU0300-K,121,Size,L,,1,,Color,Fern Green,,1,,,,,,,,,,,,[60cm]·[72cm],8435782528138
variation,MU030004226-K,,1,0,visible,,Dimensiuni: 63 * 73 cm,taxable,1,0,0,105,,,https://static.musaibrand.com/images/models/0300-K/model/large/0300-K_226_2_1.jpg,MU0300-K,122,Size,XL,,1,,Color,Fern Green,,1,,,,,,,,,,,,[63cm]·[73cm],8435782528145
variation,MU030005226-K,,1,0,visible,,,taxable,1,0,0,105,,,https://static.musaibrand.com/images/models/0300-K/model/large/0300-K_226_2_1.jpg,MU0300-K,123,Size,2XL,,1,,Color,Fern Green,,1,,,,,,,,,,,,,8435782528152
variation,MU030006226-K,,1,0,visible,,Dimensiuni: 69 * 76 cm,taxable,1,0,0,105,,,https://static.musaibrand.com/images/models/0300-K/model/large/0300-K_226_2_1.jpg,MU0300-K,124,Size,3XL,,1,,Color,Fern Green,,1,,,,,,,,,,,,[69cm]·[76cm],8435782528169
variation,MU030022226-K,,1,0,visible,,Dimensiuni: 37 * 44 cm,taxable,1,0,0,105,,,https://static.musaibrand.com/images/models/0300-K/model/large/0300-K_226_2_1.jpg,MU0300-K,125,Size,4,,1,,Color,Fern Green,,1,,,,,,,,,,,,[37cm]·[44cm],8435782528176
variation,MU030024226-K,,1,0,visible,,Dimensiuni: 40 * 48 cm,taxable,1,0,0,105,,,https://static.musaibrand.com/images/models/0300-K/model/large/0300-K_226_2_1.jpg,MU0300-K,126,Size,6,,1,,Color,Fern Green,,1,,,,,,,,,,,,[40cm]·[48cm],8435782528183
variation,MU030025226-K,,1,0,visible,,Dimensiuni: 43 * 52 cm,taxable,1,0,0,105,,,https://static.musaibrand.com/images/models/0300-K/model/large/0300-K_226_2_1.jpg,MU0300-K,127,Size,8,,1,,Color,Fern Green,,1,,,,,,,,,,,,[43cm]·[52cm],8435782528190
variation,MU030026226-K,,1,0,visible,,Dimensiuni: 45 * 56 cm,taxable,1,0,0,105,,,https://static.musaibrand.com/images/models/0300-K/model/large/0300-K_226_2_1.jpg,MU0300-K,128,Size,10,,1,,Color,Fern Green,,1,,,,,,,,,,,,[45cm]·[56cm],8435782528206
variation,MU030027226-K,,1,0,visible,,Dimensiuni: 47 * 60 cm,taxable,1,0,0,105,,,https://static.musaibrand.com/images/models/0300-K/model/large/0300-K_226_2_1.jpg,MU0300-K,129,Size,12,,1,,Color,Fern Green,,1,,,,,,,,,,,,[47cm]·[60cm],8435782528213
variation,MU030028226-K,,1,0,visible,,Dimensiuni: 49 * 64 cm,taxable,1,0,0,105,,,https://static.musaibrand.com/images/models/0300-K/model/large/0300-K_226_2_1.jpg,MU0300-K,130,Size,14,,1,,Color,Fern Green,,1,,,,,,,,,,,,[49cm]·[64cm],8435782528220
variation,MU030000258-K,,1,0,visible,,Dimensiuni: 54 * 67 cm,taxable,1,0,0,105,,,https://static.musaibrand.com/images/models/0300-K/model/large/0300-K_258_2_1.jpg,MU0300-K,131,Size,XS,,1,,Color,Gri deschis,,1,,,,,,,,,,,,[54cm]·[67cm],8435782512809
variation,MU030001258-K,,1,0,visible,,"Dimensiuni: 56 * 68,5 cm",taxable,1,0,0,105,,,https://static.musaibrand.com/images/models/0300-K/model/large/0300-K_258_2_1.jpg,MU0300-K,132,Size,S,,1,,Color,Gri deschis,,1,,,,,,,,,,,,"[56cm]·[68,5cm]",8435782512939
variation,MU030002258-K,,1,0,visible,,Dimensiuni: 58 * 70 cm,taxable,1,0,0,105,,,https://static.musaibrand.com/images/models/0300-K/model/large/0300-K_258_2_1.jpg,MU0300-K,133,Size,M,,1,,Color,Gri deschis,,1,,,,,,,,,,,,[58cm]·[70cm],8435782513066
variation,MU030003258-K,,1,0,visible,,Dimensiuni: 60 * 72 cm,taxable,1,0,0,105,,,https://static.musaibrand.com/images/models/0300-K/model/large/0300-K_258_2_1.jpg,MU0300-K,134,Size,L,,1,,Color,Gri deschis,,1,,,,,,,,,,,,[60cm]·[72cm],8435782513196
variation,MU030004258-K,,1,0,visible,,Dimensiuni: 63 * 73 cm,taxable,1,0,0,105,,,https://static.musaibrand.com/images/models/0300-K/model/large/0300-K_258_2_1.jpg,MU0300-K,135,Size,XL,,1,,Color,Gri deschis,,1,,,,,,,,,,,,[63cm]·[73cm],8435782513325
variation,MU030005258-K,,1,0,visible,,,taxable,1,0,0,105,,,https://static.musaibrand.com/images/models/0300-K/model/large/0300-K_258_2_1.jpg,MU0300-K,136,Size,2XL,,1,,Color,Gri deschis,,1,,,,,,,,,,,,,8435782513455
variation,MU030006258-K,,1,0,visible,,Dimensiuni: 69 * 76 cm,taxable,1,0,0,105,,,https://static.musaibrand.com/images/models/0300-K/model/large/0300-K_258_2_1.jpg,MU0300-K,137,Size,3XL,,1,,Color,Gri deschis,,1,,,,,,,,,,,,[69cm]·[76cm],8435782513585
variation,MU030022258-K,,1,0,visible,,Dimensiuni: 37 * 44 cm,taxable,1,0,0,105,,,https://static.musaibrand.com/images/models/0300-K/model/large/0300-K_258_2_1.jpg,MU0300-K,138,Size,4,,1,,Color,Gri deschis,,1,,,,,,,,,,,,[37cm]·[44cm],8435782513714
variation,MU030024258-K,,1,0,visible,,Dimensiuni: 40 * 48 cm,taxable,1,0,0,105,,,https://static.musaibrand.com/images/models/0300-K/model/large/0300-K_258_2_1.jpg,MU0300-K,139,Size,6,,1,,Color,Gri deschis,,1,,,,,,,,,,,,[40cm]·[48cm],8435782513844
variation,MU030025258-K,,1,0,visible,,Dimensiuni: 43 * 52 cm,taxable,1,0,0,105,,,https://static.musaibrand.com/images/models/0300-K/model/large/0300-K_258_2_1.jpg,MU0300-K,140,Size,8,,1,,Color,Gri deschis,,1,,,,,,,,,,,,[43cm]·[52cm],8435782513974
variation,MU030026258-K,,1,0,visible,,Dimensiuni: 45 * 56 cm,taxable,1,0,0,105,,,https://static.musaibrand.com/images/models/0300-K/model/large/0300-K_258_2_1.jpg,MU0300-K,141,Size,10,,1,,Color,Gri deschis,,1,,,,,,,,,,,,[45cm]·[56cm],8435782514100
variation,MU030027258-K,,1,0,visible,,Dimensiuni: 47 * 60 cm,taxable,1,0,0,105,,,https://static.musaibrand.com/images/models/0300-K/model/large/0300-K_258_2_1.jpg,MU0300-K,142,Size,12,,1,,Color,Gri deschis,,1,,,,,,,,,,,,[47cm]·[60cm],8435782514230
variation,MU030028258-K,,1,0,visible,,Dimensiuni: 49 * 64 cm,taxable,1,0,0,105,,,https://static.musaibrand.com/images/models/0300-K/model/large/0300-K_258_2_1.jpg,MU0300-K,143,Size,14,,1,,Color,Gri deschis,,1,,,,,,,,,,,,[49cm]·[64cm],8435782514360
variation,MU03000055-K,,1,0,visible,,Dimensiuni: 54 * 67 cm,taxable,1,0,0,105,,,https://static.musaibrand.com/images/models/0300-K/model/large/0300-K_55_2_1.jpg,MU0300-K,144,Size,XS,,1,,Color,Albastru marin,,1,,,,,,,,,,,,[54cm]·[67cm],8435782512816
variation,MU03000155-K,,1,0,visible,,"Dimensiuni: 56 * 68,5 cm",taxable,1,0,0,105,,,https://static.musaibrand.com/images/models/0300-K/model/large/0300-K_55_2_1.jpg,MU0300-K,145,Size,S,,1,,Color,Albastru marin,,1,,,,,,,,,,,,"[56cm]·[68,5cm]",8435782512946
variation,MU03000255-K,,1,0,visible,,Dimensiuni: 58 * 70 cm,taxable,1,0,0,105,,,https://static.musaibrand.com/images/models/0300-K/model/large/0300-K_55_2_1.jpg,MU0300-K,146,Size,M,,1,,Color,Albastru marin,,1,,,,,,,,,,,,[58cm]·[70cm],8435782513073
variation,MU03000355-K,,1,0,visible,,Dimensiuni: 60 * 72 cm,taxable,1,0,0,105,,,https://static.musaibrand.com/images/models/0300-K/model/large/0300-K_55_2_1.jpg,MU0300-K,147,Size,L,,1,,Color,Albastru marin,,1,,,,,,,,,,,,[60cm]·[72cm],8435782513202
variation,MU03000455-K,,1,0,visible,,Dimensiuni: 63 * 73 cm,taxable,1,0,0,105,,,https://static.musaibrand.com/images/models/0300-K/model/large/0300-K_55_2_1.jpg,MU0300-K,148,Size,XL,,1,,Color,Albastru marin,,1,,,,,,,,,,,,[63cm]·[73cm],8435782513332
variation,MU03000555-K,,1,0,visible,,,taxable,1,0,0,105,,,https://static.musaibrand.com/images/models/0300-K/model/large/0300-K_55_2_1.jpg,MU0300-K,149,Size,2XL,,1,,Color,Albastru marin,,1,,,,,,,,,,,,,8435782513462
variation,MU03000655-K,,1,0,visible,,Dimensiuni: 69 * 76 cm,taxable,1,0,0,105,,,https://static.musaibrand.com/images/models/0300-K/model/large/0300-K_55_2_1.jpg,MU0300-K,150,Size,3XL,,1,,Color,Albastru marin,,1,,,,,,,,,,,,[69cm]·[76cm],8435782513592
variation,MU03002255-K,,1,0,visible,,Dimensiuni: 37 * 44 cm,taxable,1,0,0,105,,,https://static.musaibrand.com/images/models/0300-K/model/large/0300-K_55_2_1.jpg,MU0300-K,151,Size,4,,1,,Color,Albastru marin,,1,,,,,,,,,,,,[37cm]·[44cm],8435782513721
variation,MU03002455-K,,1,0,visible,,Dimensiuni: 40 * 48 cm,taxable,1,0,0,105,,,https://static.musaibrand.com/images/models/0300-K/model/large/0300-K_55_2_1.jpg,MU0300-K,152,Size,6,,1,,Color,Albastru marin,,1,,,,,,,,,,,,[40cm]·[48cm],8435782513851
variation,MU03002555-K,,1,0,visible,,Dimensiuni: 43 * 52 cm,taxable,1,0,0,105,,,https://static.musaibrand.com/images/models/0300-K/model/large/0300-K_55_2_1.jpg,MU0300-K,153,Size,8,,1,,Color,Albastru marin,,1,,,,,,,,,,,,[43cm]·[52cm],8435782513981
variation,MU03002655-K,,1,0,visible,,Dimensiuni: 45 * 56 cm,taxable,1,0,0,105,,,https://static.musaibrand.com/images/models/0300-K/model/large/0300-K_55_2_1.jpg,MU0300-K,154,Size,10,,1,,Color,Albastru marin,,1,,,,,,,,,,,,[45cm]·[56cm],8435782514117
variation,MU03002755-K,,1,0,visible,,Dimensiuni: 47 * 60 cm,taxable,1,0,0,105,,,https://static.musaibrand.com/images/models/0300-K/model/large/0300-K_55_2_1.jpg,MU0300-K,155,Size,12,,1,,Color,Albastru marin,,1,,,,,,,,,,,,[47cm]·[60cm],8435782514247
variation,MU03002855-K,,1,0,visible,,Dimensiuni: 49 * 64 cm,taxable,1,0,0,105,,,https://static.musaibrand.com/images/models/0300-K/model/large/0300-K_55_2_1.jpg,MU0300-K,156,Size,14,,1,,Color,Albastru marin,,1,,,,,,,,,,,,[49cm]·[64cm],8435782514377
variation,MU03000060-K,,1,0,visible,,Dimensiuni: 54 * 67 cm,taxable,1,0,0,105,,,https://static.musaibrand.com/images/models/0300-K/model/large/0300-K_60_2_1.jpg,MU0300-K,157,Size,XS,,1,,Color,ROȘU,,1,,,,,,,,,,,,[54cm]·[67cm],8435782512823
variation,MU03000160-K,,1,0,visible,,"Dimensiuni: 56 * 68,5 cm",taxable,1,0,0,105,,,https://static.musaibrand.com/images/models/0300-K/model/large/0300-K_60_2_1.jpg,MU0300-K,158,Size,S,,1,,Color,ROȘU,,1,,,,,,,,,,,,"[56cm]·[68,5cm]",8435782512953
variation,MU03000260-K,,1,0,visible,,Dimensiuni: 58 * 70 cm,taxable,1,0,0,105,,,https://static.musaibrand.com/images/models/0300-K/model/large/0300-K_60_2_1.jpg,MU0300-K,159,Size,M,,1,,Color,ROȘU,,1,,,,,,,,,,,,[58cm]·[70cm],8435782513080
variation,MU03000360-K,,1,0,visible,,Dimensiuni: 60 * 72 cm,taxable,1,0,0,105,,,https://static.musaibrand.com/images/models/0300-K/model/large/0300-K_60_2_1.jpg,MU0300-K,160,Size,L,,1,,Color,ROȘU,,1,,,,,,,,,,,,[60cm]·[72cm],8435782513219
variation,MU03000460-K,,1,0,visible,,Dimensiuni: 63 * 73 cm,taxable,1,0,0,105,,,https://static.musaibrand.com/images/models/0300-K/model/large/0300-K_60_2_1.jpg,MU0300-K,161,Size,XL,,1,,Color,ROȘU,,1,,,,,,,,,,,,[63cm]·[73cm],8435782513349
variation,MU03000560-K,,1,0,visible,,,taxable,1,0,0,105,,,https://static.musaibrand.com/images/models/0300-K/model/large/0300-K_60_2_1.jpg,MU0300-K,162,Size,2XL,,1,,Color,ROȘU,,1,,,,,,,,,,,,,8435782513479
variation,MU03000660-K,,1,0,visible,,Dimensiuni: 69 * 76 cm,taxable,1,0,0,105,,,https://static.musaibrand.com/images/models/0300-K/model/large/0300-K_60_2_1.jpg,MU0300-K,163,Size,3XL,,1,,Color,ROȘU,,1,,,,,,,,,,,,[69cm]·[76cm],8435782513608
variation,MU03002260-K,,1,0,visible,,Dimensiuni: 37 * 44 cm,taxable,1,0,0,105,,,https://static.musaibrand.com/images/models/0300-K/model/large/0300-K_60_2_1.jpg,MU0300-K,164,Size,4,,1,,Color,ROȘU,,1,,,,,,,,,,,,[37cm]·[44cm],8435782513738
variation,MU03002460-K,,1,0,visible,,Dimensiuni: 40 * 48 cm,taxable,1,0,0,105,,,https://static.musaibrand.com/images/models/0300-K/model/large/0300-K_60_2_1.jpg,MU0300-K,165,Size,6,,1,,Color,ROȘU,,1,,,,,,,,,,,,[40cm]·[48cm],8435782513868
variation,MU03002560-K,,1,0,visible,,Dimensiuni: 43 * 52 cm,taxable,1,0,0,105,,,https://static.musaibrand.com/images/models/0300-K/model/large/0300-K_60_2_1.jpg,MU0300-K,166,Size,8,,1,,Color,ROȘU,,1,,,,,,,,,,,,[43cm]·[52cm],8435782513998
variation,MU03002660-K,,1,0,visible,,Dimensiuni: 45 * 56 cm,taxable,1,0,0,105,,,https://static.musaibrand.com/images/models/0300-K/model/large/0300-K_60_2_1.jpg,MU0300-K,167,Size,10,,1,,Color,ROȘU,,1,,,,,,,,,,,,[45cm]·[56cm],8435782514124
variation,MU03002760-K,,1,0,visible,,Dimensiuni: 47 * 60 cm,taxable,1,0,0,105,,,https://static.musaibrand.com/images/models/0300-K/model/large/0300-K_60_2_1.jpg,MU0300-K,168,Size,12,,1,,Color,ROȘU,,1,,,,,,,,,,,,[47cm]·[60cm],8435782514254
variation,MU03002860-K,,1,0,visible,,Dimensiuni: 49 * 64 cm,taxable,1,0,0,105,,,https://static.musaibrand.com/images/models/0300-K/model/large/0300-K_60_2_1.jpg,MU0300-K,169,Size,14,,1,,Color,ROȘU,,1,,,,,,,,,,,,[49cm]·[64cm],8435782514384
variation,MU03000064-K,,1,0,visible,,Dimensiuni: 54 * 67 cm,taxable,1,0,0,105,,,https://static.musaibrand.com/images/models/0300-K/model/large/0300-K_64_2_1.jpg,MU0300-K,170,Size,XS,,1,,Color,Burgundy,,1,,,,,,,,,,,,[54cm]·[67cm],8435782512830
variation,MU03000164-K,,1,0,visible,,"Dimensiuni: 56 * 68,5 cm",taxable,1,0,0,105,,,https://static.musaibrand.com/images/models/0300-K/model/large/0300-K_64_2_1.jpg,MU0300-K,171,Size,S,,1,,Color,Burgundy,,1,,,,,,,,,,,,"[56cm]·[68,5cm]",8435782512960
variation,MU03000264-K,,1,0,visible,,Dimensiuni: 58 * 70 cm,taxable,1,0,0,105,,,https://static.musaibrand.com/images/models/0300-K/model/large/0300-K_64_2_1.jpg,MU0300-K,172,Size,M,,1,,Color,Burgundy,,1,,,,,,,,,,,,[58cm]·[70cm],8435782513097
variation,MU03000364-K,,1,0,visible,,Dimensiuni: 60 * 72 cm,taxable,1,0,0,105,,,https://static.musaibrand.com/images/models/0300-K/model/large/0300-K_64_2_1.jpg,MU0300-K,173,Size,L,,1,,Color,Burgundy,,1,,,,,,,,,,,,[60cm]·[72cm],8435782513226
variation,MU03000464-K,,1,0,visible,,Dimensiuni: 63 * 73 cm,taxable,1,0,0,105,,,https://static.musaibrand.com/images/models/0300-K/model/large/0300-K_64_2_1.jpg,MU0300-K,174,Size,XL,,1,,Color,Burgundy,,1,,,,,,,,,,,,[63cm]·[73cm],8435782513356
variation,MU03000564-K,,1,0,visible,,,taxable,1,0,0,105,,,https://static.musaibrand.com/images/models/0300-K/model/large/0300-K_64_2_1.jpg,MU0300-K,175,Size,2XL,,1,,Color,Burgundy,,1,,,,,,,,,,,,,8435782513486
variation,MU03000664-K,,1,0,visible,,Dimensiuni: 69 * 76 cm,taxable,1,0,0,105,,,https://static.musaibrand.com/images/models/0300-K/model/large/0300-K_64_2_1.jpg,MU0300-K,176,Size,3XL,,1,,Color,Burgundy,,1,,,,,,,,,,,,[69cm]·[76cm],8435782513615
variation,MU03002264-K,,1,0,visible,,Dimensiuni: 37 * 44 cm,taxable,1,0,0,105,,,https://static.musaibrand.com/images/models/0300-K/model/large/0300-K_64_2_1.jpg,MU0300-K,177,Size,4,,1,,Color,Burgundy,,1,,,,,,,,,,,,[37cm]·[44cm],8435782513745
variation,MU03002464-K,,1,0,visible,,Dimensiuni: 40 * 48 cm,taxable,1,0,0,105,,,https://static.musaibrand.com/images/models/0300-K/model/large/0300-K_64_2_1.jpg,MU0300-K,178,Size,6,,1,,Color,Burgundy,,1,,,,,,,,,,,,[40cm]·[48cm],8435782513875
variation,MU03002564-K,,1,0,visible,,Dimensiuni: 43 * 52 cm,taxable,1,0,0,105,,,https://static.musaibrand.com/images/models/0300-K/model/large/0300-K_64_2_1.jpg,MU0300-K,179,Size,8,,1,,Color,Burgundy,,1,,,,,,,,,,,,[43cm]·[52cm],8435782514001
variation,MU03002664-K,,1,0,visible,,Dimensiuni: 45 * 56 cm,taxable,1,0,0,105,,,https://static.musaibrand.com/images/models/0300-K/model/large/0300-K_64_2_1.jpg,MU0300-K,180,Size,10,,1,,Color,Burgundy,,1,,,,,,,,,,,,[45cm]·[56cm],8435782514131
variation,MU03002764-K,,1,0,visible,,Dimensiuni: 47 * 60 cm,taxable,1,0,0,105,,,https://static.musaibrand.com/images/models/0300-K/model/large/0300-K_64_2_1.jpg,MU0300-K,181,Size,12,,1,,Color,Burgundy,,1,,,,,,,,,,,,[47cm]·[60cm],8435782514261
variation,MU03002864-K,,1,0,visible,,Dimensiuni: 49 * 64 cm,taxable,1,0,0,105,,,https://static.musaibrand.com/images/models/0300-K/model/large/0300-K_64_2_1.jpg,MU0300-K,182,Size,14,,1,,Color,Burgundy,,1,,,,,,,,,,,,[49cm]·[64cm],8435782514391
