Type,SKU,Name,Published,Is featured?,Visibility in catalog,Short description,Description,Tax status,In stock?,Backorders allowed?,Sold individually?,Regular price,Categories,Tags,Images,Parent,Position,Attribute 1 name,Attribute 1 value(s),Attribute 1 visible,Attribute 1 global,Attribute 1 default,Attribute 2 name,Attribute 2 value(s),Attribute 2 visible,Attribute 2 global,Attribute 2 default,Attribute 3 name,Attribute 3 value(s),Attribute 3 visible,Attribute 3 global,Attribute 3 default,Attribute 4 name,Attribute 4 value(s),Attribute 4 visible,Attribute 4 global,Attribute 4 default,Meta: dimensions,Meta: ean
variable,MU0400,Jachetă - Maji,1,0,visible,,"<p>Jachetă tehnică ușoară unisex din material impermeabil la apă, cu glugă opțională ascunsă în zona gâtului. Căptușită cu material tip plasă pe corp și poliester pe mâneci.<br>· Water repellent<br>· Windproof</p><p><strong>Compoziție:</strong> Material exterior: 100% poliester reciclat· Căptușeală interior 100% plasă din poliester· Căptușeală mânecă: 100% tafta poliester</p><p><br>· Apărătoare pentru bărbie<br>· Fermoar frontal inversat cu dispozitiv de închidere personalizat din cauciuc cu design de marcă.<br>· Șnururi elastice cu dispozitiv de reglare în glugă și în partea de jos.<br>· Buzunare laterale cu fermoar și bandă de acoperire inversată.<br>· Acces intern pentru reprocesare în partea din spate și în zona din stânga a pieptului.<br>· Manșete elastice.<br>· Detaliu cu logo imprimat.</p><h4>Dimensiuni</h4><table style='border-collapse:collapse;margin:8px 0'><tr><th style='padding:4px 12px;border:1px solid #ddd;text-align:left'>Mărime</th><th style='padding:4px 12px;border:1px solid #ddd;text-align:left'>Dimensiuni</th></tr><tr><td style='padding:4px 12px;border:1px solid #ddd'>XS</td><td style='padding:4px 12px;border:1px solid #ddd'>53 * 71 cm</td></tr><tr><td style='padding:4px 12px;border:1px solid #ddd'>S</td><td style='padding:4px 12px;border:1px solid #ddd'>55 * 73 cm</td></tr><tr><td style='padding:4px 12px;border:1px solid #ddd'>M</td><td style='padding:4px 12px;border:1px solid #ddd'>57 * 75 cm</td></tr><tr><td style='padding:4px 12px;border:1px solid #ddd'>L</td><td style='padding:4px 12px;border:1px solid #ddd'>59 * 77 cm</td></tr><tr><td style='padding:4px 12px;border:1px solid #ddd'>XL</td><td style='padding:4px 12px;border:1px solid #ddd'>63 * 79 cm</td></tr><tr><td style='padding:4px 12px;border:1px solid #ddd'>2XL</td><td style='padding:4px 12px;border:1px solid #ddd'>67 * 81 cm</td></tr><tr><td style='padding:4px 12px;border:1px solid #ddd'>3XL</td><td style='padding:4px 12px;border:1px solid #ddd'>70 * 83 cm</td></tr><tr><td style='padding:4px 12px;border:1px solid #ddd'>4</td><td style='padding:4px 12px;border:1px solid #ddd'>36 * 46 cm</td></tr><tr><td style='padding:4px 12px;border:1px solid #ddd'>6</td><td style='padding:4px 12px;border:1px solid #ddd'>39 * 50 cm</td></tr><tr><td style='padding:4px 12px;border:1px solid #ddd'>8</td><td style='padding:4px 12px;border:1px solid #ddd'>42 * 54 cm</td></tr><tr><td style='padding:4px 12px;border:1px solid #ddd'>10</td><td style='padding:4px 12px;border:1px solid #ddd'>45 * 58 cm</td></tr><tr><td style='padding:4px 12px;border:1px solid #ddd'>12</td><td style='padding:4px 12px;border:1px solid #ddd'>48 * 62 cm</td></tr><tr><td style='padding:4px 12px;border:1px solid #ddd'>14</td><td style='padding:4px 12px;border:1px solid #ddd'>50 * 68 cm</td></tr></table>",taxable,1,0,0,,Jachete,MUSAI,"https://static.musaibrand.com/images/models/0400/model/large/0400_02_1_1.jpg,https://static.musaibrand.com/images/models/0400/model/large/0400_55_1_1.jpg,https://static.musaibrand.com/images/models/0400/model/large/0400_02_2_1.jpg,https://static.musaibrand.com/images/models/0400/model/large/0400_55_2_1.jpg",,0,Size,"XS, S, M, L, XL, 2XL, 3XL, 4, 6, 8, 10, 12, 14",1,1,,Color,"Negru, Albastru marin",1,1,,Gender,Unisex,1,1,,Dimensiuni,"[53cm]·[71cm], [55cm]·[73cm], [57cm]·[75cm], [59cm]·[77cm], [63cm]·[79cm], [67cm]·[81cm], [70cm]·[83cm], [36cm]·[46cm], [39cm]·[50cm], [42cm]·[54cm], [45cm]·[58cm], [48cm]·[62cm], [50cm]·[68cm]",1,0,,,
variation,MU04000002,,1,0,visible,,Dimensiuni: 53 * 71 cm,taxable,1,0,0,105,,,https://static.musaibrand.com/images/models/0400/model/large/0400_02_2_1.jpg,MU0400,1,Size,XS,,1,,Color,Negru,,1,,,,,,,,,,,,[53cm]·[71cm],8435782523980
variation,MU04000102,,1,0,visible,,Dimensiuni: 55 * 73 cm,taxable,1,0,0,105,,,https://static.musaibrand.com/images/models/0400/model/large/0400_02_2_1.jpg,MU0400,2,Size,S,,1,,Color,Negru,,1,,,,,,,,,,,,[55cm]·[73cm],8435782524000
variation,MU04000202,,1,0,visible,,Dimensiuni: 57 * 75 cm,taxable,1,0,0,105,,,https://static.musaibrand.com/images/models/0400/model/large/0400_02_2_1.jpg,MU0400,3,Size,M,,1,,Color,Negru,,1,,,,,,,,,,,,[57cm]·[75cm],8435782524024
variation,MU04000302,,1,0,visible,,Dimensiuni: 59 * 77 cm,taxable,1,0,0,105,,,https://static.musaibrand.com/images/models/0400/model/large/0400_02_2_1.jpg,MU0400,4,Size,L,,1,,Color,Negru,,1,,,,,,,,,,,,[59cm]·[77cm],8435782524048
variation,MU04000402,,1,0,visible,,Dimensiuni: 63 * 79 cm,taxable,1,0,0,105,,,https://static.musaibrand.com/images/models/0400/model/large/0400_02_2_1.jpg,MU0400,5,Size,XL,,1,,Color,Negru,,1,,,,,,,,,,,,[63cm]·[79cm],8435782524062
variation,MU04000502,,1,0,visible,,Dimensiuni: 67 * 81 cm,taxable,1,0,0,105,,,https://static.musaibrand.com/images/models/0400/model/large/0400_02_2_1.jpg,MU0400,6,Size,2XL,,1,,Color,Negru,,1,,,,,,,,,,,,[67cm]·[81cm],8435782524086
variation,MU04000602,,1,0,visible,,Dimensiuni: 70 * 83 cm,taxable,1,0,0,105,,,https://static.musaibrand.com/images/models/0400/model/large/0400_02_2_1.jpg,MU0400,7,Size,3XL,,1,,Color,Negru,,1,,,,,,,,,,,,[70cm]·[83cm],8435782524109
variation,MU04002202,,1,0,visible,,Dimensiuni: 36 * 46 cm,taxable,1,0,0,105,,,https://static.musaibrand.com/images/models/0400/model/large/0400_02_2_1.jpg,MU0400,8,Size,4,,1,,Color,Negru,,1,,,,,,,,,,,,[36cm]·[46cm],8435782524123
variation,MU04002402,,1,0,visible,,Dimensiuni: 39 * 50 cm,taxable,1,0,0,105,,,https://static.musaibrand.com/images/models/0400/model/large/0400_02_2_1.jpg,MU0400,9,Size,6,,1,,Color,Negru,,1,,,,,,,,,,,,[39cm]·[50cm],8435782524147
variation,MU04002502,,1,0,visible,,Dimensiuni: 42 * 54 cm,taxable,1,0,0,105,,,https://static.musaibrand.com/images/models/0400/model/large/0400_02_2_1.jpg,MU0400,10,Size,8,,1,,Color,Negru,,1,,,,,,,,,,,,[42cm]·[54cm],8435782524161
variation,MU04002602,,1,0,visible,,Dimensiuni: 45 * 58 cm,taxable,1,0,0,105,,,https://static.musaibrand.com/images/models/0400/model/large/0400_02_2_1.jpg,MU0400,11,Size,10,,1,,Color,Negru,,1,,,,,,,,,,,,[45cm]·[58cm],8435782524185
variation,MU04002702,,1,0,visible,,Dimensiuni: 48 * 62 cm,taxable,1,0,0,105,,,https://static.musaibrand.com/images/models/0400/model/large/0400_02_2_1.jpg,MU0400,12,Size,12,,1,,Color,Negru,,1,,,,,,,,,,,,[48cm]·[62cm],8435782524208
variation,MU04002802,,1,0,visible,,Dimensiuni: 50 * 68 cm,taxable,1,0,0,105,,,https://static.musaibrand.com/images/models/0400/model/large/0400_02_2_1.jpg,MU0400,13,Size,14,,1,,Color,Negru,,1,,,,,,,,,,,,[50cm]·[68cm],8435782524222
variation,MU04000055,,1,0,visible,,Dimensiuni: 53 * 71 cm,taxable,1,0,0,105,,,https://static.musaibrand.com/images/models/0400/model/large/0400_55_2_1.jpg,MU0400,14,Size,XS,,1,,Color,Albastru marin,,1,,,,,,,,,,,,[53cm]·[71cm],8435782523997
variation,MU04000155,,1,0,visible,,Dimensiuni: 55 * 73 cm,taxable,1,0,0,105,,,https://static.musaibrand.com/images/models/0400/model/large/0400_55_2_1.jpg,MU0400,15,Size,S,,1,,Color,Albastru marin,,1,,,,,,,,,,,,[55cm]·[73cm],8435782524017
variation,MU04000255,,1,0,visible,,Dimensiuni: 57 * 75 cm,taxable,1,0,0,105,,,https://static.musaibrand.com/images/models/0400/model/large/0400_55_2_1.jpg,MU0400,16,Size,M,,1,,Color,Albastru marin,,1,,,,,,,,,,,,[57cm]·[75cm],8435782524031
variation,MU04000355,,1,0,visible,,Dimensiuni: 59 * 77 cm,taxable,1,0,0,105,,,https://static.musaibrand.com/images/models/0400/model/large/0400_55_2_1.jpg,MU0400,17,Size,L,,1,,Color,Albastru marin,,1,,,,,,,,,,,,[59cm]·[77cm],8435782524055
variation,MU04000455,,1,0,visible,,Dimensiuni: 63 * 79 cm,taxable,1,0,0,105,,,https://static.musaibrand.com/images/models/0400/model/large/0400_55_2_1.jpg,MU0400,18,Size,XL,,1,,Color,Albastru marin,,1,,,,,,,,,,,,[63cm]·[79cm],8435782524079
variation,MU04000555,,1,0,visible,,Dimensiuni: 67 * 81 cm,taxable,1,0,0,105,,,https://static.musaibrand.com/images/models/0400/model/large/0400_55_2_1.jpg,MU0400,19,Size,2XL,,1,,Color,Albastru marin,,1,,,,,,,,,,,,[67cm]·[81cm],8435782524093
variation,MU04000655,,1,0,visible,,Dimensiuni: 70 * 83 cm,taxable,1,0,0,105,,,https://static.musaibrand.com/images/models/0400/model/large/0400_55_2_1.jpg,MU0400,20,Size,3XL,,1,,Color,Albastru marin,,1,,,,,,,,,,,,[70cm]·[83cm],8435782524116
variation,MU04002255,,1,0,visible,,Dimensiuni: 36 * 46 cm,taxable,1,0,0,105,,,https://static.musaibrand.com/images/models/0400/model/large/0400_55_2_1.jpg,MU0400,21,Size,4,,1,,Color,Albastru marin,,1,,,,,,,,,,,,[36cm]·[46cm],8435782524130
variation,MU04002455,,1,0,visible,,Dimensiuni: 39 * 50 cm,taxable,1,0,0,105,,,https://static.musaibrand.com/images/models/0400/model/large/0400_55_2_1.jpg,MU0400,22,Size,6,,1,,Color,Albastru marin,,1,,,,,,,,,,,,[39cm]·[50cm],8435782524154
variation,MU04002555,,1,0,visible,,Dimensiuni: 42 * 54 cm,taxable,1,0,0,105,,,https://static.musaibrand.com/images/models/0400/model/large/0400_55_2_1.jpg,MU0400,23,Size,8,,1,,Color,Albastru marin,,1,,,,,,,,,,,,[42cm]·[54cm],8435782524178
variation,MU04002655,,1,0,visible,,Dimensiuni: 45 * 58 cm,taxable,1,0,0,105,,,https://static.musaibrand.com/images/models/0400/model/large/0400_55_2_1.jpg,MU0400,24,Size,10,,1,,Color,Albastru marin,,1,,,,,,,,,,,,[45cm]·[58cm],8435782524192
variation,MU04002755,,1,0,visible,,Dimensiuni: 48 * 62 cm,taxable,1,0,0,105,,,https://static.musaibrand.com/images/models/0400/model/large/0400_55_2_1.jpg,MU0400,25,Size,12,,1,,Color,Albastru marin,,1,,,,,,,,,,,,[48cm]·[62cm],8435782524215
variation,MU04002855,,1,0,visible,,Dimensiuni: 50 * 68 cm,taxable,1,0,0,105,,,https://static.musaibrand.com/images/models/0400/model/large/0400_55_2_1.jpg,MU0400,26,Size,14,,1,,Color,Albastru marin,,1,,,,,,,,,,,,[50cm]·[68cm],8435782524239
variable,MU0400-K,Jachetă - Maji Copii,1,0,visible,,<h4>Dimensiuni</h4><table style='border-collapse:collapse;margin:8px 0'><tr><th style='padding:4px 12px;border:1px solid #ddd;text-align:left'>Mărime</th><th style='padding:4px 12px;border:1px solid #ddd;text-align:left'>Dimensiuni</th></tr><tr><td style='padding:4px 12px;border:1px solid #ddd'>XS</td><td style='padding:4px 12px;border:1px solid #ddd'>53 * 71 cm</td></tr><tr><td style='padding:4px 12px;border:1px solid #ddd'>S</td><td style='padding:4px 12px;border:1px solid #ddd'>55 * 73 cm</td></tr><tr><td style='padding:4px 12px;border:1px solid #ddd'>M</td><td style='padding:4px 12px;border:1px solid #ddd'>57 * 75 cm</td></tr><tr><td style='padding:4px 12px;border:1px solid #ddd'>L</td><td style='padding:4px 12px;border:1px solid #ddd'>59 * 77 cm</td></tr><tr><td style='padding:4px 12px;border:1px solid #ddd'>XL</td><td style='padding:4px 12px;border:1px solid #ddd'>63 * 79 cm</td></tr><tr><td style='padding:4px 12px;border:1px solid #ddd'>2XL</td><td style='padding:4px 12px;border:1px solid #ddd'>67 * 81 cm</td></tr><tr><td style='padding:4px 12px;border:1px solid #ddd'>3XL</td><td style='padding:4px 12px;border:1px solid #ddd'>70 * 83 cm</td></tr><tr><td style='padding:4px 12px;border:1px solid #ddd'>4</td><td style='padding:4px 12px;border:1px solid #ddd'>36 * 46 cm</td></tr><tr><td style='padding:4px 12px;border:1px solid #ddd'>6</td><td style='padding:4px 12px;border:1px solid #ddd'>39 * 50 cm</td></tr><tr><td style='padding:4px 12px;border:1px solid #ddd'>8</td><td style='padding:4px 12px;border:1px solid #ddd'>42 * 54 cm</td></tr><tr><td style='padding:4px 12px;border:1px solid #ddd'>10</td><td style='padding:4px 12px;border:1px solid #ddd'>45 * 58 cm</td></tr><tr><td style='padding:4px 12px;border:1px solid #ddd'>12</td><td style='padding:4px 12px;border:1px solid #ddd'>48 * 62 cm</td></tr><tr><td style='padding:4px 12px;border:1px solid #ddd'>14</td><td style='padding:4px 12px;border:1px solid #ddd'>50 * 68 cm</td></tr></table>,taxable,1,0,0,,Jachete,MUSAI,"https://static.musaibrand.com/images/models/0400-K/model/large/0400-K_02_1_1.jpg,https://static.musaibrand.com/images/models/0400-K/model/large/0400-K_55_1_1.jpg,https://static.musaibrand.com/images/models/0400-K/model/large/0400-K_02_2_1.jpg,https://static.musaibrand.com/images/models/0400-K/model/large/0400-K_55_2_1.jpg",,0,Size,"XS, S, M, L, XL, 2XL, 3XL, 4, 6, 8, 10, 12, 14",1,1,,Color,"Negru, Albastru marin",1,1,,Gender,Unisex,1,1,,Dimensiuni,"[53cm]·[71cm], [55cm]·[73cm], [57cm]·[75cm], [59cm]·[77cm], [63cm]·[79cm], [67cm]·[81cm], [70cm]·[83cm], [36cm]·[46cm], [39cm]·[50cm], [42cm]·[54cm], [45cm]·[58cm], [48cm]·[62cm], [50cm]·[68cm]",1,0,,,
variation,MU04000002-K,,1,0,visible,,Dimensiuni: 53 * 71 cm,taxable,1,0,0,105,,,https://static.musaibrand.com/images/models/0400-K/model/large/0400-K_02_2_1.jpg,MU0400-K,1,Size,XS,,1,,Color,Negru,,1,,,,,,,,,,,,[53cm]·[71cm],8435782523980
variation,MU04000102-K,,1,0,visible,,Dimensiuni: 55 * 73 cm,taxable,1,0,0,105,,,https://static.musaibrand.com/images/models/0400-K/model/large/0400-K_02_2_1.jpg,MU0400-K,2,Size,S,,1,,Color,Negru,,1,,,,,,,,,,,,[55cm]·[73cm],8435782524000
variation,MU04000202-K,,1,0,visible,,Dimensiuni: 57 * 75 cm,taxable,1,0,0,105,,,https://static.musaibrand.com/images/models/0400-K/model/large/0400-K_02_2_1.jpg,MU0400-K,3,Size,M,,1,,Color,Negru,,1,,,,,,,,,,,,[57cm]·[75cm],8435782524024
variation,MU04000302-K,,1,0,visible,,Dimensiuni: 59 * 77 cm,taxable,1,0,0,105,,,https://static.musaibrand.com/images/models/0400-K/model/large/0400-K_02_2_1.jpg,MU0400-K,4,Size,L,,1,,Color,Negru,,1,,,,,,,,,,,,[59cm]·[77cm],8435782524048
variation,MU04000402-K,,1,0,visible,,Dimensiuni: 63 * 79 cm,taxable,1,0,0,105,,,https://static.musaibrand.com/images/models/0400-K/model/large/0400-K_02_2_1.jpg,MU0400-K,5,Size,XL,,1,,Color,Negru,,1,,,,,,,,,,,,[63cm]·[79cm],8435782524062
variation,MU04000502-K,,1,0,visible,,Dimensiuni: 67 * 81 cm,taxable,1,0,0,105,,,https://static.musaibrand.com/images/models/0400-K/model/large/0400-K_02_2_1.jpg,MU0400-K,6,Size,2XL,,1,,Color,Negru,,1,,,,,,,,,,,,[67cm]·[81cm],8435782524086
variation,MU04000602-K,,1,0,visible,,Dimensiuni: 70 * 83 cm,taxable,1,0,0,105,,,https://static.musaibrand.com/images/models/0400-K/model/large/0400-K_02_2_1.jpg,MU0400-K,7,Size,3XL,,1,,Color,Negru,,1,,,,,,,,,,,,[70cm]·[83cm],8435782524109
variation,MU04002202-K,,1,0,visible,,Dimensiuni: 36 * 46 cm,taxable,1,0,0,105,,,https://static.musaibrand.com/images/models/0400-K/model/large/0400-K_02_2_1.jpg,MU0400-K,8,Size,4,,1,,Color,Negru,,1,,,,,,,,,,,,[36cm]·[46cm],8435782524123
variation,MU04002402-K,,1,0,visible,,Dimensiuni: 39 * 50 cm,taxable,1,0,0,105,,,https://static.musaibrand.com/images/models/0400-K/model/large/0400-K_02_2_1.jpg,MU0400-K,9,Size,6,,1,,Color,Negru,,1,,,,,,,,,,,,[39cm]·[50cm],8435782524147
variation,MU04002502-K,,1,0,visible,,Dimensiuni: 42 * 54 cm,taxable,1,0,0,105,,,https://static.musaibrand.com/images/models/0400-K/model/large/0400-K_02_2_1.jpg,MU0400-K,10,Size,8,,1,,Color,Negru,,1,,,,,,,,,,,,[42cm]·[54cm],8435782524161
variation,MU04002602-K,,1,0,visible,,Dimensiuni: 45 * 58 cm,taxable,1,0,0,105,,,https://static.musaibrand.com/images/models/0400-K/model/large/0400-K_02_2_1.jpg,MU0400-K,11,Size,10,,1,,Color,Negru,,1,,,,,,,,,,,,[45cm]·[58cm],8435782524185
variation,MU04002702-K,,1,0,visible,,Dimensiuni: 48 * 62 cm,taxable,1,0,0,105,,,https://static.musaibrand.com/images/models/0400-K/model/large/0400-K_02_2_1.jpg,MU0400-K,12,Size,12,,1,,Color,Negru,,1,,,,,,,,,,,,[48cm]·[62cm],8435782524208
variation,MU04002802-K,,1,0,visible,,Dimensiuni: 50 * 68 cm,taxable,1,0,0,105,,,https://static.musaibrand.com/images/models/0400-K/model/large/0400-K_02_2_1.jpg,MU0400-K,13,Size,14,,1,,Color,Negru,,1,,,,,,,,,,,,[50cm]·[68cm],8435782524222
variation,MU04000055-K,,1,0,visible,,Dimensiuni: 53 * 71 cm,taxable,1,0,0,105,,,https://static.musaibrand.com/images/models/0400-K/model/large/0400-K_55_2_1.jpg,MU0400-K,14,Size,XS,,1,,Color,Albastru marin,,1,,,,,,,,,,,,[53cm]·[71cm],8435782523997
variation,MU04000155-K,,1,0,visible,,Dimensiuni: 55 * 73 cm,taxable,1,0,0,105,,,https://static.musaibrand.com/images/models/0400-K/model/large/0400-K_55_2_1.jpg,MU0400-K,15,Size,S,,1,,Color,Albastru marin,,1,,,,,,,,,,,,[55cm]·[73cm],8435782524017
variation,MU04000255-K,,1,0,visible,,Dimensiuni: 57 * 75 cm,taxable,1,0,0,105,,,https://static.musaibrand.com/images/models/0400-K/model/large/0400-K_55_2_1.jpg,MU0400-K,16,Size,M,,1,,Color,Albastru marin,,1,,,,,,,,,,,,[57cm]·[75cm],8435782524031
variation,MU04000355-K,,1,0,visible,,Dimensiuni: 59 * 77 cm,taxable,1,0,0,105,,,https://static.musaibrand.com/images/models/0400-K/model/large/0400-K_55_2_1.jpg,MU0400-K,17,Size,L,,1,,Color,Albastru marin,,1,,,,,,,,,,,,[59cm]·[77cm],8435782524055
variation,MU04000455-K,,1,0,visible,,Dimensiuni: 63 * 79 cm,taxable,1,0,0,105,,,https://static.musaibrand.com/images/models/0400-K/model/large/0400-K_55_2_1.jpg,MU0400-K,18,Size,XL,,1,,Color,Albastru marin,,1,,,,,,,,,,,,[63cm]·[79cm],8435782524079
variation,MU04000555-K,,1,0,visible,,Dimensiuni: 67 * 81 cm,taxable,1,0,0,105,,,https://static.musaibrand.com/images/models/0400-K/model/large/0400-K_55_2_1.jpg,MU0400-K,19,Size,2XL,,1,,Color,Albastru marin,,1,,,,,,,,,,,,[67cm]·[81cm],8435782524093
variation,MU04000655-K,,1,0,visible,,Dimensiuni: 70 * 83 cm,taxable,1,0,0,105,,,https://static.musaibrand.com/images/models/0400-K/model/large/0400-K_55_2_1.jpg,MU0400-K,20,Size,3XL,,1,,Color,Albastru marin,,1,,,,,,,,,,,,[70cm]·[83cm],8435782524116
variation,MU04002255-K,,1,0,visible,,Dimensiuni: 36 * 46 cm,taxable,1,0,0,105,,,https://static.musaibrand.com/images/models/0400-K/model/large/0400-K_55_2_1.jpg,MU0400-K,21,Size,4,,1,,Color,Albastru marin,,1,,,,,,,,,,,,[36cm]·[46cm],8435782524130
variation,MU04002455-K,,1,0,visible,,Dimensiuni: 39 * 50 cm,taxable,1,0,0,105,,,https://static.musaibrand.com/images/models/0400-K/model/large/0400-K_55_2_1.jpg,MU0400-K,22,Size,6,,1,,Color,Albastru marin,,1,,,,,,,,,,,,[39cm]·[50cm],8435782524154
variation,MU04002555-K,,1,0,visible,,Dimensiuni: 42 * 54 cm,taxable,1,0,0,105,,,https://static.musaibrand.com/images/models/0400-K/model/large/0400-K_55_2_1.jpg,MU0400-K,23,Size,8,,1,,Color,Albastru marin,,1,,,,,,,,,,,,[42cm]·[54cm],8435782524178
variation,MU04002655-K,,1,0,visible,,Dimensiuni: 45 * 58 cm,taxable,1,0,0,105,,,https://static.musaibrand.com/images/models/0400-K/model/large/0400-K_55_2_1.jpg,MU0400-K,24,Size,10,,1,,Color,Albastru marin,,1,,,,,,,,,,,,[45cm]·[58cm],8435782524192
variation,MU04002755-K,,1,0,visible,,Dimensiuni: 48 * 62 cm,taxable,1,0,0,105,,,https://static.musaibrand.com/images/models/0400-K/model/large/0400-K_55_2_1.jpg,MU0400-K,25,Size,12,,1,,Color,Albastru marin,,1,,,,,,,,,,,,[48cm]·[62cm],8435782524215
variation,MU04002855-K,,1,0,visible,,Dimensiuni: 50 * 68 cm,taxable,1,0,0,105,,,https://static.musaibrand.com/images/models/0400-K/model/large/0400-K_55_2_1.jpg,MU0400-K,26,Size,14,,1,,Color,Albastru marin,,1,,,,,,,,,,,,[50cm]·[68cm],8435782524239
variable,MU0401,jachetă căptușit - Kanzu,1,0,visible,,"<p>Jachetă căptușită unisex, cu glugă fixă, confecționat din poliester reciclat.<br>· Windproof<br>· Padde protection</p><p><strong>Compoziție:</strong> Material principal: 100% poliester reciclat· Căptușeală matlasată: 100% tafta din poliester · Căptușeală interioară (taftă): 100% poliester taftă</p><p><br>· Glugă fixă cu căptușeală. <br>· Apărătoare pentru bărbie. <br>· Fermoar frontal acoperit cu bandă de închidere și dublu cursor  . <br>· Două buzunare laterale cu fermoar. <br>· Manșete elastice. <br>· Acces intern pentru reprocesare în partea din spate și stânga a pieptului.<br>· Detaliu cu logo cauciucat în zona pieptului.</p><h4>Dimensiuni</h4><table style='border-collapse:collapse;margin:8px 0'><tr><th style='padding:4px 12px;border:1px solid #ddd;text-align:left'>Mărime</th><th style='padding:4px 12px;border:1px solid #ddd;text-align:left'>Dimensiuni</th></tr><tr><td style='padding:4px 12px;border:1px solid #ddd'>XS</td><td style='padding:4px 12px;border:1px solid #ddd'>52 * 72 cm</td></tr><tr><td style='padding:4px 12px;border:1px solid #ddd'>S</td><td style='padding:4px 12px;border:1px solid #ddd'>56 * 76 cm</td></tr><tr><td style='padding:4px 12px;border:1px solid #ddd'>M</td><td style='padding:4px 12px;border:1px solid #ddd'>59 * 78 cm</td></tr><tr><td style='padding:4px 12px;border:1px solid #ddd'>L</td><td style='padding:4px 12px;border:1px solid #ddd'>62 * 80 cm</td></tr><tr><td style='padding:4px 12px;border:1px solid #ddd'>XL</td><td style='padding:4px 12px;border:1px solid #ddd'>65 * 82 cm</td></tr><tr><td style='padding:4px 12px;border:1px solid #ddd'>2XL</td><td style='padding:4px 12px;border:1px solid #ddd'>69 * 84 cm</td></tr><tr><td style='padding:4px 12px;border:1px solid #ddd'>3XL</td><td style='padding:4px 12px;border:1px solid #ddd'>73 * 86 cm</td></tr><tr><td style='padding:4px 12px;border:1px solid #ddd'>4</td><td style='padding:4px 12px;border:1px solid #ddd'>40 * 54 cm</td></tr><tr><td style='padding:4px 12px;border:1px solid #ddd'>6</td><td style='padding:4px 12px;border:1px solid #ddd'>42 * 57 cm</td></tr><tr><td style='padding:4px 12px;border:1px solid #ddd'>8</td><td style='padding:4px 12px;border:1px solid #ddd'>44 * 60 cm</td></tr><tr><td style='padding:4px 12px;border:1px solid #ddd'>10</td><td style='padding:4px 12px;border:1px solid #ddd'>46 * 63 cm</td></tr><tr><td style='padding:4px 12px;border:1px solid #ddd'>12</td><td style='padding:4px 12px;border:1px solid #ddd'>48 * 66 cm</td></tr><tr><td style='padding:4px 12px;border:1px solid #ddd'>14</td><td style='padding:4px 12px;border:1px solid #ddd'>50 * 69 cm</td></tr></table>",taxable,1,0,0,,Jachete,MUSAI,"https://static.musaibrand.com/images/models/0401/model/large/0401_02222_1_1.jpg,https://static.musaibrand.com/images/models/0401/model/large/0401_02258_1_1.jpg,https://static.musaibrand.com/images/models/0401/model/large/0401_0260_1_1.jpg,https://static.musaibrand.com/images/models/0401/model/large/0401_5505_1_1.jpg,https://static.musaibrand.com/images/models/0401/model/large/0401_02222_2_1.jpg,https://static.musaibrand.com/images/models/0401/model/large/0401_02258_2_1.jpg,https://static.musaibrand.com/images/models/0401/model/large/0401_0260_2_1.jpg,https://static.musaibrand.com/images/models/0401/model/large/0401_5505_2_1.jpg",,0,Size,"XS, S, M, L, XL, 2XL, 3XL, 4, 6, 8, 10, 12, 14",1,1,,Color,"Negru/Fluor verde, Negru / Gri deschis, Negru/roșu, Albastru marin / Albastru regal",1,1,,Gender,Unisex,1,1,,Dimensiuni,"[52cm]·[72cm], [56cm]·[76cm], [59cm]·[78cm], [62cm]·[80cm], [65cm]·[82cm], [69cm]·[84cm], [73cm]·[86cm], [40cm]·[54cm], [42cm]·[57cm], [44cm]·[60cm], [46cm]·[63cm], [48cm]·[66cm], [50cm]·[69cm]",1,0,,,
variation,MU04010002222,,1,0,visible,,Dimensiuni: 52 * 72 cm,taxable,1,0,0,315,,,https://static.musaibrand.com/images/models/0401/model/large/0401_02222_2_1.jpg,MU0401,1,Size,XS,,1,,Color,Negru/Fluor verde,,1,,,,,,,,,,,,[52cm]·[72cm],8435782524246
variation,MU04010102222,,1,0,visible,,Dimensiuni: 56 * 76 cm,taxable,1,0,0,315,,,https://static.musaibrand.com/images/models/0401/model/large/0401_02222_2_1.jpg,MU0401,2,Size,S,,1,,Color,Negru/Fluor verde,,1,,,,,,,,,,,,[56cm]·[76cm],8435782524284
variation,MU04010202222,,1,0,visible,,Dimensiuni: 59 * 78 cm,taxable,1,0,0,315,,,https://static.musaibrand.com/images/models/0401/model/large/0401_02222_2_1.jpg,MU0401,3,Size,M,,1,,Color,Negru/Fluor verde,,1,,,,,,,,,,,,[59cm]·[78cm],8435782524321
variation,MU04010302222,,1,0,visible,,Dimensiuni: 62 * 80 cm,taxable,1,0,0,315,,,https://static.musaibrand.com/images/models/0401/model/large/0401_02222_2_1.jpg,MU0401,4,Size,L,,1,,Color,Negru/Fluor verde,,1,,,,,,,,,,,,[62cm]·[80cm],8435782524369
variation,MU04010402222,,1,0,visible,,Dimensiuni: 65 * 82 cm,taxable,1,0,0,315,,,https://static.musaibrand.com/images/models/0401/model/large/0401_02222_2_1.jpg,MU0401,5,Size,XL,,1,,Color,Negru/Fluor verde,,1,,,,,,,,,,,,[65cm]·[82cm],8435782524406
variation,MU04010502222,,1,0,visible,,Dimensiuni: 69 * 84 cm,taxable,1,0,0,315,,,https://static.musaibrand.com/images/models/0401/model/large/0401_02222_2_1.jpg,MU0401,6,Size,2XL,,1,,Color,Negru/Fluor verde,,1,,,,,,,,,,,,[69cm]·[84cm],8435782524444
variation,MU04010602222,,1,0,visible,,Dimensiuni: 73 * 86 cm,taxable,1,0,0,315,,,https://static.musaibrand.com/images/models/0401/model/large/0401_02222_2_1.jpg,MU0401,7,Size,3XL,,1,,Color,Negru/Fluor verde,,1,,,,,,,,,,,,[73cm]·[86cm],8435782524482
variation,MU04012202222,,1,0,visible,,Dimensiuni: 40 * 54 cm,taxable,1,0,0,315,,,https://static.musaibrand.com/images/models/0401/model/large/0401_02222_2_1.jpg,MU0401,8,Size,4,,1,,Color,Negru/Fluor verde,,1,,,,,,,,,,,,[40cm]·[54cm],8435782524529
variation,MU04012402222,,1,0,visible,,Dimensiuni: 42 * 57 cm,taxable,1,0,0,315,,,https://static.musaibrand.com/images/models/0401/model/large/0401_02222_2_1.jpg,MU0401,9,Size,6,,1,,Color,Negru/Fluor verde,,1,,,,,,,,,,,,[42cm]·[57cm],8435782524567
variation,MU04012502222,,1,0,visible,,Dimensiuni: 44 * 60 cm,taxable,1,0,0,315,,,https://static.musaibrand.com/images/models/0401/model/large/0401_02222_2_1.jpg,MU0401,10,Size,8,,1,,Color,Negru/Fluor verde,,1,,,,,,,,,,,,[44cm]·[60cm],8435782524604
variation,MU04012602222,,1,0,visible,,Dimensiuni: 46 * 63 cm,taxable,1,0,0,315,,,https://static.musaibrand.com/images/models/0401/model/large/0401_02222_2_1.jpg,MU0401,11,Size,10,,1,,Color,Negru/Fluor verde,,1,,,,,,,,,,,,[46cm]·[63cm],8435782524642
variation,MU04012702222,,1,0,visible,,Dimensiuni: 48 * 66 cm,taxable,1,0,0,315,,,https://static.musaibrand.com/images/models/0401/model/large/0401_02222_2_1.jpg,MU0401,12,Size,12,,1,,Color,Negru/Fluor verde,,1,,,,,,,,,,,,[48cm]·[66cm],8435782524680
variation,MU04012802222,,1,0,visible,,Dimensiuni: 50 * 69 cm,taxable,1,0,0,315,,,https://static.musaibrand.com/images/models/0401/model/large/0401_02222_2_1.jpg,MU0401,13,Size,14,,1,,Color,Negru/Fluor verde,,1,,,,,,,,,,,,[50cm]·[69cm],8435782524727
variation,MU04010002258,,1,0,visible,,Dimensiuni: 52 * 72 cm,taxable,1,0,0,315,,,https://static.musaibrand.com/images/models/0401/model/large/0401_02258_2_1.jpg,MU0401,14,Size,XS,,1,,Color,Negru / Gri deschis,,1,,,,,,,,,,,,[52cm]·[72cm],8435782524253
variation,MU04010102258,,1,0,visible,,Dimensiuni: 56 * 76 cm,taxable,1,0,0,315,,,https://static.musaibrand.com/images/models/0401/model/large/0401_02258_2_1.jpg,MU0401,15,Size,S,,1,,Color,Negru / Gri deschis,,1,,,,,,,,,,,,[56cm]·[76cm],8435782524291
variation,MU04010202258,,1,0,visible,,Dimensiuni: 59 * 78 cm,taxable,1,0,0,315,,,https://static.musaibrand.com/images/models/0401/model/large/0401_02258_2_1.jpg,MU0401,16,Size,M,,1,,Color,Negru / Gri deschis,,1,,,,,,,,,,,,[59cm]·[78cm],8435782524338
variation,MU04010302258,,1,0,visible,,Dimensiuni: 62 * 80 cm,taxable,1,0,0,315,,,https://static.musaibrand.com/images/models/0401/model/large/0401_02258_2_1.jpg,MU0401,17,Size,L,,1,,Color,Negru / Gri deschis,,1,,,,,,,,,,,,[62cm]·[80cm],8435782524376
variation,MU04010402258,,1,0,visible,,Dimensiuni: 65 * 82 cm,taxable,1,0,0,315,,,https://static.musaibrand.com/images/models/0401/model/large/0401_02258_2_1.jpg,MU0401,18,Size,XL,,1,,Color,Negru / Gri deschis,,1,,,,,,,,,,,,[65cm]·[82cm],8435782524413
variation,MU04010502258,,1,0,visible,,Dimensiuni: 69 * 84 cm,taxable,1,0,0,315,,,https://static.musaibrand.com/images/models/0401/model/large/0401_02258_2_1.jpg,MU0401,19,Size,2XL,,1,,Color,Negru / Gri deschis,,1,,,,,,,,,,,,[69cm]·[84cm],8435782524451
variation,MU04010602258,,1,0,visible,,Dimensiuni: 73 * 86 cm,taxable,1,0,0,315,,,https://static.musaibrand.com/images/models/0401/model/large/0401_02258_2_1.jpg,MU0401,20,Size,3XL,,1,,Color,Negru / Gri deschis,,1,,,,,,,,,,,,[73cm]·[86cm],8435782524499
variation,MU04012202258,,1,0,visible,,Dimensiuni: 40 * 54 cm,taxable,1,0,0,315,,,https://static.musaibrand.com/images/models/0401/model/large/0401_02258_2_1.jpg,MU0401,21,Size,4,,1,,Color,Negru / Gri deschis,,1,,,,,,,,,,,,[40cm]·[54cm],8435782524536
variation,MU04012402258,,1,0,visible,,Dimensiuni: 42 * 57 cm,taxable,1,0,0,315,,,https://static.musaibrand.com/images/models/0401/model/large/0401_02258_2_1.jpg,MU0401,22,Size,6,,1,,Color,Negru / Gri deschis,,1,,,,,,,,,,,,[42cm]·[57cm],8435782524574
variation,MU04012502258,,1,0,visible,,Dimensiuni: 44 * 60 cm,taxable,1,0,0,315,,,https://static.musaibrand.com/images/models/0401/model/large/0401_02258_2_1.jpg,MU0401,23,Size,8,,1,,Color,Negru / Gri deschis,,1,,,,,,,,,,,,[44cm]·[60cm],8435782524611
variation,MU04012602258,,1,0,visible,,Dimensiuni: 46 * 63 cm,taxable,1,0,0,315,,,https://static.musaibrand.com/images/models/0401/model/large/0401_02258_2_1.jpg,MU0401,24,Size,10,,1,,Color,Negru / Gri deschis,,1,,,,,,,,,,,,[46cm]·[63cm],8435782524659
variation,MU04012702258,,1,0,visible,,Dimensiuni: 48 * 66 cm,taxable,1,0,0,315,,,https://static.musaibrand.com/images/models/0401/model/large/0401_02258_2_1.jpg,MU0401,25,Size,12,,1,,Color,Negru / Gri deschis,,1,,,,,,,,,,,,[48cm]·[66cm],8435782524697
variation,MU04012802258,,1,0,visible,,Dimensiuni: 50 * 69 cm,taxable,1,0,0,315,,,https://static.musaibrand.com/images/models/0401/model/large/0401_02258_2_1.jpg,MU0401,26,Size,14,,1,,Color,Negru / Gri deschis,,1,,,,,,,,,,,,[50cm]·[69cm],8435782524734
variation,MU0401000260,,1,0,visible,,Dimensiuni: 52 * 72 cm,taxable,1,0,0,315,,,https://static.musaibrand.com/images/models/0401/model/large/0401_0260_2_1.jpg,MU0401,27,Size,XS,,1,,Color,Negru/roșu,,1,,,,,,,,,,,,[52cm]·[72cm],8435782524260
variation,MU0401010260,,1,0,visible,,Dimensiuni: 56 * 76 cm,taxable,1,0,0,315,,,https://static.musaibrand.com/images/models/0401/model/large/0401_0260_2_1.jpg,MU0401,28,Size,S,,1,,Color,Negru/roșu,,1,,,,,,,,,,,,[56cm]·[76cm],8435782524307
variation,MU0401020260,,1,0,visible,,Dimensiuni: 59 * 78 cm,taxable,1,0,0,315,,,https://static.musaibrand.com/images/models/0401/model/large/0401_0260_2_1.jpg,MU0401,29,Size,M,,1,,Color,Negru/roșu,,1,,,,,,,,,,,,[59cm]·[78cm],8435782524345
variation,MU0401030260,,1,0,visible,,Dimensiuni: 62 * 80 cm,taxable,1,0,0,315,,,https://static.musaibrand.com/images/models/0401/model/large/0401_0260_2_1.jpg,MU0401,30,Size,L,,1,,Color,Negru/roșu,,1,,,,,,,,,,,,[62cm]·[80cm],8435782524383
variation,MU0401040260,,1,0,visible,,Dimensiuni: 65 * 82 cm,taxable,1,0,0,315,,,https://static.musaibrand.com/images/models/0401/model/large/0401_0260_2_1.jpg,MU0401,31,Size,XL,,1,,Color,Negru/roșu,,1,,,,,,,,,,,,[65cm]·[82cm],8435782524420
variation,MU0401050260,,1,0,visible,,Dimensiuni: 69 * 84 cm,taxable,1,0,0,315,,,https://static.musaibrand.com/images/models/0401/model/large/0401_0260_2_1.jpg,MU0401,32,Size,2XL,,1,,Color,Negru/roșu,,1,,,,,,,,,,,,[69cm]·[84cm],8435782524468
variation,MU0401060260,,1,0,visible,,Dimensiuni: 73 * 86 cm,taxable,1,0,0,315,,,https://static.musaibrand.com/images/models/0401/model/large/0401_0260_2_1.jpg,MU0401,33,Size,3XL,,1,,Color,Negru/roșu,,1,,,,,,,,,,,,[73cm]·[86cm],8435782524505
variation,MU0401220260,,1,0,visible,,Dimensiuni: 40 * 54 cm,taxable,1,0,0,315,,,https://static.musaibrand.com/images/models/0401/model/large/0401_0260_2_1.jpg,MU0401,34,Size,4,,1,,Color,Negru/roșu,,1,,,,,,,,,,,,[40cm]·[54cm],8435782524543
variation,MU0401240260,,1,0,visible,,Dimensiuni: 42 * 57 cm,taxable,1,0,0,315,,,https://static.musaibrand.com/images/models/0401/model/large/0401_0260_2_1.jpg,MU0401,35,Size,6,,1,,Color,Negru/roșu,,1,,,,,,,,,,,,[42cm]·[57cm],8435782524581
variation,MU0401250260,,1,0,visible,,Dimensiuni: 44 * 60 cm,taxable,1,0,0,315,,,https://static.musaibrand.com/images/models/0401/model/large/0401_0260_2_1.jpg,MU0401,36,Size,8,,1,,Color,Negru/roșu,,1,,,,,,,,,,,,[44cm]·[60cm],8435782524628
variation,MU0401260260,,1,0,visible,,Dimensiuni: 46 * 63 cm,taxable,1,0,0,315,,,https://static.musaibrand.com/images/models/0401/model/large/0401_0260_2_1.jpg,MU0401,37,Size,10,,1,,Color,Negru/roșu,,1,,,,,,,,,,,,[46cm]·[63cm],8435782524666
variation,MU0401270260,,1,0,visible,,Dimensiuni: 48 * 66 cm,taxable,1,0,0,315,,,https://static.musaibrand.com/images/models/0401/model/large/0401_0260_2_1.jpg,MU0401,38,Size,12,,1,,Color,Negru/roșu,,1,,,,,,,,,,,,[48cm]·[66cm],8435782524703
variation,MU0401280260,,1,0,visible,,Dimensiuni: 50 * 69 cm,taxable,1,0,0,315,,,https://static.musaibrand.com/images/models/0401/model/large/0401_0260_2_1.jpg,MU0401,39,Size,14,,1,,Color,Negru/roșu,,1,,,,,,,,,,,,[50cm]·[69cm],8435782524741
variation,MU0401005505,,1,0,visible,,Dimensiuni: 52 * 72 cm,taxable,1,0,0,315,,,https://static.musaibrand.com/images/models/0401/model/large/0401_5505_2_1.jpg,MU0401,40,Size,XS,,1,,Color,Albastru marin / Albastru regal,,1,,,,,,,,,,,,[52cm]·[72cm],8435782524277
variation,MU0401015505,,1,0,visible,,Dimensiuni: 56 * 76 cm,taxable,1,0,0,315,,,https://static.musaibrand.com/images/models/0401/model/large/0401_5505_2_1.jpg,MU0401,41,Size,S,,1,,Color,Albastru marin / Albastru regal,,1,,,,,,,,,,,,[56cm]·[76cm],8435782524314
variation,MU0401025505,,1,0,visible,,Dimensiuni: 59 * 78 cm,taxable,1,0,0,315,,,https://static.musaibrand.com/images/models/0401/model/large/0401_5505_2_1.jpg,MU0401,42,Size,M,,1,,Color,Albastru marin / Albastru regal,,1,,,,,,,,,,,,[59cm]·[78cm],8435782524352
variation,MU0401035505,,1,0,visible,,Dimensiuni: 62 * 80 cm,taxable,1,0,0,315,,,https://static.musaibrand.com/images/models/0401/model/large/0401_5505_2_1.jpg,MU0401,43,Size,L,,1,,Color,Albastru marin / Albastru regal,,1,,,,,,,,,,,,[62cm]·[80cm],8435782524390
variation,MU0401045505,,1,0,visible,,Dimensiuni: 65 * 82 cm,taxable,1,0,0,315,,,https://static.musaibrand.com/images/models/0401/model/large/0401_5505_2_1.jpg,MU0401,44,Size,XL,,1,,Color,Albastru marin / Albastru regal,,1,,,,,,,,,,,,[65cm]·[82cm],8435782524437
variation,MU0401055505,,1,0,visible,,Dimensiuni: 69 * 84 cm,taxable,1,0,0,315,,,https://static.musaibrand.com/images/models/0401/model/large/0401_5505_2_1.jpg,MU0401,45,Size,2XL,,1,,Color,Albastru marin / Albastru regal,,1,,,,,,,,,,,,[69cm]·[84cm],8435782524475
variation,MU0401065505,,1,0,visible,,Dimensiuni: 73 * 86 cm,taxable,1,0,0,315,,,https://static.musaibrand.com/images/models/0401/model/large/0401_5505_2_1.jpg,MU0401,46,Size,3XL,,1,,Color,Albastru marin / Albastru regal,,1,,,,,,,,,,,,[73cm]·[86cm],8435782524512
variation,MU0401225505,,1,0,visible,,Dimensiuni: 40 * 54 cm,taxable,1,0,0,315,,,https://static.musaibrand.com/images/models/0401/model/large/0401_5505_2_1.jpg,MU0401,47,Size,4,,1,,Color,Albastru marin / Albastru regal,,1,,,,,,,,,,,,[40cm]·[54cm],8435782524550
variation,MU0401245505,,1,0,visible,,Dimensiuni: 42 * 57 cm,taxable,1,0,0,315,,,https://static.musaibrand.com/images/models/0401/model/large/0401_5505_2_1.jpg,MU0401,48,Size,6,,1,,Color,Albastru marin / Albastru regal,,1,,,,,,,,,,,,[42cm]·[57cm],8435782524598
variation,MU0401255505,,1,0,visible,,Dimensiuni: 44 * 60 cm,taxable,1,0,0,315,,,https://static.musaibrand.com/images/models/0401/model/large/0401_5505_2_1.jpg,MU0401,49,Size,8,,1,,Color,Albastru marin / Albastru regal,,1,,,,,,,,,,,,[44cm]·[60cm],8435782524635
variation,MU0401265505,,1,0,visible,,Dimensiuni: 46 * 63 cm,taxable,1,0,0,315,,,https://static.musaibrand.com/images/models/0401/model/large/0401_5505_2_1.jpg,MU0401,50,Size,10,,1,,Color,Albastru marin / Albastru regal,,1,,,,,,,,,,,,[46cm]·[63cm],8435782524673
variation,MU0401275505,,1,0,visible,,Dimensiuni: 48 * 66 cm,taxable,1,0,0,315,,,https://static.musaibrand.com/images/models/0401/model/large/0401_5505_2_1.jpg,MU0401,51,Size,12,,1,,Color,Albastru marin / Albastru regal,,1,,,,,,,,,,,,[48cm]·[66cm],8435782524710
variation,MU0401285505,,1,0,visible,,Dimensiuni: 50 * 69 cm,taxable,1,0,0,315,,,https://static.musaibrand.com/images/models/0401/model/large/0401_5505_2_1.jpg,MU0401,52,Size,14,,1,,Color,Albastru marin / Albastru regal,,1,,,,,,,,,,,,[50cm]·[69cm],8435782524758
variable,MU0401-K,Jachetă Acolchado Kanzu Copii,1,0,visible,,"<p>Jachetă căptușită pentru copii, cu glugă fixă, confecționat din poliester reciclat.<br>· Windproof<br>· Padde protection</p><p><strong>Compoziție:</strong> Material principal: 100% poliester reciclat· Căptușeală matlasată: 100% tafta din poliester · Căptușeală interioară (taftă): 100% poliester taftă</p><p><br>· Glugă fixă cu căptușeală. <br>· Apărătoare pentru bărbie. <br>· Fermoar frontal acoperit cu bandă de închidere și dublu cursor  . <br>· Două buzunare laterale cu fermoar. <br>· Manșete elastice. <br>· Acces intern pentru reprocesare în partea din spate și stânga a pieptului.<br>· Detaliu cu logo cauciucat în zona pieptului.</p><h4>Dimensiuni</h4><table style='border-collapse:collapse;margin:8px 0'><tr><th style='padding:4px 12px;border:1px solid #ddd;text-align:left'>Mărime</th><th style='padding:4px 12px;border:1px solid #ddd;text-align:left'>Dimensiuni</th></tr><tr><td style='padding:4px 12px;border:1px solid #ddd'>XS</td><td style='padding:4px 12px;border:1px solid #ddd'>52 * 72 cm</td></tr><tr><td style='padding:4px 12px;border:1px solid #ddd'>S</td><td style='padding:4px 12px;border:1px solid #ddd'>56 * 76 cm</td></tr><tr><td style='padding:4px 12px;border:1px solid #ddd'>M</td><td style='padding:4px 12px;border:1px solid #ddd'>59 * 78 cm</td></tr><tr><td style='padding:4px 12px;border:1px solid #ddd'>L</td><td style='padding:4px 12px;border:1px solid #ddd'>62 * 80 cm</td></tr><tr><td style='padding:4px 12px;border:1px solid #ddd'>XL</td><td style='padding:4px 12px;border:1px solid #ddd'>65 * 82 cm</td></tr><tr><td style='padding:4px 12px;border:1px solid #ddd'>2XL</td><td style='padding:4px 12px;border:1px solid #ddd'>69 * 84 cm</td></tr><tr><td style='padding:4px 12px;border:1px solid #ddd'>3XL</td><td style='padding:4px 12px;border:1px solid #ddd'>73 * 86 cm</td></tr><tr><td style='padding:4px 12px;border:1px solid #ddd'>4</td><td style='padding:4px 12px;border:1px solid #ddd'>40 * 54 cm</td></tr><tr><td style='padding:4px 12px;border:1px solid #ddd'>6</td><td style='padding:4px 12px;border:1px solid #ddd'>42 * 57 cm</td></tr><tr><td style='padding:4px 12px;border:1px solid #ddd'>8</td><td style='padding:4px 12px;border:1px solid #ddd'>44 * 60 cm</td></tr><tr><td style='padding:4px 12px;border:1px solid #ddd'>10</td><td style='padding:4px 12px;border:1px solid #ddd'>46 * 63 cm</td></tr><tr><td style='padding:4px 12px;border:1px solid #ddd'>12</td><td style='padding:4px 12px;border:1px solid #ddd'>48 * 66 cm</td></tr><tr><td style='padding:4px 12px;border:1px solid #ddd'>14</td><td style='padding:4px 12px;border:1px solid #ddd'>50 * 69 cm</td></tr></table>",taxable,1,0,0,,Jachete,MUSAI,"https://static.musaibrand.com/images/models/0401-K/model/large/0401-K_02222_1_1.jpg,https://static.musaibrand.com/images/models/0401-K/model/large/0401-K_02258_1_1.jpg,https://static.musaibrand.com/images/models/0401-K/model/large/0401-K_0260_1_1.jpg,https://static.musaibrand.com/images/models/0401-K/model/large/0401-K_5505_1_1.jpg,https://static.musaibrand.com/images/models/0401-K/model/large/0401-K_02222_2_1.jpg,https://static.musaibrand.com/images/models/0401-K/model/large/0401-K_02258_2_1.jpg,https://static.musaibrand.com/images/models/0401-K/model/large/0401-K_0260_2_1.jpg,https://static.musaibrand.com/images/models/0401-K/model/large/0401-K_5505_2_1.jpg",,0,Size,"XS, S, M, L, XL, 2XL, 3XL, 4, 6, 8, 10, 12, 14",1,1,,Color,"Negru/Fluor verde, Negru / Gri deschis, Negru/roșu, Albastru marin / Albastru regal",1,1,,Gender,Unisex,1,1,,Dimensiuni,"[52cm]·[72cm], [56cm]·[76cm], [59cm]·[78cm], [62cm]·[80cm], [65cm]·[82cm], [69cm]·[84cm], [73cm]·[86cm], [40cm]·[54cm], [42cm]·[57cm], [44cm]·[60cm], [46cm]·[63cm], [48cm]·[66cm], [50cm]·[69cm]",1,0,,,
variation,MU04010002222-K,,1,0,visible,,Dimensiuni: 52 * 72 cm,taxable,1,0,0,315,,,https://static.musaibrand.com/images/models/0401-K/model/large/0401-K_02222_2_1.jpg,MU0401-K,1,Size,XS,,1,,Color,Negru/Fluor verde,,1,,,,,,,,,,,,[52cm]·[72cm],8435782524246
variation,MU04010102222-K,,1,0,visible,,Dimensiuni: 56 * 76 cm,taxable,1,0,0,315,,,https://static.musaibrand.com/images/models/0401-K/model/large/0401-K_02222_2_1.jpg,MU0401-K,2,Size,S,,1,,Color,Negru/Fluor verde,,1,,,,,,,,,,,,[56cm]·[76cm],8435782524284
variation,MU04010202222-K,,1,0,visible,,Dimensiuni: 59 * 78 cm,taxable,1,0,0,315,,,https://static.musaibrand.com/images/models/0401-K/model/large/0401-K_02222_2_1.jpg,MU0401-K,3,Size,M,,1,,Color,Negru/Fluor verde,,1,,,,,,,,,,,,[59cm]·[78cm],8435782524321
variation,MU04010302222-K,,1,0,visible,,Dimensiuni: 62 * 80 cm,taxable,1,0,0,315,,,https://static.musaibrand.com/images/models/0401-K/model/large/0401-K_02222_2_1.jpg,MU0401-K,4,Size,L,,1,,Color,Negru/Fluor verde,,1,,,,,,,,,,,,[62cm]·[80cm],8435782524369
variation,MU04010402222-K,,1,0,visible,,Dimensiuni: 65 * 82 cm,taxable,1,0,0,315,,,https://static.musaibrand.com/images/models/0401-K/model/large/0401-K_02222_2_1.jpg,MU0401-K,5,Size,XL,,1,,Color,Negru/Fluor verde,,1,,,,,,,,,,,,[65cm]·[82cm],8435782524406
variation,MU04010502222-K,,1,0,visible,,Dimensiuni: 69 * 84 cm,taxable,1,0,0,315,,,https://static.musaibrand.com/images/models/0401-K/model/large/0401-K_02222_2_1.jpg,MU0401-K,6,Size,2XL,,1,,Color,Negru/Fluor verde,,1,,,,,,,,,,,,[69cm]·[84cm],8435782524444
variation,MU04010602222-K,,1,0,visible,,Dimensiuni: 73 * 86 cm,taxable,1,0,0,315,,,https://static.musaibrand.com/images/models/0401-K/model/large/0401-K_02222_2_1.jpg,MU0401-K,7,Size,3XL,,1,,Color,Negru/Fluor verde,,1,,,,,,,,,,,,[73cm]·[86cm],8435782524482
variation,MU04012202222-K,,1,0,visible,,Dimensiuni: 40 * 54 cm,taxable,1,0,0,315,,,https://static.musaibrand.com/images/models/0401-K/model/large/0401-K_02222_2_1.jpg,MU0401-K,8,Size,4,,1,,Color,Negru/Fluor verde,,1,,,,,,,,,,,,[40cm]·[54cm],8435782524529
variation,MU04012402222-K,,1,0,visible,,Dimensiuni: 42 * 57 cm,taxable,1,0,0,315,,,https://static.musaibrand.com/images/models/0401-K/model/large/0401-K_02222_2_1.jpg,MU0401-K,9,Size,6,,1,,Color,Negru/Fluor verde,,1,,,,,,,,,,,,[42cm]·[57cm],8435782524567
variation,MU04012502222-K,,1,0,visible,,Dimensiuni: 44 * 60 cm,taxable,1,0,0,315,,,https://static.musaibrand.com/images/models/0401-K/model/large/0401-K_02222_2_1.jpg,MU0401-K,10,Size,8,,1,,Color,Negru/Fluor verde,,1,,,,,,,,,,,,[44cm]·[60cm],8435782524604
variation,MU04012602222-K,,1,0,visible,,Dimensiuni: 46 * 63 cm,taxable,1,0,0,315,,,https://static.musaibrand.com/images/models/0401-K/model/large/0401-K_02222_2_1.jpg,MU0401-K,11,Size,10,,1,,Color,Negru/Fluor verde,,1,,,,,,,,,,,,[46cm]·[63cm],8435782524642
variation,MU04012702222-K,,1,0,visible,,Dimensiuni: 48 * 66 cm,taxable,1,0,0,315,,,https://static.musaibrand.com/images/models/0401-K/model/large/0401-K_02222_2_1.jpg,MU0401-K,12,Size,12,,1,,Color,Negru/Fluor verde,,1,,,,,,,,,,,,[48cm]·[66cm],8435782524680
variation,MU04012802222-K,,1,0,visible,,Dimensiuni: 50 * 69 cm,taxable,1,0,0,315,,,https://static.musaibrand.com/images/models/0401-K/model/large/0401-K_02222_2_1.jpg,MU0401-K,13,Size,14,,1,,Color,Negru/Fluor verde,,1,,,,,,,,,,,,[50cm]·[69cm],8435782524727
variation,MU04010002258-K,,1,0,visible,,Dimensiuni: 52 * 72 cm,taxable,1,0,0,315,,,https://static.musaibrand.com/images/models/0401-K/model/large/0401-K_02258_2_1.jpg,MU0401-K,14,Size,XS,,1,,Color,Negru / Gri deschis,,1,,,,,,,,,,,,[52cm]·[72cm],8435782524253
variation,MU04010102258-K,,1,0,visible,,Dimensiuni: 56 * 76 cm,taxable,1,0,0,315,,,https://static.musaibrand.com/images/models/0401-K/model/large/0401-K_02258_2_1.jpg,MU0401-K,15,Size,S,,1,,Color,Negru / Gri deschis,,1,,,,,,,,,,,,[56cm]·[76cm],8435782524291
variation,MU04010202258-K,,1,0,visible,,Dimensiuni: 59 * 78 cm,taxable,1,0,0,315,,,https://static.musaibrand.com/images/models/0401-K/model/large/0401-K_02258_2_1.jpg,MU0401-K,16,Size,M,,1,,Color,Negru / Gri deschis,,1,,,,,,,,,,,,[59cm]·[78cm],8435782524338
variation,MU04010302258-K,,1,0,visible,,Dimensiuni: 62 * 80 cm,taxable,1,0,0,315,,,https://static.musaibrand.com/images/models/0401-K/model/large/0401-K_02258_2_1.jpg,MU0401-K,17,Size,L,,1,,Color,Negru / Gri deschis,,1,,,,,,,,,,,,[62cm]·[80cm],8435782524376
variation,MU04010402258-K,,1,0,visible,,Dimensiuni: 65 * 82 cm,taxable,1,0,0,315,,,https://static.musaibrand.com/images/models/0401-K/model/large/0401-K_02258_2_1.jpg,MU0401-K,18,Size,XL,,1,,Color,Negru / Gri deschis,,1,,,,,,,,,,,,[65cm]·[82cm],8435782524413
variation,MU04010502258-K,,1,0,visible,,Dimensiuni: 69 * 84 cm,taxable,1,0,0,315,,,https://static.musaibrand.com/images/models/0401-K/model/large/0401-K_02258_2_1.jpg,MU0401-K,19,Size,2XL,,1,,Color,Negru / Gri deschis,,1,,,,,,,,,,,,[69cm]·[84cm],8435782524451
variation,MU04010602258-K,,1,0,visible,,Dimensiuni: 73 * 86 cm,taxable,1,0,0,315,,,https://static.musaibrand.com/images/models/0401-K/model/large/0401-K_02258_2_1.jpg,MU0401-K,20,Size,3XL,,1,,Color,Negru / Gri deschis,,1,,,,,,,,,,,,[73cm]·[86cm],8435782524499
variation,MU04012202258-K,,1,0,visible,,Dimensiuni: 40 * 54 cm,taxable,1,0,0,315,,,https://static.musaibrand.com/images/models/0401-K/model/large/0401-K_02258_2_1.jpg,MU0401-K,21,Size,4,,1,,Color,Negru / Gri deschis,,1,,,,,,,,,,,,[40cm]·[54cm],8435782524536
variation,MU04012402258-K,,1,0,visible,,Dimensiuni: 42 * 57 cm,taxable,1,0,0,315,,,https://static.musaibrand.com/images/models/0401-K/model/large/0401-K_02258_2_1.jpg,MU0401-K,22,Size,6,,1,,Color,Negru / Gri deschis,,1,,,,,,,,,,,,[42cm]·[57cm],8435782524574
variation,MU04012502258-K,,1,0,visible,,Dimensiuni: 44 * 60 cm,taxable,1,0,0,315,,,https://static.musaibrand.com/images/models/0401-K/model/large/0401-K_02258_2_1.jpg,MU0401-K,23,Size,8,,1,,Color,Negru / Gri deschis,,1,,,,,,,,,,,,[44cm]·[60cm],8435782524611
variation,MU04012602258-K,,1,0,visible,,Dimensiuni: 46 * 63 cm,taxable,1,0,0,315,,,https://static.musaibrand.com/images/models/0401-K/model/large/0401-K_02258_2_1.jpg,MU0401-K,24,Size,10,,1,,Color,Negru / Gri deschis,,1,,,,,,,,,,,,[46cm]·[63cm],8435782524659
variation,MU04012702258-K,,1,0,visible,,Dimensiuni: 48 * 66 cm,taxable,1,0,0,315,,,https://static.musaibrand.com/images/models/0401-K/model/large/0401-K_02258_2_1.jpg,MU0401-K,25,Size,12,,1,,Color,Negru / Gri deschis,,1,,,,,,,,,,,,[48cm]·[66cm],8435782524697
variation,MU04012802258-K,,1,0,visible,,Dimensiuni: 50 * 69 cm,taxable,1,0,0,315,,,https://static.musaibrand.com/images/models/0401-K/model/large/0401-K_02258_2_1.jpg,MU0401-K,26,Size,14,,1,,Color,Negru / Gri deschis,,1,,,,,,,,,,,,[50cm]·[69cm],8435782524734
variation,MU0401000260-K,,1,0,visible,,Dimensiuni: 52 * 72 cm,taxable,1,0,0,315,,,https://static.musaibrand.com/images/models/0401-K/model/large/0401-K_0260_2_1.jpg,MU0401-K,27,Size,XS,,1,,Color,Negru/roșu,,1,,,,,,,,,,,,[52cm]·[72cm],8435782524260
variation,MU0401010260-K,,1,0,visible,,Dimensiuni: 56 * 76 cm,taxable,1,0,0,315,,,https://static.musaibrand.com/images/models/0401-K/model/large/0401-K_0260_2_1.jpg,MU0401-K,28,Size,S,,1,,Color,Negru/roșu,,1,,,,,,,,,,,,[56cm]·[76cm],8435782524307
variation,MU0401020260-K,,1,0,visible,,Dimensiuni: 59 * 78 cm,taxable,1,0,0,315,,,https://static.musaibrand.com/images/models/0401-K/model/large/0401-K_0260_2_1.jpg,MU0401-K,29,Size,M,,1,,Color,Negru/roșu,,1,,,,,,,,,,,,[59cm]·[78cm],8435782524345
variation,MU0401030260-K,,1,0,visible,,Dimensiuni: 62 * 80 cm,taxable,1,0,0,315,,,https://static.musaibrand.com/images/models/0401-K/model/large/0401-K_0260_2_1.jpg,MU0401-K,30,Size,L,,1,,Color,Negru/roșu,,1,,,,,,,,,,,,[62cm]·[80cm],8435782524383
variation,MU0401040260-K,,1,0,visible,,Dimensiuni: 65 * 82 cm,taxable,1,0,0,315,,,https://static.musaibrand.com/images/models/0401-K/model/large/0401-K_0260_2_1.jpg,MU0401-K,31,Size,XL,,1,,Color,Negru/roșu,,1,,,,,,,,,,,,[65cm]·[82cm],8435782524420
variation,MU0401050260-K,,1,0,visible,,Dimensiuni: 69 * 84 cm,taxable,1,0,0,315,,,https://static.musaibrand.com/images/models/0401-K/model/large/0401-K_0260_2_1.jpg,MU0401-K,32,Size,2XL,,1,,Color,Negru/roșu,,1,,,,,,,,,,,,[69cm]·[84cm],8435782524468
variation,MU0401060260-K,,1,0,visible,,Dimensiuni: 73 * 86 cm,taxable,1,0,0,315,,,https://static.musaibrand.com/images/models/0401-K/model/large/0401-K_0260_2_1.jpg,MU0401-K,33,Size,3XL,,1,,Color,Negru/roșu,,1,,,,,,,,,,,,[73cm]·[86cm],8435782524505
variation,MU0401220260-K,,1,0,visible,,Dimensiuni: 40 * 54 cm,taxable,1,0,0,315,,,https://static.musaibrand.com/images/models/0401-K/model/large/0401-K_0260_2_1.jpg,MU0401-K,34,Size,4,,1,,Color,Negru/roșu,,1,,,,,,,,,,,,[40cm]·[54cm],8435782524543
variation,MU0401240260-K,,1,0,visible,,Dimensiuni: 42 * 57 cm,taxable,1,0,0,315,,,https://static.musaibrand.com/images/models/0401-K/model/large/0401-K_0260_2_1.jpg,MU0401-K,35,Size,6,,1,,Color,Negru/roșu,,1,,,,,,,,,,,,[42cm]·[57cm],8435782524581
variation,MU0401250260-K,,1,0,visible,,Dimensiuni: 44 * 60 cm,taxable,1,0,0,315,,,https://static.musaibrand.com/images/models/0401-K/model/large/0401-K_0260_2_1.jpg,MU0401-K,36,Size,8,,1,,Color,Negru/roșu,,1,,,,,,,,,,,,[44cm]·[60cm],8435782524628
variation,MU0401260260-K,,1,0,visible,,Dimensiuni: 46 * 63 cm,taxable,1,0,0,315,,,https://static.musaibrand.com/images/models/0401-K/model/large/0401-K_0260_2_1.jpg,MU0401-K,37,Size,10,,1,,Color,Negru/roșu,,1,,,,,,,,,,,,[46cm]·[63cm],8435782524666
variation,MU0401270260-K,,1,0,visible,,Dimensiuni: 48 * 66 cm,taxable,1,0,0,315,,,https://static.musaibrand.com/images/models/0401-K/model/large/0401-K_0260_2_1.jpg,MU0401-K,38,Size,12,,1,,Color,Negru/roșu,,1,,,,,,,,,,,,[48cm]·[66cm],8435782524703
variation,MU0401280260-K,,1,0,visible,,Dimensiuni: 50 * 69 cm,taxable,1,0,0,315,,,https://static.musaibrand.com/images/models/0401-K/model/large/0401-K_0260_2_1.jpg,MU0401-K,39,Size,14,,1,,Color,Negru/roșu,,1,,,,,,,,,,,,[50cm]·[69cm],8435782524741
variation,MU0401005505-K,,1,0,visible,,Dimensiuni: 52 * 72 cm,taxable,1,0,0,315,,,https://static.musaibrand.com/images/models/0401-K/model/large/0401-K_5505_2_1.jpg,MU0401-K,40,Size,XS,,1,,Color,Albastru marin / Albastru regal,,1,,,,,,,,,,,,[52cm]·[72cm],8435782524277
variation,MU0401015505-K,,1,0,visible,,Dimensiuni: 56 * 76 cm,taxable,1,0,0,315,,,https://static.musaibrand.com/images/models/0401-K/model/large/0401-K_5505_2_1.jpg,MU0401-K,41,Size,S,,1,,Color,Albastru marin / Albastru regal,,1,,,,,,,,,,,,[56cm]·[76cm],8435782524314
variation,MU0401025505-K,,1,0,visible,,Dimensiuni: 59 * 78 cm,taxable,1,0,0,315,,,https://static.musaibrand.com/images/models/0401-K/model/large/0401-K_5505_2_1.jpg,MU0401-K,42,Size,M,,1,,Color,Albastru marin / Albastru regal,,1,,,,,,,,,,,,[59cm]·[78cm],8435782524352
variation,MU0401035505-K,,1,0,visible,,Dimensiuni: 62 * 80 cm,taxable,1,0,0,315,,,https://static.musaibrand.com/images/models/0401-K/model/large/0401-K_5505_2_1.jpg,MU0401-K,43,Size,L,,1,,Color,Albastru marin / Albastru regal,,1,,,,,,,,,,,,[62cm]·[80cm],8435782524390
variation,MU0401045505-K,,1,0,visible,,Dimensiuni: 65 * 82 cm,taxable,1,0,0,315,,,https://static.musaibrand.com/images/models/0401-K/model/large/0401-K_5505_2_1.jpg,MU0401-K,44,Size,XL,,1,,Color,Albastru marin / Albastru regal,,1,,,,,,,,,,,,[65cm]·[82cm],8435782524437
variation,MU0401055505-K,,1,0,visible,,Dimensiuni: 69 * 84 cm,taxable,1,0,0,315,,,https://static.musaibrand.com/images/models/0401-K/model/large/0401-K_5505_2_1.jpg,MU0401-K,45,Size,2XL,,1,,Color,Albastru marin / Albastru regal,,1,,,,,,,,,,,,[69cm]·[84cm],8435782524475
variation,MU0401065505-K,,1,0,visible,,Dimensiuni: 73 * 86 cm,taxable,1,0,0,315,,,https://static.musaibrand.com/images/models/0401-K/model/large/0401-K_5505_2_1.jpg,MU0401-K,46,Size,3XL,,1,,Color,Albastru marin / Albastru regal,,1,,,,,,,,,,,,[73cm]·[86cm],8435782524512
variation,MU0401225505-K,,1,0,visible,,Dimensiuni: 40 * 54 cm,taxable,1,0,0,315,,,https://static.musaibrand.com/images/models/0401-K/model/large/0401-K_5505_2_1.jpg,MU0401-K,47,Size,4,,1,,Color,Albastru marin / Albastru regal,,1,,,,,,,,,,,,[40cm]·[54cm],8435782524550
variation,MU0401245505-K,,1,0,visible,,Dimensiuni: 42 * 57 cm,taxable,1,0,0,315,,,https://static.musaibrand.com/images/models/0401-K/model/large/0401-K_5505_2_1.jpg,MU0401-K,48,Size,6,,1,,Color,Albastru marin / Albastru regal,,1,,,,,,,,,,,,[42cm]·[57cm],8435782524598
variation,MU0401255505-K,,1,0,visible,,Dimensiuni: 44 * 60 cm,taxable,1,0,0,315,,,https://static.musaibrand.com/images/models/0401-K/model/large/0401-K_5505_2_1.jpg,MU0401-K,49,Size,8,,1,,Color,Albastru marin / Albastru regal,,1,,,,,,,,,,,,[44cm]·[60cm],8435782524635
variation,MU0401265505-K,,1,0,visible,,Dimensiuni: 46 * 63 cm,taxable,1,0,0,315,,,https://static.musaibrand.com/images/models/0401-K/model/large/0401-K_5505_2_1.jpg,MU0401-K,50,Size,10,,1,,Color,Albastru marin / Albastru regal,,1,,,,,,,,,,,,[46cm]·[63cm],8435782524673
variation,MU0401275505-K,,1,0,visible,,Dimensiuni: 48 * 66 cm,taxable,1,0,0,315,,,https://static.musaibrand.com/images/models/0401-K/model/large/0401-K_5505_2_1.jpg,MU0401-K,51,Size,12,,1,,Color,Albastru marin / Albastru regal,,1,,,,,,,,,,,,[48cm]·[66cm],8435782524710
variation,MU0401285505-K,,1,0,visible,,Dimensiuni: 50 * 69 cm,taxable,1,0,0,315,,,https://static.musaibrand.com/images/models/0401-K/model/large/0401-K_5505_2_1.jpg,MU0401-K,52,Size,14,,1,,Color,Albastru marin / Albastru regal,,1,,,,,,,,,,,,[50cm]·[69cm],8435782524758
variable,MU0402,jachetă căptușit - Pedi,1,0,visible,,"<p>Jachetă căptușită sport unisex, cu glugă fixă, confecționat din poliester reciclat.<br>· Windproof<br>· Padde protection</p><p><strong>Compoziție:</strong> Material principal: 100% poliester reciclat · Căptușeală matlasată: 100% tafta din poliester · Căptușeală interioară (taftă): 100% poliester taftă</p><p><br>· Glugă fixă cu căptușeală.<br>· Fermoar frontal inversat asortat cu dispozitiv de tragere dublu personalizat cu design de marcă și apărătoare pentru bărbie. <br>· Două buzunare laterale cu fermoar.<br>· Mâneci lungi finisate cu manșete elastice. <br>· Puncte de acces interioare pentru reprocesare în partea din spate și în partea stângă a pieptului.<br>· Detaliu cu logo cauciucat pe mâneci.</p><h4>Dimensiuni</h4><table style='border-collapse:collapse;margin:8px 0'><tr><th style='padding:4px 12px;border:1px solid #ddd;text-align:left'>Mărime</th><th style='padding:4px 12px;border:1px solid #ddd;text-align:left'>Dimensiuni</th></tr><tr><td style='padding:4px 12px;border:1px solid #ddd'>XS</td><td style='padding:4px 12px;border:1px solid #ddd'>52 * 72 cm</td></tr><tr><td style='padding:4px 12px;border:1px solid #ddd'>S</td><td style='padding:4px 12px;border:1px solid #ddd'>56 * 76 cm</td></tr><tr><td style='padding:4px 12px;border:1px solid #ddd'>M</td><td style='padding:4px 12px;border:1px solid #ddd'>59 * 78 cm</td></tr><tr><td style='padding:4px 12px;border:1px solid #ddd'>L</td><td style='padding:4px 12px;border:1px solid #ddd'>62 * 80 cm</td></tr><tr><td style='padding:4px 12px;border:1px solid #ddd'>XL</td><td style='padding:4px 12px;border:1px solid #ddd'>65 * 82 cm</td></tr><tr><td style='padding:4px 12px;border:1px solid #ddd'>2XL</td><td style='padding:4px 12px;border:1px solid #ddd'>69 * 84 cm</td></tr><tr><td style='padding:4px 12px;border:1px solid #ddd'>3XL</td><td style='padding:4px 12px;border:1px solid #ddd'>73 * 86 cm</td></tr><tr><td style='padding:4px 12px;border:1px solid #ddd'>4</td><td style='padding:4px 12px;border:1px solid #ddd'>40 * 54 cm</td></tr><tr><td style='padding:4px 12px;border:1px solid #ddd'>6</td><td style='padding:4px 12px;border:1px solid #ddd'>42 * 57 cm</td></tr><tr><td style='padding:4px 12px;border:1px solid #ddd'>8</td><td style='padding:4px 12px;border:1px solid #ddd'>44 * 60 cm</td></tr><tr><td style='padding:4px 12px;border:1px solid #ddd'>10</td><td style='padding:4px 12px;border:1px solid #ddd'>46 * 63 cm</td></tr><tr><td style='padding:4px 12px;border:1px solid #ddd'>12</td><td style='padding:4px 12px;border:1px solid #ddd'>48 * 66 cm</td></tr><tr><td style='padding:4px 12px;border:1px solid #ddd'>14</td><td style='padding:4px 12px;border:1px solid #ddd'>50 * 69 cm</td></tr></table>",taxable,1,0,0,,Jachete,MUSAI,"https://static.musaibrand.com/images/models/0402/model/large/0402_02_1_1.jpg,https://static.musaibrand.com/images/models/0402/model/large/0402_55_1_1.jpg,https://static.musaibrand.com/images/models/0402/model/large/0402_02_2_1.jpg,https://static.musaibrand.com/images/models/0402/model/large/0402_55_2_1.jpg",,0,Size,"XS, S, M, L, XL, 2XL, 3XL, 4, 6, 8, 10, 12, 14",1,1,,Color,"Negru, Albastru marin",1,1,,Gender,Unisex,1,1,,Dimensiuni,"[52cm]·[72cm], [56cm]·[76cm], [59cm]·[78cm], [62cm]·[80cm], [65cm]·[82cm], [69cm]·[84cm], [73cm]·[86cm], [40cm]·[54cm], [42cm]·[57cm], [44cm]·[60cm], [46cm]·[63cm], [48cm]·[66cm], [50cm]·[69cm]",1,0,,,
variation,MU04020002,,1,0,visible,,Dimensiuni: 52 * 72 cm,taxable,1,0,0,283.5,,,https://static.musaibrand.com/images/models/0402/model/large/0402_02_2_1.jpg,MU0402,1,Size,XS,,1,,Color,Negru,,1,,,,,,,,,,,,[52cm]·[72cm],8435782524765
variation,MU04020102,,1,0,visible,,Dimensiuni: 56 * 76 cm,taxable,1,0,0,283.5,,,https://static.musaibrand.com/images/models/0402/model/large/0402_02_2_1.jpg,MU0402,2,Size,S,,1,,Color,Negru,,1,,,,,,,,,,,,[56cm]·[76cm],8435782524789
variation,MU04020202,,1,0,visible,,Dimensiuni: 59 * 78 cm,taxable,1,0,0,283.5,,,https://static.musaibrand.com/images/models/0402/model/large/0402_02_2_1.jpg,MU0402,3,Size,M,,1,,Color,Negru,,1,,,,,,,,,,,,[59cm]·[78cm],8435782524802
variation,MU04020302,,1,0,visible,,Dimensiuni: 62 * 80 cm,taxable,1,0,0,283.5,,,https://static.musaibrand.com/images/models/0402/model/large/0402_02_2_1.jpg,MU0402,4,Size,L,,1,,Color,Negru,,1,,,,,,,,,,,,[62cm]·[80cm],8435782524826
variation,MU04020402,,1,0,visible,,Dimensiuni: 65 * 82 cm,taxable,1,0,0,283.5,,,https://static.musaibrand.com/images/models/0402/model/large/0402_02_2_1.jpg,MU0402,5,Size,XL,,1,,Color,Negru,,1,,,,,,,,,,,,[65cm]·[82cm],8435782524840
variation,MU04020502,,1,0,visible,,Dimensiuni: 69 * 84 cm,taxable,1,0,0,283.5,,,https://static.musaibrand.com/images/models/0402/model/large/0402_02_2_1.jpg,MU0402,6,Size,2XL,,1,,Color,Negru,,1,,,,,,,,,,,,[69cm]·[84cm],8435782524864
variation,MU04020602,,1,0,visible,,Dimensiuni: 73 * 86 cm,taxable,1,0,0,283.5,,,https://static.musaibrand.com/images/models/0402/model/large/0402_02_2_1.jpg,MU0402,7,Size,3XL,,1,,Color,Negru,,1,,,,,,,,,,,,[73cm]·[86cm],8435782524888
variation,MU04022202,,1,0,visible,,Dimensiuni: 40 * 54 cm,taxable,1,0,0,283.5,,,https://static.musaibrand.com/images/models/0402/model/large/0402_02_2_1.jpg,MU0402,8,Size,4,,1,,Color,Negru,,1,,,,,,,,,,,,[40cm]·[54cm],8435782524901
variation,MU04022402,,1,0,visible,,Dimensiuni: 42 * 57 cm,taxable,1,0,0,283.5,,,https://static.musaibrand.com/images/models/0402/model/large/0402_02_2_1.jpg,MU0402,9,Size,6,,1,,Color,Negru,,1,,,,,,,,,,,,[42cm]·[57cm],8435782524925
variation,MU04022502,,1,0,visible,,Dimensiuni: 44 * 60 cm,taxable,1,0,0,283.5,,,https://static.musaibrand.com/images/models/0402/model/large/0402_02_2_1.jpg,MU0402,10,Size,8,,1,,Color,Negru,,1,,,,,,,,,,,,[44cm]·[60cm],8435782524949
variation,MU04022602,,1,0,visible,,Dimensiuni: 46 * 63 cm,taxable,1,0,0,283.5,,,https://static.musaibrand.com/images/models/0402/model/large/0402_02_2_1.jpg,MU0402,11,Size,10,,1,,Color,Negru,,1,,,,,,,,,,,,[46cm]·[63cm],8435782524963
variation,MU04022702,,1,0,visible,,Dimensiuni: 48 * 66 cm,taxable,1,0,0,283.5,,,https://static.musaibrand.com/images/models/0402/model/large/0402_02_2_1.jpg,MU0402,12,Size,12,,1,,Color,Negru,,1,,,,,,,,,,,,[48cm]·[66cm],8435782524987
variation,MU04022802,,1,0,visible,,Dimensiuni: 50 * 69 cm,taxable,1,0,0,283.5,,,https://static.musaibrand.com/images/models/0402/model/large/0402_02_2_1.jpg,MU0402,13,Size,14,,1,,Color,Negru,,1,,,,,,,,,,,,[50cm]·[69cm],8435782525007
variation,MU04020055,,1,0,visible,,Dimensiuni: 52 * 72 cm,taxable,1,0,0,283.5,,,https://static.musaibrand.com/images/models/0402/model/large/0402_55_2_1.jpg,MU0402,14,Size,XS,,1,,Color,Albastru marin,,1,,,,,,,,,,,,[52cm]·[72cm],8435782524772
variation,MU04020155,,1,0,visible,,Dimensiuni: 56 * 76 cm,taxable,1,0,0,283.5,,,https://static.musaibrand.com/images/models/0402/model/large/0402_55_2_1.jpg,MU0402,15,Size,S,,1,,Color,Albastru marin,,1,,,,,,,,,,,,[56cm]·[76cm],8435782524796
variation,MU04020255,,1,0,visible,,Dimensiuni: 59 * 78 cm,taxable,1,0,0,283.5,,,https://static.musaibrand.com/images/models/0402/model/large/0402_55_2_1.jpg,MU0402,16,Size,M,,1,,Color,Albastru marin,,1,,,,,,,,,,,,[59cm]·[78cm],8435782524819
variation,MU04020355,,1,0,visible,,Dimensiuni: 62 * 80 cm,taxable,1,0,0,283.5,,,https://static.musaibrand.com/images/models/0402/model/large/0402_55_2_1.jpg,MU0402,17,Size,L,,1,,Color,Albastru marin,,1,,,,,,,,,,,,[62cm]·[80cm],8435782524833
variation,MU04020455,,1,0,visible,,Dimensiuni: 65 * 82 cm,taxable,1,0,0,283.5,,,https://static.musaibrand.com/images/models/0402/model/large/0402_55_2_1.jpg,MU0402,18,Size,XL,,1,,Color,Albastru marin,,1,,,,,,,,,,,,[65cm]·[82cm],8435782524857
variation,MU04020555,,1,0,visible,,Dimensiuni: 69 * 84 cm,taxable,1,0,0,283.5,,,https://static.musaibrand.com/images/models/0402/model/large/0402_55_2_1.jpg,MU0402,19,Size,2XL,,1,,Color,Albastru marin,,1,,,,,,,,,,,,[69cm]·[84cm],8435782524871
variation,MU04020655,,1,0,visible,,Dimensiuni: 73 * 86 cm,taxable,1,0,0,283.5,,,https://static.musaibrand.com/images/models/0402/model/large/0402_55_2_1.jpg,MU0402,20,Size,3XL,,1,,Color,Albastru marin,,1,,,,,,,,,,,,[73cm]·[86cm],8435782524895
variation,MU04022255,,1,0,visible,,Dimensiuni: 40 * 54 cm,taxable,1,0,0,283.5,,,https://static.musaibrand.com/images/models/0402/model/large/0402_55_2_1.jpg,MU0402,21,Size,4,,1,,Color,Albastru marin,,1,,,,,,,,,,,,[40cm]·[54cm],8435782524918
variation,MU04022455,,1,0,visible,,Dimensiuni: 42 * 57 cm,taxable,1,0,0,283.5,,,https://static.musaibrand.com/images/models/0402/model/large/0402_55_2_1.jpg,MU0402,22,Size,6,,1,,Color,Albastru marin,,1,,,,,,,,,,,,[42cm]·[57cm],8435782524932
variation,MU04022555,,1,0,visible,,Dimensiuni: 44 * 60 cm,taxable,1,0,0,283.5,,,https://static.musaibrand.com/images/models/0402/model/large/0402_55_2_1.jpg,MU0402,23,Size,8,,1,,Color,Albastru marin,,1,,,,,,,,,,,,[44cm]·[60cm],8435782524956
variation,MU04022655,,1,0,visible,,Dimensiuni: 46 * 63 cm,taxable,1,0,0,283.5,,,https://static.musaibrand.com/images/models/0402/model/large/0402_55_2_1.jpg,MU0402,24,Size,10,,1,,Color,Albastru marin,,1,,,,,,,,,,,,[46cm]·[63cm],8435782524970
variation,MU04022755,,1,0,visible,,Dimensiuni: 48 * 66 cm,taxable,1,0,0,283.5,,,https://static.musaibrand.com/images/models/0402/model/large/0402_55_2_1.jpg,MU0402,25,Size,12,,1,,Color,Albastru marin,,1,,,,,,,,,,,,[48cm]·[66cm],8435782524994
variation,MU04022855,,1,0,visible,,Dimensiuni: 50 * 69 cm,taxable,1,0,0,283.5,,,https://static.musaibrand.com/images/models/0402/model/large/0402_55_2_1.jpg,MU0402,26,Size,14,,1,,Color,Albastru marin,,1,,,,,,,,,,,,[50cm]·[69cm],8435782525014
variable,MU0402-K,Jachetă Acolchado Pedi Copii,1,0,visible,,"<p>Jachetă căptușită sport pentru copii, cu glugă fixă, confecționat din poliester reciclat.<br>· Windproof<br>· Padde protection</p><p><strong>Compoziție:</strong> Material principal: 100% poliester reciclat · Căptușeală matlasată: 100% tafta din poliester · Căptușeală interioară (taftă): 100% poliester taftă</p><p><br>· Glugă fixă cu căptușeală.<br>· Fermoar frontal inversat asortat cu dispozitiv de tragere dublu personalizat cu design de marcă și apărătoare pentru bărbie. <br>· Două buzunare laterale cu fermoar.<br>· Mâneci lungi finisate cu manșete elastice. <br>· Puncte de acces interioare pentru reprocesare în partea din spate și în partea stângă a pieptului.<br>· Detaliu cu logo cauciucat pe mâneci.</p><h4>Dimensiuni</h4><table style='border-collapse:collapse;margin:8px 0'><tr><th style='padding:4px 12px;border:1px solid #ddd;text-align:left'>Mărime</th><th style='padding:4px 12px;border:1px solid #ddd;text-align:left'>Dimensiuni</th></tr><tr><td style='padding:4px 12px;border:1px solid #ddd'>XS</td><td style='padding:4px 12px;border:1px solid #ddd'>52 * 72 cm</td></tr><tr><td style='padding:4px 12px;border:1px solid #ddd'>S</td><td style='padding:4px 12px;border:1px solid #ddd'>56 * 76 cm</td></tr><tr><td style='padding:4px 12px;border:1px solid #ddd'>M</td><td style='padding:4px 12px;border:1px solid #ddd'>59 * 78 cm</td></tr><tr><td style='padding:4px 12px;border:1px solid #ddd'>L</td><td style='padding:4px 12px;border:1px solid #ddd'>62 * 80 cm</td></tr><tr><td style='padding:4px 12px;border:1px solid #ddd'>XL</td><td style='padding:4px 12px;border:1px solid #ddd'>65 * 82 cm</td></tr><tr><td style='padding:4px 12px;border:1px solid #ddd'>2XL</td><td style='padding:4px 12px;border:1px solid #ddd'>69 * 84 cm</td></tr><tr><td style='padding:4px 12px;border:1px solid #ddd'>3XL</td><td style='padding:4px 12px;border:1px solid #ddd'>73 * 86 cm</td></tr><tr><td style='padding:4px 12px;border:1px solid #ddd'>4</td><td style='padding:4px 12px;border:1px solid #ddd'>40 * 54 cm</td></tr><tr><td style='padding:4px 12px;border:1px solid #ddd'>6</td><td style='padding:4px 12px;border:1px solid #ddd'>42 * 57 cm</td></tr><tr><td style='padding:4px 12px;border:1px solid #ddd'>8</td><td style='padding:4px 12px;border:1px solid #ddd'>44 * 60 cm</td></tr><tr><td style='padding:4px 12px;border:1px solid #ddd'>10</td><td style='padding:4px 12px;border:1px solid #ddd'>46 * 63 cm</td></tr><tr><td style='padding:4px 12px;border:1px solid #ddd'>12</td><td style='padding:4px 12px;border:1px solid #ddd'>48 * 66 cm</td></tr><tr><td style='padding:4px 12px;border:1px solid #ddd'>14</td><td style='padding:4px 12px;border:1px solid #ddd'>50 * 69 cm</td></tr></table>",taxable,1,0,0,,Jachete,MUSAI,"https://static.musaibrand.com/images/models/0402-K/model/large/0402-K_02_1_1.jpg,https://static.musaibrand.com/images/models/0402-K/model/large/0402-K_55_1_1.jpg,https://static.musaibrand.com/images/models/0402-K/model/large/0402-K_02_2_1.jpg,https://static.musaibrand.com/images/models/0402-K/model/large/0402-K_55_2_1.jpg",,0,Size,"XS, S, M, L, XL, 2XL, 3XL, 4, 6, 8, 10, 12, 14",1,1,,Color,"Negru, Albastru marin",1,1,,Gender,Unisex,1,1,,Dimensiuni,"[52cm]·[72cm], [56cm]·[76cm], [59cm]·[78cm], [62cm]·[80cm], [65cm]·[82cm], [69cm]·[84cm], [73cm]·[86cm], [40cm]·[54cm], [42cm]·[57cm], [44cm]·[60cm], [46cm]·[63cm], [48cm]·[66cm], [50cm]·[69cm]",1,0,,,
variation,MU04020002-K,,1,0,visible,,Dimensiuni: 52 * 72 cm,taxable,1,0,0,283.5,,,https://static.musaibrand.com/images/models/0402-K/model/large/0402-K_02_2_1.jpg,MU0402-K,1,Size,XS,,1,,Color,Negru,,1,,,,,,,,,,,,[52cm]·[72cm],8435782524765
variation,MU04020102-K,,1,0,visible,,Dimensiuni: 56 * 76 cm,taxable,1,0,0,283.5,,,https://static.musaibrand.com/images/models/0402-K/model/large/0402-K_02_2_1.jpg,MU0402-K,2,Size,S,,1,,Color,Negru,,1,,,,,,,,,,,,[56cm]·[76cm],8435782524789
variation,MU04020202-K,,1,0,visible,,Dimensiuni: 59 * 78 cm,taxable,1,0,0,283.5,,,https://static.musaibrand.com/images/models/0402-K/model/large/0402-K_02_2_1.jpg,MU0402-K,3,Size,M,,1,,Color,Negru,,1,,,,,,,,,,,,[59cm]·[78cm],8435782524802
variation,MU04020302-K,,1,0,visible,,Dimensiuni: 62 * 80 cm,taxable,1,0,0,283.5,,,https://static.musaibrand.com/images/models/0402-K/model/large/0402-K_02_2_1.jpg,MU0402-K,4,Size,L,,1,,Color,Negru,,1,,,,,,,,,,,,[62cm]·[80cm],8435782524826
variation,MU04020402-K,,1,0,visible,,Dimensiuni: 65 * 82 cm,taxable,1,0,0,283.5,,,https://static.musaibrand.com/images/models/0402-K/model/large/0402-K_02_2_1.jpg,MU0402-K,5,Size,XL,,1,,Color,Negru,,1,,,,,,,,,,,,[65cm]·[82cm],8435782524840
variation,MU04020502-K,,1,0,visible,,Dimensiuni: 69 * 84 cm,taxable,1,0,0,283.5,,,https://static.musaibrand.com/images/models/0402-K/model/large/0402-K_02_2_1.jpg,MU0402-K,6,Size,2XL,,1,,Color,Negru,,1,,,,,,,,,,,,[69cm]·[84cm],8435782524864
variation,MU04020602-K,,1,0,visible,,Dimensiuni: 73 * 86 cm,taxable,1,0,0,283.5,,,https://static.musaibrand.com/images/models/0402-K/model/large/0402-K_02_2_1.jpg,MU0402-K,7,Size,3XL,,1,,Color,Negru,,1,,,,,,,,,,,,[73cm]·[86cm],8435782524888
variation,MU04022202-K,,1,0,visible,,Dimensiuni: 40 * 54 cm,taxable,1,0,0,283.5,,,https://static.musaibrand.com/images/models/0402-K/model/large/0402-K_02_2_1.jpg,MU0402-K,8,Size,4,,1,,Color,Negru,,1,,,,,,,,,,,,[40cm]·[54cm],8435782524901
variation,MU04022402-K,,1,0,visible,,Dimensiuni: 42 * 57 cm,taxable,1,0,0,283.5,,,https://static.musaibrand.com/images/models/0402-K/model/large/0402-K_02_2_1.jpg,MU0402-K,9,Size,6,,1,,Color,Negru,,1,,,,,,,,,,,,[42cm]·[57cm],8435782524925
variation,MU04022502-K,,1,0,visible,,Dimensiuni: 44 * 60 cm,taxable,1,0,0,283.5,,,https://static.musaibrand.com/images/models/0402-K/model/large/0402-K_02_2_1.jpg,MU0402-K,10,Size,8,,1,,Color,Negru,,1,,,,,,,,,,,,[44cm]·[60cm],8435782524949
variation,MU04022602-K,,1,0,visible,,Dimensiuni: 46 * 63 cm,taxable,1,0,0,283.5,,,https://static.musaibrand.com/images/models/0402-K/model/large/0402-K_02_2_1.jpg,MU0402-K,11,Size,10,,1,,Color,Negru,,1,,,,,,,,,,,,[46cm]·[63cm],8435782524963
variation,MU04022702-K,,1,0,visible,,Dimensiuni: 48 * 66 cm,taxable,1,0,0,283.5,,,https://static.musaibrand.com/images/models/0402-K/model/large/0402-K_02_2_1.jpg,MU0402-K,12,Size,12,,1,,Color,Negru,,1,,,,,,,,,,,,[48cm]·[66cm],8435782524987
variation,MU04022802-K,,1,0,visible,,Dimensiuni: 50 * 69 cm,taxable,1,0,0,283.5,,,https://static.musaibrand.com/images/models/0402-K/model/large/0402-K_02_2_1.jpg,MU0402-K,13,Size,14,,1,,Color,Negru,,1,,,,,,,,,,,,[50cm]·[69cm],8435782525007
variation,MU04020055-K,,1,0,visible,,Dimensiuni: 52 * 72 cm,taxable,1,0,0,283.5,,,https://static.musaibrand.com/images/models/0402-K/model/large/0402-K_55_2_1.jpg,MU0402-K,14,Size,XS,,1,,Color,Albastru marin,,1,,,,,,,,,,,,[52cm]·[72cm],8435782524772
variation,MU04020155-K,,1,0,visible,,Dimensiuni: 56 * 76 cm,taxable,1,0,0,283.5,,,https://static.musaibrand.com/images/models/0402-K/model/large/0402-K_55_2_1.jpg,MU0402-K,15,Size,S,,1,,Color,Albastru marin,,1,,,,,,,,,,,,[56cm]·[76cm],8435782524796
variation,MU04020255-K,,1,0,visible,,Dimensiuni: 59 * 78 cm,taxable,1,0,0,283.5,,,https://static.musaibrand.com/images/models/0402-K/model/large/0402-K_55_2_1.jpg,MU0402-K,16,Size,M,,1,,Color,Albastru marin,,1,,,,,,,,,,,,[59cm]·[78cm],8435782524819
variation,MU04020355-K,,1,0,visible,,Dimensiuni: 62 * 80 cm,taxable,1,0,0,283.5,,,https://static.musaibrand.com/images/models/0402-K/model/large/0402-K_55_2_1.jpg,MU0402-K,17,Size,L,,1,,Color,Albastru marin,,1,,,,,,,,,,,,[62cm]·[80cm],8435782524833
variation,MU04020455-K,,1,0,visible,,Dimensiuni: 65 * 82 cm,taxable,1,0,0,283.5,,,https://static.musaibrand.com/images/models/0402-K/model/large/0402-K_55_2_1.jpg,MU0402-K,18,Size,XL,,1,,Color,Albastru marin,,1,,,,,,,,,,,,[65cm]·[82cm],8435782524857
variation,MU04020555-K,,1,0,visible,,Dimensiuni: 69 * 84 cm,taxable,1,0,0,283.5,,,https://static.musaibrand.com/images/models/0402-K/model/large/0402-K_55_2_1.jpg,MU0402-K,19,Size,2XL,,1,,Color,Albastru marin,,1,,,,,,,,,,,,[69cm]·[84cm],8435782524871
variation,MU04020655-K,,1,0,visible,,Dimensiuni: 73 * 86 cm,taxable,1,0,0,283.5,,,https://static.musaibrand.com/images/models/0402-K/model/large/0402-K_55_2_1.jpg,MU0402-K,20,Size,3XL,,1,,Color,Albastru marin,,1,,,,,,,,,,,,[73cm]·[86cm],8435782524895
variation,MU04022255-K,,1,0,visible,,Dimensiuni: 40 * 54 cm,taxable,1,0,0,283.5,,,https://static.musaibrand.com/images/models/0402-K/model/large/0402-K_55_2_1.jpg,MU0402-K,21,Size,4,,1,,Color,Albastru marin,,1,,,,,,,,,,,,[40cm]·[54cm],8435782524918
variation,MU04022455-K,,1,0,visible,,Dimensiuni: 42 * 57 cm,taxable,1,0,0,283.5,,,https://static.musaibrand.com/images/models/0402-K/model/large/0402-K_55_2_1.jpg,MU0402-K,22,Size,6,,1,,Color,Albastru marin,,1,,,,,,,,,,,,[42cm]·[57cm],8435782524932
variation,MU04022555-K,,1,0,visible,,Dimensiuni: 44 * 60 cm,taxable,1,0,0,283.5,,,https://static.musaibrand.com/images/models/0402-K/model/large/0402-K_55_2_1.jpg,MU0402-K,23,Size,8,,1,,Color,Albastru marin,,1,,,,,,,,,,,,[44cm]·[60cm],8435782524956
variation,MU04022655-K,,1,0,visible,,Dimensiuni: 46 * 63 cm,taxable,1,0,0,283.5,,,https://static.musaibrand.com/images/models/0402-K/model/large/0402-K_55_2_1.jpg,MU0402-K,24,Size,10,,1,,Color,Albastru marin,,1,,,,,,,,,,,,[46cm]·[63cm],8435782524970
variation,MU04022755-K,,1,0,visible,,Dimensiuni: 48 * 66 cm,taxable,1,0,0,283.5,,,https://static.musaibrand.com/images/models/0402-K/model/large/0402-K_55_2_1.jpg,MU0402-K,25,Size,12,,1,,Color,Albastru marin,,1,,,,,,,,,,,,[48cm]·[66cm],8435782524994
variation,MU04022855-K,,1,0,visible,,Dimensiuni: 50 * 69 cm,taxable,1,0,0,283.5,,,https://static.musaibrand.com/images/models/0402-K/model/large/0402-K_55_2_1.jpg,MU0402-K,26,Size,14,,1,,Color,Albastru marin,,1,,,,,,,,,,,,[50cm]·[69cm],8435782525014
variable,MU0403,Jachetă căptușită - Baridi,1,0,visible,,"<p>Jachetă căptușită sport unisex, cu glugă fixă, confecționată din poliester și poliamidă reciclate.<br>· Windproof<br>· Padde protection</p><p><strong>Compoziție:</strong> Material principal: 100% poliamidă reciclată· Căptușeală matlasată: 100% tafta din poliester· Căptușeală: 100% poliamidă</p><p><br>· Glugă fixă cu căptușeală. <br>· Apărătoare pentru bărbie cu protecție cu fermoar.<br>· Fermoar termoizolant personalizat cu design de marcă. <br>· Două buzunare laterale cu fermoar sigilat termic.<br>· Mânecă și tiv finisate cu bandă elastică (biés elastic).. <br>· Detaliu cu logo cauciucat pe piept.</p><h4>Dimensiuni</h4><table style='border-collapse:collapse;margin:8px 0'><tr><th style='padding:4px 12px;border:1px solid #ddd;text-align:left'>Mărime</th><th style='padding:4px 12px;border:1px solid #ddd;text-align:left'>Dimensiuni</th></tr><tr><td style='padding:4px 12px;border:1px solid #ddd'>XS</td><td style='padding:4px 12px;border:1px solid #ddd'>51 * 65 cm</td></tr><tr><td style='padding:4px 12px;border:1px solid #ddd'>S</td><td style='padding:4px 12px;border:1px solid #ddd'>53 * 66 cm</td></tr><tr><td style='padding:4px 12px;border:1px solid #ddd'>M</td><td style='padding:4px 12px;border:1px solid #ddd'>55,5 * 68 cm</td></tr><tr><td style='padding:4px 12px;border:1px solid #ddd'>L</td><td style='padding:4px 12px;border:1px solid #ddd'>58 * 70 cm</td></tr><tr><td style='padding:4px 12px;border:1px solid #ddd'>XL</td><td style='padding:4px 12px;border:1px solid #ddd'>61,5 * 74 cm</td></tr><tr><td style='padding:4px 12px;border:1px solid #ddd'>2XL</td><td style='padding:4px 12px;border:1px solid #ddd'>65 * 77 cm</td></tr><tr><td style='padding:4px 12px;border:1px solid #ddd'>3XL</td><td style='padding:4px 12px;border:1px solid #ddd'>69 * 78 cm</td></tr><tr><td style='padding:4px 12px;border:1px solid #ddd'>4</td><td style='padding:4px 12px;border:1px solid #ddd'>36 * 43 cm</td></tr><tr><td style='padding:4px 12px;border:1px solid #ddd'>6</td><td style='padding:4px 12px;border:1px solid #ddd'>38 * 47 cm</td></tr><tr><td style='padding:4px 12px;border:1px solid #ddd'>8</td><td style='padding:4px 12px;border:1px solid #ddd'>40 * 50 cm</td></tr><tr><td style='padding:4px 12px;border:1px solid #ddd'>10</td><td style='padding:4px 12px;border:1px solid #ddd'>42 * 53 cm</td></tr><tr><td style='padding:4px 12px;border:1px solid #ddd'>12</td><td style='padding:4px 12px;border:1px solid #ddd'>45 * 57 cm</td></tr><tr><td style='padding:4px 12px;border:1px solid #ddd'>14</td><td style='padding:4px 12px;border:1px solid #ddd'>48 * 61 cm</td></tr></table>",taxable,1,0,0,,Jachete,MUSAI,"https://static.musaibrand.com/images/models/0403/model/large/0403_02_1_1.jpg,https://static.musaibrand.com/images/models/0403/model/large/0403_55_1_1.jpg,https://static.musaibrand.com/images/models/0403/model/large/0403_02_2_1.jpg,https://static.musaibrand.com/images/models/0403/model/large/0403_55_2_1.jpg",,0,Size,"XS, S, M, L, XL, 2XL, 3XL, 4, 6, 8, 10, 12, 14",1,1,,Color,"Negru, Albastru marin",1,1,,Gender,Unisex,1,1,,Dimensiuni,"[51cm]·[65cm], [53cm]·[66cm], [55.5cm]·[68cm], [58cm]·[70cm], [61.5cm]·[74cm], [65cm]·[77cm], [69cm]·[78cm], [36cm]·[43cm], [38cm]·[47cm], [40cm]·[50cm], [42cm]·[53cm], [45cm]·[57cm], [48cm]·[61cm]",1,0,,,
variation,MU04030002,,1,0,visible,,Dimensiuni: 51 * 65 cm,taxable,1,0,0,241.5,,,https://static.musaibrand.com/images/models/0403/model/large/0403_02_2_1.jpg,MU0403,1,Size,XS,,1,,Color,Negru,,1,,,,,,,,,,,,[51cm]·[65cm],8435782525021
variation,MU04030102,,1,0,visible,,Dimensiuni: 53 * 66 cm,taxable,1,0,0,241.5,,,https://static.musaibrand.com/images/models/0403/model/large/0403_02_2_1.jpg,MU0403,2,Size,S,,1,,Color,Negru,,1,,,,,,,,,,,,[53cm]·[66cm],8435782525045
variation,MU04030202,,1,0,visible,,"Dimensiuni: 55,5 * 68 cm",taxable,1,0,0,241.5,,,https://static.musaibrand.com/images/models/0403/model/large/0403_02_2_1.jpg,MU0403,3,Size,M,,1,,Color,Negru,,1,,,,,,,,,,,,"[55,5cm]·[68cm]",8435782525069
variation,MU04030302,,1,0,visible,,Dimensiuni: 58 * 70 cm,taxable,1,0,0,241.5,,,https://static.musaibrand.com/images/models/0403/model/large/0403_02_2_1.jpg,MU0403,4,Size,L,,1,,Color,Negru,,1,,,,,,,,,,,,[58cm]·[70cm],8435782525083
variation,MU04030402,,1,0,visible,,"Dimensiuni: 61,5 * 74 cm",taxable,1,0,0,241.5,,,https://static.musaibrand.com/images/models/0403/model/large/0403_02_2_1.jpg,MU0403,5,Size,XL,,1,,Color,Negru,,1,,,,,,,,,,,,"[61,5cm]·[74cm]",8435782525106
variation,MU04030502,,1,0,visible,,Dimensiuni: 65 * 77 cm,taxable,1,0,0,241.5,,,https://static.musaibrand.com/images/models/0403/model/large/0403_02_2_1.jpg,MU0403,6,Size,2XL,,1,,Color,Negru,,1,,,,,,,,,,,,[65cm]·[77cm],8435782525120
variation,MU04030602,,1,0,visible,,Dimensiuni: 69 * 78 cm,taxable,1,0,0,241.5,,,https://static.musaibrand.com/images/models/0403/model/large/0403_02_2_1.jpg,MU0403,7,Size,3XL,,1,,Color,Negru,,1,,,,,,,,,,,,[69cm]·[78cm],8435782525144
variation,MU04032202,,1,0,visible,,Dimensiuni: 36 * 43 cm,taxable,1,0,0,241.5,,,https://static.musaibrand.com/images/models/0403/model/large/0403_02_2_1.jpg,MU0403,8,Size,4,,1,,Color,Negru,,1,,,,,,,,,,,,[36cm]·[43cm],8435782525168
variation,MU04032402,,1,0,visible,,Dimensiuni: 38 * 47 cm,taxable,1,0,0,241.5,,,https://static.musaibrand.com/images/models/0403/model/large/0403_02_2_1.jpg,MU0403,9,Size,6,,1,,Color,Negru,,1,,,,,,,,,,,,[38cm]·[47cm],8435782525182
variation,MU04032502,,1,0,visible,,Dimensiuni: 40 * 50 cm,taxable,1,0,0,241.5,,,https://static.musaibrand.com/images/models/0403/model/large/0403_02_2_1.jpg,MU0403,10,Size,8,,1,,Color,Negru,,1,,,,,,,,,,,,[40cm]·[50cm],8435782525205
variation,MU04032602,,1,0,visible,,Dimensiuni: 42 * 53 cm,taxable,1,0,0,241.5,,,https://static.musaibrand.com/images/models/0403/model/large/0403_02_2_1.jpg,MU0403,11,Size,10,,1,,Color,Negru,,1,,,,,,,,,,,,[42cm]·[53cm],8435782525229
variation,MU04032702,,1,0,visible,,Dimensiuni: 45 * 57 cm,taxable,1,0,0,241.5,,,https://static.musaibrand.com/images/models/0403/model/large/0403_02_2_1.jpg,MU0403,12,Size,12,,1,,Color,Negru,,1,,,,,,,,,,,,[45cm]·[57cm],8435782525243
variation,MU04032802,,1,0,visible,,Dimensiuni: 48 * 61 cm,taxable,1,0,0,241.5,,,https://static.musaibrand.com/images/models/0403/model/large/0403_02_2_1.jpg,MU0403,13,Size,14,,1,,Color,Negru,,1,,,,,,,,,,,,[48cm]·[61cm],8435782525267
variation,MU04030055,,1,0,visible,,Dimensiuni: 51 * 65 cm,taxable,1,0,0,241.5,,,https://static.musaibrand.com/images/models/0403/model/large/0403_55_2_1.jpg,MU0403,14,Size,XS,,1,,Color,Albastru marin,,1,,,,,,,,,,,,[51cm]·[65cm],8435782525038
variation,MU04030155,,1,0,visible,,Dimensiuni: 53 * 66 cm,taxable,1,0,0,241.5,,,https://static.musaibrand.com/images/models/0403/model/large/0403_55_2_1.jpg,MU0403,15,Size,S,,1,,Color,Albastru marin,,1,,,,,,,,,,,,[53cm]·[66cm],8435782525052
variation,MU04030255,,1,0,visible,,"Dimensiuni: 55,5 * 68 cm",taxable,1,0,0,241.5,,,https://static.musaibrand.com/images/models/0403/model/large/0403_55_2_1.jpg,MU0403,16,Size,M,,1,,Color,Albastru marin,,1,,,,,,,,,,,,"[55,5cm]·[68cm]",8435782525076
variation,MU04030355,,1,0,visible,,Dimensiuni: 58 * 70 cm,taxable,1,0,0,241.5,,,https://static.musaibrand.com/images/models/0403/model/large/0403_55_2_1.jpg,MU0403,17,Size,L,,1,,Color,Albastru marin,,1,,,,,,,,,,,,[58cm]·[70cm],8435782525090
variation,MU04030455,,1,0,visible,,"Dimensiuni: 61,5 * 74 cm",taxable,1,0,0,241.5,,,https://static.musaibrand.com/images/models/0403/model/large/0403_55_2_1.jpg,MU0403,18,Size,XL,,1,,Color,Albastru marin,,1,,,,,,,,,,,,"[61,5cm]·[74cm]",8435782525113
variation,MU04030555,,1,0,visible,,Dimensiuni: 65 * 77 cm,taxable,1,0,0,241.5,,,https://static.musaibrand.com/images/models/0403/model/large/0403_55_2_1.jpg,MU0403,19,Size,2XL,,1,,Color,Albastru marin,,1,,,,,,,,,,,,[65cm]·[77cm],8435782525137
variation,MU04030655,,1,0,visible,,Dimensiuni: 69 * 78 cm,taxable,1,0,0,241.5,,,https://static.musaibrand.com/images/models/0403/model/large/0403_55_2_1.jpg,MU0403,20,Size,3XL,,1,,Color,Albastru marin,,1,,,,,,,,,,,,[69cm]·[78cm],8435782525151
variation,MU04032255,,1,0,visible,,Dimensiuni: 36 * 43 cm,taxable,1,0,0,241.5,,,https://static.musaibrand.com/images/models/0403/model/large/0403_55_2_1.jpg,MU0403,21,Size,4,,1,,Color,Albastru marin,,1,,,,,,,,,,,,[36cm]·[43cm],8435782525175
variation,MU04032455,,1,0,visible,,Dimensiuni: 38 * 47 cm,taxable,1,0,0,241.5,,,https://static.musaibrand.com/images/models/0403/model/large/0403_55_2_1.jpg,MU0403,22,Size,6,,1,,Color,Albastru marin,,1,,,,,,,,,,,,[38cm]·[47cm],8435782525199
variation,MU04032555,,1,0,visible,,Dimensiuni: 40 * 50 cm,taxable,1,0,0,241.5,,,https://static.musaibrand.com/images/models/0403/model/large/0403_55_2_1.jpg,MU0403,23,Size,8,,1,,Color,Albastru marin,,1,,,,,,,,,,,,[40cm]·[50cm],8435782525212
variation,MU04032655,,1,0,visible,,Dimensiuni: 42 * 53 cm,taxable,1,0,0,241.5,,,https://static.musaibrand.com/images/models/0403/model/large/0403_55_2_1.jpg,MU0403,24,Size,10,,1,,Color,Albastru marin,,1,,,,,,,,,,,,[42cm]·[53cm],8435782525236
variation,MU04032755,,1,0,visible,,Dimensiuni: 45 * 57 cm,taxable,1,0,0,241.5,,,https://static.musaibrand.com/images/models/0403/model/large/0403_55_2_1.jpg,MU0403,25,Size,12,,1,,Color,Albastru marin,,1,,,,,,,,,,,,[45cm]·[57cm],8435782525250
variation,MU04032855,,1,0,visible,,Dimensiuni: 48 * 61 cm,taxable,1,0,0,241.5,,,https://static.musaibrand.com/images/models/0403/model/large/0403_55_2_1.jpg,MU0403,26,Size,14,,1,,Color,Albastru marin,,1,,,,,,,,,,,,[48cm]·[61cm],8435782525274
variable,MU0403-K,Jachetă Acolchada Baridi Copii,1,0,visible,,"<p>Jachetă căptușită sport pentru copii, cu glugă fixă, confecționată din poliester și poliamidă reciclate.<br>· Windproof<br>· Padde protection</p><p><strong>Compoziție:</strong> Material principal: 100% poliamidă reciclată· Căptușeală matlasată: 100% tafta din poliester· Căptușeală: 100% poliamidă</p><p><br>· Glugă fixă cu căptușeală. <br>· Apărătoare pentru bărbie cu protecție cu fermoar.<br>· Fermoar termoizolant personalizat cu design de marcă. <br>· Două buzunare laterale cu fermoar sigilat termic.<br>· Mânecă și tiv finisate cu bandă elastică (biés elastic).. <br>· Detaliu cu logo cauciucat pe piept.</p><h4>Dimensiuni</h4><table style='border-collapse:collapse;margin:8px 0'><tr><th style='padding:4px 12px;border:1px solid #ddd;text-align:left'>Mărime</th><th style='padding:4px 12px;border:1px solid #ddd;text-align:left'>Dimensiuni</th></tr><tr><td style='padding:4px 12px;border:1px solid #ddd'>XS</td><td style='padding:4px 12px;border:1px solid #ddd'>51 * 65 cm</td></tr><tr><td style='padding:4px 12px;border:1px solid #ddd'>S</td><td style='padding:4px 12px;border:1px solid #ddd'>53 * 66 cm</td></tr><tr><td style='padding:4px 12px;border:1px solid #ddd'>M</td><td style='padding:4px 12px;border:1px solid #ddd'>55,5 * 68 cm</td></tr><tr><td style='padding:4px 12px;border:1px solid #ddd'>L</td><td style='padding:4px 12px;border:1px solid #ddd'>58 * 70 cm</td></tr><tr><td style='padding:4px 12px;border:1px solid #ddd'>XL</td><td style='padding:4px 12px;border:1px solid #ddd'>61,5 * 74 cm</td></tr><tr><td style='padding:4px 12px;border:1px solid #ddd'>2XL</td><td style='padding:4px 12px;border:1px solid #ddd'>65 * 77 cm</td></tr><tr><td style='padding:4px 12px;border:1px solid #ddd'>3XL</td><td style='padding:4px 12px;border:1px solid #ddd'>69 * 78 cm</td></tr><tr><td style='padding:4px 12px;border:1px solid #ddd'>4</td><td style='padding:4px 12px;border:1px solid #ddd'>36 * 43 cm</td></tr><tr><td style='padding:4px 12px;border:1px solid #ddd'>6</td><td style='padding:4px 12px;border:1px solid #ddd'>38 * 47 cm</td></tr><tr><td style='padding:4px 12px;border:1px solid #ddd'>8</td><td style='padding:4px 12px;border:1px solid #ddd'>40 * 50 cm</td></tr><tr><td style='padding:4px 12px;border:1px solid #ddd'>10</td><td style='padding:4px 12px;border:1px solid #ddd'>42 * 53 cm</td></tr><tr><td style='padding:4px 12px;border:1px solid #ddd'>12</td><td style='padding:4px 12px;border:1px solid #ddd'>45 * 57 cm</td></tr><tr><td style='padding:4px 12px;border:1px solid #ddd'>14</td><td style='padding:4px 12px;border:1px solid #ddd'>48 * 61 cm</td></tr></table>",taxable,1,0,0,,Jachete,MUSAI,"https://static.musaibrand.com/images/models/0403-K/model/large/0403-K_02_1_1.jpg,https://static.musaibrand.com/images/models/0403-K/model/large/0403-K_55_1_1.jpg,https://static.musaibrand.com/images/models/0403-K/model/large/0403-K_02_2_1.jpg,https://static.musaibrand.com/images/models/0403-K/model/large/0403-K_55_2_1.jpg",,0,Size,"XS, S, M, L, XL, 2XL, 3XL, 4, 6, 8, 10, 12, 14",1,1,,Color,"Negru, Albastru marin",1,1,,Gender,Unisex,1,1,,Dimensiuni,"[51cm]·[65cm], [53cm]·[66cm], [55.5cm]·[68cm], [58cm]·[70cm], [61.5cm]·[74cm], [65cm]·[77cm], [69cm]·[78cm], [36cm]·[43cm], [38cm]·[47cm], [40cm]·[50cm], [42cm]·[53cm], [45cm]·[57cm], [48cm]·[61cm]",1,0,,,
variation,MU04030002-K,,1,0,visible,,Dimensiuni: 51 * 65 cm,taxable,1,0,0,241.5,,,https://static.musaibrand.com/images/models/0403-K/model/large/0403-K_02_2_1.jpg,MU0403-K,1,Size,XS,,1,,Color,Negru,,1,,,,,,,,,,,,[51cm]·[65cm],8435782525021
variation,MU04030102-K,,1,0,visible,,Dimensiuni: 53 * 66 cm,taxable,1,0,0,241.5,,,https://static.musaibrand.com/images/models/0403-K/model/large/0403-K_02_2_1.jpg,MU0403-K,2,Size,S,,1,,Color,Negru,,1,,,,,,,,,,,,[53cm]·[66cm],8435782525045
variation,MU04030202-K,,1,0,visible,,"Dimensiuni: 55,5 * 68 cm",taxable,1,0,0,241.5,,,https://static.musaibrand.com/images/models/0403-K/model/large/0403-K_02_2_1.jpg,MU0403-K,3,Size,M,,1,,Color,Negru,,1,,,,,,,,,,,,"[55,5cm]·[68cm]",8435782525069
variation,MU04030302-K,,1,0,visible,,Dimensiuni: 58 * 70 cm,taxable,1,0,0,241.5,,,https://static.musaibrand.com/images/models/0403-K/model/large/0403-K_02_2_1.jpg,MU0403-K,4,Size,L,,1,,Color,Negru,,1,,,,,,,,,,,,[58cm]·[70cm],8435782525083
variation,MU04030402-K,,1,0,visible,,"Dimensiuni: 61,5 * 74 cm",taxable,1,0,0,241.5,,,https://static.musaibrand.com/images/models/0403-K/model/large/0403-K_02_2_1.jpg,MU0403-K,5,Size,XL,,1,,Color,Negru,,1,,,,,,,,,,,,"[61,5cm]·[74cm]",8435782525106
variation,MU04030502-K,,1,0,visible,,Dimensiuni: 65 * 77 cm,taxable,1,0,0,241.5,,,https://static.musaibrand.com/images/models/0403-K/model/large/0403-K_02_2_1.jpg,MU0403-K,6,Size,2XL,,1,,Color,Negru,,1,,,,,,,,,,,,[65cm]·[77cm],8435782525120
variation,MU04030602-K,,1,0,visible,,Dimensiuni: 69 * 78 cm,taxable,1,0,0,241.5,,,https://static.musaibrand.com/images/models/0403-K/model/large/0403-K_02_2_1.jpg,MU0403-K,7,Size,3XL,,1,,Color,Negru,,1,,,,,,,,,,,,[69cm]·[78cm],8435782525144
variation,MU04032202-K,,1,0,visible,,Dimensiuni: 36 * 43 cm,taxable,1,0,0,241.5,,,https://static.musaibrand.com/images/models/0403-K/model/large/0403-K_02_2_1.jpg,MU0403-K,8,Size,4,,1,,Color,Negru,,1,,,,,,,,,,,,[36cm]·[43cm],8435782525168
variation,MU04032402-K,,1,0,visible,,Dimensiuni: 38 * 47 cm,taxable,1,0,0,241.5,,,https://static.musaibrand.com/images/models/0403-K/model/large/0403-K_02_2_1.jpg,MU0403-K,9,Size,6,,1,,Color,Negru,,1,,,,,,,,,,,,[38cm]·[47cm],8435782525182
variation,MU04032502-K,,1,0,visible,,Dimensiuni: 40 * 50 cm,taxable,1,0,0,241.5,,,https://static.musaibrand.com/images/models/0403-K/model/large/0403-K_02_2_1.jpg,MU0403-K,10,Size,8,,1,,Color,Negru,,1,,,,,,,,,,,,[40cm]·[50cm],8435782525205
variation,MU04032602-K,,1,0,visible,,Dimensiuni: 42 * 53 cm,taxable,1,0,0,241.5,,,https://static.musaibrand.com/images/models/0403-K/model/large/0403-K_02_2_1.jpg,MU0403-K,11,Size,10,,1,,Color,Negru,,1,,,,,,,,,,,,[42cm]·[53cm],8435782525229
variation,MU04032702-K,,1,0,visible,,Dimensiuni: 45 * 57 cm,taxable,1,0,0,241.5,,,https://static.musaibrand.com/images/models/0403-K/model/large/0403-K_02_2_1.jpg,MU0403-K,12,Size,12,,1,,Color,Negru,,1,,,,,,,,,,,,[45cm]·[57cm],8435782525243
variation,MU04032802-K,,1,0,visible,,Dimensiuni: 48 * 61 cm,taxable,1,0,0,241.5,,,https://static.musaibrand.com/images/models/0403-K/model/large/0403-K_02_2_1.jpg,MU0403-K,13,Size,14,,1,,Color,Negru,,1,,,,,,,,,,,,[48cm]·[61cm],8435782525267
variation,MU04030055-K,,1,0,visible,,Dimensiuni: 51 * 65 cm,taxable,1,0,0,241.5,,,https://static.musaibrand.com/images/models/0403-K/model/large/0403-K_55_2_1.jpg,MU0403-K,14,Size,XS,,1,,Color,Albastru marin,,1,,,,,,,,,,,,[51cm]·[65cm],8435782525038
variation,MU04030155-K,,1,0,visible,,Dimensiuni: 53 * 66 cm,taxable,1,0,0,241.5,,,https://static.musaibrand.com/images/models/0403-K/model/large/0403-K_55_2_1.jpg,MU0403-K,15,Size,S,,1,,Color,Albastru marin,,1,,,,,,,,,,,,[53cm]·[66cm],8435782525052
variation,MU04030255-K,,1,0,visible,,"Dimensiuni: 55,5 * 68 cm",taxable,1,0,0,241.5,,,https://static.musaibrand.com/images/models/0403-K/model/large/0403-K_55_2_1.jpg,MU0403-K,16,Size,M,,1,,Color,Albastru marin,,1,,,,,,,,,,,,"[55,5cm]·[68cm]",8435782525076
variation,MU04030355-K,,1,0,visible,,Dimensiuni: 58 * 70 cm,taxable,1,0,0,241.5,,,https://static.musaibrand.com/images/models/0403-K/model/large/0403-K_55_2_1.jpg,MU0403-K,17,Size,L,,1,,Color,Albastru marin,,1,,,,,,,,,,,,[58cm]·[70cm],8435782525090
variation,MU04030455-K,,1,0,visible,,"Dimensiuni: 61,5 * 74 cm",taxable,1,0,0,241.5,,,https://static.musaibrand.com/images/models/0403-K/model/large/0403-K_55_2_1.jpg,MU0403-K,18,Size,XL,,1,,Color,Albastru marin,,1,,,,,,,,,,,,"[61,5cm]·[74cm]",8435782525113
variation,MU04030555-K,,1,0,visible,,Dimensiuni: 65 * 77 cm,taxable,1,0,0,241.5,,,https://static.musaibrand.com/images/models/0403-K/model/large/0403-K_55_2_1.jpg,MU0403-K,19,Size,2XL,,1,,Color,Albastru marin,,1,,,,,,,,,,,,[65cm]·[77cm],8435782525137
variation,MU04030655-K,,1,0,visible,,Dimensiuni: 69 * 78 cm,taxable,1,0,0,241.5,,,https://static.musaibrand.com/images/models/0403-K/model/large/0403-K_55_2_1.jpg,MU0403-K,20,Size,3XL,,1,,Color,Albastru marin,,1,,,,,,,,,,,,[69cm]·[78cm],8435782525151
variation,MU04032255-K,,1,0,visible,,Dimensiuni: 36 * 43 cm,taxable,1,0,0,241.5,,,https://static.musaibrand.com/images/models/0403-K/model/large/0403-K_55_2_1.jpg,MU0403-K,21,Size,4,,1,,Color,Albastru marin,,1,,,,,,,,,,,,[36cm]·[43cm],8435782525175
variation,MU04032455-K,,1,0,visible,,Dimensiuni: 38 * 47 cm,taxable,1,0,0,241.5,,,https://static.musaibrand.com/images/models/0403-K/model/large/0403-K_55_2_1.jpg,MU0403-K,22,Size,6,,1,,Color,Albastru marin,,1,,,,,,,,,,,,[38cm]·[47cm],8435782525199
variation,MU04032555-K,,1,0,visible,,Dimensiuni: 40 * 50 cm,taxable,1,0,0,241.5,,,https://static.musaibrand.com/images/models/0403-K/model/large/0403-K_55_2_1.jpg,MU0403-K,23,Size,8,,1,,Color,Albastru marin,,1,,,,,,,,,,,,[40cm]·[50cm],8435782525212
variation,MU04032655-K,,1,0,visible,,Dimensiuni: 42 * 53 cm,taxable,1,0,0,241.5,,,https://static.musaibrand.com/images/models/0403-K/model/large/0403-K_55_2_1.jpg,MU0403-K,24,Size,10,,1,,Color,Albastru marin,,1,,,,,,,,,,,,[42cm]·[53cm],8435782525236
variation,MU04032755-K,,1,0,visible,,Dimensiuni: 45 * 57 cm,taxable,1,0,0,241.5,,,https://static.musaibrand.com/images/models/0403-K/model/large/0403-K_55_2_1.jpg,MU0403-K,25,Size,12,,1,,Color,Albastru marin,,1,,,,,,,,,,,,[45cm]·[57cm],8435782525250
variation,MU04032855-K,,1,0,visible,,Dimensiuni: 48 * 61 cm,taxable,1,0,0,241.5,,,https://static.musaibrand.com/images/models/0403-K/model/large/0403-K_55_2_1.jpg,MU0403-K,26,Size,14,,1,,Color,Albastru marin,,1,,,,,,,,,,,,[48cm]·[61cm],8435782525274
variable,MU0404,Vestă căptușită - Kiwo,1,0,visible,,"<p>Vestă căptușită sport ușoară unisex, confecționată din poliester reciclat, poliamidă și design cu lipire termică.<br>· Windproof <br>· Padde protection</p><p><strong>Compoziție:</strong> Material principal: 100% poliamidă reciclată· Căptușeală matlasată: 100% tafta din poliester· Căptușeală: 100% poliamidă</p><p><br>· Apărătoare de bărbie asortată.<br>· Fermoar frontal personalizat, sigilat termic, cu design marcă. <br>· Bandă elastică personalizată, cu design marcă, la subțiori și tiv<br>· Două buzunare laterale cu fermoar termosigilat.<br>· Detaliu cu logo cauciucat în zona pieptului.</p><h4>Dimensiuni</h4><table style='border-collapse:collapse;margin:8px 0'><tr><th style='padding:4px 12px;border:1px solid #ddd;text-align:left'>Mărime</th><th style='padding:4px 12px;border:1px solid #ddd;text-align:left'>Dimensiuni</th></tr><tr><td style='padding:4px 12px;border:1px solid #ddd'>XS</td><td style='padding:4px 12px;border:1px solid #ddd'>50,5 * 64 cm</td></tr><tr><td style='padding:4px 12px;border:1px solid #ddd'>S</td><td style='padding:4px 12px;border:1px solid #ddd'>53 * 67 cm</td></tr><tr><td style='padding:4px 12px;border:1px solid #ddd'>M</td><td style='padding:4px 12px;border:1px solid #ddd'>55,5 * 69 cm</td></tr><tr><td style='padding:4px 12px;border:1px solid #ddd'>L</td><td style='padding:4px 12px;border:1px solid #ddd'>58 * 71 cm</td></tr><tr><td style='padding:4px 12px;border:1px solid #ddd'>XL</td><td style='padding:4px 12px;border:1px solid #ddd'>61,5 * 73 cm</td></tr><tr><td style='padding:4px 12px;border:1px solid #ddd'>2XL</td><td style='padding:4px 12px;border:1px solid #ddd'>65 * 74 cm</td></tr><tr><td style='padding:4px 12px;border:1px solid #ddd'>3XL</td><td style='padding:4px 12px;border:1px solid #ddd'>69 * 75 cm</td></tr><tr><td style='padding:4px 12px;border:1px solid #ddd'>4/6</td><td style='padding:4px 12px;border:1px solid #ddd'>38 * 47 cm</td></tr><tr><td style='padding:4px 12px;border:1px solid #ddd'>8/10</td><td style='padding:4px 12px;border:1px solid #ddd'>42 * 53 cm</td></tr><tr><td style='padding:4px 12px;border:1px solid #ddd'>12/14</td><td style='padding:4px 12px;border:1px solid #ddd'>48 * 60 cm</td></tr></table>",taxable,1,0,0,,Jachete,MUSAI,"https://static.musaibrand.com/images/models/0404/model/large/0404_02_1_1.jpg,https://static.musaibrand.com/images/models/0404/model/large/0404_55_1_1.jpg,https://static.musaibrand.com/images/models/0404/model/large/0404_02_2_1.jpg,https://static.musaibrand.com/images/models/0404/model/large/0404_55_2_1.jpg",,0,Size,"XS, S, M, L, XL, 2XL, 3XL, 4/6, 8/10, 12/14",1,1,,Color,"Negru, Albastru marin",1,1,,Gender,Unisex,1,1,,Dimensiuni,"[50.5cm]·[64cm], [53cm]·[67cm], [55.5cm]·[69cm], [58cm]·[71cm], [61.5cm]·[73cm], [65cm]·[74cm], [69cm]·[75cm], [38cm]·[47cm], [42cm]·[53cm], [48cm]·[60cm]",1,0,,,
variation,MU04040002,,1,0,visible,,"Dimensiuni: 50,5 * 64 cm",taxable,1,0,0,204.75,,,https://static.musaibrand.com/images/models/0404/model/large/0404_02_2_1.jpg,MU0404,1,Size,XS,,1,,Color,Negru,,1,,,,,,,,,,,,"[50,5cm]·[64cm]",8435782529005
variation,MU04040102,,1,0,visible,,Dimensiuni: 53 * 67 cm,taxable,1,0,0,204.75,,,https://static.musaibrand.com/images/models/0404/model/large/0404_02_2_1.jpg,MU0404,2,Size,S,,1,,Color,Negru,,1,,,,,,,,,,,,[53cm]·[67cm],8435782529012
variation,MU04040202,,1,0,visible,,"Dimensiuni: 55,5 * 69 cm",taxable,1,0,0,204.75,,,https://static.musaibrand.com/images/models/0404/model/large/0404_02_2_1.jpg,MU0404,3,Size,M,,1,,Color,Negru,,1,,,,,,,,,,,,"[55,5cm]·[69cm]",8435782529029
variation,MU04040302,,1,0,visible,,Dimensiuni: 58 * 71 cm,taxable,1,0,0,204.75,,,https://static.musaibrand.com/images/models/0404/model/large/0404_02_2_1.jpg,MU0404,4,Size,L,,1,,Color,Negru,,1,,,,,,,,,,,,[58cm]·[71cm],8435782529036
variation,MU04040402,,1,0,visible,,"Dimensiuni: 61,5 * 73 cm",taxable,1,0,0,204.75,,,https://static.musaibrand.com/images/models/0404/model/large/0404_02_2_1.jpg,MU0404,5,Size,XL,,1,,Color,Negru,,1,,,,,,,,,,,,"[61,5cm]·[73cm]",8435782529043
variation,MU04040502,,1,0,visible,,Dimensiuni: 65 * 74 cm,taxable,1,0,0,204.75,,,https://static.musaibrand.com/images/models/0404/model/large/0404_02_2_1.jpg,MU0404,6,Size,2XL,,1,,Color,Negru,,1,,,,,,,,,,,,[65cm]·[74cm],8435782529050
variation,MU04040602,,1,0,visible,,Dimensiuni: 69 * 75 cm,taxable,1,0,0,204.75,,,https://static.musaibrand.com/images/models/0404/model/large/0404_02_2_1.jpg,MU0404,7,Size,3XL,,1,,Color,Negru,,1,,,,,,,,,,,,[69cm]·[75cm],8435782529067
variation,MU04047502,,1,0,visible,,Dimensiuni: 38 * 47 cm,taxable,1,0,0,204.75,,,https://static.musaibrand.com/images/models/0404/model/large/0404_02_2_1.jpg,MU0404,8,Size,4/6,,1,,Color,Negru,,1,,,,,,,,,,,,[38cm]·[47cm],8435782530025
variation,MU04047602,,1,0,visible,,Dimensiuni: 42 * 53 cm,taxable,1,0,0,204.75,,,https://static.musaibrand.com/images/models/0404/model/large/0404_02_2_1.jpg,MU0404,9,Size,8/10,,1,,Color,Negru,,1,,,,,,,,,,,,[42cm]·[53cm],8435782529975
variation,MU04047702,,1,0,visible,,Dimensiuni: 48 * 60 cm,taxable,1,0,0,204.75,,,https://static.musaibrand.com/images/models/0404/model/large/0404_02_2_1.jpg,MU0404,10,Size,12/14,,1,,Color,Negru,,1,,,,,,,,,,,,[48cm]·[60cm],8435782529982
variation,MU04040055,,1,0,visible,,"Dimensiuni: 50,5 * 64 cm",taxable,1,0,0,204.75,,,https://static.musaibrand.com/images/models/0404/model/large/0404_55_2_1.jpg,MU0404,11,Size,XS,,1,,Color,Albastru marin,,1,,,,,,,,,,,,"[50,5cm]·[64cm]",8435782529135
variation,MU04040155,,1,0,visible,,Dimensiuni: 53 * 67 cm,taxable,1,0,0,204.75,,,https://static.musaibrand.com/images/models/0404/model/large/0404_55_2_1.jpg,MU0404,12,Size,S,,1,,Color,Albastru marin,,1,,,,,,,,,,,,[53cm]·[67cm],8435782529142
variation,MU04040255,,1,0,visible,,"Dimensiuni: 55,5 * 69 cm",taxable,1,0,0,204.75,,,https://static.musaibrand.com/images/models/0404/model/large/0404_55_2_1.jpg,MU0404,13,Size,M,,1,,Color,Albastru marin,,1,,,,,,,,,,,,"[55,5cm]·[69cm]",8435782529159
variation,MU04040355,,1,0,visible,,Dimensiuni: 58 * 71 cm,taxable,1,0,0,204.75,,,https://static.musaibrand.com/images/models/0404/model/large/0404_55_2_1.jpg,MU0404,14,Size,L,,1,,Color,Albastru marin,,1,,,,,,,,,,,,[58cm]·[71cm],8435782529166
variation,MU04040455,,1,0,visible,,"Dimensiuni: 61,5 * 73 cm",taxable,1,0,0,204.75,,,https://static.musaibrand.com/images/models/0404/model/large/0404_55_2_1.jpg,MU0404,15,Size,XL,,1,,Color,Albastru marin,,1,,,,,,,,,,,,"[61,5cm]·[73cm]",8435782529173
variation,MU04040555,,1,0,visible,,Dimensiuni: 65 * 74 cm,taxable,1,0,0,204.75,,,https://static.musaibrand.com/images/models/0404/model/large/0404_55_2_1.jpg,MU0404,16,Size,2XL,,1,,Color,Albastru marin,,1,,,,,,,,,,,,[65cm]·[74cm],8435782529180
variation,MU04040655,,1,0,visible,,Dimensiuni: 69 * 75 cm,taxable,1,0,0,204.75,,,https://static.musaibrand.com/images/models/0404/model/large/0404_55_2_1.jpg,MU0404,17,Size,3XL,,1,,Color,Albastru marin,,1,,,,,,,,,,,,[69cm]·[75cm],8435782529197
variation,MU04047555,,1,0,visible,,Dimensiuni: 38 * 47 cm,taxable,1,0,0,204.75,,,https://static.musaibrand.com/images/models/0404/model/large/0404_55_2_1.jpg,MU0404,18,Size,4/6,,1,,Color,Albastru marin,,1,,,,,,,,,,,,[38cm]·[47cm],8435782529999
variation,MU04047655,,1,0,visible,,Dimensiuni: 42 * 53 cm,taxable,1,0,0,204.75,,,https://static.musaibrand.com/images/models/0404/model/large/0404_55_2_1.jpg,MU0404,19,Size,8/10,,1,,Color,Albastru marin,,1,,,,,,,,,,,,[42cm]·[53cm],8435782530001
variation,MU04047755,,1,0,visible,,Dimensiuni: 48 * 60 cm,taxable,1,0,0,204.75,,,https://static.musaibrand.com/images/models/0404/model/large/0404_55_2_1.jpg,MU0404,20,Size,12/14,,1,,Color,Albastru marin,,1,,,,,,,,,,,,[48cm]·[60cm],8435782530018
variable,MU0500,Șosete sport înalte - Soksi,1,0,visible,,"<p>Șosete de fotbal unisex din poliester reciclat, poliamidă și elastan, cu nervuri de ajustare.<br>· Antibacteriano<br>· Cushion</p><p><strong>Compoziție:</strong> 94% poliamidă· 6% elastan</p><p><br>· Material elastic.  <br>· Talpă din material respirabil și căptușit.<br>· Întăritură cu nervuri în zona gleznei și a tălpii. <br>· Fără cusături la vârfuri.<br>· Detaliu cu logo Jacquard.</p><h4>Dimensiuni</h4><table style='border-collapse:collapse;margin:8px 0'><tr><th style='padding:4px 12px;border:1px solid #ddd;text-align:left'>Mărime</th><th style='padding:4px 12px;border:1px solid #ddd;text-align:left'>Dimensiuni</th></tr><tr><td style='padding:4px 12px;border:1px solid #ddd'>29/33</td><td style='padding:4px 12px;border:1px solid #ddd'>16 * 36 cm</td></tr><tr><td style='padding:4px 12px;border:1px solid #ddd'>34/37</td><td style='padding:4px 12px;border:1px solid #ddd'>18 * 41 cm</td></tr><tr><td style='padding:4px 12px;border:1px solid #ddd'>38/41</td><td style='padding:4px 12px;border:1px solid #ddd'>20 * 47 cm</td></tr><tr><td style='padding:4px 12px;border:1px solid #ddd'>42/46</td><td style='padding:4px 12px;border:1px solid #ddd'>23 * 50 cm</td></tr></table>",taxable,1,0,0,,Accesorii,MUSAI,"https://static.musaibrand.com/images/models/0500/model/large/0500_01_1_1.jpg,https://static.musaibrand.com/images/models/0500/model/large/0500_02_1_1.jpg,https://static.musaibrand.com/images/models/0500/model/large/0500_03_1_1.jpg,https://static.musaibrand.com/images/models/0500/model/large/0500_05_1_1.jpg,https://static.musaibrand.com/images/models/0500/model/large/0500_10_1_1.jpg,https://static.musaibrand.com/images/models/0500/model/large/0500_176_1_1.jpg,https://static.musaibrand.com/images/models/0500/model/large/0500_221_1_1.jpg,https://static.musaibrand.com/images/models/0500/model/large/0500_222_1_1.jpg,https://static.musaibrand.com/images/models/0500/model/large/0500_223_1_1.jpg,https://static.musaibrand.com/images/models/0500/model/large/0500_226_1_1.jpg,https://static.musaibrand.com/images/models/0500/model/large/0500_258_1_1.jpg,https://static.musaibrand.com/images/models/0500/model/large/0500_34_1_1.jpg,https://static.musaibrand.com/images/models/0500/model/large/0500_55_1_1.jpg,https://static.musaibrand.com/images/models/0500/model/large/0500_60_1_1.jpg,https://static.musaibrand.com/images/models/0500/model/large/0500_64_1_1.jpg,https://static.musaibrand.com/images/models/0500/model/large/0500_01_2_1.jpg,https://static.musaibrand.com/images/models/0500/model/large/0500_02_2_1.jpg,https://static.musaibrand.com/images/models/0500/model/large/0500_03_2_1.jpg,https://static.musaibrand.com/images/models/0500/model/large/0500_05_2_1.jpg,https://static.musaibrand.com/images/models/0500/model/large/0500_10_2_1.jpg,https://static.musaibrand.com/images/models/0500/model/large/0500_176_2_1.jpg,https://static.musaibrand.com/images/models/0500/model/large/0500_221_2_1.jpg,https://static.musaibrand.com/images/models/0500/model/large/0500_222_2_1.jpg,https://static.musaibrand.com/images/models/0500/model/large/0500_223_2_1.jpg,https://static.musaibrand.com/images/models/0500/model/large/0500_226_2_1.jpg,https://static.musaibrand.com/images/models/0500/model/large/0500_258_2_1.jpg,https://static.musaibrand.com/images/models/0500/model/large/0500_34_2_1.jpg,https://static.musaibrand.com/images/models/0500/model/large/0500_55_2_1.jpg,https://static.musaibrand.com/images/models/0500/model/large/0500_60_2_1.jpg,https://static.musaibrand.com/images/models/0500/model/large/0500_64_2_1.jpg",,0,Size,"29/33, 34/37, 38/41, 42/46",1,1,,Color,"Alb, Negru, Galben, Albastru regal, Sky blue, Fluor turcoaz, Galben fluor, Fluor verde, Fluor portocaliu, Fern Green, Gri deschis, Gum Pink, Albastru marin, ROȘU, Burgundy",1,1,,Gender,Unisex,1,1,,Dimensiuni,"[16cm]·[36cm], [18cm]·[41cm], [20cm]·[47cm], [23cm]·[50cm]",1,0,,,
variation,MU050013001,,1,0,visible,,Dimensiuni: 16 * 36 cm,taxable,1,0,0,34.2,,,https://static.musaibrand.com/images/models/0500/model/large/0500_01_2_1.jpg,MU0500,1,Size,29/33,,1,,Color,Alb,,1,,,,,,,,,,,,[16cm]·[36cm],8435782525281
variation,MU050013101,,1,0,visible,,Dimensiuni: 18 * 41 cm,taxable,1,0,0,34.2,,,https://static.musaibrand.com/images/models/0500/model/large/0500_01_2_1.jpg,MU0500,2,Size,34/37,,1,,Color,Alb,,1,,,,,,,,,,,,[18cm]·[41cm],8435782525427
variation,MU050013201,,1,0,visible,,Dimensiuni: 20 * 47 cm,taxable,1,0,0,34.2,,,https://static.musaibrand.com/images/models/0500/model/large/0500_01_2_1.jpg,MU0500,3,Size,38/41,,1,,Color,Alb,,1,,,,,,,,,,,,[20cm]·[47cm],8435782525564
variation,MU050013301,,1,0,visible,,Dimensiuni: 23 * 50 cm,taxable,1,0,0,34.2,,,https://static.musaibrand.com/images/models/0500/model/large/0500_01_2_1.jpg,MU0500,4,Size,42/46,,1,,Color,Alb,,1,,,,,,,,,,,,[23cm]·[50cm],8435782525700
variation,MU050013002,,1,0,visible,,Dimensiuni: 16 * 36 cm,taxable,1,0,0,34.2,,,https://static.musaibrand.com/images/models/0500/model/large/0500_02_2_1.jpg,MU0500,5,Size,29/33,,1,,Color,Negru,,1,,,,,,,,,,,,[16cm]·[36cm],8435782525298
variation,MU050013102,,1,0,visible,,Dimensiuni: 18 * 41 cm,taxable,1,0,0,34.2,,,https://static.musaibrand.com/images/models/0500/model/large/0500_02_2_1.jpg,MU0500,6,Size,34/37,,1,,Color,Negru,,1,,,,,,,,,,,,[18cm]·[41cm],8435782525434
variation,MU050013202,,1,0,visible,,Dimensiuni: 20 * 47 cm,taxable,1,0,0,34.2,,,https://static.musaibrand.com/images/models/0500/model/large/0500_02_2_1.jpg,MU0500,7,Size,38/41,,1,,Color,Negru,,1,,,,,,,,,,,,[20cm]·[47cm],8435782525571
variation,MU050013302,,1,0,visible,,Dimensiuni: 23 * 50 cm,taxable,1,0,0,34.2,,,https://static.musaibrand.com/images/models/0500/model/large/0500_02_2_1.jpg,MU0500,8,Size,42/46,,1,,Color,Negru,,1,,,,,,,,,,,,[23cm]·[50cm],8435782525717
variation,MU050013003,,1,0,visible,,Dimensiuni: 16 * 36 cm,taxable,1,0,0,34.2,,,https://static.musaibrand.com/images/models/0500/model/large/0500_03_2_1.jpg,MU0500,9,Size,29/33,,1,,Color,Galben,,1,,,,,,,,,,,,[16cm]·[36cm],8435782525304
variation,MU050013103,,1,0,visible,,Dimensiuni: 18 * 41 cm,taxable,1,0,0,34.2,,,https://static.musaibrand.com/images/models/0500/model/large/0500_03_2_1.jpg,MU0500,10,Size,34/37,,1,,Color,Galben,,1,,,,,,,,,,,,[18cm]·[41cm],8435782525441
variation,MU050013203,,1,0,visible,,Dimensiuni: 20 * 47 cm,taxable,1,0,0,34.2,,,https://static.musaibrand.com/images/models/0500/model/large/0500_03_2_1.jpg,MU0500,11,Size,38/41,,1,,Color,Galben,,1,,,,,,,,,,,,[20cm]·[47cm],8435782525588
variation,MU050013303,,1,0,visible,,Dimensiuni: 23 * 50 cm,taxable,1,0,0,34.2,,,https://static.musaibrand.com/images/models/0500/model/large/0500_03_2_1.jpg,MU0500,12,Size,42/46,,1,,Color,Galben,,1,,,,,,,,,,,,[23cm]·[50cm],8435782525724
variation,MU050013005,,1,0,visible,,Dimensiuni: 16 * 36 cm,taxable,1,0,0,34.2,,,https://static.musaibrand.com/images/models/0500/model/large/0500_05_2_1.jpg,MU0500,13,Size,29/33,,1,,Color,Albastru regal,,1,,,,,,,,,,,,[16cm]·[36cm],8435782525311
variation,MU050013105,,1,0,visible,,Dimensiuni: 18 * 41 cm,taxable,1,0,0,34.2,,,https://static.musaibrand.com/images/models/0500/model/large/0500_05_2_1.jpg,MU0500,14,Size,34/37,,1,,Color,Albastru regal,,1,,,,,,,,,,,,[18cm]·[41cm],8435782525458
variation,MU050013205,,1,0,visible,,Dimensiuni: 20 * 47 cm,taxable,1,0,0,34.2,,,https://static.musaibrand.com/images/models/0500/model/large/0500_05_2_1.jpg,MU0500,15,Size,38/41,,1,,Color,Albastru regal,,1,,,,,,,,,,,,[20cm]·[47cm],8435782525595
variation,MU050013305,,1,0,visible,,Dimensiuni: 23 * 50 cm,taxable,1,0,0,34.2,,,https://static.musaibrand.com/images/models/0500/model/large/0500_05_2_1.jpg,MU0500,16,Size,42/46,,1,,Color,Albastru regal,,1,,,,,,,,,,,,[23cm]·[50cm],8435782525731
variation,MU050013010,,1,0,visible,,Dimensiuni: 16 * 36 cm,taxable,1,0,0,34.2,,,https://static.musaibrand.com/images/models/0500/model/large/0500_10_2_1.jpg,MU0500,17,Size,29/33,,1,,Color,Sky blue,,1,,,,,,,,,,,,[16cm]·[36cm],8435782525328
variation,MU050013110,,1,0,visible,,Dimensiuni: 18 * 41 cm,taxable,1,0,0,34.2,,,https://static.musaibrand.com/images/models/0500/model/large/0500_10_2_1.jpg,MU0500,18,Size,34/37,,1,,Color,Sky blue,,1,,,,,,,,,,,,[18cm]·[41cm],8435782525465
variation,MU050013210,,1,0,visible,,Dimensiuni: 20 * 47 cm,taxable,1,0,0,34.2,,,https://static.musaibrand.com/images/models/0500/model/large/0500_10_2_1.jpg,MU0500,19,Size,38/41,,1,,Color,Sky blue,,1,,,,,,,,,,,,[20cm]·[47cm],8435782525601
variation,MU050013310,,1,0,visible,,Dimensiuni: 23 * 50 cm,taxable,1,0,0,34.2,,,https://static.musaibrand.com/images/models/0500/model/large/0500_10_2_1.jpg,MU0500,20,Size,42/46,,1,,Color,Sky blue,,1,,,,,,,,,,,,[23cm]·[50cm],8435782525748
variation,MU0500130176,,1,0,visible,,Dimensiuni: 16 * 36 cm,taxable,1,0,0,34.2,,,https://static.musaibrand.com/images/models/0500/model/large/0500_176_2_1.jpg,MU0500,21,Size,29/33,,1,,Color,Fluor turcoaz,,1,,,,,,,,,,,,[16cm]·[36cm],8435782525335
variation,MU0500131176,,1,0,visible,,Dimensiuni: 18 * 41 cm,taxable,1,0,0,34.2,,,https://static.musaibrand.com/images/models/0500/model/large/0500_176_2_1.jpg,MU0500,22,Size,34/37,,1,,Color,Fluor turcoaz,,1,,,,,,,,,,,,[18cm]·[41cm],8435782525472
variation,MU0500132176,,1,0,visible,,Dimensiuni: 20 * 47 cm,taxable,1,0,0,34.2,,,https://static.musaibrand.com/images/models/0500/model/large/0500_176_2_1.jpg,MU0500,23,Size,38/41,,1,,Color,Fluor turcoaz,,1,,,,,,,,,,,,[20cm]·[47cm],8435782525618
variation,MU0500133176,,1,0,visible,,Dimensiuni: 23 * 50 cm,taxable,1,0,0,34.2,,,https://static.musaibrand.com/images/models/0500/model/large/0500_176_2_1.jpg,MU0500,24,Size,42/46,,1,,Color,Fluor turcoaz,,1,,,,,,,,,,,,[23cm]·[50cm],8435782525755
variation,MU0500130221,,1,0,visible,,Dimensiuni: 16 * 36 cm,taxable,1,0,0,34.2,,,https://static.musaibrand.com/images/models/0500/model/large/0500_221_2_1.jpg,MU0500,25,Size,29/33,,1,,Color,Galben fluor,,1,,,,,,,,,,,,[16cm]·[36cm],8435782525342
variation,MU0500131221,,1,0,visible,,Dimensiuni: 18 * 41 cm,taxable,1,0,0,34.2,,,https://static.musaibrand.com/images/models/0500/model/large/0500_221_2_1.jpg,MU0500,26,Size,34/37,,1,,Color,Galben fluor,,1,,,,,,,,,,,,[18cm]·[41cm],8435782525489
variation,MU0500132221,,1,0,visible,,Dimensiuni: 20 * 47 cm,taxable,1,0,0,34.2,,,https://static.musaibrand.com/images/models/0500/model/large/0500_221_2_1.jpg,MU0500,27,Size,38/41,,1,,Color,Galben fluor,,1,,,,,,,,,,,,[20cm]·[47cm],8435782525625
variation,MU0500133221,,1,0,visible,,Dimensiuni: 23 * 50 cm,taxable,1,0,0,34.2,,,https://static.musaibrand.com/images/models/0500/model/large/0500_221_2_1.jpg,MU0500,28,Size,42/46,,1,,Color,Galben fluor,,1,,,,,,,,,,,,[23cm]·[50cm],8435782525762
variation,MU0500130222,,1,0,visible,,Dimensiuni: 16 * 36 cm,taxable,1,0,0,34.2,,,https://static.musaibrand.com/images/models/0500/model/large/0500_222_2_1.jpg,MU0500,29,Size,29/33,,1,,Color,Fluor verde,,1,,,,,,,,,,,,[16cm]·[36cm],8435782525359
variation,MU0500131222,,1,0,visible,,Dimensiuni: 18 * 41 cm,taxable,1,0,0,34.2,,,https://static.musaibrand.com/images/models/0500/model/large/0500_222_2_1.jpg,MU0500,30,Size,34/37,,1,,Color,Fluor verde,,1,,,,,,,,,,,,[18cm]·[41cm],8435782525496
variation,MU0500132222,,1,0,visible,,Dimensiuni: 20 * 47 cm,taxable,1,0,0,34.2,,,https://static.musaibrand.com/images/models/0500/model/large/0500_222_2_1.jpg,MU0500,31,Size,38/41,,1,,Color,Fluor verde,,1,,,,,,,,,,,,[20cm]·[47cm],8435782525632
variation,MU0500133222,,1,0,visible,,Dimensiuni: 23 * 50 cm,taxable,1,0,0,34.2,,,https://static.musaibrand.com/images/models/0500/model/large/0500_222_2_1.jpg,MU0500,32,Size,42/46,,1,,Color,Fluor verde,,1,,,,,,,,,,,,[23cm]·[50cm],8435782525779
variation,MU0500130223,,1,0,visible,,Dimensiuni: 16 * 36 cm,taxable,1,0,0,34.2,,,https://static.musaibrand.com/images/models/0500/model/large/0500_223_2_1.jpg,MU0500,33,Size,29/33,,1,,Color,Fluor portocaliu,,1,,,,,,,,,,,,[16cm]·[36cm],8435782525366
variation,MU0500131223,,1,0,visible,,Dimensiuni: 18 * 41 cm,taxable,1,0,0,34.2,,,https://static.musaibrand.com/images/models/0500/model/large/0500_223_2_1.jpg,MU0500,34,Size,34/37,,1,,Color,Fluor portocaliu,,1,,,,,,,,,,,,[18cm]·[41cm],8435782525502
variation,MU0500132223,,1,0,visible,,Dimensiuni: 20 * 47 cm,taxable,1,0,0,34.2,,,https://static.musaibrand.com/images/models/0500/model/large/0500_223_2_1.jpg,MU0500,35,Size,38/41,,1,,Color,Fluor portocaliu,,1,,,,,,,,,,,,[20cm]·[47cm],8435782525649
variation,MU0500133223,,1,0,visible,,Dimensiuni: 23 * 50 cm,taxable,1,0,0,34.2,,,https://static.musaibrand.com/images/models/0500/model/large/0500_223_2_1.jpg,MU0500,36,Size,42/46,,1,,Color,Fluor portocaliu,,1,,,,,,,,,,,,[23cm]·[50cm],8435782525786
variation,MU0500130226,,1,0,visible,,Dimensiuni: 16 * 36 cm,taxable,1,0,0,34.2,,,https://static.musaibrand.com/images/models/0500/model/large/0500_226_2_1.jpg,MU0500,37,Size,29/33,,1,,Color,Fern Green,,1,,,,,,,,,,,,[16cm]·[36cm],8435782528961
variation,MU0500131226,,1,0,visible,,Dimensiuni: 18 * 41 cm,taxable,1,0,0,34.2,,,https://static.musaibrand.com/images/models/0500/model/large/0500_226_2_1.jpg,MU0500,38,Size,34/37,,1,,Color,Fern Green,,1,,,,,,,,,,,,[18cm]·[41cm],8435782528978
variation,MU0500132226,,1,0,visible,,Dimensiuni: 20 * 47 cm,taxable,1,0,0,34.2,,,https://static.musaibrand.com/images/models/0500/model/large/0500_226_2_1.jpg,MU0500,39,Size,38/41,,1,,Color,Fern Green,,1,,,,,,,,,,,,[20cm]·[47cm],8435782528985
variation,MU0500133226,,1,0,visible,,Dimensiuni: 23 * 50 cm,taxable,1,0,0,34.2,,,https://static.musaibrand.com/images/models/0500/model/large/0500_226_2_1.jpg,MU0500,40,Size,42/46,,1,,Color,Fern Green,,1,,,,,,,,,,,,[23cm]·[50cm],8435782528992
variation,MU0500130258,,1,0,visible,,Dimensiuni: 16 * 36 cm,taxable,1,0,0,34.2,,,https://static.musaibrand.com/images/models/0500/model/large/0500_258_2_1.jpg,MU0500,41,Size,29/33,,1,,Color,Gri deschis,,1,,,,,,,,,,,,[16cm]·[36cm],8435782525373
variation,MU0500131258,,1,0,visible,,Dimensiuni: 18 * 41 cm,taxable,1,0,0,34.2,,,https://static.musaibrand.com/images/models/0500/model/large/0500_258_2_1.jpg,MU0500,42,Size,34/37,,1,,Color,Gri deschis,,1,,,,,,,,,,,,[18cm]·[41cm],8435782525519
variation,MU0500132258,,1,0,visible,,Dimensiuni: 20 * 47 cm,taxable,1,0,0,34.2,,,https://static.musaibrand.com/images/models/0500/model/large/0500_258_2_1.jpg,MU0500,43,Size,38/41,,1,,Color,Gri deschis,,1,,,,,,,,,,,,[20cm]·[47cm],8435782525656
variation,MU0500133258,,1,0,visible,,Dimensiuni: 23 * 50 cm,taxable,1,0,0,34.2,,,https://static.musaibrand.com/images/models/0500/model/large/0500_258_2_1.jpg,MU0500,44,Size,42/46,,1,,Color,Gri deschis,,1,,,,,,,,,,,,[23cm]·[50cm],8435782525793
variation,MU050013034,,1,0,visible,,Dimensiuni: 16 * 36 cm,taxable,1,0,0,34.2,,,https://static.musaibrand.com/images/models/0500/model/large/0500_34_2_1.jpg,MU0500,45,Size,29/33,,1,,Color,Gum Pink,,1,,,,,,,,,,,,[16cm]·[36cm],8435782525380
variation,MU050013134,,1,0,visible,,Dimensiuni: 18 * 41 cm,taxable,1,0,0,34.2,,,https://static.musaibrand.com/images/models/0500/model/large/0500_34_2_1.jpg,MU0500,46,Size,34/37,,1,,Color,Gum Pink,,1,,,,,,,,,,,,[18cm]·[41cm],8435782525526
variation,MU050013234,,1,0,visible,,Dimensiuni: 20 * 47 cm,taxable,1,0,0,34.2,,,https://static.musaibrand.com/images/models/0500/model/large/0500_34_2_1.jpg,MU0500,47,Size,38/41,,1,,Color,Gum Pink,,1,,,,,,,,,,,,[20cm]·[47cm],8435782525663
variation,MU050013334,,1,0,visible,,Dimensiuni: 23 * 50 cm,taxable,1,0,0,34.2,,,https://static.musaibrand.com/images/models/0500/model/large/0500_34_2_1.jpg,MU0500,48,Size,42/46,,1,,Color,Gum Pink,,1,,,,,,,,,,,,[23cm]·[50cm],8435782525809
variation,MU050013055,,1,0,visible,,Dimensiuni: 16 * 36 cm,taxable,1,0,0,34.2,,,https://static.musaibrand.com/images/models/0500/model/large/0500_55_2_1.jpg,MU0500,49,Size,29/33,,1,,Color,Albastru marin,,1,,,,,,,,,,,,[16cm]·[36cm],8435782525397
variation,MU050013155,,1,0,visible,,Dimensiuni: 18 * 41 cm,taxable,1,0,0,34.2,,,https://static.musaibrand.com/images/models/0500/model/large/0500_55_2_1.jpg,MU0500,50,Size,34/37,,1,,Color,Albastru marin,,1,,,,,,,,,,,,[18cm]·[41cm],8435782525533
variation,MU050013255,,1,0,visible,,Dimensiuni: 20 * 47 cm,taxable,1,0,0,34.2,,,https://static.musaibrand.com/images/models/0500/model/large/0500_55_2_1.jpg,MU0500,51,Size,38/41,,1,,Color,Albastru marin,,1,,,,,,,,,,,,[20cm]·[47cm],8435782525670
variation,MU050013355,,1,0,visible,,Dimensiuni: 23 * 50 cm,taxable,1,0,0,34.2,,,https://static.musaibrand.com/images/models/0500/model/large/0500_55_2_1.jpg,MU0500,52,Size,42/46,,1,,Color,Albastru marin,,1,,,,,,,,,,,,[23cm]·[50cm],8435782525816
variation,MU050013060,,1,0,visible,,Dimensiuni: 16 * 36 cm,taxable,1,0,0,34.2,,,https://static.musaibrand.com/images/models/0500/model/large/0500_60_2_1.jpg,MU0500,53,Size,29/33,,1,,Color,ROȘU,,1,,,,,,,,,,,,[16cm]·[36cm],8435782525403
variation,MU050013160,,1,0,visible,,Dimensiuni: 18 * 41 cm,taxable,1,0,0,34.2,,,https://static.musaibrand.com/images/models/0500/model/large/0500_60_2_1.jpg,MU0500,54,Size,34/37,,1,,Color,ROȘU,,1,,,,,,,,,,,,[18cm]·[41cm],8435782525540
variation,MU050013260,,1,0,visible,,Dimensiuni: 20 * 47 cm,taxable,1,0,0,34.2,,,https://static.musaibrand.com/images/models/0500/model/large/0500_60_2_1.jpg,MU0500,55,Size,38/41,,1,,Color,ROȘU,,1,,,,,,,,,,,,[20cm]·[47cm],8435782525687
variation,MU050013360,,1,0,visible,,Dimensiuni: 23 * 50 cm,taxable,1,0,0,34.2,,,https://static.musaibrand.com/images/models/0500/model/large/0500_60_2_1.jpg,MU0500,56,Size,42/46,,1,,Color,ROȘU,,1,,,,,,,,,,,,[23cm]·[50cm],8435782525823
variation,MU050013064,,1,0,visible,,Dimensiuni: 16 * 36 cm,taxable,1,0,0,34.2,,,https://static.musaibrand.com/images/models/0500/model/large/0500_64_2_1.jpg,MU0500,57,Size,29/33,,1,,Color,Burgundy,,1,,,,,,,,,,,,[16cm]·[36cm],8435782525410
variation,MU050013164,,1,0,visible,,Dimensiuni: 18 * 41 cm,taxable,1,0,0,34.2,,,https://static.musaibrand.com/images/models/0500/model/large/0500_64_2_1.jpg,MU0500,58,Size,34/37,,1,,Color,Burgundy,,1,,,,,,,,,,,,[18cm]·[41cm],8435782525557
variation,MU050013264,,1,0,visible,,Dimensiuni: 20 * 47 cm,taxable,1,0,0,34.2,,,https://static.musaibrand.com/images/models/0500/model/large/0500_64_2_1.jpg,MU0500,59,Size,38/41,,1,,Color,Burgundy,,1,,,,,,,,,,,,[20cm]·[47cm],8435782525694
variation,MU050013364,,1,0,visible,,Dimensiuni: 23 * 50 cm,taxable,1,0,0,34.2,,,https://static.musaibrand.com/images/models/0500/model/large/0500_64_2_1.jpg,MU0500,60,Size,42/46,,1,,Color,Burgundy,,1,,,,,,,,,,,,[23cm]·[50cm],8435782525830
