Type,SKU,Name,Published,Is featured?,Visibility in catalog,Short description,Description,Tax status,In stock?,Backorders allowed?,Sold individually?,Regular price,Categories,Tags,Images,Parent,Position,Attribute 1 name,Attribute 1 value(s),Attribute 1 visible,Attribute 1 global,Attribute 1 default,Attribute 2 name,Attribute 2 value(s),Attribute 2 visible,Attribute 2 global,Attribute 2 default,Attribute 3 name,Attribute 3 value(s),Attribute 3 visible,Attribute 3 global,Attribute 3 default,Attribute 4 name,Attribute 4 value(s),Attribute 4 visible,Attribute 4 global,Attribute 4 default,Meta: dimensions,Meta: ean
variable,MU0200,Pantaloni - Vifa,1,0,visible,,<p>Pantaloni scurți sport unisex respirabili cu uscare ușoară din poliester reciclat.<br>· Breathable.<br>· Wicking.</p><p><strong>Compoziție:</strong> 100% poliester interlock reciclat</p><p><br>· Bandă elastică în talie cu șnur interior asortat personalizat cu design de marcă.<br>· Deschideri laterale.<br>· Detaliu cu logo imprimat pe tiv.</p><h4>Dimensiuni</h4><table style='border-collapse:collapse;margin:8px 0'><tr><th style='padding:4px 12px;border:1px solid #ddd;text-align:left'>Mărime</th><th style='padding:4px 12px;border:1px solid #ddd;text-align:left'>Dimensiuni</th></tr><tr><td style='padding:4px 12px;border:1px solid #ddd'>XS</td><td style='padding:4px 12px;border:1px solid #ddd'>32 * 41 cm</td></tr><tr><td style='padding:4px 12px;border:1px solid #ddd'>S</td><td style='padding:4px 12px;border:1px solid #ddd'>35 * 42 cm</td></tr><tr><td style='padding:4px 12px;border:1px solid #ddd'>M</td><td style='padding:4px 12px;border:1px solid #ddd'>37 * 44 cm</td></tr><tr><td style='padding:4px 12px;border:1px solid #ddd'>L</td><td style='padding:4px 12px;border:1px solid #ddd'>39 * 46 cm</td></tr><tr><td style='padding:4px 12px;border:1px solid #ddd'>XL</td><td style='padding:4px 12px;border:1px solid #ddd'>42 * 49 cm</td></tr><tr><td style='padding:4px 12px;border:1px solid #ddd'>2XL</td><td style='padding:4px 12px;border:1px solid #ddd'>45 * 52 cm</td></tr><tr><td style='padding:4px 12px;border:1px solid #ddd'>3XL</td><td style='padding:4px 12px;border:1px solid #ddd'>48 * 54 cm</td></tr><tr><td style='padding:4px 12px;border:1px solid #ddd'>4/6</td><td style='padding:4px 12px;border:1px solid #ddd'>25 * 31 cm</td></tr><tr><td style='padding:4px 12px;border:1px solid #ddd'>8/10</td><td style='padding:4px 12px;border:1px solid #ddd'>29 * 38 cm</td></tr><tr><td style='padding:4px 12px;border:1px solid #ddd'>12/14</td><td style='padding:4px 12px;border:1px solid #ddd'>32 * 40 cm</td></tr></table>,taxable,1,0,0,,Pantaloni scurţi,MUSAI,"https://static.musaibrand.com/images/models/0200/model/large/0200_01_1_1.jpg,https://static.musaibrand.com/images/models/0200/model/large/0200_02_1_1.jpg,https://static.musaibrand.com/images/models/0200/model/large/0200_03_1_1.jpg,https://static.musaibrand.com/images/models/0200/model/large/0200_05_1_1.jpg,https://static.musaibrand.com/images/models/0200/model/large/0200_10_1_1.jpg,https://static.musaibrand.com/images/models/0200/model/large/0200_176_1_1.jpg,https://static.musaibrand.com/images/models/0200/model/large/0200_221_1_1.jpg,https://static.musaibrand.com/images/models/0200/model/large/0200_222_1_1.jpg,https://static.musaibrand.com/images/models/0200/model/large/0200_223_1_1.jpg,https://static.musaibrand.com/images/models/0200/model/large/0200_226_1_1.jpg,https://static.musaibrand.com/images/models/0200/model/large/0200_258_1_1.jpg,https://static.musaibrand.com/images/models/0200/model/large/0200_34_1_1.jpg,https://static.musaibrand.com/images/models/0200/model/large/0200_55_1_1.jpg,https://static.musaibrand.com/images/models/0200/model/large/0200_60_1_1.jpg,https://static.musaibrand.com/images/models/0200/model/large/0200_64_1_1.jpg,https://static.musaibrand.com/images/models/0200/model/large/0200_01_2_1.jpg,https://static.musaibrand.com/images/models/0200/model/large/0200_02_2_1.jpg,https://static.musaibrand.com/images/models/0200/model/large/0200_03_2_1.jpg,https://static.musaibrand.com/images/models/0200/model/large/0200_05_2_1.jpg,https://static.musaibrand.com/images/models/0200/model/large/0200_10_2_1.jpg,https://static.musaibrand.com/images/models/0200/model/large/0200_176_2_1.jpg,https://static.musaibrand.com/images/models/0200/model/large/0200_221_2_1.jpg,https://static.musaibrand.com/images/models/0200/model/large/0200_222_2_1.jpg,https://static.musaibrand.com/images/models/0200/model/large/0200_223_2_1.jpg,https://static.musaibrand.com/images/models/0200/model/large/0200_226_2_1.jpg,https://static.musaibrand.com/images/models/0200/model/large/0200_258_2_1.jpg,https://static.musaibrand.com/images/models/0200/model/large/0200_34_2_1.jpg,https://static.musaibrand.com/images/models/0200/model/large/0200_55_2_1.jpg,https://static.musaibrand.com/images/models/0200/model/large/0200_60_2_1.jpg,https://static.musaibrand.com/images/models/0200/model/large/0200_64_2_1.jpg",,0,Size,"XS, S, M, L, XL, 2XL, 3XL, 4/6, 8/10, 12/14",1,1,,Color,"Alb, Negru, Galben, Albastru regal, Sky blue, Fluor turcoaz, Galben fluor, Fluor verde, Fluor portocaliu, Fern Green, Gri deschis, Gum Pink, Albastru marin, ROȘU, Burgundy",1,1,,Gender,Unisex,1,1,,Dimensiuni,"[32cm]·[41cm], [35cm]·[42cm], [37cm]·[44cm], [39cm]·[46cm], [42cm]·[49cm], [45cm]·[52cm], [48cm]·[54cm], [25cm]·[31cm], [29cm]·[38cm], [32cm]·[40cm]",1,0,,,
variation,MU02000001,,1,0,visible,,Dimensiuni: 32 * 41 cm,taxable,1,0,0,47.25,,,https://static.musaibrand.com/images/models/0200/model/large/0200_01_2_1.jpg,MU0200,1,Size,XS,,1,,Color,Alb,,1,,,,,,,,,,,,[32cm]·[41cm],8435782508819
variation,MU02000101,,1,0,visible,,Dimensiuni: 35 * 42 cm,taxable,1,0,0,47.25,,,https://static.musaibrand.com/images/models/0200/model/large/0200_01_2_1.jpg,MU0200,2,Size,S,,1,,Color,Alb,,1,,,,,,,,,,,,[35cm]·[42cm],8435782508956
variation,MU02000201,,1,0,visible,,Dimensiuni: 37 * 44 cm,taxable,1,0,0,47.25,,,https://static.musaibrand.com/images/models/0200/model/large/0200_01_2_1.jpg,MU0200,3,Size,M,,1,,Color,Alb,,1,,,,,,,,,,,,[37cm]·[44cm],8435782509090
variation,MU02000301,,1,0,visible,,Dimensiuni: 39 * 46 cm,taxable,1,0,0,47.25,,,https://static.musaibrand.com/images/models/0200/model/large/0200_01_2_1.jpg,MU0200,4,Size,L,,1,,Color,Alb,,1,,,,,,,,,,,,[39cm]·[46cm],8435782509236
variation,MU02000401,,1,0,visible,,Dimensiuni: 42 * 49 cm,taxable,1,0,0,47.25,,,https://static.musaibrand.com/images/models/0200/model/large/0200_01_2_1.jpg,MU0200,5,Size,XL,,1,,Color,Alb,,1,,,,,,,,,,,,[42cm]·[49cm],8435782509373
variation,MU02000501,,1,0,visible,,Dimensiuni: 45 * 52 cm,taxable,1,0,0,47.25,,,https://static.musaibrand.com/images/models/0200/model/large/0200_01_2_1.jpg,MU0200,6,Size,2XL,,1,,Color,Alb,,1,,,,,,,,,,,,[45cm]·[52cm],8435782509519
variation,MU02000601,,1,0,visible,,Dimensiuni: 48 * 54 cm,taxable,1,0,0,47.25,,,https://static.musaibrand.com/images/models/0200/model/large/0200_01_2_1.jpg,MU0200,7,Size,3XL,,1,,Color,Alb,,1,,,,,,,,,,,,[48cm]·[54cm],8435782509656
variation,MU02007501,,1,0,visible,,Dimensiuni: 25 * 31 cm,taxable,1,0,0,47.25,,,https://static.musaibrand.com/images/models/0200/model/large/0200_01_2_1.jpg,MU0200,8,Size,4/6,,1,,Color,Alb,,1,,,,,,,,,,,,[25cm]·[31cm],8435782509793
variation,MU02007601,,1,0,visible,,Dimensiuni: 29 * 38 cm,taxable,1,0,0,47.25,,,https://static.musaibrand.com/images/models/0200/model/large/0200_01_2_1.jpg,MU0200,9,Size,8/10,,1,,Color,Alb,,1,,,,,,,,,,,,[29cm]·[38cm],8435782509939
variation,MU02007701,,1,0,visible,,Dimensiuni: 32 * 40 cm,taxable,1,0,0,47.25,,,https://static.musaibrand.com/images/models/0200/model/large/0200_01_2_1.jpg,MU0200,10,Size,12/14,,1,,Color,Alb,,1,,,,,,,,,,,,[32cm]·[40cm],8435782510072
variation,MU02000002,,1,0,visible,,Dimensiuni: 32 * 41 cm,taxable,1,0,0,47.25,,,https://static.musaibrand.com/images/models/0200/model/large/0200_02_2_1.jpg,MU0200,11,Size,XS,,1,,Color,Negru,,1,,,,,,,,,,,,[32cm]·[41cm],8435782508826
variation,MU02000102,,1,0,visible,,Dimensiuni: 35 * 42 cm,taxable,1,0,0,47.25,,,https://static.musaibrand.com/images/models/0200/model/large/0200_02_2_1.jpg,MU0200,12,Size,S,,1,,Color,Negru,,1,,,,,,,,,,,,[35cm]·[42cm],8435782508963
variation,MU02000202,,1,0,visible,,Dimensiuni: 37 * 44 cm,taxable,1,0,0,47.25,,,https://static.musaibrand.com/images/models/0200/model/large/0200_02_2_1.jpg,MU0200,13,Size,M,,1,,Color,Negru,,1,,,,,,,,,,,,[37cm]·[44cm],8435782509106
variation,MU02000302,,1,0,visible,,Dimensiuni: 39 * 46 cm,taxable,1,0,0,47.25,,,https://static.musaibrand.com/images/models/0200/model/large/0200_02_2_1.jpg,MU0200,14,Size,L,,1,,Color,Negru,,1,,,,,,,,,,,,[39cm]·[46cm],8435782509243
variation,MU02000402,,1,0,visible,,Dimensiuni: 42 * 49 cm,taxable,1,0,0,47.25,,,https://static.musaibrand.com/images/models/0200/model/large/0200_02_2_1.jpg,MU0200,15,Size,XL,,1,,Color,Negru,,1,,,,,,,,,,,,[42cm]·[49cm],8435782509380
variation,MU02000502,,1,0,visible,,Dimensiuni: 45 * 52 cm,taxable,1,0,0,47.25,,,https://static.musaibrand.com/images/models/0200/model/large/0200_02_2_1.jpg,MU0200,16,Size,2XL,,1,,Color,Negru,,1,,,,,,,,,,,,[45cm]·[52cm],8435782509526
variation,MU02000602,,1,0,visible,,Dimensiuni: 48 * 54 cm,taxable,1,0,0,47.25,,,https://static.musaibrand.com/images/models/0200/model/large/0200_02_2_1.jpg,MU0200,17,Size,3XL,,1,,Color,Negru,,1,,,,,,,,,,,,[48cm]·[54cm],8435782509663
variation,MU02007502,,1,0,visible,,Dimensiuni: 25 * 31 cm,taxable,1,0,0,47.25,,,https://static.musaibrand.com/images/models/0200/model/large/0200_02_2_1.jpg,MU0200,18,Size,4/6,,1,,Color,Negru,,1,,,,,,,,,,,,[25cm]·[31cm],8435782509809
variation,MU02007602,,1,0,visible,,Dimensiuni: 29 * 38 cm,taxable,1,0,0,47.25,,,https://static.musaibrand.com/images/models/0200/model/large/0200_02_2_1.jpg,MU0200,19,Size,8/10,,1,,Color,Negru,,1,,,,,,,,,,,,[29cm]·[38cm],8435782509946
variation,MU02007702,,1,0,visible,,Dimensiuni: 32 * 40 cm,taxable,1,0,0,47.25,,,https://static.musaibrand.com/images/models/0200/model/large/0200_02_2_1.jpg,MU0200,20,Size,12/14,,1,,Color,Negru,,1,,,,,,,,,,,,[32cm]·[40cm],8435782510089
variation,MU02000003,,1,0,visible,,Dimensiuni: 32 * 41 cm,taxable,1,0,0,47.25,,,https://static.musaibrand.com/images/models/0200/model/large/0200_03_2_1.jpg,MU0200,21,Size,XS,,1,,Color,Galben,,1,,,,,,,,,,,,[32cm]·[41cm],8435782508833
variation,MU02000103,,1,0,visible,,Dimensiuni: 35 * 42 cm,taxable,1,0,0,47.25,,,https://static.musaibrand.com/images/models/0200/model/large/0200_03_2_1.jpg,MU0200,22,Size,S,,1,,Color,Galben,,1,,,,,,,,,,,,[35cm]·[42cm],8435782508970
variation,MU02000203,,1,0,visible,,Dimensiuni: 37 * 44 cm,taxable,1,0,0,47.25,,,https://static.musaibrand.com/images/models/0200/model/large/0200_03_2_1.jpg,MU0200,23,Size,M,,1,,Color,Galben,,1,,,,,,,,,,,,[37cm]·[44cm],8435782509113
variation,MU02000303,,1,0,visible,,Dimensiuni: 39 * 46 cm,taxable,1,0,0,47.25,,,https://static.musaibrand.com/images/models/0200/model/large/0200_03_2_1.jpg,MU0200,24,Size,L,,1,,Color,Galben,,1,,,,,,,,,,,,[39cm]·[46cm],8435782509250
variation,MU02000403,,1,0,visible,,Dimensiuni: 42 * 49 cm,taxable,1,0,0,47.25,,,https://static.musaibrand.com/images/models/0200/model/large/0200_03_2_1.jpg,MU0200,25,Size,XL,,1,,Color,Galben,,1,,,,,,,,,,,,[42cm]·[49cm],8435782509397
variation,MU02000503,,1,0,visible,,Dimensiuni: 45 * 52 cm,taxable,1,0,0,47.25,,,https://static.musaibrand.com/images/models/0200/model/large/0200_03_2_1.jpg,MU0200,26,Size,2XL,,1,,Color,Galben,,1,,,,,,,,,,,,[45cm]·[52cm],8435782509533
variation,MU02000603,,1,0,visible,,Dimensiuni: 48 * 54 cm,taxable,1,0,0,47.25,,,https://static.musaibrand.com/images/models/0200/model/large/0200_03_2_1.jpg,MU0200,27,Size,3XL,,1,,Color,Galben,,1,,,,,,,,,,,,[48cm]·[54cm],8435782509670
variation,MU02007503,,1,0,visible,,Dimensiuni: 25 * 31 cm,taxable,1,0,0,47.25,,,https://static.musaibrand.com/images/models/0200/model/large/0200_03_2_1.jpg,MU0200,28,Size,4/6,,1,,Color,Galben,,1,,,,,,,,,,,,[25cm]·[31cm],8435782509816
variation,MU02007603,,1,0,visible,,Dimensiuni: 29 * 38 cm,taxable,1,0,0,47.25,,,https://static.musaibrand.com/images/models/0200/model/large/0200_03_2_1.jpg,MU0200,29,Size,8/10,,1,,Color,Galben,,1,,,,,,,,,,,,[29cm]·[38cm],8435782509953
variation,MU02007703,,1,0,visible,,Dimensiuni: 32 * 40 cm,taxable,1,0,0,47.25,,,https://static.musaibrand.com/images/models/0200/model/large/0200_03_2_1.jpg,MU0200,30,Size,12/14,,1,,Color,Galben,,1,,,,,,,,,,,,[32cm]·[40cm],8435782510096
variation,MU02000005,,1,0,visible,,Dimensiuni: 32 * 41 cm,taxable,1,0,0,47.25,,,https://static.musaibrand.com/images/models/0200/model/large/0200_05_2_1.jpg,MU0200,31,Size,XS,,1,,Color,Albastru regal,,1,,,,,,,,,,,,[32cm]·[41cm],8435782508840
variation,MU02000105,,1,0,visible,,Dimensiuni: 35 * 42 cm,taxable,1,0,0,47.25,,,https://static.musaibrand.com/images/models/0200/model/large/0200_05_2_1.jpg,MU0200,32,Size,S,,1,,Color,Albastru regal,,1,,,,,,,,,,,,[35cm]·[42cm],8435782508987
variation,MU02000205,,1,0,visible,,Dimensiuni: 37 * 44 cm,taxable,1,0,0,47.25,,,https://static.musaibrand.com/images/models/0200/model/large/0200_05_2_1.jpg,MU0200,33,Size,M,,1,,Color,Albastru regal,,1,,,,,,,,,,,,[37cm]·[44cm],8435782509120
variation,MU02000305,,1,0,visible,,Dimensiuni: 39 * 46 cm,taxable,1,0,0,47.25,,,https://static.musaibrand.com/images/models/0200/model/large/0200_05_2_1.jpg,MU0200,34,Size,L,,1,,Color,Albastru regal,,1,,,,,,,,,,,,[39cm]·[46cm],8435782509267
variation,MU02000405,,1,0,visible,,Dimensiuni: 42 * 49 cm,taxable,1,0,0,47.25,,,https://static.musaibrand.com/images/models/0200/model/large/0200_05_2_1.jpg,MU0200,35,Size,XL,,1,,Color,Albastru regal,,1,,,,,,,,,,,,[42cm]·[49cm],8435782509403
variation,MU02000505,,1,0,visible,,Dimensiuni: 45 * 52 cm,taxable,1,0,0,47.25,,,https://static.musaibrand.com/images/models/0200/model/large/0200_05_2_1.jpg,MU0200,36,Size,2XL,,1,,Color,Albastru regal,,1,,,,,,,,,,,,[45cm]·[52cm],8435782509540
variation,MU02000605,,1,0,visible,,Dimensiuni: 48 * 54 cm,taxable,1,0,0,47.25,,,https://static.musaibrand.com/images/models/0200/model/large/0200_05_2_1.jpg,MU0200,37,Size,3XL,,1,,Color,Albastru regal,,1,,,,,,,,,,,,[48cm]·[54cm],8435782509687
variation,MU02007505,,1,0,visible,,Dimensiuni: 25 * 31 cm,taxable,1,0,0,47.25,,,https://static.musaibrand.com/images/models/0200/model/large/0200_05_2_1.jpg,MU0200,38,Size,4/6,,1,,Color,Albastru regal,,1,,,,,,,,,,,,[25cm]·[31cm],8435782509823
variation,MU02007605,,1,0,visible,,Dimensiuni: 29 * 38 cm,taxable,1,0,0,47.25,,,https://static.musaibrand.com/images/models/0200/model/large/0200_05_2_1.jpg,MU0200,39,Size,8/10,,1,,Color,Albastru regal,,1,,,,,,,,,,,,[29cm]·[38cm],8435782509960
variation,MU02007705,,1,0,visible,,Dimensiuni: 32 * 40 cm,taxable,1,0,0,47.25,,,https://static.musaibrand.com/images/models/0200/model/large/0200_05_2_1.jpg,MU0200,40,Size,12/14,,1,,Color,Albastru regal,,1,,,,,,,,,,,,[32cm]·[40cm],8435782510102
variation,MU02000010,,1,0,visible,,Dimensiuni: 32 * 41 cm,taxable,1,0,0,47.25,,,https://static.musaibrand.com/images/models/0200/model/large/0200_10_2_1.jpg,MU0200,41,Size,XS,,1,,Color,Sky blue,,1,,,,,,,,,,,,[32cm]·[41cm],8435782508857
variation,MU02000110,,1,0,visible,,Dimensiuni: 35 * 42 cm,taxable,1,0,0,47.25,,,https://static.musaibrand.com/images/models/0200/model/large/0200_10_2_1.jpg,MU0200,42,Size,S,,1,,Color,Sky blue,,1,,,,,,,,,,,,[35cm]·[42cm],8435782508994
variation,MU02000210,,1,0,visible,,Dimensiuni: 37 * 44 cm,taxable,1,0,0,47.25,,,https://static.musaibrand.com/images/models/0200/model/large/0200_10_2_1.jpg,MU0200,43,Size,M,,1,,Color,Sky blue,,1,,,,,,,,,,,,[37cm]·[44cm],8435782509137
variation,MU02000310,,1,0,visible,,Dimensiuni: 39 * 46 cm,taxable,1,0,0,47.25,,,https://static.musaibrand.com/images/models/0200/model/large/0200_10_2_1.jpg,MU0200,44,Size,L,,1,,Color,Sky blue,,1,,,,,,,,,,,,[39cm]·[46cm],8435782509274
variation,MU02000410,,1,0,visible,,Dimensiuni: 42 * 49 cm,taxable,1,0,0,47.25,,,https://static.musaibrand.com/images/models/0200/model/large/0200_10_2_1.jpg,MU0200,45,Size,XL,,1,,Color,Sky blue,,1,,,,,,,,,,,,[42cm]·[49cm],8435782509410
variation,MU02000510,,1,0,visible,,Dimensiuni: 45 * 52 cm,taxable,1,0,0,47.25,,,https://static.musaibrand.com/images/models/0200/model/large/0200_10_2_1.jpg,MU0200,46,Size,2XL,,1,,Color,Sky blue,,1,,,,,,,,,,,,[45cm]·[52cm],8435782509557
variation,MU02000610,,1,0,visible,,Dimensiuni: 48 * 54 cm,taxable,1,0,0,47.25,,,https://static.musaibrand.com/images/models/0200/model/large/0200_10_2_1.jpg,MU0200,47,Size,3XL,,1,,Color,Sky blue,,1,,,,,,,,,,,,[48cm]·[54cm],8435782509694
variation,MU02007510,,1,0,visible,,Dimensiuni: 25 * 31 cm,taxable,1,0,0,47.25,,,https://static.musaibrand.com/images/models/0200/model/large/0200_10_2_1.jpg,MU0200,48,Size,4/6,,1,,Color,Sky blue,,1,,,,,,,,,,,,[25cm]·[31cm],8435782509830
variation,MU02007610,,1,0,visible,,Dimensiuni: 29 * 38 cm,taxable,1,0,0,47.25,,,https://static.musaibrand.com/images/models/0200/model/large/0200_10_2_1.jpg,MU0200,49,Size,8/10,,1,,Color,Sky blue,,1,,,,,,,,,,,,[29cm]·[38cm],8435782509977
variation,MU02007710,,1,0,visible,,Dimensiuni: 32 * 40 cm,taxable,1,0,0,47.25,,,https://static.musaibrand.com/images/models/0200/model/large/0200_10_2_1.jpg,MU0200,50,Size,12/14,,1,,Color,Sky blue,,1,,,,,,,,,,,,[32cm]·[40cm],8435782510119
variation,MU020000176,,1,0,visible,,Dimensiuni: 32 * 41 cm,taxable,1,0,0,47.25,,,https://static.musaibrand.com/images/models/0200/model/large/0200_176_2_1.jpg,MU0200,51,Size,XS,,1,,Color,Fluor turcoaz,,1,,,,,,,,,,,,[32cm]·[41cm],8435782508864
variation,MU020001176,,1,0,visible,,Dimensiuni: 35 * 42 cm,taxable,1,0,0,47.25,,,https://static.musaibrand.com/images/models/0200/model/large/0200_176_2_1.jpg,MU0200,52,Size,S,,1,,Color,Fluor turcoaz,,1,,,,,,,,,,,,[35cm]·[42cm],8435782509007
variation,MU020002176,,1,0,visible,,Dimensiuni: 37 * 44 cm,taxable,1,0,0,47.25,,,https://static.musaibrand.com/images/models/0200/model/large/0200_176_2_1.jpg,MU0200,53,Size,M,,1,,Color,Fluor turcoaz,,1,,,,,,,,,,,,[37cm]·[44cm],8435782509144
variation,MU020003176,,1,0,visible,,Dimensiuni: 39 * 46 cm,taxable,1,0,0,47.25,,,https://static.musaibrand.com/images/models/0200/model/large/0200_176_2_1.jpg,MU0200,54,Size,L,,1,,Color,Fluor turcoaz,,1,,,,,,,,,,,,[39cm]·[46cm],8435782509281
variation,MU020004176,,1,0,visible,,Dimensiuni: 42 * 49 cm,taxable,1,0,0,47.25,,,https://static.musaibrand.com/images/models/0200/model/large/0200_176_2_1.jpg,MU0200,55,Size,XL,,1,,Color,Fluor turcoaz,,1,,,,,,,,,,,,[42cm]·[49cm],8435782509427
variation,MU020005176,,1,0,visible,,Dimensiuni: 45 * 52 cm,taxable,1,0,0,47.25,,,https://static.musaibrand.com/images/models/0200/model/large/0200_176_2_1.jpg,MU0200,56,Size,2XL,,1,,Color,Fluor turcoaz,,1,,,,,,,,,,,,[45cm]·[52cm],8435782509564
variation,MU020006176,,1,0,visible,,Dimensiuni: 48 * 54 cm,taxable,1,0,0,47.25,,,https://static.musaibrand.com/images/models/0200/model/large/0200_176_2_1.jpg,MU0200,57,Size,3XL,,1,,Color,Fluor turcoaz,,1,,,,,,,,,,,,[48cm]·[54cm],8435782509700
variation,MU020075176,,1,0,visible,,Dimensiuni: 25 * 31 cm,taxable,1,0,0,47.25,,,https://static.musaibrand.com/images/models/0200/model/large/0200_176_2_1.jpg,MU0200,58,Size,4/6,,1,,Color,Fluor turcoaz,,1,,,,,,,,,,,,[25cm]·[31cm],8435782509847
variation,MU020076176,,1,0,visible,,Dimensiuni: 29 * 38 cm,taxable,1,0,0,47.25,,,https://static.musaibrand.com/images/models/0200/model/large/0200_176_2_1.jpg,MU0200,59,Size,8/10,,1,,Color,Fluor turcoaz,,1,,,,,,,,,,,,[29cm]·[38cm],8435782509984
variation,MU020077176,,1,0,visible,,Dimensiuni: 32 * 40 cm,taxable,1,0,0,47.25,,,https://static.musaibrand.com/images/models/0200/model/large/0200_176_2_1.jpg,MU0200,60,Size,12/14,,1,,Color,Fluor turcoaz,,1,,,,,,,,,,,,[32cm]·[40cm],8435782510126
variation,MU020000221,,1,0,visible,,Dimensiuni: 32 * 41 cm,taxable,1,0,0,47.25,,,https://static.musaibrand.com/images/models/0200/model/large/0200_221_2_1.jpg,MU0200,61,Size,XS,,1,,Color,Galben fluor,,1,,,,,,,,,,,,[32cm]·[41cm],8435782508871
variation,MU020001221,,1,0,visible,,Dimensiuni: 35 * 42 cm,taxable,1,0,0,47.25,,,https://static.musaibrand.com/images/models/0200/model/large/0200_221_2_1.jpg,MU0200,62,Size,S,,1,,Color,Galben fluor,,1,,,,,,,,,,,,[35cm]·[42cm],8435782509014
variation,MU020002221,,1,0,visible,,Dimensiuni: 37 * 44 cm,taxable,1,0,0,47.25,,,https://static.musaibrand.com/images/models/0200/model/large/0200_221_2_1.jpg,MU0200,63,Size,M,,1,,Color,Galben fluor,,1,,,,,,,,,,,,[37cm]·[44cm],8435782509151
variation,MU020003221,,1,0,visible,,Dimensiuni: 39 * 46 cm,taxable,1,0,0,47.25,,,https://static.musaibrand.com/images/models/0200/model/large/0200_221_2_1.jpg,MU0200,64,Size,L,,1,,Color,Galben fluor,,1,,,,,,,,,,,,[39cm]·[46cm],8435782509298
variation,MU020004221,,1,0,visible,,Dimensiuni: 42 * 49 cm,taxable,1,0,0,47.25,,,https://static.musaibrand.com/images/models/0200/model/large/0200_221_2_1.jpg,MU0200,65,Size,XL,,1,,Color,Galben fluor,,1,,,,,,,,,,,,[42cm]·[49cm],8435782509434
variation,MU020005221,,1,0,visible,,Dimensiuni: 45 * 52 cm,taxable,1,0,0,47.25,,,https://static.musaibrand.com/images/models/0200/model/large/0200_221_2_1.jpg,MU0200,66,Size,2XL,,1,,Color,Galben fluor,,1,,,,,,,,,,,,[45cm]·[52cm],8435782509571
variation,MU020006221,,1,0,visible,,Dimensiuni: 48 * 54 cm,taxable,1,0,0,47.25,,,https://static.musaibrand.com/images/models/0200/model/large/0200_221_2_1.jpg,MU0200,67,Size,3XL,,1,,Color,Galben fluor,,1,,,,,,,,,,,,[48cm]·[54cm],8435782509717
variation,MU020075221,,1,0,visible,,Dimensiuni: 25 * 31 cm,taxable,1,0,0,47.25,,,https://static.musaibrand.com/images/models/0200/model/large/0200_221_2_1.jpg,MU0200,68,Size,4/6,,1,,Color,Galben fluor,,1,,,,,,,,,,,,[25cm]·[31cm],8435782509854
variation,MU020076221,,1,0,visible,,Dimensiuni: 29 * 38 cm,taxable,1,0,0,47.25,,,https://static.musaibrand.com/images/models/0200/model/large/0200_221_2_1.jpg,MU0200,69,Size,8/10,,1,,Color,Galben fluor,,1,,,,,,,,,,,,[29cm]·[38cm],8435782509991
variation,MU020077221,,1,0,visible,,Dimensiuni: 32 * 40 cm,taxable,1,0,0,47.25,,,https://static.musaibrand.com/images/models/0200/model/large/0200_221_2_1.jpg,MU0200,70,Size,12/14,,1,,Color,Galben fluor,,1,,,,,,,,,,,,[32cm]·[40cm],8435782510133
variation,MU020000222,,1,0,visible,,Dimensiuni: 32 * 41 cm,taxable,1,0,0,47.25,,,https://static.musaibrand.com/images/models/0200/model/large/0200_222_2_1.jpg,MU0200,71,Size,XS,,1,,Color,Fluor verde,,1,,,,,,,,,,,,[32cm]·[41cm],8435782508888
variation,MU020001222,,1,0,visible,,Dimensiuni: 35 * 42 cm,taxable,1,0,0,47.25,,,https://static.musaibrand.com/images/models/0200/model/large/0200_222_2_1.jpg,MU0200,72,Size,S,,1,,Color,Fluor verde,,1,,,,,,,,,,,,[35cm]·[42cm],8435782509021
variation,MU020002222,,1,0,visible,,Dimensiuni: 37 * 44 cm,taxable,1,0,0,47.25,,,https://static.musaibrand.com/images/models/0200/model/large/0200_222_2_1.jpg,MU0200,73,Size,M,,1,,Color,Fluor verde,,1,,,,,,,,,,,,[37cm]·[44cm],8435782509168
variation,MU020003222,,1,0,visible,,Dimensiuni: 39 * 46 cm,taxable,1,0,0,47.25,,,https://static.musaibrand.com/images/models/0200/model/large/0200_222_2_1.jpg,MU0200,74,Size,L,,1,,Color,Fluor verde,,1,,,,,,,,,,,,[39cm]·[46cm],8435782509304
variation,MU020004222,,1,0,visible,,Dimensiuni: 42 * 49 cm,taxable,1,0,0,47.25,,,https://static.musaibrand.com/images/models/0200/model/large/0200_222_2_1.jpg,MU0200,75,Size,XL,,1,,Color,Fluor verde,,1,,,,,,,,,,,,[42cm]·[49cm],8435782509441
variation,MU020005222,,1,0,visible,,Dimensiuni: 45 * 52 cm,taxable,1,0,0,47.25,,,https://static.musaibrand.com/images/models/0200/model/large/0200_222_2_1.jpg,MU0200,76,Size,2XL,,1,,Color,Fluor verde,,1,,,,,,,,,,,,[45cm]·[52cm],8435782509588
variation,MU020006222,,1,0,visible,,Dimensiuni: 48 * 54 cm,taxable,1,0,0,47.25,,,https://static.musaibrand.com/images/models/0200/model/large/0200_222_2_1.jpg,MU0200,77,Size,3XL,,1,,Color,Fluor verde,,1,,,,,,,,,,,,[48cm]·[54cm],8435782509724
variation,MU020075222,,1,0,visible,,Dimensiuni: 25 * 31 cm,taxable,1,0,0,47.25,,,https://static.musaibrand.com/images/models/0200/model/large/0200_222_2_1.jpg,MU0200,78,Size,4/6,,1,,Color,Fluor verde,,1,,,,,,,,,,,,[25cm]·[31cm],8435782509861
variation,MU020076222,,1,0,visible,,Dimensiuni: 29 * 38 cm,taxable,1,0,0,47.25,,,https://static.musaibrand.com/images/models/0200/model/large/0200_222_2_1.jpg,MU0200,79,Size,8/10,,1,,Color,Fluor verde,,1,,,,,,,,,,,,[29cm]·[38cm],8435782510003
variation,MU020077222,,1,0,visible,,Dimensiuni: 32 * 40 cm,taxable,1,0,0,47.25,,,https://static.musaibrand.com/images/models/0200/model/large/0200_222_2_1.jpg,MU0200,80,Size,12/14,,1,,Color,Fluor verde,,1,,,,,,,,,,,,[32cm]·[40cm],8435782510140
variation,MU020000223,,1,0,visible,,Dimensiuni: 32 * 41 cm,taxable,1,0,0,47.25,,,https://static.musaibrand.com/images/models/0200/model/large/0200_223_2_1.jpg,MU0200,81,Size,XS,,1,,Color,Fluor portocaliu,,1,,,,,,,,,,,,[32cm]·[41cm],8435782508895
variation,MU020001223,,1,0,visible,,Dimensiuni: 35 * 42 cm,taxable,1,0,0,47.25,,,https://static.musaibrand.com/images/models/0200/model/large/0200_223_2_1.jpg,MU0200,82,Size,S,,1,,Color,Fluor portocaliu,,1,,,,,,,,,,,,[35cm]·[42cm],8435782509038
variation,MU020002223,,1,0,visible,,Dimensiuni: 37 * 44 cm,taxable,1,0,0,47.25,,,https://static.musaibrand.com/images/models/0200/model/large/0200_223_2_1.jpg,MU0200,83,Size,M,,1,,Color,Fluor portocaliu,,1,,,,,,,,,,,,[37cm]·[44cm],8435782509175
variation,MU020003223,,1,0,visible,,Dimensiuni: 39 * 46 cm,taxable,1,0,0,47.25,,,https://static.musaibrand.com/images/models/0200/model/large/0200_223_2_1.jpg,MU0200,84,Size,L,,1,,Color,Fluor portocaliu,,1,,,,,,,,,,,,[39cm]·[46cm],8435782509311
variation,MU020004223,,1,0,visible,,Dimensiuni: 42 * 49 cm,taxable,1,0,0,47.25,,,https://static.musaibrand.com/images/models/0200/model/large/0200_223_2_1.jpg,MU0200,85,Size,XL,,1,,Color,Fluor portocaliu,,1,,,,,,,,,,,,[42cm]·[49cm],8435782509458
variation,MU020005223,,1,0,visible,,Dimensiuni: 45 * 52 cm,taxable,1,0,0,47.25,,,https://static.musaibrand.com/images/models/0200/model/large/0200_223_2_1.jpg,MU0200,86,Size,2XL,,1,,Color,Fluor portocaliu,,1,,,,,,,,,,,,[45cm]·[52cm],8435782509595
variation,MU020006223,,1,0,visible,,Dimensiuni: 48 * 54 cm,taxable,1,0,0,47.25,,,https://static.musaibrand.com/images/models/0200/model/large/0200_223_2_1.jpg,MU0200,87,Size,3XL,,1,,Color,Fluor portocaliu,,1,,,,,,,,,,,,[48cm]·[54cm],8435782509731
variation,MU020075223,,1,0,visible,,Dimensiuni: 25 * 31 cm,taxable,1,0,0,47.25,,,https://static.musaibrand.com/images/models/0200/model/large/0200_223_2_1.jpg,MU0200,88,Size,4/6,,1,,Color,Fluor portocaliu,,1,,,,,,,,,,,,[25cm]·[31cm],8435782509878
variation,MU020076223,,1,0,visible,,Dimensiuni: 29 * 38 cm,taxable,1,0,0,47.25,,,https://static.musaibrand.com/images/models/0200/model/large/0200_223_2_1.jpg,MU0200,89,Size,8/10,,1,,Color,Fluor portocaliu,,1,,,,,,,,,,,,[29cm]·[38cm],8435782510010
variation,MU020077223,,1,0,visible,,Dimensiuni: 32 * 40 cm,taxable,1,0,0,47.25,,,https://static.musaibrand.com/images/models/0200/model/large/0200_223_2_1.jpg,MU0200,90,Size,12/14,,1,,Color,Fluor portocaliu,,1,,,,,,,,,,,,[32cm]·[40cm],8435782510157
variation,MU020000226,,1,0,visible,,Dimensiuni: 32 * 41 cm,taxable,1,0,0,47.25,,,https://static.musaibrand.com/images/models/0200/model/large/0200_226_2_1.jpg,MU0200,91,Size,XS,,1,,Color,Fern Green,,1,,,,,,,,,,,,[32cm]·[41cm],8435782528640
variation,MU020001226,,1,0,visible,,Dimensiuni: 35 * 42 cm,taxable,1,0,0,47.25,,,https://static.musaibrand.com/images/models/0200/model/large/0200_226_2_1.jpg,MU0200,92,Size,S,,1,,Color,Fern Green,,1,,,,,,,,,,,,[35cm]·[42cm],8435782528657
variation,MU020002226,,1,0,visible,,Dimensiuni: 37 * 44 cm,taxable,1,0,0,47.25,,,https://static.musaibrand.com/images/models/0200/model/large/0200_226_2_1.jpg,MU0200,93,Size,M,,1,,Color,Fern Green,,1,,,,,,,,,,,,[37cm]·[44cm],8435782528664
variation,MU020003226,,1,0,visible,,Dimensiuni: 39 * 46 cm,taxable,1,0,0,47.25,,,https://static.musaibrand.com/images/models/0200/model/large/0200_226_2_1.jpg,MU0200,94,Size,L,,1,,Color,Fern Green,,1,,,,,,,,,,,,[39cm]·[46cm],8435782528671
variation,MU020004226,,1,0,visible,,Dimensiuni: 42 * 49 cm,taxable,1,0,0,47.25,,,https://static.musaibrand.com/images/models/0200/model/large/0200_226_2_1.jpg,MU0200,95,Size,XL,,1,,Color,Fern Green,,1,,,,,,,,,,,,[42cm]·[49cm],8435782528688
variation,MU020005226,,1,0,visible,,Dimensiuni: 45 * 52 cm,taxable,1,0,0,47.25,,,https://static.musaibrand.com/images/models/0200/model/large/0200_226_2_1.jpg,MU0200,96,Size,2XL,,1,,Color,Fern Green,,1,,,,,,,,,,,,[45cm]·[52cm],8435782528695
variation,MU020006226,,1,0,visible,,Dimensiuni: 48 * 54 cm,taxable,1,0,0,47.25,,,https://static.musaibrand.com/images/models/0200/model/large/0200_226_2_1.jpg,MU0200,97,Size,3XL,,1,,Color,Fern Green,,1,,,,,,,,,,,,[48cm]·[54cm],8435782528701
variation,MU020075226,,1,0,visible,,Dimensiuni: 25 * 31 cm,taxable,1,0,0,47.25,,,https://static.musaibrand.com/images/models/0200/model/large/0200_226_2_1.jpg,MU0200,98,Size,4/6,,1,,Color,Fern Green,,1,,,,,,,,,,,,[25cm]·[31cm],8435782528718
variation,MU020076226,,1,0,visible,,Dimensiuni: 29 * 38 cm,taxable,1,0,0,47.25,,,https://static.musaibrand.com/images/models/0200/model/large/0200_226_2_1.jpg,MU0200,99,Size,8/10,,1,,Color,Fern Green,,1,,,,,,,,,,,,[29cm]·[38cm],8435782528725
variation,MU020077226,,1,0,visible,,Dimensiuni: 32 * 40 cm,taxable,1,0,0,47.25,,,https://static.musaibrand.com/images/models/0200/model/large/0200_226_2_1.jpg,MU0200,100,Size,12/14,,1,,Color,Fern Green,,1,,,,,,,,,,,,[32cm]·[40cm],8435782528732
variation,MU020000258,,1,0,visible,,Dimensiuni: 32 * 41 cm,taxable,1,0,0,47.25,,,https://static.musaibrand.com/images/models/0200/model/large/0200_258_2_1.jpg,MU0200,101,Size,XS,,1,,Color,Gri deschis,,1,,,,,,,,,,,,[32cm]·[41cm],8435782508901
variation,MU020001258,,1,0,visible,,Dimensiuni: 35 * 42 cm,taxable,1,0,0,47.25,,,https://static.musaibrand.com/images/models/0200/model/large/0200_258_2_1.jpg,MU0200,102,Size,S,,1,,Color,Gri deschis,,1,,,,,,,,,,,,[35cm]·[42cm],8435782509045
variation,MU020002258,,1,0,visible,,Dimensiuni: 37 * 44 cm,taxable,1,0,0,47.25,,,https://static.musaibrand.com/images/models/0200/model/large/0200_258_2_1.jpg,MU0200,103,Size,M,,1,,Color,Gri deschis,,1,,,,,,,,,,,,[37cm]·[44cm],8435782509182
variation,MU020003258,,1,0,visible,,Dimensiuni: 39 * 46 cm,taxable,1,0,0,47.25,,,https://static.musaibrand.com/images/models/0200/model/large/0200_258_2_1.jpg,MU0200,104,Size,L,,1,,Color,Gri deschis,,1,,,,,,,,,,,,[39cm]·[46cm],8435782509328
variation,MU020004258,,1,0,visible,,Dimensiuni: 42 * 49 cm,taxable,1,0,0,47.25,,,https://static.musaibrand.com/images/models/0200/model/large/0200_258_2_1.jpg,MU0200,105,Size,XL,,1,,Color,Gri deschis,,1,,,,,,,,,,,,[42cm]·[49cm],8435782509465
variation,MU020005258,,1,0,visible,,Dimensiuni: 45 * 52 cm,taxable,1,0,0,47.25,,,https://static.musaibrand.com/images/models/0200/model/large/0200_258_2_1.jpg,MU0200,106,Size,2XL,,1,,Color,Gri deschis,,1,,,,,,,,,,,,[45cm]·[52cm],8435782509601
variation,MU020006258,,1,0,visible,,Dimensiuni: 48 * 54 cm,taxable,1,0,0,47.25,,,https://static.musaibrand.com/images/models/0200/model/large/0200_258_2_1.jpg,MU0200,107,Size,3XL,,1,,Color,Gri deschis,,1,,,,,,,,,,,,[48cm]·[54cm],8435782509748
variation,MU020075258,,1,0,visible,,Dimensiuni: 25 * 31 cm,taxable,1,0,0,47.25,,,https://static.musaibrand.com/images/models/0200/model/large/0200_258_2_1.jpg,MU0200,108,Size,4/6,,1,,Color,Gri deschis,,1,,,,,,,,,,,,[25cm]·[31cm],8435782509885
variation,MU020076258,,1,0,visible,,Dimensiuni: 29 * 38 cm,taxable,1,0,0,47.25,,,https://static.musaibrand.com/images/models/0200/model/large/0200_258_2_1.jpg,MU0200,109,Size,8/10,,1,,Color,Gri deschis,,1,,,,,,,,,,,,[29cm]·[38cm],8435782510027
variation,MU020077258,,1,0,visible,,Dimensiuni: 32 * 40 cm,taxable,1,0,0,47.25,,,https://static.musaibrand.com/images/models/0200/model/large/0200_258_2_1.jpg,MU0200,110,Size,12/14,,1,,Color,Gri deschis,,1,,,,,,,,,,,,[32cm]·[40cm],8435782510164
variation,MU02000034,,1,0,visible,,Dimensiuni: 32 * 41 cm,taxable,1,0,0,47.25,,,https://static.musaibrand.com/images/models/0200/model/large/0200_34_2_1.jpg,MU0200,111,Size,XS,,1,,Color,Gum Pink,,1,,,,,,,,,,,,[32cm]·[41cm],8435782508918
variation,MU02000134,,1,0,visible,,Dimensiuni: 35 * 42 cm,taxable,1,0,0,47.25,,,https://static.musaibrand.com/images/models/0200/model/large/0200_34_2_1.jpg,MU0200,112,Size,S,,1,,Color,Gum Pink,,1,,,,,,,,,,,,[35cm]·[42cm],8435782509052
variation,MU02000234,,1,0,visible,,Dimensiuni: 37 * 44 cm,taxable,1,0,0,47.25,,,https://static.musaibrand.com/images/models/0200/model/large/0200_34_2_1.jpg,MU0200,113,Size,M,,1,,Color,Gum Pink,,1,,,,,,,,,,,,[37cm]·[44cm],8435782509199
variation,MU02000334,,1,0,visible,,Dimensiuni: 39 * 46 cm,taxable,1,0,0,47.25,,,https://static.musaibrand.com/images/models/0200/model/large/0200_34_2_1.jpg,MU0200,114,Size,L,,1,,Color,Gum Pink,,1,,,,,,,,,,,,[39cm]·[46cm],8435782509335
variation,MU02000434,,1,0,visible,,Dimensiuni: 42 * 49 cm,taxable,1,0,0,47.25,,,https://static.musaibrand.com/images/models/0200/model/large/0200_34_2_1.jpg,MU0200,115,Size,XL,,1,,Color,Gum Pink,,1,,,,,,,,,,,,[42cm]·[49cm],8435782509472
variation,MU02000534,,1,0,visible,,Dimensiuni: 45 * 52 cm,taxable,1,0,0,47.25,,,https://static.musaibrand.com/images/models/0200/model/large/0200_34_2_1.jpg,MU0200,116,Size,2XL,,1,,Color,Gum Pink,,1,,,,,,,,,,,,[45cm]·[52cm],8435782509618
variation,MU02000634,,1,0,visible,,Dimensiuni: 48 * 54 cm,taxable,1,0,0,47.25,,,https://static.musaibrand.com/images/models/0200/model/large/0200_34_2_1.jpg,MU0200,117,Size,3XL,,1,,Color,Gum Pink,,1,,,,,,,,,,,,[48cm]·[54cm],8435782509755
variation,MU02007534,,1,0,visible,,Dimensiuni: 25 * 31 cm,taxable,1,0,0,47.25,,,https://static.musaibrand.com/images/models/0200/model/large/0200_34_2_1.jpg,MU0200,118,Size,4/6,,1,,Color,Gum Pink,,1,,,,,,,,,,,,[25cm]·[31cm],8435782509892
variation,MU02007634,,1,0,visible,,Dimensiuni: 29 * 38 cm,taxable,1,0,0,47.25,,,https://static.musaibrand.com/images/models/0200/model/large/0200_34_2_1.jpg,MU0200,119,Size,8/10,,1,,Color,Gum Pink,,1,,,,,,,,,,,,[29cm]·[38cm],8435782510034
variation,MU02007734,,1,0,visible,,Dimensiuni: 32 * 40 cm,taxable,1,0,0,47.25,,,https://static.musaibrand.com/images/models/0200/model/large/0200_34_2_1.jpg,MU0200,120,Size,12/14,,1,,Color,Gum Pink,,1,,,,,,,,,,,,[32cm]·[40cm],8435782510171
variation,MU02000055,,1,0,visible,,Dimensiuni: 32 * 41 cm,taxable,1,0,0,47.25,,,https://static.musaibrand.com/images/models/0200/model/large/0200_55_2_1.jpg,MU0200,121,Size,XS,,1,,Color,Albastru marin,,1,,,,,,,,,,,,[32cm]·[41cm],8435782508925
variation,MU02000155,,1,0,visible,,Dimensiuni: 35 * 42 cm,taxable,1,0,0,47.25,,,https://static.musaibrand.com/images/models/0200/model/large/0200_55_2_1.jpg,MU0200,122,Size,S,,1,,Color,Albastru marin,,1,,,,,,,,,,,,[35cm]·[42cm],8435782509069
variation,MU02000255,,1,0,visible,,Dimensiuni: 37 * 44 cm,taxable,1,0,0,47.25,,,https://static.musaibrand.com/images/models/0200/model/large/0200_55_2_1.jpg,MU0200,123,Size,M,,1,,Color,Albastru marin,,1,,,,,,,,,,,,[37cm]·[44cm],8435782509205
variation,MU02000355,,1,0,visible,,Dimensiuni: 39 * 46 cm,taxable,1,0,0,47.25,,,https://static.musaibrand.com/images/models/0200/model/large/0200_55_2_1.jpg,MU0200,124,Size,L,,1,,Color,Albastru marin,,1,,,,,,,,,,,,[39cm]·[46cm],8435782509342
variation,MU02000455,,1,0,visible,,Dimensiuni: 42 * 49 cm,taxable,1,0,0,47.25,,,https://static.musaibrand.com/images/models/0200/model/large/0200_55_2_1.jpg,MU0200,125,Size,XL,,1,,Color,Albastru marin,,1,,,,,,,,,,,,[42cm]·[49cm],8435782509489
variation,MU02000555,,1,0,visible,,Dimensiuni: 45 * 52 cm,taxable,1,0,0,47.25,,,https://static.musaibrand.com/images/models/0200/model/large/0200_55_2_1.jpg,MU0200,126,Size,2XL,,1,,Color,Albastru marin,,1,,,,,,,,,,,,[45cm]·[52cm],8435782509625
variation,MU02000655,,1,0,visible,,Dimensiuni: 48 * 54 cm,taxable,1,0,0,47.25,,,https://static.musaibrand.com/images/models/0200/model/large/0200_55_2_1.jpg,MU0200,127,Size,3XL,,1,,Color,Albastru marin,,1,,,,,,,,,,,,[48cm]·[54cm],8435782509762
variation,MU02007555,,1,0,visible,,Dimensiuni: 25 * 31 cm,taxable,1,0,0,47.25,,,https://static.musaibrand.com/images/models/0200/model/large/0200_55_2_1.jpg,MU0200,128,Size,4/6,,1,,Color,Albastru marin,,1,,,,,,,,,,,,[25cm]·[31cm],8435782509908
variation,MU02007655,,1,0,visible,,Dimensiuni: 29 * 38 cm,taxable,1,0,0,47.25,,,https://static.musaibrand.com/images/models/0200/model/large/0200_55_2_1.jpg,MU0200,129,Size,8/10,,1,,Color,Albastru marin,,1,,,,,,,,,,,,[29cm]·[38cm],8435782510041
variation,MU02007755,,1,0,visible,,Dimensiuni: 32 * 40 cm,taxable,1,0,0,47.25,,,https://static.musaibrand.com/images/models/0200/model/large/0200_55_2_1.jpg,MU0200,130,Size,12/14,,1,,Color,Albastru marin,,1,,,,,,,,,,,,[32cm]·[40cm],8435782510188
variation,MU02000060,,1,0,visible,,Dimensiuni: 32 * 41 cm,taxable,1,0,0,47.25,,,https://static.musaibrand.com/images/models/0200/model/large/0200_60_2_1.jpg,MU0200,131,Size,XS,,1,,Color,ROȘU,,1,,,,,,,,,,,,[32cm]·[41cm],8435782508932
variation,MU02000160,,1,0,visible,,Dimensiuni: 35 * 42 cm,taxable,1,0,0,47.25,,,https://static.musaibrand.com/images/models/0200/model/large/0200_60_2_1.jpg,MU0200,132,Size,S,,1,,Color,ROȘU,,1,,,,,,,,,,,,[35cm]·[42cm],8435782509076
variation,MU02000260,,1,0,visible,,Dimensiuni: 37 * 44 cm,taxable,1,0,0,47.25,,,https://static.musaibrand.com/images/models/0200/model/large/0200_60_2_1.jpg,MU0200,133,Size,M,,1,,Color,ROȘU,,1,,,,,,,,,,,,[37cm]·[44cm],8435782509212
variation,MU02000360,,1,0,visible,,Dimensiuni: 39 * 46 cm,taxable,1,0,0,47.25,,,https://static.musaibrand.com/images/models/0200/model/large/0200_60_2_1.jpg,MU0200,134,Size,L,,1,,Color,ROȘU,,1,,,,,,,,,,,,[39cm]·[46cm],8435782509359
variation,MU02000460,,1,0,visible,,Dimensiuni: 42 * 49 cm,taxable,1,0,0,47.25,,,https://static.musaibrand.com/images/models/0200/model/large/0200_60_2_1.jpg,MU0200,135,Size,XL,,1,,Color,ROȘU,,1,,,,,,,,,,,,[42cm]·[49cm],8435782509496
variation,MU02000560,,1,0,visible,,Dimensiuni: 45 * 52 cm,taxable,1,0,0,47.25,,,https://static.musaibrand.com/images/models/0200/model/large/0200_60_2_1.jpg,MU0200,136,Size,2XL,,1,,Color,ROȘU,,1,,,,,,,,,,,,[45cm]·[52cm],8435782509632
variation,MU02000660,,1,0,visible,,Dimensiuni: 48 * 54 cm,taxable,1,0,0,47.25,,,https://static.musaibrand.com/images/models/0200/model/large/0200_60_2_1.jpg,MU0200,137,Size,3XL,,1,,Color,ROȘU,,1,,,,,,,,,,,,[48cm]·[54cm],8435782509779
variation,MU02007560,,1,0,visible,,Dimensiuni: 25 * 31 cm,taxable,1,0,0,47.25,,,https://static.musaibrand.com/images/models/0200/model/large/0200_60_2_1.jpg,MU0200,138,Size,4/6,,1,,Color,ROȘU,,1,,,,,,,,,,,,[25cm]·[31cm],8435782509915
variation,MU02007660,,1,0,visible,,Dimensiuni: 29 * 38 cm,taxable,1,0,0,47.25,,,https://static.musaibrand.com/images/models/0200/model/large/0200_60_2_1.jpg,MU0200,139,Size,8/10,,1,,Color,ROȘU,,1,,,,,,,,,,,,[29cm]·[38cm],8435782510058
variation,MU02007760,,1,0,visible,,Dimensiuni: 32 * 40 cm,taxable,1,0,0,47.25,,,https://static.musaibrand.com/images/models/0200/model/large/0200_60_2_1.jpg,MU0200,140,Size,12/14,,1,,Color,ROȘU,,1,,,,,,,,,,,,[32cm]·[40cm],8435782510195
variation,MU02000064,,1,0,visible,,Dimensiuni: 32 * 41 cm,taxable,1,0,0,47.25,,,https://static.musaibrand.com/images/models/0200/model/large/0200_64_2_1.jpg,MU0200,141,Size,XS,,1,,Color,Burgundy,,1,,,,,,,,,,,,[32cm]·[41cm],8435782508949
variation,MU02000164,,1,0,visible,,Dimensiuni: 35 * 42 cm,taxable,1,0,0,47.25,,,https://static.musaibrand.com/images/models/0200/model/large/0200_64_2_1.jpg,MU0200,142,Size,S,,1,,Color,Burgundy,,1,,,,,,,,,,,,[35cm]·[42cm],8435782509083
variation,MU02000264,,1,0,visible,,Dimensiuni: 37 * 44 cm,taxable,1,0,0,47.25,,,https://static.musaibrand.com/images/models/0200/model/large/0200_64_2_1.jpg,MU0200,143,Size,M,,1,,Color,Burgundy,,1,,,,,,,,,,,,[37cm]·[44cm],8435782509229
variation,MU02000364,,1,0,visible,,Dimensiuni: 39 * 46 cm,taxable,1,0,0,47.25,,,https://static.musaibrand.com/images/models/0200/model/large/0200_64_2_1.jpg,MU0200,144,Size,L,,1,,Color,Burgundy,,1,,,,,,,,,,,,[39cm]·[46cm],8435782509366
variation,MU02000464,,1,0,visible,,Dimensiuni: 42 * 49 cm,taxable,1,0,0,47.25,,,https://static.musaibrand.com/images/models/0200/model/large/0200_64_2_1.jpg,MU0200,145,Size,XL,,1,,Color,Burgundy,,1,,,,,,,,,,,,[42cm]·[49cm],8435782509502
variation,MU02000564,,1,0,visible,,Dimensiuni: 45 * 52 cm,taxable,1,0,0,47.25,,,https://static.musaibrand.com/images/models/0200/model/large/0200_64_2_1.jpg,MU0200,146,Size,2XL,,1,,Color,Burgundy,,1,,,,,,,,,,,,[45cm]·[52cm],8435782509649
variation,MU02000664,,1,0,visible,,Dimensiuni: 48 * 54 cm,taxable,1,0,0,47.25,,,https://static.musaibrand.com/images/models/0200/model/large/0200_64_2_1.jpg,MU0200,147,Size,3XL,,1,,Color,Burgundy,,1,,,,,,,,,,,,[48cm]·[54cm],8435782509786
variation,MU02007564,,1,0,visible,,Dimensiuni: 25 * 31 cm,taxable,1,0,0,47.25,,,https://static.musaibrand.com/images/models/0200/model/large/0200_64_2_1.jpg,MU0200,148,Size,4/6,,1,,Color,Burgundy,,1,,,,,,,,,,,,[25cm]·[31cm],8435782509922
variation,MU02007664,,1,0,visible,,Dimensiuni: 29 * 38 cm,taxable,1,0,0,47.25,,,https://static.musaibrand.com/images/models/0200/model/large/0200_64_2_1.jpg,MU0200,149,Size,8/10,,1,,Color,Burgundy,,1,,,,,,,,,,,,[29cm]·[38cm],8435782510065
variation,MU02007764,,1,0,visible,,Dimensiuni: 32 * 40 cm,taxable,1,0,0,47.25,,,https://static.musaibrand.com/images/models/0200/model/large/0200_64_2_1.jpg,MU0200,150,Size,12/14,,1,,Color,Burgundy,,1,,,,,,,,,,,,[32cm]·[40cm],8435782510201
variable,MU0200-K,Pantaloni Vifa Copii,1,0,visible,,<p>Pantaloni scurți sport pentru copii respirabili cu uscare ușoară din poliester reciclat.<br>· Wicking.   <br>· Breathable.</p><p><strong>Compoziție:</strong> 100% poliester interlock reciclat</p><p><br>· Bandă elastică în talie cu șnur interior asortat personalizat cu design de marcă.<br>· Deschideri laterale.<br>· Detaliu cu logo imprimat pe tiv.</p><h4>Dimensiuni</h4><table style='border-collapse:collapse;margin:8px 0'><tr><th style='padding:4px 12px;border:1px solid #ddd;text-align:left'>Mărime</th><th style='padding:4px 12px;border:1px solid #ddd;text-align:left'>Dimensiuni</th></tr><tr><td style='padding:4px 12px;border:1px solid #ddd'>XS</td><td style='padding:4px 12px;border:1px solid #ddd'>32 * 41 cm</td></tr><tr><td style='padding:4px 12px;border:1px solid #ddd'>S</td><td style='padding:4px 12px;border:1px solid #ddd'>35 * 42 cm</td></tr><tr><td style='padding:4px 12px;border:1px solid #ddd'>M</td><td style='padding:4px 12px;border:1px solid #ddd'>37 * 44 cm</td></tr><tr><td style='padding:4px 12px;border:1px solid #ddd'>L</td><td style='padding:4px 12px;border:1px solid #ddd'>39 * 46 cm</td></tr><tr><td style='padding:4px 12px;border:1px solid #ddd'>XL</td><td style='padding:4px 12px;border:1px solid #ddd'>42 * 49 cm</td></tr><tr><td style='padding:4px 12px;border:1px solid #ddd'>2XL</td><td style='padding:4px 12px;border:1px solid #ddd'>45 * 52 cm</td></tr><tr><td style='padding:4px 12px;border:1px solid #ddd'>3XL</td><td style='padding:4px 12px;border:1px solid #ddd'>48 * 54 cm</td></tr><tr><td style='padding:4px 12px;border:1px solid #ddd'>4/6</td><td style='padding:4px 12px;border:1px solid #ddd'>25 * 31 cm</td></tr><tr><td style='padding:4px 12px;border:1px solid #ddd'>8/10</td><td style='padding:4px 12px;border:1px solid #ddd'>29 * 38 cm</td></tr><tr><td style='padding:4px 12px;border:1px solid #ddd'>12/14</td><td style='padding:4px 12px;border:1px solid #ddd'>32 * 40 cm</td></tr></table>,taxable,1,0,0,,Pantaloni scurţi,MUSAI,"https://static.musaibrand.com/images/models/0200-K/model/large/0200-K_01_1_1.jpg,https://static.musaibrand.com/images/models/0200-K/model/large/0200-K_02_1_1.jpg,https://static.musaibrand.com/images/models/0200-K/model/large/0200-K_03_1_1.jpg,https://static.musaibrand.com/images/models/0200-K/model/large/0200-K_05_1_1.jpg,https://static.musaibrand.com/images/models/0200-K/model/large/0200-K_10_1_1.jpg,https://static.musaibrand.com/images/models/0200-K/model/large/0200-K_176_1_1.jpg,https://static.musaibrand.com/images/models/0200-K/model/large/0200-K_221_1_1.jpg,https://static.musaibrand.com/images/models/0200-K/model/large/0200-K_222_1_1.jpg,https://static.musaibrand.com/images/models/0200-K/model/large/0200-K_223_1_1.jpg,https://static.musaibrand.com/images/models/0200-K/model/large/0200-K_226_1_1.jpg,https://static.musaibrand.com/images/models/0200-K/model/large/0200-K_258_1_1.jpg,https://static.musaibrand.com/images/models/0200-K/model/large/0200-K_34_1_1.jpg,https://static.musaibrand.com/images/models/0200-K/model/large/0200-K_55_1_1.jpg,https://static.musaibrand.com/images/models/0200-K/model/large/0200-K_60_1_1.jpg,https://static.musaibrand.com/images/models/0200-K/model/large/0200-K_64_1_1.jpg,https://static.musaibrand.com/images/models/0200-K/model/large/0200-K_01_2_1.jpg,https://static.musaibrand.com/images/models/0200-K/model/large/0200-K_02_2_1.jpg,https://static.musaibrand.com/images/models/0200-K/model/large/0200-K_03_2_1.jpg,https://static.musaibrand.com/images/models/0200-K/model/large/0200-K_05_2_1.jpg,https://static.musaibrand.com/images/models/0200-K/model/large/0200-K_10_2_1.jpg,https://static.musaibrand.com/images/models/0200-K/model/large/0200-K_176_2_1.jpg,https://static.musaibrand.com/images/models/0200-K/model/large/0200-K_221_2_1.jpg,https://static.musaibrand.com/images/models/0200-K/model/large/0200-K_222_2_1.jpg,https://static.musaibrand.com/images/models/0200-K/model/large/0200-K_223_2_1.jpg,https://static.musaibrand.com/images/models/0200-K/model/large/0200-K_226_2_1.jpg,https://static.musaibrand.com/images/models/0200-K/model/large/0200-K_258_2_1.jpg,https://static.musaibrand.com/images/models/0200-K/model/large/0200-K_34_2_1.jpg,https://static.musaibrand.com/images/models/0200-K/model/large/0200-K_55_2_1.jpg,https://static.musaibrand.com/images/models/0200-K/model/large/0200-K_60_2_1.jpg,https://static.musaibrand.com/images/models/0200-K/model/large/0200-K_64_2_1.jpg",,0,Size,"XS, S, M, L, XL, 2XL, 3XL, 4/6, 8/10, 12/14",1,1,,Color,"Alb, Negru, Galben, Albastru regal, Sky blue, Fluor turcoaz, Galben fluor, Fluor verde, Fluor portocaliu, Fern Green, Gri deschis, Gum Pink, Albastru marin, ROȘU, Burgundy",1,1,,Gender,Unisex,1,1,,Dimensiuni,"[32cm]·[41cm], [35cm]·[42cm], [37cm]·[44cm], [39cm]·[46cm], [42cm]·[49cm], [45cm]·[52cm], [48cm]·[54cm], [25cm]·[31cm], [29cm]·[38cm], [32cm]·[40cm]",1,0,,,
variation,MU02000001-K,,1,0,visible,,Dimensiuni: 32 * 41 cm,taxable,1,0,0,47.25,,,https://static.musaibrand.com/images/models/0200-K/model/large/0200-K_01_2_1.jpg,MU0200-K,1,Size,XS,,1,,Color,Alb,,1,,,,,,,,,,,,[32cm]·[41cm],8435782508819
variation,MU02000101-K,,1,0,visible,,Dimensiuni: 35 * 42 cm,taxable,1,0,0,47.25,,,https://static.musaibrand.com/images/models/0200-K/model/large/0200-K_01_2_1.jpg,MU0200-K,2,Size,S,,1,,Color,Alb,,1,,,,,,,,,,,,[35cm]·[42cm],8435782508956
variation,MU02000201-K,,1,0,visible,,Dimensiuni: 37 * 44 cm,taxable,1,0,0,47.25,,,https://static.musaibrand.com/images/models/0200-K/model/large/0200-K_01_2_1.jpg,MU0200-K,3,Size,M,,1,,Color,Alb,,1,,,,,,,,,,,,[37cm]·[44cm],8435782509090
variation,MU02000301-K,,1,0,visible,,Dimensiuni: 39 * 46 cm,taxable,1,0,0,47.25,,,https://static.musaibrand.com/images/models/0200-K/model/large/0200-K_01_2_1.jpg,MU0200-K,4,Size,L,,1,,Color,Alb,,1,,,,,,,,,,,,[39cm]·[46cm],8435782509236
variation,MU02000401-K,,1,0,visible,,Dimensiuni: 42 * 49 cm,taxable,1,0,0,47.25,,,https://static.musaibrand.com/images/models/0200-K/model/large/0200-K_01_2_1.jpg,MU0200-K,5,Size,XL,,1,,Color,Alb,,1,,,,,,,,,,,,[42cm]·[49cm],8435782509373
variation,MU02000501-K,,1,0,visible,,Dimensiuni: 45 * 52 cm,taxable,1,0,0,47.25,,,https://static.musaibrand.com/images/models/0200-K/model/large/0200-K_01_2_1.jpg,MU0200-K,6,Size,2XL,,1,,Color,Alb,,1,,,,,,,,,,,,[45cm]·[52cm],8435782509519
variation,MU02000601-K,,1,0,visible,,Dimensiuni: 48 * 54 cm,taxable,1,0,0,47.25,,,https://static.musaibrand.com/images/models/0200-K/model/large/0200-K_01_2_1.jpg,MU0200-K,7,Size,3XL,,1,,Color,Alb,,1,,,,,,,,,,,,[48cm]·[54cm],8435782509656
variation,MU02007501-K,,1,0,visible,,Dimensiuni: 25 * 31 cm,taxable,1,0,0,47.25,,,https://static.musaibrand.com/images/models/0200-K/model/large/0200-K_01_2_1.jpg,MU0200-K,8,Size,4/6,,1,,Color,Alb,,1,,,,,,,,,,,,[25cm]·[31cm],8435782509793
variation,MU02007601-K,,1,0,visible,,Dimensiuni: 29 * 38 cm,taxable,1,0,0,47.25,,,https://static.musaibrand.com/images/models/0200-K/model/large/0200-K_01_2_1.jpg,MU0200-K,9,Size,8/10,,1,,Color,Alb,,1,,,,,,,,,,,,[29cm]·[38cm],8435782509939
variation,MU02007701-K,,1,0,visible,,Dimensiuni: 32 * 40 cm,taxable,1,0,0,47.25,,,https://static.musaibrand.com/images/models/0200-K/model/large/0200-K_01_2_1.jpg,MU0200-K,10,Size,12/14,,1,,Color,Alb,,1,,,,,,,,,,,,[32cm]·[40cm],8435782510072
variation,MU02000002-K,,1,0,visible,,Dimensiuni: 32 * 41 cm,taxable,1,0,0,47.25,,,https://static.musaibrand.com/images/models/0200-K/model/large/0200-K_02_2_1.jpg,MU0200-K,11,Size,XS,,1,,Color,Negru,,1,,,,,,,,,,,,[32cm]·[41cm],8435782508826
variation,MU02000102-K,,1,0,visible,,Dimensiuni: 35 * 42 cm,taxable,1,0,0,47.25,,,https://static.musaibrand.com/images/models/0200-K/model/large/0200-K_02_2_1.jpg,MU0200-K,12,Size,S,,1,,Color,Negru,,1,,,,,,,,,,,,[35cm]·[42cm],8435782508963
variation,MU02000202-K,,1,0,visible,,Dimensiuni: 37 * 44 cm,taxable,1,0,0,47.25,,,https://static.musaibrand.com/images/models/0200-K/model/large/0200-K_02_2_1.jpg,MU0200-K,13,Size,M,,1,,Color,Negru,,1,,,,,,,,,,,,[37cm]·[44cm],8435782509106
variation,MU02000302-K,,1,0,visible,,Dimensiuni: 39 * 46 cm,taxable,1,0,0,47.25,,,https://static.musaibrand.com/images/models/0200-K/model/large/0200-K_02_2_1.jpg,MU0200-K,14,Size,L,,1,,Color,Negru,,1,,,,,,,,,,,,[39cm]·[46cm],8435782509243
variation,MU02000402-K,,1,0,visible,,Dimensiuni: 42 * 49 cm,taxable,1,0,0,47.25,,,https://static.musaibrand.com/images/models/0200-K/model/large/0200-K_02_2_1.jpg,MU0200-K,15,Size,XL,,1,,Color,Negru,,1,,,,,,,,,,,,[42cm]·[49cm],8435782509380
variation,MU02000502-K,,1,0,visible,,Dimensiuni: 45 * 52 cm,taxable,1,0,0,47.25,,,https://static.musaibrand.com/images/models/0200-K/model/large/0200-K_02_2_1.jpg,MU0200-K,16,Size,2XL,,1,,Color,Negru,,1,,,,,,,,,,,,[45cm]·[52cm],8435782509526
variation,MU02000602-K,,1,0,visible,,Dimensiuni: 48 * 54 cm,taxable,1,0,0,47.25,,,https://static.musaibrand.com/images/models/0200-K/model/large/0200-K_02_2_1.jpg,MU0200-K,17,Size,3XL,,1,,Color,Negru,,1,,,,,,,,,,,,[48cm]·[54cm],8435782509663
variation,MU02007502-K,,1,0,visible,,Dimensiuni: 25 * 31 cm,taxable,1,0,0,47.25,,,https://static.musaibrand.com/images/models/0200-K/model/large/0200-K_02_2_1.jpg,MU0200-K,18,Size,4/6,,1,,Color,Negru,,1,,,,,,,,,,,,[25cm]·[31cm],8435782509809
variation,MU02007602-K,,1,0,visible,,Dimensiuni: 29 * 38 cm,taxable,1,0,0,47.25,,,https://static.musaibrand.com/images/models/0200-K/model/large/0200-K_02_2_1.jpg,MU0200-K,19,Size,8/10,,1,,Color,Negru,,1,,,,,,,,,,,,[29cm]·[38cm],8435782509946
variation,MU02007702-K,,1,0,visible,,Dimensiuni: 32 * 40 cm,taxable,1,0,0,47.25,,,https://static.musaibrand.com/images/models/0200-K/model/large/0200-K_02_2_1.jpg,MU0200-K,20,Size,12/14,,1,,Color,Negru,,1,,,,,,,,,,,,[32cm]·[40cm],8435782510089
variation,MU02000003-K,,1,0,visible,,Dimensiuni: 32 * 41 cm,taxable,1,0,0,47.25,,,https://static.musaibrand.com/images/models/0200-K/model/large/0200-K_03_2_1.jpg,MU0200-K,21,Size,XS,,1,,Color,Galben,,1,,,,,,,,,,,,[32cm]·[41cm],8435782508833
variation,MU02000103-K,,1,0,visible,,Dimensiuni: 35 * 42 cm,taxable,1,0,0,47.25,,,https://static.musaibrand.com/images/models/0200-K/model/large/0200-K_03_2_1.jpg,MU0200-K,22,Size,S,,1,,Color,Galben,,1,,,,,,,,,,,,[35cm]·[42cm],8435782508970
variation,MU02000203-K,,1,0,visible,,Dimensiuni: 37 * 44 cm,taxable,1,0,0,47.25,,,https://static.musaibrand.com/images/models/0200-K/model/large/0200-K_03_2_1.jpg,MU0200-K,23,Size,M,,1,,Color,Galben,,1,,,,,,,,,,,,[37cm]·[44cm],8435782509113
variation,MU02000303-K,,1,0,visible,,Dimensiuni: 39 * 46 cm,taxable,1,0,0,47.25,,,https://static.musaibrand.com/images/models/0200-K/model/large/0200-K_03_2_1.jpg,MU0200-K,24,Size,L,,1,,Color,Galben,,1,,,,,,,,,,,,[39cm]·[46cm],8435782509250
variation,MU02000403-K,,1,0,visible,,Dimensiuni: 42 * 49 cm,taxable,1,0,0,47.25,,,https://static.musaibrand.com/images/models/0200-K/model/large/0200-K_03_2_1.jpg,MU0200-K,25,Size,XL,,1,,Color,Galben,,1,,,,,,,,,,,,[42cm]·[49cm],8435782509397
variation,MU02000503-K,,1,0,visible,,Dimensiuni: 45 * 52 cm,taxable,1,0,0,47.25,,,https://static.musaibrand.com/images/models/0200-K/model/large/0200-K_03_2_1.jpg,MU0200-K,26,Size,2XL,,1,,Color,Galben,,1,,,,,,,,,,,,[45cm]·[52cm],8435782509533
variation,MU02000603-K,,1,0,visible,,Dimensiuni: 48 * 54 cm,taxable,1,0,0,47.25,,,https://static.musaibrand.com/images/models/0200-K/model/large/0200-K_03_2_1.jpg,MU0200-K,27,Size,3XL,,1,,Color,Galben,,1,,,,,,,,,,,,[48cm]·[54cm],8435782509670
variation,MU02007503-K,,1,0,visible,,Dimensiuni: 25 * 31 cm,taxable,1,0,0,47.25,,,https://static.musaibrand.com/images/models/0200-K/model/large/0200-K_03_2_1.jpg,MU0200-K,28,Size,4/6,,1,,Color,Galben,,1,,,,,,,,,,,,[25cm]·[31cm],8435782509816
variation,MU02007603-K,,1,0,visible,,Dimensiuni: 29 * 38 cm,taxable,1,0,0,47.25,,,https://static.musaibrand.com/images/models/0200-K/model/large/0200-K_03_2_1.jpg,MU0200-K,29,Size,8/10,,1,,Color,Galben,,1,,,,,,,,,,,,[29cm]·[38cm],8435782509953
variation,MU02007703-K,,1,0,visible,,Dimensiuni: 32 * 40 cm,taxable,1,0,0,47.25,,,https://static.musaibrand.com/images/models/0200-K/model/large/0200-K_03_2_1.jpg,MU0200-K,30,Size,12/14,,1,,Color,Galben,,1,,,,,,,,,,,,[32cm]·[40cm],8435782510096
variation,MU02000005-K,,1,0,visible,,Dimensiuni: 32 * 41 cm,taxable,1,0,0,47.25,,,https://static.musaibrand.com/images/models/0200-K/model/large/0200-K_05_2_1.jpg,MU0200-K,31,Size,XS,,1,,Color,Albastru regal,,1,,,,,,,,,,,,[32cm]·[41cm],8435782508840
variation,MU02000105-K,,1,0,visible,,Dimensiuni: 35 * 42 cm,taxable,1,0,0,47.25,,,https://static.musaibrand.com/images/models/0200-K/model/large/0200-K_05_2_1.jpg,MU0200-K,32,Size,S,,1,,Color,Albastru regal,,1,,,,,,,,,,,,[35cm]·[42cm],8435782508987
variation,MU02000205-K,,1,0,visible,,Dimensiuni: 37 * 44 cm,taxable,1,0,0,47.25,,,https://static.musaibrand.com/images/models/0200-K/model/large/0200-K_05_2_1.jpg,MU0200-K,33,Size,M,,1,,Color,Albastru regal,,1,,,,,,,,,,,,[37cm]·[44cm],8435782509120
variation,MU02000305-K,,1,0,visible,,Dimensiuni: 39 * 46 cm,taxable,1,0,0,47.25,,,https://static.musaibrand.com/images/models/0200-K/model/large/0200-K_05_2_1.jpg,MU0200-K,34,Size,L,,1,,Color,Albastru regal,,1,,,,,,,,,,,,[39cm]·[46cm],8435782509267
variation,MU02000405-K,,1,0,visible,,Dimensiuni: 42 * 49 cm,taxable,1,0,0,47.25,,,https://static.musaibrand.com/images/models/0200-K/model/large/0200-K_05_2_1.jpg,MU0200-K,35,Size,XL,,1,,Color,Albastru regal,,1,,,,,,,,,,,,[42cm]·[49cm],8435782509403
variation,MU02000505-K,,1,0,visible,,Dimensiuni: 45 * 52 cm,taxable,1,0,0,47.25,,,https://static.musaibrand.com/images/models/0200-K/model/large/0200-K_05_2_1.jpg,MU0200-K,36,Size,2XL,,1,,Color,Albastru regal,,1,,,,,,,,,,,,[45cm]·[52cm],8435782509540
variation,MU02000605-K,,1,0,visible,,Dimensiuni: 48 * 54 cm,taxable,1,0,0,47.25,,,https://static.musaibrand.com/images/models/0200-K/model/large/0200-K_05_2_1.jpg,MU0200-K,37,Size,3XL,,1,,Color,Albastru regal,,1,,,,,,,,,,,,[48cm]·[54cm],8435782509687
variation,MU02007505-K,,1,0,visible,,Dimensiuni: 25 * 31 cm,taxable,1,0,0,47.25,,,https://static.musaibrand.com/images/models/0200-K/model/large/0200-K_05_2_1.jpg,MU0200-K,38,Size,4/6,,1,,Color,Albastru regal,,1,,,,,,,,,,,,[25cm]·[31cm],8435782509823
variation,MU02007605-K,,1,0,visible,,Dimensiuni: 29 * 38 cm,taxable,1,0,0,47.25,,,https://static.musaibrand.com/images/models/0200-K/model/large/0200-K_05_2_1.jpg,MU0200-K,39,Size,8/10,,1,,Color,Albastru regal,,1,,,,,,,,,,,,[29cm]·[38cm],8435782509960
variation,MU02007705-K,,1,0,visible,,Dimensiuni: 32 * 40 cm,taxable,1,0,0,47.25,,,https://static.musaibrand.com/images/models/0200-K/model/large/0200-K_05_2_1.jpg,MU0200-K,40,Size,12/14,,1,,Color,Albastru regal,,1,,,,,,,,,,,,[32cm]·[40cm],8435782510102
variation,MU02000010-K,,1,0,visible,,Dimensiuni: 32 * 41 cm,taxable,1,0,0,47.25,,,https://static.musaibrand.com/images/models/0200-K/model/large/0200-K_10_2_1.jpg,MU0200-K,41,Size,XS,,1,,Color,Sky blue,,1,,,,,,,,,,,,[32cm]·[41cm],8435782508857
variation,MU02000110-K,,1,0,visible,,Dimensiuni: 35 * 42 cm,taxable,1,0,0,47.25,,,https://static.musaibrand.com/images/models/0200-K/model/large/0200-K_10_2_1.jpg,MU0200-K,42,Size,S,,1,,Color,Sky blue,,1,,,,,,,,,,,,[35cm]·[42cm],8435782508994
variation,MU02000210-K,,1,0,visible,,Dimensiuni: 37 * 44 cm,taxable,1,0,0,47.25,,,https://static.musaibrand.com/images/models/0200-K/model/large/0200-K_10_2_1.jpg,MU0200-K,43,Size,M,,1,,Color,Sky blue,,1,,,,,,,,,,,,[37cm]·[44cm],8435782509137
variation,MU02000310-K,,1,0,visible,,Dimensiuni: 39 * 46 cm,taxable,1,0,0,47.25,,,https://static.musaibrand.com/images/models/0200-K/model/large/0200-K_10_2_1.jpg,MU0200-K,44,Size,L,,1,,Color,Sky blue,,1,,,,,,,,,,,,[39cm]·[46cm],8435782509274
variation,MU02000410-K,,1,0,visible,,Dimensiuni: 42 * 49 cm,taxable,1,0,0,47.25,,,https://static.musaibrand.com/images/models/0200-K/model/large/0200-K_10_2_1.jpg,MU0200-K,45,Size,XL,,1,,Color,Sky blue,,1,,,,,,,,,,,,[42cm]·[49cm],8435782509410
variation,MU02000510-K,,1,0,visible,,Dimensiuni: 45 * 52 cm,taxable,1,0,0,47.25,,,https://static.musaibrand.com/images/models/0200-K/model/large/0200-K_10_2_1.jpg,MU0200-K,46,Size,2XL,,1,,Color,Sky blue,,1,,,,,,,,,,,,[45cm]·[52cm],8435782509557
variation,MU02000610-K,,1,0,visible,,Dimensiuni: 48 * 54 cm,taxable,1,0,0,47.25,,,https://static.musaibrand.com/images/models/0200-K/model/large/0200-K_10_2_1.jpg,MU0200-K,47,Size,3XL,,1,,Color,Sky blue,,1,,,,,,,,,,,,[48cm]·[54cm],8435782509694
variation,MU02007510-K,,1,0,visible,,Dimensiuni: 25 * 31 cm,taxable,1,0,0,47.25,,,https://static.musaibrand.com/images/models/0200-K/model/large/0200-K_10_2_1.jpg,MU0200-K,48,Size,4/6,,1,,Color,Sky blue,,1,,,,,,,,,,,,[25cm]·[31cm],8435782509830
variation,MU02007610-K,,1,0,visible,,Dimensiuni: 29 * 38 cm,taxable,1,0,0,47.25,,,https://static.musaibrand.com/images/models/0200-K/model/large/0200-K_10_2_1.jpg,MU0200-K,49,Size,8/10,,1,,Color,Sky blue,,1,,,,,,,,,,,,[29cm]·[38cm],8435782509977
variation,MU02007710-K,,1,0,visible,,Dimensiuni: 32 * 40 cm,taxable,1,0,0,47.25,,,https://static.musaibrand.com/images/models/0200-K/model/large/0200-K_10_2_1.jpg,MU0200-K,50,Size,12/14,,1,,Color,Sky blue,,1,,,,,,,,,,,,[32cm]·[40cm],8435782510119
variation,MU020000176-K,,1,0,visible,,Dimensiuni: 32 * 41 cm,taxable,1,0,0,47.25,,,https://static.musaibrand.com/images/models/0200-K/model/large/0200-K_176_2_1.jpg,MU0200-K,51,Size,XS,,1,,Color,Fluor turcoaz,,1,,,,,,,,,,,,[32cm]·[41cm],8435782508864
variation,MU020001176-K,,1,0,visible,,Dimensiuni: 35 * 42 cm,taxable,1,0,0,47.25,,,https://static.musaibrand.com/images/models/0200-K/model/large/0200-K_176_2_1.jpg,MU0200-K,52,Size,S,,1,,Color,Fluor turcoaz,,1,,,,,,,,,,,,[35cm]·[42cm],8435782509007
variation,MU020002176-K,,1,0,visible,,Dimensiuni: 37 * 44 cm,taxable,1,0,0,47.25,,,https://static.musaibrand.com/images/models/0200-K/model/large/0200-K_176_2_1.jpg,MU0200-K,53,Size,M,,1,,Color,Fluor turcoaz,,1,,,,,,,,,,,,[37cm]·[44cm],8435782509144
variation,MU020003176-K,,1,0,visible,,Dimensiuni: 39 * 46 cm,taxable,1,0,0,47.25,,,https://static.musaibrand.com/images/models/0200-K/model/large/0200-K_176_2_1.jpg,MU0200-K,54,Size,L,,1,,Color,Fluor turcoaz,,1,,,,,,,,,,,,[39cm]·[46cm],8435782509281
variation,MU020004176-K,,1,0,visible,,Dimensiuni: 42 * 49 cm,taxable,1,0,0,47.25,,,https://static.musaibrand.com/images/models/0200-K/model/large/0200-K_176_2_1.jpg,MU0200-K,55,Size,XL,,1,,Color,Fluor turcoaz,,1,,,,,,,,,,,,[42cm]·[49cm],8435782509427
variation,MU020005176-K,,1,0,visible,,Dimensiuni: 45 * 52 cm,taxable,1,0,0,47.25,,,https://static.musaibrand.com/images/models/0200-K/model/large/0200-K_176_2_1.jpg,MU0200-K,56,Size,2XL,,1,,Color,Fluor turcoaz,,1,,,,,,,,,,,,[45cm]·[52cm],8435782509564
variation,MU020006176-K,,1,0,visible,,Dimensiuni: 48 * 54 cm,taxable,1,0,0,47.25,,,https://static.musaibrand.com/images/models/0200-K/model/large/0200-K_176_2_1.jpg,MU0200-K,57,Size,3XL,,1,,Color,Fluor turcoaz,,1,,,,,,,,,,,,[48cm]·[54cm],8435782509700
variation,MU020075176-K,,1,0,visible,,Dimensiuni: 25 * 31 cm,taxable,1,0,0,47.25,,,https://static.musaibrand.com/images/models/0200-K/model/large/0200-K_176_2_1.jpg,MU0200-K,58,Size,4/6,,1,,Color,Fluor turcoaz,,1,,,,,,,,,,,,[25cm]·[31cm],8435782509847
variation,MU020076176-K,,1,0,visible,,Dimensiuni: 29 * 38 cm,taxable,1,0,0,47.25,,,https://static.musaibrand.com/images/models/0200-K/model/large/0200-K_176_2_1.jpg,MU0200-K,59,Size,8/10,,1,,Color,Fluor turcoaz,,1,,,,,,,,,,,,[29cm]·[38cm],8435782509984
variation,MU020077176-K,,1,0,visible,,Dimensiuni: 32 * 40 cm,taxable,1,0,0,47.25,,,https://static.musaibrand.com/images/models/0200-K/model/large/0200-K_176_2_1.jpg,MU0200-K,60,Size,12/14,,1,,Color,Fluor turcoaz,,1,,,,,,,,,,,,[32cm]·[40cm],8435782510126
variation,MU020000221-K,,1,0,visible,,Dimensiuni: 32 * 41 cm,taxable,1,0,0,47.25,,,https://static.musaibrand.com/images/models/0200-K/model/large/0200-K_221_2_1.jpg,MU0200-K,61,Size,XS,,1,,Color,Galben fluor,,1,,,,,,,,,,,,[32cm]·[41cm],8435782508871
variation,MU020001221-K,,1,0,visible,,Dimensiuni: 35 * 42 cm,taxable,1,0,0,47.25,,,https://static.musaibrand.com/images/models/0200-K/model/large/0200-K_221_2_1.jpg,MU0200-K,62,Size,S,,1,,Color,Galben fluor,,1,,,,,,,,,,,,[35cm]·[42cm],8435782509014
variation,MU020002221-K,,1,0,visible,,Dimensiuni: 37 * 44 cm,taxable,1,0,0,47.25,,,https://static.musaibrand.com/images/models/0200-K/model/large/0200-K_221_2_1.jpg,MU0200-K,63,Size,M,,1,,Color,Galben fluor,,1,,,,,,,,,,,,[37cm]·[44cm],8435782509151
variation,MU020003221-K,,1,0,visible,,Dimensiuni: 39 * 46 cm,taxable,1,0,0,47.25,,,https://static.musaibrand.com/images/models/0200-K/model/large/0200-K_221_2_1.jpg,MU0200-K,64,Size,L,,1,,Color,Galben fluor,,1,,,,,,,,,,,,[39cm]·[46cm],8435782509298
variation,MU020004221-K,,1,0,visible,,Dimensiuni: 42 * 49 cm,taxable,1,0,0,47.25,,,https://static.musaibrand.com/images/models/0200-K/model/large/0200-K_221_2_1.jpg,MU0200-K,65,Size,XL,,1,,Color,Galben fluor,,1,,,,,,,,,,,,[42cm]·[49cm],8435782509434
variation,MU020005221-K,,1,0,visible,,Dimensiuni: 45 * 52 cm,taxable,1,0,0,47.25,,,https://static.musaibrand.com/images/models/0200-K/model/large/0200-K_221_2_1.jpg,MU0200-K,66,Size,2XL,,1,,Color,Galben fluor,,1,,,,,,,,,,,,[45cm]·[52cm],8435782509571
variation,MU020006221-K,,1,0,visible,,Dimensiuni: 48 * 54 cm,taxable,1,0,0,47.25,,,https://static.musaibrand.com/images/models/0200-K/model/large/0200-K_221_2_1.jpg,MU0200-K,67,Size,3XL,,1,,Color,Galben fluor,,1,,,,,,,,,,,,[48cm]·[54cm],8435782509717
variation,MU020075221-K,,1,0,visible,,Dimensiuni: 25 * 31 cm,taxable,1,0,0,47.25,,,https://static.musaibrand.com/images/models/0200-K/model/large/0200-K_221_2_1.jpg,MU0200-K,68,Size,4/6,,1,,Color,Galben fluor,,1,,,,,,,,,,,,[25cm]·[31cm],8435782509854
variation,MU020076221-K,,1,0,visible,,Dimensiuni: 29 * 38 cm,taxable,1,0,0,47.25,,,https://static.musaibrand.com/images/models/0200-K/model/large/0200-K_221_2_1.jpg,MU0200-K,69,Size,8/10,,1,,Color,Galben fluor,,1,,,,,,,,,,,,[29cm]·[38cm],8435782509991
variation,MU020077221-K,,1,0,visible,,Dimensiuni: 32 * 40 cm,taxable,1,0,0,47.25,,,https://static.musaibrand.com/images/models/0200-K/model/large/0200-K_221_2_1.jpg,MU0200-K,70,Size,12/14,,1,,Color,Galben fluor,,1,,,,,,,,,,,,[32cm]·[40cm],8435782510133
variation,MU020000222-K,,1,0,visible,,Dimensiuni: 32 * 41 cm,taxable,1,0,0,47.25,,,https://static.musaibrand.com/images/models/0200-K/model/large/0200-K_222_2_1.jpg,MU0200-K,71,Size,XS,,1,,Color,Fluor verde,,1,,,,,,,,,,,,[32cm]·[41cm],8435782508888
variation,MU020001222-K,,1,0,visible,,Dimensiuni: 35 * 42 cm,taxable,1,0,0,47.25,,,https://static.musaibrand.com/images/models/0200-K/model/large/0200-K_222_2_1.jpg,MU0200-K,72,Size,S,,1,,Color,Fluor verde,,1,,,,,,,,,,,,[35cm]·[42cm],8435782509021
variation,MU020002222-K,,1,0,visible,,Dimensiuni: 37 * 44 cm,taxable,1,0,0,47.25,,,https://static.musaibrand.com/images/models/0200-K/model/large/0200-K_222_2_1.jpg,MU0200-K,73,Size,M,,1,,Color,Fluor verde,,1,,,,,,,,,,,,[37cm]·[44cm],8435782509168
variation,MU020003222-K,,1,0,visible,,Dimensiuni: 39 * 46 cm,taxable,1,0,0,47.25,,,https://static.musaibrand.com/images/models/0200-K/model/large/0200-K_222_2_1.jpg,MU0200-K,74,Size,L,,1,,Color,Fluor verde,,1,,,,,,,,,,,,[39cm]·[46cm],8435782509304
variation,MU020004222-K,,1,0,visible,,Dimensiuni: 42 * 49 cm,taxable,1,0,0,47.25,,,https://static.musaibrand.com/images/models/0200-K/model/large/0200-K_222_2_1.jpg,MU0200-K,75,Size,XL,,1,,Color,Fluor verde,,1,,,,,,,,,,,,[42cm]·[49cm],8435782509441
variation,MU020005222-K,,1,0,visible,,Dimensiuni: 45 * 52 cm,taxable,1,0,0,47.25,,,https://static.musaibrand.com/images/models/0200-K/model/large/0200-K_222_2_1.jpg,MU0200-K,76,Size,2XL,,1,,Color,Fluor verde,,1,,,,,,,,,,,,[45cm]·[52cm],8435782509588
variation,MU020006222-K,,1,0,visible,,Dimensiuni: 48 * 54 cm,taxable,1,0,0,47.25,,,https://static.musaibrand.com/images/models/0200-K/model/large/0200-K_222_2_1.jpg,MU0200-K,77,Size,3XL,,1,,Color,Fluor verde,,1,,,,,,,,,,,,[48cm]·[54cm],8435782509724
variation,MU020075222-K,,1,0,visible,,Dimensiuni: 25 * 31 cm,taxable,1,0,0,47.25,,,https://static.musaibrand.com/images/models/0200-K/model/large/0200-K_222_2_1.jpg,MU0200-K,78,Size,4/6,,1,,Color,Fluor verde,,1,,,,,,,,,,,,[25cm]·[31cm],8435782509861
variation,MU020076222-K,,1,0,visible,,Dimensiuni: 29 * 38 cm,taxable,1,0,0,47.25,,,https://static.musaibrand.com/images/models/0200-K/model/large/0200-K_222_2_1.jpg,MU0200-K,79,Size,8/10,,1,,Color,Fluor verde,,1,,,,,,,,,,,,[29cm]·[38cm],8435782510003
variation,MU020077222-K,,1,0,visible,,Dimensiuni: 32 * 40 cm,taxable,1,0,0,47.25,,,https://static.musaibrand.com/images/models/0200-K/model/large/0200-K_222_2_1.jpg,MU0200-K,80,Size,12/14,,1,,Color,Fluor verde,,1,,,,,,,,,,,,[32cm]·[40cm],8435782510140
variation,MU020000223-K,,1,0,visible,,Dimensiuni: 32 * 41 cm,taxable,1,0,0,47.25,,,https://static.musaibrand.com/images/models/0200-K/model/large/0200-K_223_2_1.jpg,MU0200-K,81,Size,XS,,1,,Color,Fluor portocaliu,,1,,,,,,,,,,,,[32cm]·[41cm],8435782508895
variation,MU020001223-K,,1,0,visible,,Dimensiuni: 35 * 42 cm,taxable,1,0,0,47.25,,,https://static.musaibrand.com/images/models/0200-K/model/large/0200-K_223_2_1.jpg,MU0200-K,82,Size,S,,1,,Color,Fluor portocaliu,,1,,,,,,,,,,,,[35cm]·[42cm],8435782509038
variation,MU020002223-K,,1,0,visible,,Dimensiuni: 37 * 44 cm,taxable,1,0,0,47.25,,,https://static.musaibrand.com/images/models/0200-K/model/large/0200-K_223_2_1.jpg,MU0200-K,83,Size,M,,1,,Color,Fluor portocaliu,,1,,,,,,,,,,,,[37cm]·[44cm],8435782509175
variation,MU020003223-K,,1,0,visible,,Dimensiuni: 39 * 46 cm,taxable,1,0,0,47.25,,,https://static.musaibrand.com/images/models/0200-K/model/large/0200-K_223_2_1.jpg,MU0200-K,84,Size,L,,1,,Color,Fluor portocaliu,,1,,,,,,,,,,,,[39cm]·[46cm],8435782509311
variation,MU020004223-K,,1,0,visible,,Dimensiuni: 42 * 49 cm,taxable,1,0,0,47.25,,,https://static.musaibrand.com/images/models/0200-K/model/large/0200-K_223_2_1.jpg,MU0200-K,85,Size,XL,,1,,Color,Fluor portocaliu,,1,,,,,,,,,,,,[42cm]·[49cm],8435782509458
variation,MU020005223-K,,1,0,visible,,Dimensiuni: 45 * 52 cm,taxable,1,0,0,47.25,,,https://static.musaibrand.com/images/models/0200-K/model/large/0200-K_223_2_1.jpg,MU0200-K,86,Size,2XL,,1,,Color,Fluor portocaliu,,1,,,,,,,,,,,,[45cm]·[52cm],8435782509595
variation,MU020006223-K,,1,0,visible,,Dimensiuni: 48 * 54 cm,taxable,1,0,0,47.25,,,https://static.musaibrand.com/images/models/0200-K/model/large/0200-K_223_2_1.jpg,MU0200-K,87,Size,3XL,,1,,Color,Fluor portocaliu,,1,,,,,,,,,,,,[48cm]·[54cm],8435782509731
variation,MU020075223-K,,1,0,visible,,Dimensiuni: 25 * 31 cm,taxable,1,0,0,47.25,,,https://static.musaibrand.com/images/models/0200-K/model/large/0200-K_223_2_1.jpg,MU0200-K,88,Size,4/6,,1,,Color,Fluor portocaliu,,1,,,,,,,,,,,,[25cm]·[31cm],8435782509878
variation,MU020076223-K,,1,0,visible,,Dimensiuni: 29 * 38 cm,taxable,1,0,0,47.25,,,https://static.musaibrand.com/images/models/0200-K/model/large/0200-K_223_2_1.jpg,MU0200-K,89,Size,8/10,,1,,Color,Fluor portocaliu,,1,,,,,,,,,,,,[29cm]·[38cm],8435782510010
variation,MU020077223-K,,1,0,visible,,Dimensiuni: 32 * 40 cm,taxable,1,0,0,47.25,,,https://static.musaibrand.com/images/models/0200-K/model/large/0200-K_223_2_1.jpg,MU0200-K,90,Size,12/14,,1,,Color,Fluor portocaliu,,1,,,,,,,,,,,,[32cm]·[40cm],8435782510157
variation,MU020000226-K,,1,0,visible,,Dimensiuni: 32 * 41 cm,taxable,1,0,0,47.25,,,https://static.musaibrand.com/images/models/0200-K/model/large/0200-K_226_2_1.jpg,MU0200-K,91,Size,XS,,1,,Color,Fern Green,,1,,,,,,,,,,,,[32cm]·[41cm],8435782528640
variation,MU020001226-K,,1,0,visible,,Dimensiuni: 35 * 42 cm,taxable,1,0,0,47.25,,,https://static.musaibrand.com/images/models/0200-K/model/large/0200-K_226_2_1.jpg,MU0200-K,92,Size,S,,1,,Color,Fern Green,,1,,,,,,,,,,,,[35cm]·[42cm],8435782528657
variation,MU020002226-K,,1,0,visible,,Dimensiuni: 37 * 44 cm,taxable,1,0,0,47.25,,,https://static.musaibrand.com/images/models/0200-K/model/large/0200-K_226_2_1.jpg,MU0200-K,93,Size,M,,1,,Color,Fern Green,,1,,,,,,,,,,,,[37cm]·[44cm],8435782528664
variation,MU020003226-K,,1,0,visible,,Dimensiuni: 39 * 46 cm,taxable,1,0,0,47.25,,,https://static.musaibrand.com/images/models/0200-K/model/large/0200-K_226_2_1.jpg,MU0200-K,94,Size,L,,1,,Color,Fern Green,,1,,,,,,,,,,,,[39cm]·[46cm],8435782528671
variation,MU020004226-K,,1,0,visible,,Dimensiuni: 42 * 49 cm,taxable,1,0,0,47.25,,,https://static.musaibrand.com/images/models/0200-K/model/large/0200-K_226_2_1.jpg,MU0200-K,95,Size,XL,,1,,Color,Fern Green,,1,,,,,,,,,,,,[42cm]·[49cm],8435782528688
variation,MU020005226-K,,1,0,visible,,Dimensiuni: 45 * 52 cm,taxable,1,0,0,47.25,,,https://static.musaibrand.com/images/models/0200-K/model/large/0200-K_226_2_1.jpg,MU0200-K,96,Size,2XL,,1,,Color,Fern Green,,1,,,,,,,,,,,,[45cm]·[52cm],8435782528695
variation,MU020006226-K,,1,0,visible,,Dimensiuni: 48 * 54 cm,taxable,1,0,0,47.25,,,https://static.musaibrand.com/images/models/0200-K/model/large/0200-K_226_2_1.jpg,MU0200-K,97,Size,3XL,,1,,Color,Fern Green,,1,,,,,,,,,,,,[48cm]·[54cm],8435782528701
variation,MU020075226-K,,1,0,visible,,Dimensiuni: 25 * 31 cm,taxable,1,0,0,47.25,,,https://static.musaibrand.com/images/models/0200-K/model/large/0200-K_226_2_1.jpg,MU0200-K,98,Size,4/6,,1,,Color,Fern Green,,1,,,,,,,,,,,,[25cm]·[31cm],8435782528718
variation,MU020076226-K,,1,0,visible,,Dimensiuni: 29 * 38 cm,taxable,1,0,0,47.25,,,https://static.musaibrand.com/images/models/0200-K/model/large/0200-K_226_2_1.jpg,MU0200-K,99,Size,8/10,,1,,Color,Fern Green,,1,,,,,,,,,,,,[29cm]·[38cm],8435782528725
variation,MU020077226-K,,1,0,visible,,Dimensiuni: 32 * 40 cm,taxable,1,0,0,47.25,,,https://static.musaibrand.com/images/models/0200-K/model/large/0200-K_226_2_1.jpg,MU0200-K,100,Size,12/14,,1,,Color,Fern Green,,1,,,,,,,,,,,,[32cm]·[40cm],8435782528732
variation,MU020000258-K,,1,0,visible,,Dimensiuni: 32 * 41 cm,taxable,1,0,0,47.25,,,https://static.musaibrand.com/images/models/0200-K/model/large/0200-K_258_2_1.jpg,MU0200-K,101,Size,XS,,1,,Color,Gri deschis,,1,,,,,,,,,,,,[32cm]·[41cm],8435782508901
variation,MU020001258-K,,1,0,visible,,Dimensiuni: 35 * 42 cm,taxable,1,0,0,47.25,,,https://static.musaibrand.com/images/models/0200-K/model/large/0200-K_258_2_1.jpg,MU0200-K,102,Size,S,,1,,Color,Gri deschis,,1,,,,,,,,,,,,[35cm]·[42cm],8435782509045
variation,MU020002258-K,,1,0,visible,,Dimensiuni: 37 * 44 cm,taxable,1,0,0,47.25,,,https://static.musaibrand.com/images/models/0200-K/model/large/0200-K_258_2_1.jpg,MU0200-K,103,Size,M,,1,,Color,Gri deschis,,1,,,,,,,,,,,,[37cm]·[44cm],8435782509182
variation,MU020003258-K,,1,0,visible,,Dimensiuni: 39 * 46 cm,taxable,1,0,0,47.25,,,https://static.musaibrand.com/images/models/0200-K/model/large/0200-K_258_2_1.jpg,MU0200-K,104,Size,L,,1,,Color,Gri deschis,,1,,,,,,,,,,,,[39cm]·[46cm],8435782509328
variation,MU020004258-K,,1,0,visible,,Dimensiuni: 42 * 49 cm,taxable,1,0,0,47.25,,,https://static.musaibrand.com/images/models/0200-K/model/large/0200-K_258_2_1.jpg,MU0200-K,105,Size,XL,,1,,Color,Gri deschis,,1,,,,,,,,,,,,[42cm]·[49cm],8435782509465
variation,MU020005258-K,,1,0,visible,,Dimensiuni: 45 * 52 cm,taxable,1,0,0,47.25,,,https://static.musaibrand.com/images/models/0200-K/model/large/0200-K_258_2_1.jpg,MU0200-K,106,Size,2XL,,1,,Color,Gri deschis,,1,,,,,,,,,,,,[45cm]·[52cm],8435782509601
variation,MU020006258-K,,1,0,visible,,Dimensiuni: 48 * 54 cm,taxable,1,0,0,47.25,,,https://static.musaibrand.com/images/models/0200-K/model/large/0200-K_258_2_1.jpg,MU0200-K,107,Size,3XL,,1,,Color,Gri deschis,,1,,,,,,,,,,,,[48cm]·[54cm],8435782509748
variation,MU020075258-K,,1,0,visible,,Dimensiuni: 25 * 31 cm,taxable,1,0,0,47.25,,,https://static.musaibrand.com/images/models/0200-K/model/large/0200-K_258_2_1.jpg,MU0200-K,108,Size,4/6,,1,,Color,Gri deschis,,1,,,,,,,,,,,,[25cm]·[31cm],8435782509885
variation,MU020076258-K,,1,0,visible,,Dimensiuni: 29 * 38 cm,taxable,1,0,0,47.25,,,https://static.musaibrand.com/images/models/0200-K/model/large/0200-K_258_2_1.jpg,MU0200-K,109,Size,8/10,,1,,Color,Gri deschis,,1,,,,,,,,,,,,[29cm]·[38cm],8435782510027
variation,MU020077258-K,,1,0,visible,,Dimensiuni: 32 * 40 cm,taxable,1,0,0,47.25,,,https://static.musaibrand.com/images/models/0200-K/model/large/0200-K_258_2_1.jpg,MU0200-K,110,Size,12/14,,1,,Color,Gri deschis,,1,,,,,,,,,,,,[32cm]·[40cm],8435782510164
variation,MU02000034-K,,1,0,visible,,Dimensiuni: 32 * 41 cm,taxable,1,0,0,47.25,,,https://static.musaibrand.com/images/models/0200-K/model/large/0200-K_34_2_1.jpg,MU0200-K,111,Size,XS,,1,,Color,Gum Pink,,1,,,,,,,,,,,,[32cm]·[41cm],8435782508918
variation,MU02000134-K,,1,0,visible,,Dimensiuni: 35 * 42 cm,taxable,1,0,0,47.25,,,https://static.musaibrand.com/images/models/0200-K/model/large/0200-K_34_2_1.jpg,MU0200-K,112,Size,S,,1,,Color,Gum Pink,,1,,,,,,,,,,,,[35cm]·[42cm],8435782509052
variation,MU02000234-K,,1,0,visible,,Dimensiuni: 37 * 44 cm,taxable,1,0,0,47.25,,,https://static.musaibrand.com/images/models/0200-K/model/large/0200-K_34_2_1.jpg,MU0200-K,113,Size,M,,1,,Color,Gum Pink,,1,,,,,,,,,,,,[37cm]·[44cm],8435782509199
variation,MU02000334-K,,1,0,visible,,Dimensiuni: 39 * 46 cm,taxable,1,0,0,47.25,,,https://static.musaibrand.com/images/models/0200-K/model/large/0200-K_34_2_1.jpg,MU0200-K,114,Size,L,,1,,Color,Gum Pink,,1,,,,,,,,,,,,[39cm]·[46cm],8435782509335
variation,MU02000434-K,,1,0,visible,,Dimensiuni: 42 * 49 cm,taxable,1,0,0,47.25,,,https://static.musaibrand.com/images/models/0200-K/model/large/0200-K_34_2_1.jpg,MU0200-K,115,Size,XL,,1,,Color,Gum Pink,,1,,,,,,,,,,,,[42cm]·[49cm],8435782509472
variation,MU02000534-K,,1,0,visible,,Dimensiuni: 45 * 52 cm,taxable,1,0,0,47.25,,,https://static.musaibrand.com/images/models/0200-K/model/large/0200-K_34_2_1.jpg,MU0200-K,116,Size,2XL,,1,,Color,Gum Pink,,1,,,,,,,,,,,,[45cm]·[52cm],8435782509618
variation,MU02000634-K,,1,0,visible,,Dimensiuni: 48 * 54 cm,taxable,1,0,0,47.25,,,https://static.musaibrand.com/images/models/0200-K/model/large/0200-K_34_2_1.jpg,MU0200-K,117,Size,3XL,,1,,Color,Gum Pink,,1,,,,,,,,,,,,[48cm]·[54cm],8435782509755
variation,MU02007534-K,,1,0,visible,,Dimensiuni: 25 * 31 cm,taxable,1,0,0,47.25,,,https://static.musaibrand.com/images/models/0200-K/model/large/0200-K_34_2_1.jpg,MU0200-K,118,Size,4/6,,1,,Color,Gum Pink,,1,,,,,,,,,,,,[25cm]·[31cm],8435782509892
variation,MU02007634-K,,1,0,visible,,Dimensiuni: 29 * 38 cm,taxable,1,0,0,47.25,,,https://static.musaibrand.com/images/models/0200-K/model/large/0200-K_34_2_1.jpg,MU0200-K,119,Size,8/10,,1,,Color,Gum Pink,,1,,,,,,,,,,,,[29cm]·[38cm],8435782510034
variation,MU02007734-K,,1,0,visible,,Dimensiuni: 32 * 40 cm,taxable,1,0,0,47.25,,,https://static.musaibrand.com/images/models/0200-K/model/large/0200-K_34_2_1.jpg,MU0200-K,120,Size,12/14,,1,,Color,Gum Pink,,1,,,,,,,,,,,,[32cm]·[40cm],8435782510171
variation,MU02000055-K,,1,0,visible,,Dimensiuni: 32 * 41 cm,taxable,1,0,0,47.25,,,https://static.musaibrand.com/images/models/0200-K/model/large/0200-K_55_2_1.jpg,MU0200-K,121,Size,XS,,1,,Color,Albastru marin,,1,,,,,,,,,,,,[32cm]·[41cm],8435782508925
variation,MU02000155-K,,1,0,visible,,Dimensiuni: 35 * 42 cm,taxable,1,0,0,47.25,,,https://static.musaibrand.com/images/models/0200-K/model/large/0200-K_55_2_1.jpg,MU0200-K,122,Size,S,,1,,Color,Albastru marin,,1,,,,,,,,,,,,[35cm]·[42cm],8435782509069
variation,MU02000255-K,,1,0,visible,,Dimensiuni: 37 * 44 cm,taxable,1,0,0,47.25,,,https://static.musaibrand.com/images/models/0200-K/model/large/0200-K_55_2_1.jpg,MU0200-K,123,Size,M,,1,,Color,Albastru marin,,1,,,,,,,,,,,,[37cm]·[44cm],8435782509205
variation,MU02000355-K,,1,0,visible,,Dimensiuni: 39 * 46 cm,taxable,1,0,0,47.25,,,https://static.musaibrand.com/images/models/0200-K/model/large/0200-K_55_2_1.jpg,MU0200-K,124,Size,L,,1,,Color,Albastru marin,,1,,,,,,,,,,,,[39cm]·[46cm],8435782509342
variation,MU02000455-K,,1,0,visible,,Dimensiuni: 42 * 49 cm,taxable,1,0,0,47.25,,,https://static.musaibrand.com/images/models/0200-K/model/large/0200-K_55_2_1.jpg,MU0200-K,125,Size,XL,,1,,Color,Albastru marin,,1,,,,,,,,,,,,[42cm]·[49cm],8435782509489
variation,MU02000555-K,,1,0,visible,,Dimensiuni: 45 * 52 cm,taxable,1,0,0,47.25,,,https://static.musaibrand.com/images/models/0200-K/model/large/0200-K_55_2_1.jpg,MU0200-K,126,Size,2XL,,1,,Color,Albastru marin,,1,,,,,,,,,,,,[45cm]·[52cm],8435782509625
variation,MU02000655-K,,1,0,visible,,Dimensiuni: 48 * 54 cm,taxable,1,0,0,47.25,,,https://static.musaibrand.com/images/models/0200-K/model/large/0200-K_55_2_1.jpg,MU0200-K,127,Size,3XL,,1,,Color,Albastru marin,,1,,,,,,,,,,,,[48cm]·[54cm],8435782509762
variation,MU02007555-K,,1,0,visible,,Dimensiuni: 25 * 31 cm,taxable,1,0,0,47.25,,,https://static.musaibrand.com/images/models/0200-K/model/large/0200-K_55_2_1.jpg,MU0200-K,128,Size,4/6,,1,,Color,Albastru marin,,1,,,,,,,,,,,,[25cm]·[31cm],8435782509908
variation,MU02007655-K,,1,0,visible,,Dimensiuni: 29 * 38 cm,taxable,1,0,0,47.25,,,https://static.musaibrand.com/images/models/0200-K/model/large/0200-K_55_2_1.jpg,MU0200-K,129,Size,8/10,,1,,Color,Albastru marin,,1,,,,,,,,,,,,[29cm]·[38cm],8435782510041
variation,MU02007755-K,,1,0,visible,,Dimensiuni: 32 * 40 cm,taxable,1,0,0,47.25,,,https://static.musaibrand.com/images/models/0200-K/model/large/0200-K_55_2_1.jpg,MU0200-K,130,Size,12/14,,1,,Color,Albastru marin,,1,,,,,,,,,,,,[32cm]·[40cm],8435782510188
variation,MU02000060-K,,1,0,visible,,Dimensiuni: 32 * 41 cm,taxable,1,0,0,47.25,,,https://static.musaibrand.com/images/models/0200-K/model/large/0200-K_60_2_1.jpg,MU0200-K,131,Size,XS,,1,,Color,ROȘU,,1,,,,,,,,,,,,[32cm]·[41cm],8435782508932
variation,MU02000160-K,,1,0,visible,,Dimensiuni: 35 * 42 cm,taxable,1,0,0,47.25,,,https://static.musaibrand.com/images/models/0200-K/model/large/0200-K_60_2_1.jpg,MU0200-K,132,Size,S,,1,,Color,ROȘU,,1,,,,,,,,,,,,[35cm]·[42cm],8435782509076
variation,MU02000260-K,,1,0,visible,,Dimensiuni: 37 * 44 cm,taxable,1,0,0,47.25,,,https://static.musaibrand.com/images/models/0200-K/model/large/0200-K_60_2_1.jpg,MU0200-K,133,Size,M,,1,,Color,ROȘU,,1,,,,,,,,,,,,[37cm]·[44cm],8435782509212
variation,MU02000360-K,,1,0,visible,,Dimensiuni: 39 * 46 cm,taxable,1,0,0,47.25,,,https://static.musaibrand.com/images/models/0200-K/model/large/0200-K_60_2_1.jpg,MU0200-K,134,Size,L,,1,,Color,ROȘU,,1,,,,,,,,,,,,[39cm]·[46cm],8435782509359
variation,MU02000460-K,,1,0,visible,,Dimensiuni: 42 * 49 cm,taxable,1,0,0,47.25,,,https://static.musaibrand.com/images/models/0200-K/model/large/0200-K_60_2_1.jpg,MU0200-K,135,Size,XL,,1,,Color,ROȘU,,1,,,,,,,,,,,,[42cm]·[49cm],8435782509496
variation,MU02000560-K,,1,0,visible,,Dimensiuni: 45 * 52 cm,taxable,1,0,0,47.25,,,https://static.musaibrand.com/images/models/0200-K/model/large/0200-K_60_2_1.jpg,MU0200-K,136,Size,2XL,,1,,Color,ROȘU,,1,,,,,,,,,,,,[45cm]·[52cm],8435782509632
variation,MU02000660-K,,1,0,visible,,Dimensiuni: 48 * 54 cm,taxable,1,0,0,47.25,,,https://static.musaibrand.com/images/models/0200-K/model/large/0200-K_60_2_1.jpg,MU0200-K,137,Size,3XL,,1,,Color,ROȘU,,1,,,,,,,,,,,,[48cm]·[54cm],8435782509779
variation,MU02007560-K,,1,0,visible,,Dimensiuni: 25 * 31 cm,taxable,1,0,0,47.25,,,https://static.musaibrand.com/images/models/0200-K/model/large/0200-K_60_2_1.jpg,MU0200-K,138,Size,4/6,,1,,Color,ROȘU,,1,,,,,,,,,,,,[25cm]·[31cm],8435782509915
variation,MU02007660-K,,1,0,visible,,Dimensiuni: 29 * 38 cm,taxable,1,0,0,47.25,,,https://static.musaibrand.com/images/models/0200-K/model/large/0200-K_60_2_1.jpg,MU0200-K,139,Size,8/10,,1,,Color,ROȘU,,1,,,,,,,,,,,,[29cm]·[38cm],8435782510058
variation,MU02007760-K,,1,0,visible,,Dimensiuni: 32 * 40 cm,taxable,1,0,0,47.25,,,https://static.musaibrand.com/images/models/0200-K/model/large/0200-K_60_2_1.jpg,MU0200-K,140,Size,12/14,,1,,Color,ROȘU,,1,,,,,,,,,,,,[32cm]·[40cm],8435782510195
variation,MU02000064-K,,1,0,visible,,Dimensiuni: 32 * 41 cm,taxable,1,0,0,47.25,,,https://static.musaibrand.com/images/models/0200-K/model/large/0200-K_64_2_1.jpg,MU0200-K,141,Size,XS,,1,,Color,Burgundy,,1,,,,,,,,,,,,[32cm]·[41cm],8435782508949
variation,MU02000164-K,,1,0,visible,,Dimensiuni: 35 * 42 cm,taxable,1,0,0,47.25,,,https://static.musaibrand.com/images/models/0200-K/model/large/0200-K_64_2_1.jpg,MU0200-K,142,Size,S,,1,,Color,Burgundy,,1,,,,,,,,,,,,[35cm]·[42cm],8435782509083
variation,MU02000264-K,,1,0,visible,,Dimensiuni: 37 * 44 cm,taxable,1,0,0,47.25,,,https://static.musaibrand.com/images/models/0200-K/model/large/0200-K_64_2_1.jpg,MU0200-K,143,Size,M,,1,,Color,Burgundy,,1,,,,,,,,,,,,[37cm]·[44cm],8435782509229
variation,MU02000364-K,,1,0,visible,,Dimensiuni: 39 * 46 cm,taxable,1,0,0,47.25,,,https://static.musaibrand.com/images/models/0200-K/model/large/0200-K_64_2_1.jpg,MU0200-K,144,Size,L,,1,,Color,Burgundy,,1,,,,,,,,,,,,[39cm]·[46cm],8435782509366
variation,MU02000464-K,,1,0,visible,,Dimensiuni: 42 * 49 cm,taxable,1,0,0,47.25,,,https://static.musaibrand.com/images/models/0200-K/model/large/0200-K_64_2_1.jpg,MU0200-K,145,Size,XL,,1,,Color,Burgundy,,1,,,,,,,,,,,,[42cm]·[49cm],8435782509502
variation,MU02000564-K,,1,0,visible,,Dimensiuni: 45 * 52 cm,taxable,1,0,0,47.25,,,https://static.musaibrand.com/images/models/0200-K/model/large/0200-K_64_2_1.jpg,MU0200-K,146,Size,2XL,,1,,Color,Burgundy,,1,,,,,,,,,,,,[45cm]·[52cm],8435782509649
variation,MU02000664-K,,1,0,visible,,Dimensiuni: 48 * 54 cm,taxable,1,0,0,47.25,,,https://static.musaibrand.com/images/models/0200-K/model/large/0200-K_64_2_1.jpg,MU0200-K,147,Size,3XL,,1,,Color,Burgundy,,1,,,,,,,,,,,,[48cm]·[54cm],8435782509786
variation,MU02007564-K,,1,0,visible,,Dimensiuni: 25 * 31 cm,taxable,1,0,0,47.25,,,https://static.musaibrand.com/images/models/0200-K/model/large/0200-K_64_2_1.jpg,MU0200-K,148,Size,4/6,,1,,Color,Burgundy,,1,,,,,,,,,,,,[25cm]·[31cm],8435782509922
variation,MU02007664-K,,1,0,visible,,Dimensiuni: 29 * 38 cm,taxable,1,0,0,47.25,,,https://static.musaibrand.com/images/models/0200-K/model/large/0200-K_64_2_1.jpg,MU0200-K,149,Size,8/10,,1,,Color,Burgundy,,1,,,,,,,,,,,,[29cm]·[38cm],8435782510065
variation,MU02007764-K,,1,0,visible,,Dimensiuni: 32 * 40 cm,taxable,1,0,0,47.25,,,https://static.musaibrand.com/images/models/0200-K/model/large/0200-K_64_2_1.jpg,MU0200-K,150,Size,12/14,,1,,Color,Burgundy,,1,,,,,,,,,,,,[32cm]·[40cm],8435782510201
variable,MU0201,Pantaloni - Vifa Femeie,1,0,visible,,"<p>Pantaloni scurți sport respirabili pentru femei cu uscare ușoară din poliester reciclat.                                     <br>· Breathable.<br>· Wicking.</p><p><strong>Compoziție:</strong> 100% poliester interlock reciclat</p><p><br>· Bandă elastică în talie cu șnur interior asortat personalizat cu design de marcă.<br>· Deschideri laterale.<br>· Detaliu cu logo imprimat pe tiv.</p><h4>Dimensiuni</h4><table style='border-collapse:collapse;margin:8px 0'><tr><th style='padding:4px 12px;border:1px solid #ddd;text-align:left'>Mărime</th><th style='padding:4px 12px;border:1px solid #ddd;text-align:left'>Dimensiuni</th></tr><tr><td style='padding:4px 12px;border:1px solid #ddd'>XS</td><td style='padding:4px 12px;border:1px solid #ddd'>33 * 33 cm</td></tr><tr><td style='padding:4px 12px;border:1px solid #ddd'>S</td><td style='padding:4px 12px;border:1px solid #ddd'>35 * 35,5 cm</td></tr><tr><td style='padding:4px 12px;border:1px solid #ddd'>M</td><td style='padding:4px 12px;border:1px solid #ddd'>37 * 38 cm</td></tr><tr><td style='padding:4px 12px;border:1px solid #ddd'>L</td><td style='padding:4px 12px;border:1px solid #ddd'>39 * 40,5 cm</td></tr><tr><td style='padding:4px 12px;border:1px solid #ddd'>XL</td><td style='padding:4px 12px;border:1px solid #ddd'>41 * 43 cm</td></tr><tr><td style='padding:4px 12px;border:1px solid #ddd'>2XL</td><td style='padding:4px 12px;border:1px solid #ddd'>43 * 45 cm</td></tr></table>",taxable,1,0,0,,Pantaloni și colanți,MUSAI,"https://static.musaibrand.com/images/models/0201/model/large/0201_01_1_1.jpg,https://static.musaibrand.com/images/models/0201/model/large/0201_02_1_1.jpg,https://static.musaibrand.com/images/models/0201/model/large/0201_03_1_1.jpg,https://static.musaibrand.com/images/models/0201/model/large/0201_05_1_1.jpg,https://static.musaibrand.com/images/models/0201/model/large/0201_10_1_1.jpg,https://static.musaibrand.com/images/models/0201/model/large/0201_176_1_1.jpg,https://static.musaibrand.com/images/models/0201/model/large/0201_221_1_1.jpg,https://static.musaibrand.com/images/models/0201/model/large/0201_222_1_1.jpg,https://static.musaibrand.com/images/models/0201/model/large/0201_223_1_1.jpg,https://static.musaibrand.com/images/models/0201/model/large/0201_258_1_1.jpg,https://static.musaibrand.com/images/models/0201/model/large/0201_34_1_1.jpg,https://static.musaibrand.com/images/models/0201/model/large/0201_55_1_1.jpg,https://static.musaibrand.com/images/models/0201/model/large/0201_60_1_1.jpg,https://static.musaibrand.com/images/models/0201/model/large/0201_64_1_1.jpg,https://static.musaibrand.com/images/models/0201/model/large/0201_01_2_1.jpg,https://static.musaibrand.com/images/models/0201/model/large/0201_02_2_1.jpg,https://static.musaibrand.com/images/models/0201/model/large/0201_03_2_1.jpg,https://static.musaibrand.com/images/models/0201/model/large/0201_05_2_1.jpg,https://static.musaibrand.com/images/models/0201/model/large/0201_10_2_1.jpg,https://static.musaibrand.com/images/models/0201/model/large/0201_176_2_1.jpg,https://static.musaibrand.com/images/models/0201/model/large/0201_221_2_1.jpg,https://static.musaibrand.com/images/models/0201/model/large/0201_222_2_1.jpg,https://static.musaibrand.com/images/models/0201/model/large/0201_223_2_1.jpg,https://static.musaibrand.com/images/models/0201/model/large/0201_258_2_1.jpg,https://static.musaibrand.com/images/models/0201/model/large/0201_34_2_1.jpg,https://static.musaibrand.com/images/models/0201/model/large/0201_55_2_1.jpg,https://static.musaibrand.com/images/models/0201/model/large/0201_60_2_1.jpg,https://static.musaibrand.com/images/models/0201/model/large/0201_64_2_1.jpg",,0,Size,"XS, S, M, L, XL, 2XL",1,1,,Color,"Alb, Negru, Galben, Albastru regal, Sky blue, Fluor turcoaz, Galben fluor, Fluor verde, Fluor portocaliu, Gri deschis, Gum Pink, Albastru marin, ROȘU, Burgundy",1,1,,Gender,Femeie,1,1,,Dimensiuni,"[33cm]·[33cm], [35cm]·[35.5cm], [37cm]·[38cm], [39cm]·[40.5cm], [41cm]·[43cm], [43cm]·[45cm]",1,0,,,
variation,MU02010001,,1,0,visible,,Dimensiuni: 33 * 33 cm,taxable,1,0,0,47.25,,,https://static.musaibrand.com/images/models/0201/model/large/0201_01_2_1.jpg,MU0201,1,Size,XS,,1,,Color,Alb,,1,,,,,,,,,,,,[33cm]·[33cm],8435782510218
variation,MU02010101,,1,0,visible,,"Dimensiuni: 35 * 35,5 cm",taxable,1,0,0,47.25,,,https://static.musaibrand.com/images/models/0201/model/large/0201_01_2_1.jpg,MU0201,2,Size,S,,1,,Color,Alb,,1,,,,,,,,,,,,"[35cm]·[35,5cm]",8435782510355
variation,MU02010201,,1,0,visible,,Dimensiuni: 37 * 38 cm,taxable,1,0,0,47.25,,,https://static.musaibrand.com/images/models/0201/model/large/0201_01_2_1.jpg,MU0201,3,Size,M,,1,,Color,Alb,,1,,,,,,,,,,,,[37cm]·[38cm],8435782510492
variation,MU02010301,,1,0,visible,,"Dimensiuni: 39 * 40,5 cm",taxable,1,0,0,47.25,,,https://static.musaibrand.com/images/models/0201/model/large/0201_01_2_1.jpg,MU0201,4,Size,L,,1,,Color,Alb,,1,,,,,,,,,,,,"[39cm]·[40,5cm]",8435782510638
variation,MU02010401,,1,0,visible,,Dimensiuni: 41 * 43 cm,taxable,1,0,0,47.25,,,https://static.musaibrand.com/images/models/0201/model/large/0201_01_2_1.jpg,MU0201,5,Size,XL,,1,,Color,Alb,,1,,,,,,,,,,,,[41cm]·[43cm],8435782510775
variation,MU02010501,,1,0,visible,,Dimensiuni: 43 * 45 cm,taxable,1,0,0,47.25,,,https://static.musaibrand.com/images/models/0201/model/large/0201_01_2_1.jpg,MU0201,6,Size,2XL,,1,,Color,Alb,,1,,,,,,,,,,,,[43cm]·[45cm],8435782510911
variation,MU02010002,,1,0,visible,,Dimensiuni: 33 * 33 cm,taxable,1,0,0,47.25,,,https://static.musaibrand.com/images/models/0201/model/large/0201_02_2_1.jpg,MU0201,7,Size,XS,,1,,Color,Negru,,1,,,,,,,,,,,,[33cm]·[33cm],8435782510225
variation,MU02010102,,1,0,visible,,"Dimensiuni: 35 * 35,5 cm",taxable,1,0,0,47.25,,,https://static.musaibrand.com/images/models/0201/model/large/0201_02_2_1.jpg,MU0201,8,Size,S,,1,,Color,Negru,,1,,,,,,,,,,,,"[35cm]·[35,5cm]",8435782510362
variation,MU02010202,,1,0,visible,,Dimensiuni: 37 * 38 cm,taxable,1,0,0,47.25,,,https://static.musaibrand.com/images/models/0201/model/large/0201_02_2_1.jpg,MU0201,9,Size,M,,1,,Color,Negru,,1,,,,,,,,,,,,[37cm]·[38cm],8435782510508
variation,MU02010302,,1,0,visible,,"Dimensiuni: 39 * 40,5 cm",taxable,1,0,0,47.25,,,https://static.musaibrand.com/images/models/0201/model/large/0201_02_2_1.jpg,MU0201,10,Size,L,,1,,Color,Negru,,1,,,,,,,,,,,,"[39cm]·[40,5cm]",8435782510645
variation,MU02010402,,1,0,visible,,Dimensiuni: 41 * 43 cm,taxable,1,0,0,47.25,,,https://static.musaibrand.com/images/models/0201/model/large/0201_02_2_1.jpg,MU0201,11,Size,XL,,1,,Color,Negru,,1,,,,,,,,,,,,[41cm]·[43cm],8435782510782
variation,MU02010502,,1,0,visible,,Dimensiuni: 43 * 45 cm,taxable,1,0,0,47.25,,,https://static.musaibrand.com/images/models/0201/model/large/0201_02_2_1.jpg,MU0201,12,Size,2XL,,1,,Color,Negru,,1,,,,,,,,,,,,[43cm]·[45cm],8435782510928
variation,MU02010003,,1,0,visible,,Dimensiuni: 33 * 33 cm,taxable,1,0,0,47.25,,,https://static.musaibrand.com/images/models/0201/model/large/0201_03_2_1.jpg,MU0201,13,Size,XS,,1,,Color,Galben,,1,,,,,,,,,,,,[33cm]·[33cm],8435782510232
variation,MU02010103,,1,0,visible,,"Dimensiuni: 35 * 35,5 cm",taxable,1,0,0,47.25,,,https://static.musaibrand.com/images/models/0201/model/large/0201_03_2_1.jpg,MU0201,14,Size,S,,1,,Color,Galben,,1,,,,,,,,,,,,"[35cm]·[35,5cm]",8435782510379
variation,MU02010203,,1,0,visible,,Dimensiuni: 37 * 38 cm,taxable,1,0,0,47.25,,,https://static.musaibrand.com/images/models/0201/model/large/0201_03_2_1.jpg,MU0201,15,Size,M,,1,,Color,Galben,,1,,,,,,,,,,,,[37cm]·[38cm],8435782510515
variation,MU02010303,,1,0,visible,,"Dimensiuni: 39 * 40,5 cm",taxable,1,0,0,47.25,,,https://static.musaibrand.com/images/models/0201/model/large/0201_03_2_1.jpg,MU0201,16,Size,L,,1,,Color,Galben,,1,,,,,,,,,,,,"[39cm]·[40,5cm]",8435782510652
variation,MU02010403,,1,0,visible,,Dimensiuni: 41 * 43 cm,taxable,1,0,0,47.25,,,https://static.musaibrand.com/images/models/0201/model/large/0201_03_2_1.jpg,MU0201,17,Size,XL,,1,,Color,Galben,,1,,,,,,,,,,,,[41cm]·[43cm],8435782510799
variation,MU02010503,,1,0,visible,,Dimensiuni: 43 * 45 cm,taxable,1,0,0,47.25,,,https://static.musaibrand.com/images/models/0201/model/large/0201_03_2_1.jpg,MU0201,18,Size,2XL,,1,,Color,Galben,,1,,,,,,,,,,,,[43cm]·[45cm],8435782510935
variation,MU02010005,,1,0,visible,,Dimensiuni: 33 * 33 cm,taxable,1,0,0,47.25,,,https://static.musaibrand.com/images/models/0201/model/large/0201_05_2_1.jpg,MU0201,19,Size,XS,,1,,Color,Albastru regal,,1,,,,,,,,,,,,[33cm]·[33cm],8435782510249
variation,MU02010105,,1,0,visible,,"Dimensiuni: 35 * 35,5 cm",taxable,1,0,0,47.25,,,https://static.musaibrand.com/images/models/0201/model/large/0201_05_2_1.jpg,MU0201,20,Size,S,,1,,Color,Albastru regal,,1,,,,,,,,,,,,"[35cm]·[35,5cm]",8435782510386
variation,MU02010205,,1,0,visible,,Dimensiuni: 37 * 38 cm,taxable,1,0,0,47.25,,,https://static.musaibrand.com/images/models/0201/model/large/0201_05_2_1.jpg,MU0201,21,Size,M,,1,,Color,Albastru regal,,1,,,,,,,,,,,,[37cm]·[38cm],8435782510522
variation,MU02010305,,1,0,visible,,"Dimensiuni: 39 * 40,5 cm",taxable,1,0,0,47.25,,,https://static.musaibrand.com/images/models/0201/model/large/0201_05_2_1.jpg,MU0201,22,Size,L,,1,,Color,Albastru regal,,1,,,,,,,,,,,,"[39cm]·[40,5cm]",8435782510669
variation,MU02010405,,1,0,visible,,Dimensiuni: 41 * 43 cm,taxable,1,0,0,47.25,,,https://static.musaibrand.com/images/models/0201/model/large/0201_05_2_1.jpg,MU0201,23,Size,XL,,1,,Color,Albastru regal,,1,,,,,,,,,,,,[41cm]·[43cm],8435782510805
variation,MU02010505,,1,0,visible,,Dimensiuni: 43 * 45 cm,taxable,1,0,0,47.25,,,https://static.musaibrand.com/images/models/0201/model/large/0201_05_2_1.jpg,MU0201,24,Size,2XL,,1,,Color,Albastru regal,,1,,,,,,,,,,,,[43cm]·[45cm],8435782510942
variation,MU02010010,,1,0,visible,,Dimensiuni: 33 * 33 cm,taxable,1,0,0,47.25,,,https://static.musaibrand.com/images/models/0201/model/large/0201_10_2_1.jpg,MU0201,25,Size,XS,,1,,Color,Sky blue,,1,,,,,,,,,,,,[33cm]·[33cm],8435782510256
variation,MU02010110,,1,0,visible,,"Dimensiuni: 35 * 35,5 cm",taxable,1,0,0,47.25,,,https://static.musaibrand.com/images/models/0201/model/large/0201_10_2_1.jpg,MU0201,26,Size,S,,1,,Color,Sky blue,,1,,,,,,,,,,,,"[35cm]·[35,5cm]",8435782510393
variation,MU02010210,,1,0,visible,,Dimensiuni: 37 * 38 cm,taxable,1,0,0,47.25,,,https://static.musaibrand.com/images/models/0201/model/large/0201_10_2_1.jpg,MU0201,27,Size,M,,1,,Color,Sky blue,,1,,,,,,,,,,,,[37cm]·[38cm],8435782510539
variation,MU02010310,,1,0,visible,,"Dimensiuni: 39 * 40,5 cm",taxable,1,0,0,47.25,,,https://static.musaibrand.com/images/models/0201/model/large/0201_10_2_1.jpg,MU0201,28,Size,L,,1,,Color,Sky blue,,1,,,,,,,,,,,,"[39cm]·[40,5cm]",8435782510676
variation,MU02010410,,1,0,visible,,Dimensiuni: 41 * 43 cm,taxable,1,0,0,47.25,,,https://static.musaibrand.com/images/models/0201/model/large/0201_10_2_1.jpg,MU0201,29,Size,XL,,1,,Color,Sky blue,,1,,,,,,,,,,,,[41cm]·[43cm],8435782510812
variation,MU02010510,,1,0,visible,,Dimensiuni: 43 * 45 cm,taxable,1,0,0,47.25,,,https://static.musaibrand.com/images/models/0201/model/large/0201_10_2_1.jpg,MU0201,30,Size,2XL,,1,,Color,Sky blue,,1,,,,,,,,,,,,[43cm]·[45cm],8435782510959
variation,MU020100176,,1,0,visible,,Dimensiuni: 33 * 33 cm,taxable,1,0,0,47.25,,,https://static.musaibrand.com/images/models/0201/model/large/0201_176_2_1.jpg,MU0201,31,Size,XS,,1,,Color,Fluor turcoaz,,1,,,,,,,,,,,,[33cm]·[33cm],8435782510263
variation,MU020101176,,1,0,visible,,"Dimensiuni: 35 * 35,5 cm",taxable,1,0,0,47.25,,,https://static.musaibrand.com/images/models/0201/model/large/0201_176_2_1.jpg,MU0201,32,Size,S,,1,,Color,Fluor turcoaz,,1,,,,,,,,,,,,"[35cm]·[35,5cm]",8435782510409
variation,MU020102176,,1,0,visible,,Dimensiuni: 37 * 38 cm,taxable,1,0,0,47.25,,,https://static.musaibrand.com/images/models/0201/model/large/0201_176_2_1.jpg,MU0201,33,Size,M,,1,,Color,Fluor turcoaz,,1,,,,,,,,,,,,[37cm]·[38cm],8435782510546
variation,MU020103176,,1,0,visible,,"Dimensiuni: 39 * 40,5 cm",taxable,1,0,0,47.25,,,https://static.musaibrand.com/images/models/0201/model/large/0201_176_2_1.jpg,MU0201,34,Size,L,,1,,Color,Fluor turcoaz,,1,,,,,,,,,,,,"[39cm]·[40,5cm]",8435782510683
variation,MU020104176,,1,0,visible,,Dimensiuni: 41 * 43 cm,taxable,1,0,0,47.25,,,https://static.musaibrand.com/images/models/0201/model/large/0201_176_2_1.jpg,MU0201,35,Size,XL,,1,,Color,Fluor turcoaz,,1,,,,,,,,,,,,[41cm]·[43cm],8435782510829
variation,MU020105176,,1,0,visible,,Dimensiuni: 43 * 45 cm,taxable,1,0,0,47.25,,,https://static.musaibrand.com/images/models/0201/model/large/0201_176_2_1.jpg,MU0201,36,Size,2XL,,1,,Color,Fluor turcoaz,,1,,,,,,,,,,,,[43cm]·[45cm],8435782510966
variation,MU020100221,,1,0,visible,,Dimensiuni: 33 * 33 cm,taxable,1,0,0,47.25,,,https://static.musaibrand.com/images/models/0201/model/large/0201_221_2_1.jpg,MU0201,37,Size,XS,,1,,Color,Galben fluor,,1,,,,,,,,,,,,[33cm]·[33cm],8435782510270
variation,MU020101221,,1,0,visible,,"Dimensiuni: 35 * 35,5 cm",taxable,1,0,0,47.25,,,https://static.musaibrand.com/images/models/0201/model/large/0201_221_2_1.jpg,MU0201,38,Size,S,,1,,Color,Galben fluor,,1,,,,,,,,,,,,"[35cm]·[35,5cm]",8435782510416
variation,MU020102221,,1,0,visible,,Dimensiuni: 37 * 38 cm,taxable,1,0,0,47.25,,,https://static.musaibrand.com/images/models/0201/model/large/0201_221_2_1.jpg,MU0201,39,Size,M,,1,,Color,Galben fluor,,1,,,,,,,,,,,,[37cm]·[38cm],8435782510553
variation,MU020103221,,1,0,visible,,"Dimensiuni: 39 * 40,5 cm",taxable,1,0,0,47.25,,,https://static.musaibrand.com/images/models/0201/model/large/0201_221_2_1.jpg,MU0201,40,Size,L,,1,,Color,Galben fluor,,1,,,,,,,,,,,,"[39cm]·[40,5cm]",8435782510690
variation,MU020104221,,1,0,visible,,Dimensiuni: 41 * 43 cm,taxable,1,0,0,47.25,,,https://static.musaibrand.com/images/models/0201/model/large/0201_221_2_1.jpg,MU0201,41,Size,XL,,1,,Color,Galben fluor,,1,,,,,,,,,,,,[41cm]·[43cm],8435782510836
variation,MU020105221,,1,0,visible,,Dimensiuni: 43 * 45 cm,taxable,1,0,0,47.25,,,https://static.musaibrand.com/images/models/0201/model/large/0201_221_2_1.jpg,MU0201,42,Size,2XL,,1,,Color,Galben fluor,,1,,,,,,,,,,,,[43cm]·[45cm],8435782510973
variation,MU020100222,,1,0,visible,,Dimensiuni: 33 * 33 cm,taxable,1,0,0,47.25,,,https://static.musaibrand.com/images/models/0201/model/large/0201_222_2_1.jpg,MU0201,43,Size,XS,,1,,Color,Fluor verde,,1,,,,,,,,,,,,[33cm]·[33cm],8435782510287
variation,MU020101222,,1,0,visible,,"Dimensiuni: 35 * 35,5 cm",taxable,1,0,0,47.25,,,https://static.musaibrand.com/images/models/0201/model/large/0201_222_2_1.jpg,MU0201,44,Size,S,,1,,Color,Fluor verde,,1,,,,,,,,,,,,"[35cm]·[35,5cm]",8435782510423
variation,MU020102222,,1,0,visible,,Dimensiuni: 37 * 38 cm,taxable,1,0,0,47.25,,,https://static.musaibrand.com/images/models/0201/model/large/0201_222_2_1.jpg,MU0201,45,Size,M,,1,,Color,Fluor verde,,1,,,,,,,,,,,,[37cm]·[38cm],8435782510560
variation,MU020103222,,1,0,visible,,"Dimensiuni: 39 * 40,5 cm",taxable,1,0,0,47.25,,,https://static.musaibrand.com/images/models/0201/model/large/0201_222_2_1.jpg,MU0201,46,Size,L,,1,,Color,Fluor verde,,1,,,,,,,,,,,,"[39cm]·[40,5cm]",8435782510706
variation,MU020104222,,1,0,visible,,Dimensiuni: 41 * 43 cm,taxable,1,0,0,47.25,,,https://static.musaibrand.com/images/models/0201/model/large/0201_222_2_1.jpg,MU0201,47,Size,XL,,1,,Color,Fluor verde,,1,,,,,,,,,,,,[41cm]·[43cm],8435782510843
variation,MU020105222,,1,0,visible,,Dimensiuni: 43 * 45 cm,taxable,1,0,0,47.25,,,https://static.musaibrand.com/images/models/0201/model/large/0201_222_2_1.jpg,MU0201,48,Size,2XL,,1,,Color,Fluor verde,,1,,,,,,,,,,,,[43cm]·[45cm],8435782510980
variation,MU020100223,,1,0,visible,,Dimensiuni: 33 * 33 cm,taxable,1,0,0,47.25,,,https://static.musaibrand.com/images/models/0201/model/large/0201_223_2_1.jpg,MU0201,49,Size,XS,,1,,Color,Fluor portocaliu,,1,,,,,,,,,,,,[33cm]·[33cm],8435782510294
variation,MU020101223,,1,0,visible,,"Dimensiuni: 35 * 35,5 cm",taxable,1,0,0,47.25,,,https://static.musaibrand.com/images/models/0201/model/large/0201_223_2_1.jpg,MU0201,50,Size,S,,1,,Color,Fluor portocaliu,,1,,,,,,,,,,,,"[35cm]·[35,5cm]",8435782510430
variation,MU020102223,,1,0,visible,,Dimensiuni: 37 * 38 cm,taxable,1,0,0,47.25,,,https://static.musaibrand.com/images/models/0201/model/large/0201_223_2_1.jpg,MU0201,51,Size,M,,1,,Color,Fluor portocaliu,,1,,,,,,,,,,,,[37cm]·[38cm],8435782510577
variation,MU020103223,,1,0,visible,,"Dimensiuni: 39 * 40,5 cm",taxable,1,0,0,47.25,,,https://static.musaibrand.com/images/models/0201/model/large/0201_223_2_1.jpg,MU0201,52,Size,L,,1,,Color,Fluor portocaliu,,1,,,,,,,,,,,,"[39cm]·[40,5cm]",8435782510713
variation,MU020104223,,1,0,visible,,Dimensiuni: 41 * 43 cm,taxable,1,0,0,47.25,,,https://static.musaibrand.com/images/models/0201/model/large/0201_223_2_1.jpg,MU0201,53,Size,XL,,1,,Color,Fluor portocaliu,,1,,,,,,,,,,,,[41cm]·[43cm],8435782510850
variation,MU020105223,,1,0,visible,,Dimensiuni: 43 * 45 cm,taxable,1,0,0,47.25,,,https://static.musaibrand.com/images/models/0201/model/large/0201_223_2_1.jpg,MU0201,54,Size,2XL,,1,,Color,Fluor portocaliu,,1,,,,,,,,,,,,[43cm]·[45cm],8435782510997
variation,MU020100258,,1,0,visible,,Dimensiuni: 33 * 33 cm,taxable,1,0,0,47.25,,,https://static.musaibrand.com/images/models/0201/model/large/0201_258_2_1.jpg,MU0201,55,Size,XS,,1,,Color,Gri deschis,,1,,,,,,,,,,,,[33cm]·[33cm],8435782510300
variation,MU020101258,,1,0,visible,,"Dimensiuni: 35 * 35,5 cm",taxable,1,0,0,47.25,,,https://static.musaibrand.com/images/models/0201/model/large/0201_258_2_1.jpg,MU0201,56,Size,S,,1,,Color,Gri deschis,,1,,,,,,,,,,,,"[35cm]·[35,5cm]",8435782510447
variation,MU020102258,,1,0,visible,,Dimensiuni: 37 * 38 cm,taxable,1,0,0,47.25,,,https://static.musaibrand.com/images/models/0201/model/large/0201_258_2_1.jpg,MU0201,57,Size,M,,1,,Color,Gri deschis,,1,,,,,,,,,,,,[37cm]·[38cm],8435782510584
variation,MU020103258,,1,0,visible,,"Dimensiuni: 39 * 40,5 cm",taxable,1,0,0,47.25,,,https://static.musaibrand.com/images/models/0201/model/large/0201_258_2_1.jpg,MU0201,58,Size,L,,1,,Color,Gri deschis,,1,,,,,,,,,,,,"[39cm]·[40,5cm]",8435782510720
variation,MU020104258,,1,0,visible,,Dimensiuni: 41 * 43 cm,taxable,1,0,0,47.25,,,https://static.musaibrand.com/images/models/0201/model/large/0201_258_2_1.jpg,MU0201,59,Size,XL,,1,,Color,Gri deschis,,1,,,,,,,,,,,,[41cm]·[43cm],8435782510867
variation,MU020105258,,1,0,visible,,Dimensiuni: 43 * 45 cm,taxable,1,0,0,47.25,,,https://static.musaibrand.com/images/models/0201/model/large/0201_258_2_1.jpg,MU0201,60,Size,2XL,,1,,Color,Gri deschis,,1,,,,,,,,,,,,[43cm]·[45cm],8435782511000
variation,MU02010034,,1,0,visible,,Dimensiuni: 33 * 33 cm,taxable,1,0,0,47.25,,,https://static.musaibrand.com/images/models/0201/model/large/0201_34_2_1.jpg,MU0201,61,Size,XS,,1,,Color,Gum Pink,,1,,,,,,,,,,,,[33cm]·[33cm],8435782510317
variation,MU02010134,,1,0,visible,,"Dimensiuni: 35 * 35,5 cm",taxable,1,0,0,47.25,,,https://static.musaibrand.com/images/models/0201/model/large/0201_34_2_1.jpg,MU0201,62,Size,S,,1,,Color,Gum Pink,,1,,,,,,,,,,,,"[35cm]·[35,5cm]",8435782510454
variation,MU02010234,,1,0,visible,,Dimensiuni: 37 * 38 cm,taxable,1,0,0,47.25,,,https://static.musaibrand.com/images/models/0201/model/large/0201_34_2_1.jpg,MU0201,63,Size,M,,1,,Color,Gum Pink,,1,,,,,,,,,,,,[37cm]·[38cm],8435782510591
variation,MU02010334,,1,0,visible,,"Dimensiuni: 39 * 40,5 cm",taxable,1,0,0,47.25,,,https://static.musaibrand.com/images/models/0201/model/large/0201_34_2_1.jpg,MU0201,64,Size,L,,1,,Color,Gum Pink,,1,,,,,,,,,,,,"[39cm]·[40,5cm]",8435782510737
variation,MU02010434,,1,0,visible,,Dimensiuni: 41 * 43 cm,taxable,1,0,0,47.25,,,https://static.musaibrand.com/images/models/0201/model/large/0201_34_2_1.jpg,MU0201,65,Size,XL,,1,,Color,Gum Pink,,1,,,,,,,,,,,,[41cm]·[43cm],8435782510874
variation,MU02010534,,1,0,visible,,Dimensiuni: 43 * 45 cm,taxable,1,0,0,47.25,,,https://static.musaibrand.com/images/models/0201/model/large/0201_34_2_1.jpg,MU0201,66,Size,2XL,,1,,Color,Gum Pink,,1,,,,,,,,,,,,[43cm]·[45cm],8435782511017
variation,MU02010055,,1,0,visible,,Dimensiuni: 33 * 33 cm,taxable,1,0,0,47.25,,,https://static.musaibrand.com/images/models/0201/model/large/0201_55_2_1.jpg,MU0201,67,Size,XS,,1,,Color,Albastru marin,,1,,,,,,,,,,,,[33cm]·[33cm],8435782510324
variation,MU02010155,,1,0,visible,,"Dimensiuni: 35 * 35,5 cm",taxable,1,0,0,47.25,,,https://static.musaibrand.com/images/models/0201/model/large/0201_55_2_1.jpg,MU0201,68,Size,S,,1,,Color,Albastru marin,,1,,,,,,,,,,,,"[35cm]·[35,5cm]",8435782510461
variation,MU02010255,,1,0,visible,,Dimensiuni: 37 * 38 cm,taxable,1,0,0,47.25,,,https://static.musaibrand.com/images/models/0201/model/large/0201_55_2_1.jpg,MU0201,69,Size,M,,1,,Color,Albastru marin,,1,,,,,,,,,,,,[37cm]·[38cm],8435782510607
variation,MU02010355,,1,0,visible,,"Dimensiuni: 39 * 40,5 cm",taxable,1,0,0,47.25,,,https://static.musaibrand.com/images/models/0201/model/large/0201_55_2_1.jpg,MU0201,70,Size,L,,1,,Color,Albastru marin,,1,,,,,,,,,,,,"[39cm]·[40,5cm]",8435782510744
variation,MU02010455,,1,0,visible,,Dimensiuni: 41 * 43 cm,taxable,1,0,0,47.25,,,https://static.musaibrand.com/images/models/0201/model/large/0201_55_2_1.jpg,MU0201,71,Size,XL,,1,,Color,Albastru marin,,1,,,,,,,,,,,,[41cm]·[43cm],8435782510881
variation,MU02010555,,1,0,visible,,Dimensiuni: 43 * 45 cm,taxable,1,0,0,47.25,,,https://static.musaibrand.com/images/models/0201/model/large/0201_55_2_1.jpg,MU0201,72,Size,2XL,,1,,Color,Albastru marin,,1,,,,,,,,,,,,[43cm]·[45cm],8435782511024
variation,MU02010060,,1,0,visible,,Dimensiuni: 33 * 33 cm,taxable,1,0,0,47.25,,,https://static.musaibrand.com/images/models/0201/model/large/0201_60_2_1.jpg,MU0201,73,Size,XS,,1,,Color,ROȘU,,1,,,,,,,,,,,,[33cm]·[33cm],8435782510331
variation,MU02010160,,1,0,visible,,"Dimensiuni: 35 * 35,5 cm",taxable,1,0,0,47.25,,,https://static.musaibrand.com/images/models/0201/model/large/0201_60_2_1.jpg,MU0201,74,Size,S,,1,,Color,ROȘU,,1,,,,,,,,,,,,"[35cm]·[35,5cm]",8435782510478
variation,MU02010260,,1,0,visible,,Dimensiuni: 37 * 38 cm,taxable,1,0,0,47.25,,,https://static.musaibrand.com/images/models/0201/model/large/0201_60_2_1.jpg,MU0201,75,Size,M,,1,,Color,ROȘU,,1,,,,,,,,,,,,[37cm]·[38cm],8435782510614
variation,MU02010360,,1,0,visible,,"Dimensiuni: 39 * 40,5 cm",taxable,1,0,0,47.25,,,https://static.musaibrand.com/images/models/0201/model/large/0201_60_2_1.jpg,MU0201,76,Size,L,,1,,Color,ROȘU,,1,,,,,,,,,,,,"[39cm]·[40,5cm]",8435782510751
variation,MU02010460,,1,0,visible,,Dimensiuni: 41 * 43 cm,taxable,1,0,0,47.25,,,https://static.musaibrand.com/images/models/0201/model/large/0201_60_2_1.jpg,MU0201,77,Size,XL,,1,,Color,ROȘU,,1,,,,,,,,,,,,[41cm]·[43cm],8435782510898
variation,MU02010560,,1,0,visible,,Dimensiuni: 43 * 45 cm,taxable,1,0,0,47.25,,,https://static.musaibrand.com/images/models/0201/model/large/0201_60_2_1.jpg,MU0201,78,Size,2XL,,1,,Color,ROȘU,,1,,,,,,,,,,,,[43cm]·[45cm],8435782511031
variation,MU02010064,,1,0,visible,,Dimensiuni: 33 * 33 cm,taxable,1,0,0,47.25,,,https://static.musaibrand.com/images/models/0201/model/large/0201_64_2_1.jpg,MU0201,79,Size,XS,,1,,Color,Burgundy,,1,,,,,,,,,,,,[33cm]·[33cm],8435782510348
variation,MU02010164,,1,0,visible,,"Dimensiuni: 35 * 35,5 cm",taxable,1,0,0,47.25,,,https://static.musaibrand.com/images/models/0201/model/large/0201_64_2_1.jpg,MU0201,80,Size,S,,1,,Color,Burgundy,,1,,,,,,,,,,,,"[35cm]·[35,5cm]",8435782510485
variation,MU02010264,,1,0,visible,,Dimensiuni: 37 * 38 cm,taxable,1,0,0,47.25,,,https://static.musaibrand.com/images/models/0201/model/large/0201_64_2_1.jpg,MU0201,81,Size,M,,1,,Color,Burgundy,,1,,,,,,,,,,,,[37cm]·[38cm],8435782510621
variation,MU02010364,,1,0,visible,,"Dimensiuni: 39 * 40,5 cm",taxable,1,0,0,47.25,,,https://static.musaibrand.com/images/models/0201/model/large/0201_64_2_1.jpg,MU0201,82,Size,L,,1,,Color,Burgundy,,1,,,,,,,,,,,,"[39cm]·[40,5cm]",8435782510768
variation,MU02010464,,1,0,visible,,Dimensiuni: 41 * 43 cm,taxable,1,0,0,47.25,,,https://static.musaibrand.com/images/models/0201/model/large/0201_64_2_1.jpg,MU0201,83,Size,XL,,1,,Color,Burgundy,,1,,,,,,,,,,,,[41cm]·[43cm],8435782510904
variation,MU02010564,,1,0,visible,,Dimensiuni: 43 * 45 cm,taxable,1,0,0,47.25,,,https://static.musaibrand.com/images/models/0201/model/large/0201_64_2_1.jpg,MU0201,84,Size,2XL,,1,,Color,Burgundy,,1,,,,,,,,,,,,[43cm]·[45cm],8435782511048
variable,MU0202,Pantaloni - Suru,1,0,visible,,"<p>Pantaloni tehnici unisex cu croială normală din material pique periat, confecționați din poliester reciclat, cu betelie elastică și șnur interior reglabil.</p><p><strong>Compoziție:</strong> 100% poliester pique reciclat</p><p><br>· Buzunare laterale cu fermoar și bandă de acoperire asortate.<br>· Șnur interior asortat personalizat cu design de marcă.<br>· Cusături ranforsate.<br>· Deschidere tiv cu fermoar asortat.<br>· Tiv în partea de jos<br>· Detaliu cu logo brodat.</p><h4>Dimensiuni</h4><table style='border-collapse:collapse;margin:8px 0'><tr><th style='padding:4px 12px;border:1px solid #ddd;text-align:left'>Mărime</th><th style='padding:4px 12px;border:1px solid #ddd;text-align:left'>Dimensiuni</th></tr><tr><td style='padding:4px 12px;border:1px solid #ddd'>XS</td><td style='padding:4px 12px;border:1px solid #ddd'>34 * 96 cm</td></tr><tr><td style='padding:4px 12px;border:1px solid #ddd'>S</td><td style='padding:4px 12px;border:1px solid #ddd'>36 * 98 cm</td></tr><tr><td style='padding:4px 12px;border:1px solid #ddd'>M</td><td style='padding:4px 12px;border:1px solid #ddd'>38 * 101 cm</td></tr><tr><td style='padding:4px 12px;border:1px solid #ddd'>L</td><td style='padding:4px 12px;border:1px solid #ddd'>40 * 104 cm</td></tr><tr><td style='padding:4px 12px;border:1px solid #ddd'>XL</td><td style='padding:4px 12px;border:1px solid #ddd'>42 * 106 cm</td></tr><tr><td style='padding:4px 12px;border:1px solid #ddd'>2XL</td><td style='padding:4px 12px;border:1px solid #ddd'>44 * 108 cm</td></tr><tr><td style='padding:4px 12px;border:1px solid #ddd'>3XL</td><td style='padding:4px 12px;border:1px solid #ddd'>46 * 110 cm</td></tr><tr><td style='padding:4px 12px;border:1px solid #ddd'>4</td><td style='padding:4px 12px;border:1px solid #ddd'>25 * 61 cm</td></tr><tr><td style='padding:4px 12px;border:1px solid #ddd'>6</td><td style='padding:4px 12px;border:1px solid #ddd'>27 * 68 cm</td></tr><tr><td style='padding:4px 12px;border:1px solid #ddd'>8</td><td style='padding:4px 12px;border:1px solid #ddd'>29 * 76 cm</td></tr><tr><td style='padding:4px 12px;border:1px solid #ddd'>10</td><td style='padding:4px 12px;border:1px solid #ddd'>31 * 84 cm</td></tr><tr><td style='padding:4px 12px;border:1px solid #ddd'>12</td><td style='padding:4px 12px;border:1px solid #ddd'>32 * 90 cm</td></tr><tr><td style='padding:4px 12px;border:1px solid #ddd'>14</td><td style='padding:4px 12px;border:1px solid #ddd'>33 * 93 cm</td></tr></table>",taxable,1,0,0,,Pantaloni și colanți,MUSAI,"https://static.musaibrand.com/images/models/0202/model/large/0202_02_1_1.jpg,https://static.musaibrand.com/images/models/0202/model/large/0202_55_1_1.jpg,https://static.musaibrand.com/images/models/0202/model/large/0202_02_2_1.jpg,https://static.musaibrand.com/images/models/0202/model/large/0202_55_2_1.jpg",,0,Size,"XS, S, M, L, XL, 2XL, 3XL, 4, 6, 8, 10, 12, 14",1,1,,Color,"Negru, Albastru marin",1,1,,Gender,Unisex,1,1,,Dimensiuni,"[34cm]·[96cm], [36cm]·[98cm], [38cm]·[101cm], [40cm]·[104cm], [42cm]·[106cm], [44cm]·[108cm], [46cm]·[110cm], [25cm]·[61cm], [27cm]·[68cm], [29cm]·[76cm], [31cm]·[84cm], [32cm]·[90cm], [33cm]·[93cm]",1,0,,,
variation,MU02020002,,1,0,visible,,Dimensiuni: 34 * 96 cm,taxable,1,0,0,120.75,,,https://static.musaibrand.com/images/models/0202/model/large/0202_02_2_1.jpg,MU0202,1,Size,XS,,1,,Color,Negru,,1,,,,,,,,,,,,[34cm]·[96cm],8435782511055
variation,MU02020102,,1,0,visible,,Dimensiuni: 36 * 98 cm,taxable,1,0,0,120.75,,,https://static.musaibrand.com/images/models/0202/model/large/0202_02_2_1.jpg,MU0202,2,Size,S,,1,,Color,Negru,,1,,,,,,,,,,,,[36cm]·[98cm],8435782511079
variation,MU02020202,,1,0,visible,,Dimensiuni: 38 * 101 cm,taxable,1,0,0,120.75,,,https://static.musaibrand.com/images/models/0202/model/large/0202_02_2_1.jpg,MU0202,3,Size,M,,1,,Color,Negru,,1,,,,,,,,,,,,[38cm]·[101cm],8435782511093
variation,MU02020302,,1,0,visible,,Dimensiuni: 40 * 104 cm,taxable,1,0,0,120.75,,,https://static.musaibrand.com/images/models/0202/model/large/0202_02_2_1.jpg,MU0202,4,Size,L,,1,,Color,Negru,,1,,,,,,,,,,,,[40cm]·[104cm],8435782511116
variation,MU02020402,,1,0,visible,,Dimensiuni: 42 * 106 cm,taxable,1,0,0,120.75,,,https://static.musaibrand.com/images/models/0202/model/large/0202_02_2_1.jpg,MU0202,5,Size,XL,,1,,Color,Negru,,1,,,,,,,,,,,,[42cm]·[106cm],8435782511130
variation,MU02020502,,1,0,visible,,Dimensiuni: 44 * 108 cm,taxable,1,0,0,120.75,,,https://static.musaibrand.com/images/models/0202/model/large/0202_02_2_1.jpg,MU0202,6,Size,2XL,,1,,Color,Negru,,1,,,,,,,,,,,,[44cm]·[108cm],8435782511154
variation,MU02020602,,1,0,visible,,Dimensiuni: 46 * 110 cm,taxable,1,0,0,120.75,,,https://static.musaibrand.com/images/models/0202/model/large/0202_02_2_1.jpg,MU0202,7,Size,3XL,,1,,Color,Negru,,1,,,,,,,,,,,,[46cm]·[110cm],8435782511178
variation,MU02022202,,1,0,visible,,Dimensiuni: 25 * 61 cm,taxable,1,0,0,120.75,,,https://static.musaibrand.com/images/models/0202/model/large/0202_02_2_1.jpg,MU0202,8,Size,4,,1,,Color,Negru,,1,,,,,,,,,,,,[25cm]·[61cm],8435782511192
variation,MU02022402,,1,0,visible,,Dimensiuni: 27 * 68 cm,taxable,1,0,0,120.75,,,https://static.musaibrand.com/images/models/0202/model/large/0202_02_2_1.jpg,MU0202,9,Size,6,,1,,Color,Negru,,1,,,,,,,,,,,,[27cm]·[68cm],8435782511215
variation,MU02022502,,1,0,visible,,Dimensiuni: 29 * 76 cm,taxable,1,0,0,120.75,,,https://static.musaibrand.com/images/models/0202/model/large/0202_02_2_1.jpg,MU0202,10,Size,8,,1,,Color,Negru,,1,,,,,,,,,,,,[29cm]·[76cm],8435782511239
variation,MU02022602,,1,0,visible,,Dimensiuni: 31 * 84 cm,taxable,1,0,0,120.75,,,https://static.musaibrand.com/images/models/0202/model/large/0202_02_2_1.jpg,MU0202,11,Size,10,,1,,Color,Negru,,1,,,,,,,,,,,,[31cm]·[84cm],8435782511253
variation,MU02022702,,1,0,visible,,Dimensiuni: 32 * 90 cm,taxable,1,0,0,120.75,,,https://static.musaibrand.com/images/models/0202/model/large/0202_02_2_1.jpg,MU0202,12,Size,12,,1,,Color,Negru,,1,,,,,,,,,,,,[32cm]·[90cm],8435782511277
variation,MU02022802,,1,0,visible,,Dimensiuni: 33 * 93 cm,taxable,1,0,0,120.75,,,https://static.musaibrand.com/images/models/0202/model/large/0202_02_2_1.jpg,MU0202,13,Size,14,,1,,Color,Negru,,1,,,,,,,,,,,,[33cm]·[93cm],8435782511291
variation,MU02020055,,1,0,visible,,Dimensiuni: 34 * 96 cm,taxable,1,0,0,120.75,,,https://static.musaibrand.com/images/models/0202/model/large/0202_55_2_1.jpg,MU0202,14,Size,XS,,1,,Color,Albastru marin,,1,,,,,,,,,,,,[34cm]·[96cm],8435782511062
variation,MU02020155,,1,0,visible,,Dimensiuni: 36 * 98 cm,taxable,1,0,0,120.75,,,https://static.musaibrand.com/images/models/0202/model/large/0202_55_2_1.jpg,MU0202,15,Size,S,,1,,Color,Albastru marin,,1,,,,,,,,,,,,[36cm]·[98cm],8435782511086
variation,MU02020255,,1,0,visible,,Dimensiuni: 38 * 101 cm,taxable,1,0,0,120.75,,,https://static.musaibrand.com/images/models/0202/model/large/0202_55_2_1.jpg,MU0202,16,Size,M,,1,,Color,Albastru marin,,1,,,,,,,,,,,,[38cm]·[101cm],8435782511109
variation,MU02020355,,1,0,visible,,Dimensiuni: 40 * 104 cm,taxable,1,0,0,120.75,,,https://static.musaibrand.com/images/models/0202/model/large/0202_55_2_1.jpg,MU0202,17,Size,L,,1,,Color,Albastru marin,,1,,,,,,,,,,,,[40cm]·[104cm],8435782511123
variation,MU02020455,,1,0,visible,,Dimensiuni: 42 * 106 cm,taxable,1,0,0,120.75,,,https://static.musaibrand.com/images/models/0202/model/large/0202_55_2_1.jpg,MU0202,18,Size,XL,,1,,Color,Albastru marin,,1,,,,,,,,,,,,[42cm]·[106cm],8435782511147
variation,MU02020555,,1,0,visible,,Dimensiuni: 44 * 108 cm,taxable,1,0,0,120.75,,,https://static.musaibrand.com/images/models/0202/model/large/0202_55_2_1.jpg,MU0202,19,Size,2XL,,1,,Color,Albastru marin,,1,,,,,,,,,,,,[44cm]·[108cm],8435782511161
variation,MU02020655,,1,0,visible,,Dimensiuni: 46 * 110 cm,taxable,1,0,0,120.75,,,https://static.musaibrand.com/images/models/0202/model/large/0202_55_2_1.jpg,MU0202,20,Size,3XL,,1,,Color,Albastru marin,,1,,,,,,,,,,,,[46cm]·[110cm],8435782511185
variation,MU02022255,,1,0,visible,,Dimensiuni: 25 * 61 cm,taxable,1,0,0,120.75,,,https://static.musaibrand.com/images/models/0202/model/large/0202_55_2_1.jpg,MU0202,21,Size,4,,1,,Color,Albastru marin,,1,,,,,,,,,,,,[25cm]·[61cm],8435782511208
variation,MU02022455,,1,0,visible,,Dimensiuni: 27 * 68 cm,taxable,1,0,0,120.75,,,https://static.musaibrand.com/images/models/0202/model/large/0202_55_2_1.jpg,MU0202,22,Size,6,,1,,Color,Albastru marin,,1,,,,,,,,,,,,[27cm]·[68cm],8435782511222
variation,MU02022555,,1,0,visible,,Dimensiuni: 29 * 76 cm,taxable,1,0,0,120.75,,,https://static.musaibrand.com/images/models/0202/model/large/0202_55_2_1.jpg,MU0202,23,Size,8,,1,,Color,Albastru marin,,1,,,,,,,,,,,,[29cm]·[76cm],8435782511246
variation,MU02022655,,1,0,visible,,Dimensiuni: 31 * 84 cm,taxable,1,0,0,120.75,,,https://static.musaibrand.com/images/models/0202/model/large/0202_55_2_1.jpg,MU0202,24,Size,10,,1,,Color,Albastru marin,,1,,,,,,,,,,,,[31cm]·[84cm],8435782511260
variation,MU02022755,,1,0,visible,,Dimensiuni: 32 * 90 cm,taxable,1,0,0,120.75,,,https://static.musaibrand.com/images/models/0202/model/large/0202_55_2_1.jpg,MU0202,25,Size,12,,1,,Color,Albastru marin,,1,,,,,,,,,,,,[32cm]·[90cm],8435782511284
variation,MU02022855,,1,0,visible,,Dimensiuni: 33 * 93 cm,taxable,1,0,0,120.75,,,https://static.musaibrand.com/images/models/0202/model/large/0202_55_2_1.jpg,MU0202,26,Size,14,,1,,Color,Albastru marin,,1,,,,,,,,,,,,[33cm]·[93cm],8435782511307
variable,MU0202-K,Pantaloni Suru Copii,1,0,visible,,"<p>Pantaloni tehnici pentru copii cu croială normală din material pique periat, confecționați din poliester reciclat, cu betelie elastică și șnur interior reglabil.</p><p><strong>Compoziție:</strong> 100% poliester pique reciclat</p><p><br>· Buzunare laterale cu fermoar și bandă de acoperire asortate.<br>· Șnur interior asortat personalizat cu design de marcă.<br>· Cusături ranforsate.<br>· Deschidere tiv cu fermoar asortat.<br>· Tiv în partea de jos<br>· Detaliu cu logo brodat.</p><h4>Dimensiuni</h4><table style='border-collapse:collapse;margin:8px 0'><tr><th style='padding:4px 12px;border:1px solid #ddd;text-align:left'>Mărime</th><th style='padding:4px 12px;border:1px solid #ddd;text-align:left'>Dimensiuni</th></tr><tr><td style='padding:4px 12px;border:1px solid #ddd'>XS</td><td style='padding:4px 12px;border:1px solid #ddd'>34 * 96 cm</td></tr><tr><td style='padding:4px 12px;border:1px solid #ddd'>S</td><td style='padding:4px 12px;border:1px solid #ddd'>36 * 98 cm</td></tr><tr><td style='padding:4px 12px;border:1px solid #ddd'>M</td><td style='padding:4px 12px;border:1px solid #ddd'>38 * 101 cm</td></tr><tr><td style='padding:4px 12px;border:1px solid #ddd'>L</td><td style='padding:4px 12px;border:1px solid #ddd'>40 * 104 cm</td></tr><tr><td style='padding:4px 12px;border:1px solid #ddd'>XL</td><td style='padding:4px 12px;border:1px solid #ddd'>42 * 106 cm</td></tr><tr><td style='padding:4px 12px;border:1px solid #ddd'>2XL</td><td style='padding:4px 12px;border:1px solid #ddd'>44 * 108 cm</td></tr><tr><td style='padding:4px 12px;border:1px solid #ddd'>3XL</td><td style='padding:4px 12px;border:1px solid #ddd'>46 * 110 cm</td></tr><tr><td style='padding:4px 12px;border:1px solid #ddd'>4</td><td style='padding:4px 12px;border:1px solid #ddd'>25 * 61 cm</td></tr><tr><td style='padding:4px 12px;border:1px solid #ddd'>6</td><td style='padding:4px 12px;border:1px solid #ddd'>27 * 68 cm</td></tr><tr><td style='padding:4px 12px;border:1px solid #ddd'>8</td><td style='padding:4px 12px;border:1px solid #ddd'>29 * 76 cm</td></tr><tr><td style='padding:4px 12px;border:1px solid #ddd'>10</td><td style='padding:4px 12px;border:1px solid #ddd'>31 * 84 cm</td></tr><tr><td style='padding:4px 12px;border:1px solid #ddd'>12</td><td style='padding:4px 12px;border:1px solid #ddd'>32 * 90 cm</td></tr><tr><td style='padding:4px 12px;border:1px solid #ddd'>14</td><td style='padding:4px 12px;border:1px solid #ddd'>33 * 93 cm</td></tr></table>",taxable,1,0,0,,Pantaloni și colanți,MUSAI,"https://static.musaibrand.com/images/models/0202-K/model/large/0202-K_02_1_1.jpg,https://static.musaibrand.com/images/models/0202-K/model/large/0202-K_55_1_1.jpg,https://static.musaibrand.com/images/models/0202-K/model/large/0202-K_02_2_1.jpg,https://static.musaibrand.com/images/models/0202-K/model/large/0202-K_55_2_1.jpg",,0,Size,"XS, S, M, L, XL, 2XL, 3XL, 4, 6, 8, 10, 12, 14",1,1,,Color,"Negru, Albastru marin",1,1,,Gender,Unisex,1,1,,Dimensiuni,"[34cm]·[96cm], [36cm]·[98cm], [38cm]·[101cm], [40cm]·[104cm], [42cm]·[106cm], [44cm]·[108cm], [46cm]·[110cm], [25cm]·[61cm], [27cm]·[68cm], [29cm]·[76cm], [31cm]·[84cm], [32cm]·[90cm], [33cm]·[93cm]",1,0,,,
variation,MU02020002-K,,1,0,visible,,Dimensiuni: 34 * 96 cm,taxable,1,0,0,120.75,,,https://static.musaibrand.com/images/models/0202-K/model/large/0202-K_02_2_1.jpg,MU0202-K,1,Size,XS,,1,,Color,Negru,,1,,,,,,,,,,,,[34cm]·[96cm],8435782511055
variation,MU02020102-K,,1,0,visible,,Dimensiuni: 36 * 98 cm,taxable,1,0,0,120.75,,,https://static.musaibrand.com/images/models/0202-K/model/large/0202-K_02_2_1.jpg,MU0202-K,2,Size,S,,1,,Color,Negru,,1,,,,,,,,,,,,[36cm]·[98cm],8435782511079
variation,MU02020202-K,,1,0,visible,,Dimensiuni: 38 * 101 cm,taxable,1,0,0,120.75,,,https://static.musaibrand.com/images/models/0202-K/model/large/0202-K_02_2_1.jpg,MU0202-K,3,Size,M,,1,,Color,Negru,,1,,,,,,,,,,,,[38cm]·[101cm],8435782511093
variation,MU02020302-K,,1,0,visible,,Dimensiuni: 40 * 104 cm,taxable,1,0,0,120.75,,,https://static.musaibrand.com/images/models/0202-K/model/large/0202-K_02_2_1.jpg,MU0202-K,4,Size,L,,1,,Color,Negru,,1,,,,,,,,,,,,[40cm]·[104cm],8435782511116
variation,MU02020402-K,,1,0,visible,,Dimensiuni: 42 * 106 cm,taxable,1,0,0,120.75,,,https://static.musaibrand.com/images/models/0202-K/model/large/0202-K_02_2_1.jpg,MU0202-K,5,Size,XL,,1,,Color,Negru,,1,,,,,,,,,,,,[42cm]·[106cm],8435782511130
variation,MU02020502-K,,1,0,visible,,Dimensiuni: 44 * 108 cm,taxable,1,0,0,120.75,,,https://static.musaibrand.com/images/models/0202-K/model/large/0202-K_02_2_1.jpg,MU0202-K,6,Size,2XL,,1,,Color,Negru,,1,,,,,,,,,,,,[44cm]·[108cm],8435782511154
variation,MU02020602-K,,1,0,visible,,Dimensiuni: 46 * 110 cm,taxable,1,0,0,120.75,,,https://static.musaibrand.com/images/models/0202-K/model/large/0202-K_02_2_1.jpg,MU0202-K,7,Size,3XL,,1,,Color,Negru,,1,,,,,,,,,,,,[46cm]·[110cm],8435782511178
variation,MU02022202-K,,1,0,visible,,Dimensiuni: 25 * 61 cm,taxable,1,0,0,120.75,,,https://static.musaibrand.com/images/models/0202-K/model/large/0202-K_02_2_1.jpg,MU0202-K,8,Size,4,,1,,Color,Negru,,1,,,,,,,,,,,,[25cm]·[61cm],8435782511192
variation,MU02022402-K,,1,0,visible,,Dimensiuni: 27 * 68 cm,taxable,1,0,0,120.75,,,https://static.musaibrand.com/images/models/0202-K/model/large/0202-K_02_2_1.jpg,MU0202-K,9,Size,6,,1,,Color,Negru,,1,,,,,,,,,,,,[27cm]·[68cm],8435782511215
variation,MU02022502-K,,1,0,visible,,Dimensiuni: 29 * 76 cm,taxable,1,0,0,120.75,,,https://static.musaibrand.com/images/models/0202-K/model/large/0202-K_02_2_1.jpg,MU0202-K,10,Size,8,,1,,Color,Negru,,1,,,,,,,,,,,,[29cm]·[76cm],8435782511239
variation,MU02022602-K,,1,0,visible,,Dimensiuni: 31 * 84 cm,taxable,1,0,0,120.75,,,https://static.musaibrand.com/images/models/0202-K/model/large/0202-K_02_2_1.jpg,MU0202-K,11,Size,10,,1,,Color,Negru,,1,,,,,,,,,,,,[31cm]·[84cm],8435782511253
variation,MU02022702-K,,1,0,visible,,Dimensiuni: 32 * 90 cm,taxable,1,0,0,120.75,,,https://static.musaibrand.com/images/models/0202-K/model/large/0202-K_02_2_1.jpg,MU0202-K,12,Size,12,,1,,Color,Negru,,1,,,,,,,,,,,,[32cm]·[90cm],8435782511277
variation,MU02022802-K,,1,0,visible,,Dimensiuni: 33 * 93 cm,taxable,1,0,0,120.75,,,https://static.musaibrand.com/images/models/0202-K/model/large/0202-K_02_2_1.jpg,MU0202-K,13,Size,14,,1,,Color,Negru,,1,,,,,,,,,,,,[33cm]·[93cm],8435782511291
variation,MU02020055-K,,1,0,visible,,Dimensiuni: 34 * 96 cm,taxable,1,0,0,120.75,,,https://static.musaibrand.com/images/models/0202-K/model/large/0202-K_55_2_1.jpg,MU0202-K,14,Size,XS,,1,,Color,Albastru marin,,1,,,,,,,,,,,,[34cm]·[96cm],8435782511062
variation,MU02020155-K,,1,0,visible,,Dimensiuni: 36 * 98 cm,taxable,1,0,0,120.75,,,https://static.musaibrand.com/images/models/0202-K/model/large/0202-K_55_2_1.jpg,MU0202-K,15,Size,S,,1,,Color,Albastru marin,,1,,,,,,,,,,,,[36cm]·[98cm],8435782511086
variation,MU02020255-K,,1,0,visible,,Dimensiuni: 38 * 101 cm,taxable,1,0,0,120.75,,,https://static.musaibrand.com/images/models/0202-K/model/large/0202-K_55_2_1.jpg,MU0202-K,16,Size,M,,1,,Color,Albastru marin,,1,,,,,,,,,,,,[38cm]·[101cm],8435782511109
variation,MU02020355-K,,1,0,visible,,Dimensiuni: 40 * 104 cm,taxable,1,0,0,120.75,,,https://static.musaibrand.com/images/models/0202-K/model/large/0202-K_55_2_1.jpg,MU0202-K,17,Size,L,,1,,Color,Albastru marin,,1,,,,,,,,,,,,[40cm]·[104cm],8435782511123
variation,MU02020455-K,,1,0,visible,,Dimensiuni: 42 * 106 cm,taxable,1,0,0,120.75,,,https://static.musaibrand.com/images/models/0202-K/model/large/0202-K_55_2_1.jpg,MU0202-K,18,Size,XL,,1,,Color,Albastru marin,,1,,,,,,,,,,,,[42cm]·[106cm],8435782511147
variation,MU02020555-K,,1,0,visible,,Dimensiuni: 44 * 108 cm,taxable,1,0,0,120.75,,,https://static.musaibrand.com/images/models/0202-K/model/large/0202-K_55_2_1.jpg,MU0202-K,19,Size,2XL,,1,,Color,Albastru marin,,1,,,,,,,,,,,,[44cm]·[108cm],8435782511161
variation,MU02020655-K,,1,0,visible,,Dimensiuni: 46 * 110 cm,taxable,1,0,0,120.75,,,https://static.musaibrand.com/images/models/0202-K/model/large/0202-K_55_2_1.jpg,MU0202-K,20,Size,3XL,,1,,Color,Albastru marin,,1,,,,,,,,,,,,[46cm]·[110cm],8435782511185
variation,MU02022255-K,,1,0,visible,,Dimensiuni: 25 * 61 cm,taxable,1,0,0,120.75,,,https://static.musaibrand.com/images/models/0202-K/model/large/0202-K_55_2_1.jpg,MU0202-K,21,Size,4,,1,,Color,Albastru marin,,1,,,,,,,,,,,,[25cm]·[61cm],8435782511208
variation,MU02022455-K,,1,0,visible,,Dimensiuni: 27 * 68 cm,taxable,1,0,0,120.75,,,https://static.musaibrand.com/images/models/0202-K/model/large/0202-K_55_2_1.jpg,MU0202-K,22,Size,6,,1,,Color,Albastru marin,,1,,,,,,,,,,,,[27cm]·[68cm],8435782511222
variation,MU02022555-K,,1,0,visible,,Dimensiuni: 29 * 76 cm,taxable,1,0,0,120.75,,,https://static.musaibrand.com/images/models/0202-K/model/large/0202-K_55_2_1.jpg,MU0202-K,23,Size,8,,1,,Color,Albastru marin,,1,,,,,,,,,,,,[29cm]·[76cm],8435782511246
variation,MU02022655-K,,1,0,visible,,Dimensiuni: 31 * 84 cm,taxable,1,0,0,120.75,,,https://static.musaibrand.com/images/models/0202-K/model/large/0202-K_55_2_1.jpg,MU0202-K,24,Size,10,,1,,Color,Albastru marin,,1,,,,,,,,,,,,[31cm]·[84cm],8435782511260
variation,MU02022755-K,,1,0,visible,,Dimensiuni: 32 * 90 cm,taxable,1,0,0,120.75,,,https://static.musaibrand.com/images/models/0202-K/model/large/0202-K_55_2_1.jpg,MU0202-K,25,Size,12,,1,,Color,Albastru marin,,1,,,,,,,,,,,,[32cm]·[90cm],8435782511284
variation,MU02022855-K,,1,0,visible,,Dimensiuni: 33 * 93 cm,taxable,1,0,0,120.75,,,https://static.musaibrand.com/images/models/0202-K/model/large/0202-K_55_2_1.jpg,MU0202-K,26,Size,14,,1,,Color,Albastru marin,,1,,,,,,,,,,,,[33cm]·[93cm],8435782511307
variable,MU0203,Pantaloni - Reke,1,0,visible,,"<p>Pantaloni tehnici unisex cu croială skinny, din poliester reciclat micro-perforat, cu elastan, betelie elastică și șnur interior reglabil.</p><p><strong>Compoziție:</strong> 88% poliester reciclat· 12% elastan</p><p><br>· Buzunare laterale cu fermoar inversat asortat.<br>· Șnur interior asortat, personalizat cu design de marcă.<br>· Cusături ranforsate.<br>· Deschidere tiv cu fermoar asortat.<br>· Ornament elastic pe tiv.<br>· Detaliu cu logo brodat.</p><h4>Dimensiuni</h4><table style='border-collapse:collapse;margin:8px 0'><tr><th style='padding:4px 12px;border:1px solid #ddd;text-align:left'>Mărime</th><th style='padding:4px 12px;border:1px solid #ddd;text-align:left'>Dimensiuni</th></tr><tr><td style='padding:4px 12px;border:1px solid #ddd'>XS</td><td style='padding:4px 12px;border:1px solid #ddd'>34 * 95 cm</td></tr><tr><td style='padding:4px 12px;border:1px solid #ddd'>S</td><td style='padding:4px 12px;border:1px solid #ddd'>36 * 97 cm</td></tr><tr><td style='padding:4px 12px;border:1px solid #ddd'>M</td><td style='padding:4px 12px;border:1px solid #ddd'>38 * 99 cm</td></tr><tr><td style='padding:4px 12px;border:1px solid #ddd'>L</td><td style='padding:4px 12px;border:1px solid #ddd'>40 * 102 cm</td></tr><tr><td style='padding:4px 12px;border:1px solid #ddd'>XL</td><td style='padding:4px 12px;border:1px solid #ddd'>42 * 104 cm</td></tr><tr><td style='padding:4px 12px;border:1px solid #ddd'>2XL</td><td style='padding:4px 12px;border:1px solid #ddd'>44 * 106 cm</td></tr><tr><td style='padding:4px 12px;border:1px solid #ddd'>3XL</td><td style='padding:4px 12px;border:1px solid #ddd'>46 * 108 cm</td></tr><tr><td style='padding:4px 12px;border:1px solid #ddd'>4</td><td style='padding:4px 12px;border:1px solid #ddd'>25 * 59 cm</td></tr><tr><td style='padding:4px 12px;border:1px solid #ddd'>6</td><td style='padding:4px 12px;border:1px solid #ddd'>27 * 66 cm</td></tr><tr><td style='padding:4px 12px;border:1px solid #ddd'>8</td><td style='padding:4px 12px;border:1px solid #ddd'>29 * 74 cm</td></tr><tr><td style='padding:4px 12px;border:1px solid #ddd'>10</td><td style='padding:4px 12px;border:1px solid #ddd'>31 * 82 cm</td></tr><tr><td style='padding:4px 12px;border:1px solid #ddd'>12</td><td style='padding:4px 12px;border:1px solid #ddd'>32 * 88 cm</td></tr><tr><td style='padding:4px 12px;border:1px solid #ddd'>14</td><td style='padding:4px 12px;border:1px solid #ddd'>33 * 91 cm</td></tr></table>",taxable,1,0,0,,Pantaloni și colanți,MUSAI,"https://static.musaibrand.com/images/models/0203/model/large/0203_02_1_1.jpg,https://static.musaibrand.com/images/models/0203/model/large/0203_55_1_1.jpg,https://static.musaibrand.com/images/models/0203/model/large/0203_02_2_1.jpg,https://static.musaibrand.com/images/models/0203/model/large/0203_55_2_1.jpg",,0,Size,"XS, S, M, L, XL, 2XL, 3XL, 4, 6, 8, 10, 12, 14",1,1,,Color,"Negru, Albastru marin",1,1,,Gender,Unisex,1,1,,Dimensiuni,"[34cm]·[95cm], [36cm]·[97cm], [38cm]·[99cm], [40cm]·[102cm], [42cm]·[104cm], [44cm]·[106cm], [46cm]·[108cm], [25cm]·[59cm], [27cm]·[66cm], [29cm]·[74cm], [31cm]·[82cm], [32cm]·[88cm], [33cm]·[91cm]",1,0,,,
variation,MU02030002,,1,0,visible,,Dimensiuni: 34 * 95 cm,taxable,1,0,0,147,,,https://static.musaibrand.com/images/models/0203/model/large/0203_02_2_1.jpg,MU0203,1,Size,XS,,1,,Color,Negru,,1,,,,,,,,,,,,[34cm]·[95cm],8435782511314
variation,MU02030102,,1,0,visible,,Dimensiuni: 36 * 97 cm,taxable,1,0,0,147,,,https://static.musaibrand.com/images/models/0203/model/large/0203_02_2_1.jpg,MU0203,2,Size,S,,1,,Color,Negru,,1,,,,,,,,,,,,[36cm]·[97cm],8435782511338
variation,MU02030202,,1,0,visible,,Dimensiuni: 38 * 99 cm,taxable,1,0,0,147,,,https://static.musaibrand.com/images/models/0203/model/large/0203_02_2_1.jpg,MU0203,3,Size,M,,1,,Color,Negru,,1,,,,,,,,,,,,[38cm]·[99cm],8435782511352
variation,MU02030302,,1,0,visible,,Dimensiuni: 40 * 102 cm,taxable,1,0,0,147,,,https://static.musaibrand.com/images/models/0203/model/large/0203_02_2_1.jpg,MU0203,4,Size,L,,1,,Color,Negru,,1,,,,,,,,,,,,[40cm]·[102cm],8435782511376
variation,MU02030402,,1,0,visible,,Dimensiuni: 42 * 104 cm,taxable,1,0,0,147,,,https://static.musaibrand.com/images/models/0203/model/large/0203_02_2_1.jpg,MU0203,5,Size,XL,,1,,Color,Negru,,1,,,,,,,,,,,,[42cm]·[104cm],8435782511390
variation,MU02030502,,1,0,visible,,Dimensiuni: 44 * 106 cm,taxable,1,0,0,147,,,https://static.musaibrand.com/images/models/0203/model/large/0203_02_2_1.jpg,MU0203,6,Size,2XL,,1,,Color,Negru,,1,,,,,,,,,,,,[44cm]·[106cm],8435782511413
variation,MU02030602,,1,0,visible,,Dimensiuni: 46 * 108 cm,taxable,1,0,0,147,,,https://static.musaibrand.com/images/models/0203/model/large/0203_02_2_1.jpg,MU0203,7,Size,3XL,,1,,Color,Negru,,1,,,,,,,,,,,,[46cm]·[108cm],8435782511437
variation,MU02032202,,1,0,visible,,Dimensiuni: 25 * 59 cm,taxable,1,0,0,147,,,https://static.musaibrand.com/images/models/0203/model/large/0203_02_2_1.jpg,MU0203,8,Size,4,,1,,Color,Negru,,1,,,,,,,,,,,,[25cm]·[59cm],8435782511451
variation,MU02032402,,1,0,visible,,Dimensiuni: 27 * 66 cm,taxable,1,0,0,147,,,https://static.musaibrand.com/images/models/0203/model/large/0203_02_2_1.jpg,MU0203,9,Size,6,,1,,Color,Negru,,1,,,,,,,,,,,,[27cm]·[66cm],8435782511475
variation,MU02032502,,1,0,visible,,Dimensiuni: 29 * 74 cm,taxable,1,0,0,147,,,https://static.musaibrand.com/images/models/0203/model/large/0203_02_2_1.jpg,MU0203,10,Size,8,,1,,Color,Negru,,1,,,,,,,,,,,,[29cm]·[74cm],8435782511499
variation,MU02032602,,1,0,visible,,Dimensiuni: 31 * 82 cm,taxable,1,0,0,147,,,https://static.musaibrand.com/images/models/0203/model/large/0203_02_2_1.jpg,MU0203,11,Size,10,,1,,Color,Negru,,1,,,,,,,,,,,,[31cm]·[82cm],8435782511512
variation,MU02032702,,1,0,visible,,Dimensiuni: 32 * 88 cm,taxable,1,0,0,147,,,https://static.musaibrand.com/images/models/0203/model/large/0203_02_2_1.jpg,MU0203,12,Size,12,,1,,Color,Negru,,1,,,,,,,,,,,,[32cm]·[88cm],8435782511536
variation,MU02032802,,1,0,visible,,Dimensiuni: 33 * 91 cm,taxable,1,0,0,147,,,https://static.musaibrand.com/images/models/0203/model/large/0203_02_2_1.jpg,MU0203,13,Size,14,,1,,Color,Negru,,1,,,,,,,,,,,,[33cm]·[91cm],8435782511550
variation,MU02030055,,1,0,visible,,Dimensiuni: 34 * 95 cm,taxable,1,0,0,147,,,https://static.musaibrand.com/images/models/0203/model/large/0203_55_2_1.jpg,MU0203,14,Size,XS,,1,,Color,Albastru marin,,1,,,,,,,,,,,,[34cm]·[95cm],8435782511321
variation,MU02030155,,1,0,visible,,Dimensiuni: 36 * 97 cm,taxable,1,0,0,147,,,https://static.musaibrand.com/images/models/0203/model/large/0203_55_2_1.jpg,MU0203,15,Size,S,,1,,Color,Albastru marin,,1,,,,,,,,,,,,[36cm]·[97cm],8435782511345
variation,MU02030255,,1,0,visible,,Dimensiuni: 38 * 99 cm,taxable,1,0,0,147,,,https://static.musaibrand.com/images/models/0203/model/large/0203_55_2_1.jpg,MU0203,16,Size,M,,1,,Color,Albastru marin,,1,,,,,,,,,,,,[38cm]·[99cm],8435782511369
variation,MU02030355,,1,0,visible,,Dimensiuni: 40 * 102 cm,taxable,1,0,0,147,,,https://static.musaibrand.com/images/models/0203/model/large/0203_55_2_1.jpg,MU0203,17,Size,L,,1,,Color,Albastru marin,,1,,,,,,,,,,,,[40cm]·[102cm],8435782511383
variation,MU02030455,,1,0,visible,,Dimensiuni: 42 * 104 cm,taxable,1,0,0,147,,,https://static.musaibrand.com/images/models/0203/model/large/0203_55_2_1.jpg,MU0203,18,Size,XL,,1,,Color,Albastru marin,,1,,,,,,,,,,,,[42cm]·[104cm],8435782511406
variation,MU02030555,,1,0,visible,,Dimensiuni: 44 * 106 cm,taxable,1,0,0,147,,,https://static.musaibrand.com/images/models/0203/model/large/0203_55_2_1.jpg,MU0203,19,Size,2XL,,1,,Color,Albastru marin,,1,,,,,,,,,,,,[44cm]·[106cm],8435782511420
variation,MU02030655,,1,0,visible,,Dimensiuni: 46 * 108 cm,taxable,1,0,0,147,,,https://static.musaibrand.com/images/models/0203/model/large/0203_55_2_1.jpg,MU0203,20,Size,3XL,,1,,Color,Albastru marin,,1,,,,,,,,,,,,[46cm]·[108cm],8435782511444
variation,MU02032255,,1,0,visible,,Dimensiuni: 25 * 59 cm,taxable,1,0,0,147,,,https://static.musaibrand.com/images/models/0203/model/large/0203_55_2_1.jpg,MU0203,21,Size,4,,1,,Color,Albastru marin,,1,,,,,,,,,,,,[25cm]·[59cm],8435782511468
variation,MU02032455,,1,0,visible,,Dimensiuni: 27 * 66 cm,taxable,1,0,0,147,,,https://static.musaibrand.com/images/models/0203/model/large/0203_55_2_1.jpg,MU0203,22,Size,6,,1,,Color,Albastru marin,,1,,,,,,,,,,,,[27cm]·[66cm],8435782511482
variation,MU02032555,,1,0,visible,,Dimensiuni: 29 * 74 cm,taxable,1,0,0,147,,,https://static.musaibrand.com/images/models/0203/model/large/0203_55_2_1.jpg,MU0203,23,Size,8,,1,,Color,Albastru marin,,1,,,,,,,,,,,,[29cm]·[74cm],8435782511505
variation,MU02032655,,1,0,visible,,Dimensiuni: 31 * 82 cm,taxable,1,0,0,147,,,https://static.musaibrand.com/images/models/0203/model/large/0203_55_2_1.jpg,MU0203,24,Size,10,,1,,Color,Albastru marin,,1,,,,,,,,,,,,[31cm]·[82cm],8435782511529
variation,MU02032755,,1,0,visible,,Dimensiuni: 32 * 88 cm,taxable,1,0,0,147,,,https://static.musaibrand.com/images/models/0203/model/large/0203_55_2_1.jpg,MU0203,25,Size,12,,1,,Color,Albastru marin,,1,,,,,,,,,,,,[32cm]·[88cm],8435782511543
variation,MU02032855,,1,0,visible,,Dimensiuni: 33 * 91 cm,taxable,1,0,0,147,,,https://static.musaibrand.com/images/models/0203/model/large/0203_55_2_1.jpg,MU0203,26,Size,14,,1,,Color,Albastru marin,,1,,,,,,,,,,,,[33cm]·[91cm],8435782511567
variable,MU0203-K,Pantaloni Reke Copii,1,0,visible,,"<p>Pantaloni tehnici pentru copii cu croială skinny, din poliester reciclat micro-perforat, cu elastan, betelie elastică și șnur interior reglabil.</p><p><strong>Compoziție:</strong> 88% poliester reciclat· 12% elastan</p><p><br>· Buzunare laterale cu fermoar inversat asortat.<br>· Șnur interior asortat, personalizat cu design de marcă.<br>· Cusături ranforsate.<br>· Deschidere tiv cu fermoar asortat.<br>· Ornament elastic pe tiv.<br>· Detaliu cu logo brodat.</p><h4>Dimensiuni</h4><table style='border-collapse:collapse;margin:8px 0'><tr><th style='padding:4px 12px;border:1px solid #ddd;text-align:left'>Mărime</th><th style='padding:4px 12px;border:1px solid #ddd;text-align:left'>Dimensiuni</th></tr><tr><td style='padding:4px 12px;border:1px solid #ddd'>XS</td><td style='padding:4px 12px;border:1px solid #ddd'>34 * 95 cm</td></tr><tr><td style='padding:4px 12px;border:1px solid #ddd'>S</td><td style='padding:4px 12px;border:1px solid #ddd'>36 * 97 cm</td></tr><tr><td style='padding:4px 12px;border:1px solid #ddd'>M</td><td style='padding:4px 12px;border:1px solid #ddd'>38 * 99 cm</td></tr><tr><td style='padding:4px 12px;border:1px solid #ddd'>L</td><td style='padding:4px 12px;border:1px solid #ddd'>40 * 102 cm</td></tr><tr><td style='padding:4px 12px;border:1px solid #ddd'>XL</td><td style='padding:4px 12px;border:1px solid #ddd'>42 * 104 cm</td></tr><tr><td style='padding:4px 12px;border:1px solid #ddd'>2XL</td><td style='padding:4px 12px;border:1px solid #ddd'>44 * 106 cm</td></tr><tr><td style='padding:4px 12px;border:1px solid #ddd'>3XL</td><td style='padding:4px 12px;border:1px solid #ddd'>46 * 108 cm</td></tr><tr><td style='padding:4px 12px;border:1px solid #ddd'>4</td><td style='padding:4px 12px;border:1px solid #ddd'>25 * 59 cm</td></tr><tr><td style='padding:4px 12px;border:1px solid #ddd'>6</td><td style='padding:4px 12px;border:1px solid #ddd'>27 * 66 cm</td></tr><tr><td style='padding:4px 12px;border:1px solid #ddd'>8</td><td style='padding:4px 12px;border:1px solid #ddd'>29 * 74 cm</td></tr><tr><td style='padding:4px 12px;border:1px solid #ddd'>10</td><td style='padding:4px 12px;border:1px solid #ddd'>31 * 82 cm</td></tr><tr><td style='padding:4px 12px;border:1px solid #ddd'>12</td><td style='padding:4px 12px;border:1px solid #ddd'>32 * 88 cm</td></tr><tr><td style='padding:4px 12px;border:1px solid #ddd'>14</td><td style='padding:4px 12px;border:1px solid #ddd'>33 * 91 cm</td></tr></table>",taxable,1,0,0,,Pantaloni și colanți,MUSAI,"https://static.musaibrand.com/images/models/0203-K/model/large/0203-K_02_1_1.jpg,https://static.musaibrand.com/images/models/0203-K/model/large/0203-K_55_1_1.jpg,https://static.musaibrand.com/images/models/0203-K/model/large/0203-K_02_2_1.jpg,https://static.musaibrand.com/images/models/0203-K/model/large/0203-K_55_2_1.jpg",,0,Size,"XS, S, M, L, XL, 2XL, 3XL, 4, 6, 8, 10, 12, 14",1,1,,Color,"Negru, Albastru marin",1,1,,Gender,Unisex,1,1,,Dimensiuni,"[34cm]·[95cm], [36cm]·[97cm], [38cm]·[99cm], [40cm]·[102cm], [42cm]·[104cm], [44cm]·[106cm], [46cm]·[108cm], [25cm]·[59cm], [27cm]·[66cm], [29cm]·[74cm], [31cm]·[82cm], [32cm]·[88cm], [33cm]·[91cm]",1,0,,,
variation,MU02030002-K,,1,0,visible,,Dimensiuni: 34 * 95 cm,taxable,1,0,0,147,,,https://static.musaibrand.com/images/models/0203-K/model/large/0203-K_02_2_1.jpg,MU0203-K,1,Size,XS,,1,,Color,Negru,,1,,,,,,,,,,,,[34cm]·[95cm],8435782511314
variation,MU02030102-K,,1,0,visible,,Dimensiuni: 36 * 97 cm,taxable,1,0,0,147,,,https://static.musaibrand.com/images/models/0203-K/model/large/0203-K_02_2_1.jpg,MU0203-K,2,Size,S,,1,,Color,Negru,,1,,,,,,,,,,,,[36cm]·[97cm],8435782511338
variation,MU02030202-K,,1,0,visible,,Dimensiuni: 38 * 99 cm,taxable,1,0,0,147,,,https://static.musaibrand.com/images/models/0203-K/model/large/0203-K_02_2_1.jpg,MU0203-K,3,Size,M,,1,,Color,Negru,,1,,,,,,,,,,,,[38cm]·[99cm],8435782511352
variation,MU02030302-K,,1,0,visible,,Dimensiuni: 40 * 102 cm,taxable,1,0,0,147,,,https://static.musaibrand.com/images/models/0203-K/model/large/0203-K_02_2_1.jpg,MU0203-K,4,Size,L,,1,,Color,Negru,,1,,,,,,,,,,,,[40cm]·[102cm],8435782511376
variation,MU02030402-K,,1,0,visible,,Dimensiuni: 42 * 104 cm,taxable,1,0,0,147,,,https://static.musaibrand.com/images/models/0203-K/model/large/0203-K_02_2_1.jpg,MU0203-K,5,Size,XL,,1,,Color,Negru,,1,,,,,,,,,,,,[42cm]·[104cm],8435782511390
variation,MU02030502-K,,1,0,visible,,Dimensiuni: 44 * 106 cm,taxable,1,0,0,147,,,https://static.musaibrand.com/images/models/0203-K/model/large/0203-K_02_2_1.jpg,MU0203-K,6,Size,2XL,,1,,Color,Negru,,1,,,,,,,,,,,,[44cm]·[106cm],8435782511413
variation,MU02030602-K,,1,0,visible,,Dimensiuni: 46 * 108 cm,taxable,1,0,0,147,,,https://static.musaibrand.com/images/models/0203-K/model/large/0203-K_02_2_1.jpg,MU0203-K,7,Size,3XL,,1,,Color,Negru,,1,,,,,,,,,,,,[46cm]·[108cm],8435782511437
variation,MU02032202-K,,1,0,visible,,Dimensiuni: 25 * 59 cm,taxable,1,0,0,147,,,https://static.musaibrand.com/images/models/0203-K/model/large/0203-K_02_2_1.jpg,MU0203-K,8,Size,4,,1,,Color,Negru,,1,,,,,,,,,,,,[25cm]·[59cm],8435782511451
variation,MU02032402-K,,1,0,visible,,Dimensiuni: 27 * 66 cm,taxable,1,0,0,147,,,https://static.musaibrand.com/images/models/0203-K/model/large/0203-K_02_2_1.jpg,MU0203-K,9,Size,6,,1,,Color,Negru,,1,,,,,,,,,,,,[27cm]·[66cm],8435782511475
variation,MU02032502-K,,1,0,visible,,Dimensiuni: 29 * 74 cm,taxable,1,0,0,147,,,https://static.musaibrand.com/images/models/0203-K/model/large/0203-K_02_2_1.jpg,MU0203-K,10,Size,8,,1,,Color,Negru,,1,,,,,,,,,,,,[29cm]·[74cm],8435782511499
variation,MU02032602-K,,1,0,visible,,Dimensiuni: 31 * 82 cm,taxable,1,0,0,147,,,https://static.musaibrand.com/images/models/0203-K/model/large/0203-K_02_2_1.jpg,MU0203-K,11,Size,10,,1,,Color,Negru,,1,,,,,,,,,,,,[31cm]·[82cm],8435782511512
variation,MU02032702-K,,1,0,visible,,Dimensiuni: 32 * 88 cm,taxable,1,0,0,147,,,https://static.musaibrand.com/images/models/0203-K/model/large/0203-K_02_2_1.jpg,MU0203-K,12,Size,12,,1,,Color,Negru,,1,,,,,,,,,,,,[32cm]·[88cm],8435782511536
variation,MU02032802-K,,1,0,visible,,Dimensiuni: 33 * 91 cm,taxable,1,0,0,147,,,https://static.musaibrand.com/images/models/0203-K/model/large/0203-K_02_2_1.jpg,MU0203-K,13,Size,14,,1,,Color,Negru,,1,,,,,,,,,,,,[33cm]·[91cm],8435782511550
variation,MU02030055-K,,1,0,visible,,Dimensiuni: 34 * 95 cm,taxable,1,0,0,147,,,https://static.musaibrand.com/images/models/0203-K/model/large/0203-K_55_2_1.jpg,MU0203-K,14,Size,XS,,1,,Color,Albastru marin,,1,,,,,,,,,,,,[34cm]·[95cm],8435782511321
variation,MU02030155-K,,1,0,visible,,Dimensiuni: 36 * 97 cm,taxable,1,0,0,147,,,https://static.musaibrand.com/images/models/0203-K/model/large/0203-K_55_2_1.jpg,MU0203-K,15,Size,S,,1,,Color,Albastru marin,,1,,,,,,,,,,,,[36cm]·[97cm],8435782511345
variation,MU02030255-K,,1,0,visible,,Dimensiuni: 38 * 99 cm,taxable,1,0,0,147,,,https://static.musaibrand.com/images/models/0203-K/model/large/0203-K_55_2_1.jpg,MU0203-K,16,Size,M,,1,,Color,Albastru marin,,1,,,,,,,,,,,,[38cm]·[99cm],8435782511369
variation,MU02030355-K,,1,0,visible,,Dimensiuni: 40 * 102 cm,taxable,1,0,0,147,,,https://static.musaibrand.com/images/models/0203-K/model/large/0203-K_55_2_1.jpg,MU0203-K,17,Size,L,,1,,Color,Albastru marin,,1,,,,,,,,,,,,[40cm]·[102cm],8435782511383
variation,MU02030455-K,,1,0,visible,,Dimensiuni: 42 * 104 cm,taxable,1,0,0,147,,,https://static.musaibrand.com/images/models/0203-K/model/large/0203-K_55_2_1.jpg,MU0203-K,18,Size,XL,,1,,Color,Albastru marin,,1,,,,,,,,,,,,[42cm]·[104cm],8435782511406
variation,MU02030555-K,,1,0,visible,,Dimensiuni: 44 * 106 cm,taxable,1,0,0,147,,,https://static.musaibrand.com/images/models/0203-K/model/large/0203-K_55_2_1.jpg,MU0203-K,19,Size,2XL,,1,,Color,Albastru marin,,1,,,,,,,,,,,,[44cm]·[106cm],8435782511420
variation,MU02030655-K,,1,0,visible,,Dimensiuni: 46 * 108 cm,taxable,1,0,0,147,,,https://static.musaibrand.com/images/models/0203-K/model/large/0203-K_55_2_1.jpg,MU0203-K,20,Size,3XL,,1,,Color,Albastru marin,,1,,,,,,,,,,,,[46cm]·[108cm],8435782511444
variation,MU02032255-K,,1,0,visible,,Dimensiuni: 25 * 59 cm,taxable,1,0,0,147,,,https://static.musaibrand.com/images/models/0203-K/model/large/0203-K_55_2_1.jpg,MU0203-K,21,Size,4,,1,,Color,Albastru marin,,1,,,,,,,,,,,,[25cm]·[59cm],8435782511468
variation,MU02032455-K,,1,0,visible,,Dimensiuni: 27 * 66 cm,taxable,1,0,0,147,,,https://static.musaibrand.com/images/models/0203-K/model/large/0203-K_55_2_1.jpg,MU0203-K,22,Size,6,,1,,Color,Albastru marin,,1,,,,,,,,,,,,[27cm]·[66cm],8435782511482
variation,MU02032555-K,,1,0,visible,,Dimensiuni: 29 * 74 cm,taxable,1,0,0,147,,,https://static.musaibrand.com/images/models/0203-K/model/large/0203-K_55_2_1.jpg,MU0203-K,23,Size,8,,1,,Color,Albastru marin,,1,,,,,,,,,,,,[29cm]·[74cm],8435782511505
variation,MU02032655-K,,1,0,visible,,Dimensiuni: 31 * 82 cm,taxable,1,0,0,147,,,https://static.musaibrand.com/images/models/0203-K/model/large/0203-K_55_2_1.jpg,MU0203-K,24,Size,10,,1,,Color,Albastru marin,,1,,,,,,,,,,,,[31cm]·[82cm],8435782511529
variation,MU02032755-K,,1,0,visible,,Dimensiuni: 32 * 88 cm,taxable,1,0,0,147,,,https://static.musaibrand.com/images/models/0203-K/model/large/0203-K_55_2_1.jpg,MU0203-K,25,Size,12,,1,,Color,Albastru marin,,1,,,,,,,,,,,,[32cm]·[88cm],8435782511543
variation,MU02032855-K,,1,0,visible,,Dimensiuni: 33 * 91 cm,taxable,1,0,0,147,,,https://static.musaibrand.com/images/models/0203-K/model/large/0203-K_55_2_1.jpg,MU0203-K,26,Size,14,,1,,Color,Albastru marin,,1,,,,,,,,,,,,[33cm]·[91cm],8435782511567
variable,MU0204,Colanți - Matu,1,0,visible,,"<p>Colanți sport pentru femei din poliester reciclat cu elastan, betelie elastică și șnur interior reglabil. <br>· Stretch</p><p><strong>Compoziție:</strong> 88% poliester reciclat· 12% elastan interlock</p><p><br>· Cusături spate avansate. <br>· Șnur interior personalizat cu design de marcă.<br>· Cusături ranforsate.<br>· Deschidere tiv cu fermoar inversat asortat.<br>· Tiv în partea de jos.<br>· Detaliu cu logo brodat.</p><h4>Dimensiuni</h4><table style='border-collapse:collapse;margin:8px 0'><tr><th style='padding:4px 12px;border:1px solid #ddd;text-align:left'>Mărime</th><th style='padding:4px 12px;border:1px solid #ddd;text-align:left'>Dimensiuni</th></tr><tr><td style='padding:4px 12px;border:1px solid #ddd'>XS</td><td style='padding:4px 12px;border:1px solid #ddd'>30 * 88 cm</td></tr><tr><td style='padding:4px 12px;border:1px solid #ddd'>S</td><td style='padding:4px 12px;border:1px solid #ddd'>32 * 89 cm</td></tr><tr><td style='padding:4px 12px;border:1px solid #ddd'>M</td><td style='padding:4px 12px;border:1px solid #ddd'>34 * 90 cm</td></tr><tr><td style='padding:4px 12px;border:1px solid #ddd'>L</td><td style='padding:4px 12px;border:1px solid #ddd'>36 * 91 cm</td></tr><tr><td style='padding:4px 12px;border:1px solid #ddd'>XL</td><td style='padding:4px 12px;border:1px solid #ddd'>38 * 92 cm</td></tr><tr><td style='padding:4px 12px;border:1px solid #ddd'>2XL</td><td style='padding:4px 12px;border:1px solid #ddd'>40 * 93 cm</td></tr></table>",taxable,1,0,0,,Pantaloni și colanți,MUSAI,"https://static.musaibrand.com/images/models/0204/model/large/0204_02_1_1.jpg,https://static.musaibrand.com/images/models/0204/model/large/0204_55_1_1.jpg,https://static.musaibrand.com/images/models/0204/model/large/0204_02_2_1.jpg,https://static.musaibrand.com/images/models/0204/model/large/0204_55_2_1.jpg",,0,Size,"XS, S, M, L, XL, 2XL",1,1,,Color,"Negru, Albastru marin",1,1,,Gender,Femeie,1,1,,Dimensiuni,"[30cm]·[88cm], [32cm]·[89cm], [34cm]·[90cm], [36cm]·[91cm], [38cm]·[92cm], [40cm]·[93cm]",1,0,,,
variation,MU02040002,,1,0,visible,,Dimensiuni: 30 * 88 cm,taxable,1,0,0,147,,,https://static.musaibrand.com/images/models/0204/model/large/0204_02_2_1.jpg,MU0204,1,Size,XS,,1,,Color,Negru,,1,,,,,,,,,,,,[30cm]·[88cm],8435782511574
variation,MU02040102,,1,0,visible,,Dimensiuni: 32 * 89 cm,taxable,1,0,0,147,,,https://static.musaibrand.com/images/models/0204/model/large/0204_02_2_1.jpg,MU0204,2,Size,S,,1,,Color,Negru,,1,,,,,,,,,,,,[32cm]·[89cm],8435782511598
variation,MU02040202,,1,0,visible,,Dimensiuni: 34 * 90 cm,taxable,1,0,0,147,,,https://static.musaibrand.com/images/models/0204/model/large/0204_02_2_1.jpg,MU0204,3,Size,M,,1,,Color,Negru,,1,,,,,,,,,,,,[34cm]·[90cm],8435782511611
variation,MU02040302,,1,0,visible,,Dimensiuni: 36 * 91 cm,taxable,1,0,0,147,,,https://static.musaibrand.com/images/models/0204/model/large/0204_02_2_1.jpg,MU0204,4,Size,L,,1,,Color,Negru,,1,,,,,,,,,,,,[36cm]·[91cm],8435782511635
variation,MU02040402,,1,0,visible,,Dimensiuni: 38 * 92 cm,taxable,1,0,0,147,,,https://static.musaibrand.com/images/models/0204/model/large/0204_02_2_1.jpg,MU0204,5,Size,XL,,1,,Color,Negru,,1,,,,,,,,,,,,[38cm]·[92cm],8435782511659
variation,MU02040502,,1,0,visible,,Dimensiuni: 40 * 93 cm,taxable,1,0,0,147,,,https://static.musaibrand.com/images/models/0204/model/large/0204_02_2_1.jpg,MU0204,6,Size,2XL,,1,,Color,Negru,,1,,,,,,,,,,,,[40cm]·[93cm],8435782511673
variation,MU02040055,,1,0,visible,,Dimensiuni: 30 * 88 cm,taxable,1,0,0,147,,,https://static.musaibrand.com/images/models/0204/model/large/0204_55_2_1.jpg,MU0204,7,Size,XS,,1,,Color,Albastru marin,,1,,,,,,,,,,,,[30cm]·[88cm],8435782511581
variation,MU02040155,,1,0,visible,,Dimensiuni: 32 * 89 cm,taxable,1,0,0,147,,,https://static.musaibrand.com/images/models/0204/model/large/0204_55_2_1.jpg,MU0204,8,Size,S,,1,,Color,Albastru marin,,1,,,,,,,,,,,,[32cm]·[89cm],8435782511604
variation,MU02040255,,1,0,visible,,Dimensiuni: 34 * 90 cm,taxable,1,0,0,147,,,https://static.musaibrand.com/images/models/0204/model/large/0204_55_2_1.jpg,MU0204,9,Size,M,,1,,Color,Albastru marin,,1,,,,,,,,,,,,[34cm]·[90cm],8435782511628
variation,MU02040355,,1,0,visible,,Dimensiuni: 36 * 91 cm,taxable,1,0,0,147,,,https://static.musaibrand.com/images/models/0204/model/large/0204_55_2_1.jpg,MU0204,10,Size,L,,1,,Color,Albastru marin,,1,,,,,,,,,,,,[36cm]·[91cm],8435782511642
variation,MU02040455,,1,0,visible,,Dimensiuni: 38 * 92 cm,taxable,1,0,0,147,,,https://static.musaibrand.com/images/models/0204/model/large/0204_55_2_1.jpg,MU0204,11,Size,XL,,1,,Color,Albastru marin,,1,,,,,,,,,,,,[38cm]·[92cm],8435782511666
variation,MU02040555,,1,0,visible,,Dimensiuni: 40 * 93 cm,taxable,1,0,0,147,,,https://static.musaibrand.com/images/models/0204/model/large/0204_55_2_1.jpg,MU0204,12,Size,2XL,,1,,Color,Albastru marin,,1,,,,,,,,,,,,[40cm]·[93cm],8435782511680
variable,MU0205,Pantaloni - Kute,1,0,visible,,"<p>Pantaloni scurți unisex cu buzunare, confecționați din material poliesteric reciclat, cu betelie elastică și șnur interior reglabil.</p><p><strong>Compoziție:</strong> 100% poliester reciclat</p><p><br>· Două buzunare laterale și un buzunar la spate cu fermoar inversat și bandă de acoperire asortate.<br>· Șnur interior asortat personalizat cu design de marcă.<br>· Detaliu cu logo brodat</p><h4>Dimensiuni</h4><table style='border-collapse:collapse;margin:8px 0'><tr><th style='padding:4px 12px;border:1px solid #ddd;text-align:left'>Mărime</th><th style='padding:4px 12px;border:1px solid #ddd;text-align:left'>Dimensiuni</th></tr><tr><td style='padding:4px 12px;border:1px solid #ddd'>XS</td><td style='padding:4px 12px;border:1px solid #ddd'>36 * 43 cm</td></tr><tr><td style='padding:4px 12px;border:1px solid #ddd'>S</td><td style='padding:4px 12px;border:1px solid #ddd'>37 * 44 cm</td></tr><tr><td style='padding:4px 12px;border:1px solid #ddd'>M</td><td style='padding:4px 12px;border:1px solid #ddd'>39 * 45 cm</td></tr><tr><td style='padding:4px 12px;border:1px solid #ddd'>L</td><td style='padding:4px 12px;border:1px solid #ddd'>41 * 46 cm</td></tr><tr><td style='padding:4px 12px;border:1px solid #ddd'>XL</td><td style='padding:4px 12px;border:1px solid #ddd'>47 * 43 cm</td></tr><tr><td style='padding:4px 12px;border:1px solid #ddd'>2XL</td><td style='padding:4px 12px;border:1px solid #ddd'>48 * 45 cm</td></tr><tr><td style='padding:4px 12px;border:1px solid #ddd'>3XL</td><td style='padding:4px 12px;border:1px solid #ddd'>47 * 49 cm</td></tr><tr><td style='padding:4px 12px;border:1px solid #ddd'>4</td><td style='padding:4px 12px;border:1px solid #ddd'>25,5 * 25 cm</td></tr><tr><td style='padding:4px 12px;border:1px solid #ddd'>6</td><td style='padding:4px 12px;border:1px solid #ddd'>27,5 * 32 cm</td></tr><tr><td style='padding:4px 12px;border:1px solid #ddd'>8</td><td style='padding:4px 12px;border:1px solid #ddd'>29,5 * 35,5 cm</td></tr><tr><td style='padding:4px 12px;border:1px solid #ddd'>10</td><td style='padding:4px 12px;border:1px solid #ddd'>30,5 * 39 cm</td></tr><tr><td style='padding:4px 12px;border:1px solid #ddd'>12</td><td style='padding:4px 12px;border:1px solid #ddd'>32,5 * 40 cm</td></tr><tr><td style='padding:4px 12px;border:1px solid #ddd'>14</td><td style='padding:4px 12px;border:1px solid #ddd'>34 * 41 cm</td></tr></table>",taxable,1,0,0,,Pantaloni scurţi,MUSAI,"https://static.musaibrand.com/images/models/0205/model/large/0205_01_1_1.jpg,https://static.musaibrand.com/images/models/0205/model/large/0205_02_1_1.jpg,https://static.musaibrand.com/images/models/0205/model/large/0205_55_1_1.jpg,https://static.musaibrand.com/images/models/0205/model/large/0205_01_2_1.jpg,https://static.musaibrand.com/images/models/0205/model/large/0205_02_2_1.jpg,https://static.musaibrand.com/images/models/0205/model/large/0205_55_2_1.jpg",,0,Size,"XS, S, M, L, XL, 2XL, 3XL, 4, 6, 8, 10, 12, 14",1,1,,Color,"Alb, Negru, Albastru marin",1,1,,Gender,Bărbat,1,1,,Dimensiuni,"[36cm]·[43cm], [37cm]·[44cm], [39cm]·[45cm], [41cm]·[46cm], [47cm]·[43cm], [48cm]·[45cm], [47cm]·[49cm], [25.5cm]·[25cm], [27.5cm]·[32cm], [29.5cm]·[35.5cm], [30.5cm]·[39cm], [32.5cm]·[40cm], [34cm]·[41cm]",1,0,,,
variation,MU02050001,,1,0,visible,,Dimensiuni: 36 * 43 cm,taxable,1,0,0,94.5,,,https://static.musaibrand.com/images/models/0205/model/large/0205_01_2_1.jpg,MU0205,1,Size,XS,,1,,Color,Alb,,1,,,,,,,,,,,,[36cm]·[43cm],8435782511697
variation,MU02050101,,1,0,visible,,Dimensiuni: 37 * 44 cm,taxable,1,0,0,94.5,,,https://static.musaibrand.com/images/models/0205/model/large/0205_01_2_1.jpg,MU0205,2,Size,S,,1,,Color,Alb,,1,,,,,,,,,,,,[37cm]·[44cm],8435782511727
variation,MU02050201,,1,0,visible,,Dimensiuni: 39 * 45 cm,taxable,1,0,0,94.5,,,https://static.musaibrand.com/images/models/0205/model/large/0205_01_2_1.jpg,MU0205,3,Size,M,,1,,Color,Alb,,1,,,,,,,,,,,,[39cm]·[45cm],8435782511758
variation,MU02050301,,1,0,visible,,Dimensiuni: 41 * 46 cm,taxable,1,0,0,94.5,,,https://static.musaibrand.com/images/models/0205/model/large/0205_01_2_1.jpg,MU0205,4,Size,L,,1,,Color,Alb,,1,,,,,,,,,,,,[41cm]·[46cm],8435782511789
variation,MU02050401,,1,0,visible,,Dimensiuni: 47 * 43 cm,taxable,1,0,0,94.5,,,https://static.musaibrand.com/images/models/0205/model/large/0205_01_2_1.jpg,MU0205,5,Size,XL,,1,,Color,Alb,,1,,,,,,,,,,,,[47cm]·[43cm],8435782511819
variation,MU02050501,,1,0,visible,,Dimensiuni: 48 * 45 cm,taxable,1,0,0,94.5,,,https://static.musaibrand.com/images/models/0205/model/large/0205_01_2_1.jpg,MU0205,6,Size,2XL,,1,,Color,Alb,,1,,,,,,,,,,,,[48cm]·[45cm],8435782511840
variation,MU02050601,,1,0,visible,,Dimensiuni: 47 * 49 cm,taxable,1,0,0,94.5,,,https://static.musaibrand.com/images/models/0205/model/large/0205_01_2_1.jpg,MU0205,7,Size,3XL,,1,,Color,Alb,,1,,,,,,,,,,,,[47cm]·[49cm],8435782511871
variation,MU02052201,,1,0,visible,,"Dimensiuni: 25,5 * 25 cm",taxable,1,0,0,94.5,,,https://static.musaibrand.com/images/models/0205/model/large/0205_01_2_1.jpg,MU0205,8,Size,4,,1,,Color,Alb,,1,,,,,,,,,,,,"[25,5cm]·[25cm]",8435782511901
variation,MU02052401,,1,0,visible,,"Dimensiuni: 27,5 * 32 cm",taxable,1,0,0,94.5,,,https://static.musaibrand.com/images/models/0205/model/large/0205_01_2_1.jpg,MU0205,9,Size,6,,1,,Color,Alb,,1,,,,,,,,,,,,"[27,5cm]·[32cm]",8435782511932
variation,MU02052501,,1,0,visible,,"Dimensiuni: 29,5 * 35,5 cm",taxable,1,0,0,94.5,,,https://static.musaibrand.com/images/models/0205/model/large/0205_01_2_1.jpg,MU0205,10,Size,8,,1,,Color,Alb,,1,,,,,,,,,,,,"[29,5cm]·[35,5cm]",8435782511963
variation,MU02052601,,1,0,visible,,"Dimensiuni: 30,5 * 39 cm",taxable,1,0,0,94.5,,,https://static.musaibrand.com/images/models/0205/model/large/0205_01_2_1.jpg,MU0205,11,Size,10,,1,,Color,Alb,,1,,,,,,,,,,,,"[30,5cm]·[39cm]",8435782511994
variation,MU02052701,,1,0,visible,,"Dimensiuni: 32,5 * 40 cm",taxable,1,0,0,94.5,,,https://static.musaibrand.com/images/models/0205/model/large/0205_01_2_1.jpg,MU0205,12,Size,12,,1,,Color,Alb,,1,,,,,,,,,,,,"[32,5cm]·[40cm]",8435782512021
variation,MU02052801,,1,0,visible,,Dimensiuni: 34 * 41 cm,taxable,1,0,0,94.5,,,https://static.musaibrand.com/images/models/0205/model/large/0205_01_2_1.jpg,MU0205,13,Size,14,,1,,Color,Alb,,1,,,,,,,,,,,,[34cm]·[41cm],8435782512052
variation,MU02050002,,1,0,visible,,Dimensiuni: 36 * 43 cm,taxable,1,0,0,94.5,,,https://static.musaibrand.com/images/models/0205/model/large/0205_02_2_1.jpg,MU0205,14,Size,XS,,1,,Color,Negru,,1,,,,,,,,,,,,[36cm]·[43cm],8435782511703
variation,MU02050102,,1,0,visible,,Dimensiuni: 37 * 44 cm,taxable,1,0,0,94.5,,,https://static.musaibrand.com/images/models/0205/model/large/0205_02_2_1.jpg,MU0205,15,Size,S,,1,,Color,Negru,,1,,,,,,,,,,,,[37cm]·[44cm],8435782511734
variation,MU02050202,,1,0,visible,,Dimensiuni: 39 * 45 cm,taxable,1,0,0,94.5,,,https://static.musaibrand.com/images/models/0205/model/large/0205_02_2_1.jpg,MU0205,16,Size,M,,1,,Color,Negru,,1,,,,,,,,,,,,[39cm]·[45cm],8435782511765
variation,MU02050302,,1,0,visible,,Dimensiuni: 41 * 46 cm,taxable,1,0,0,94.5,,,https://static.musaibrand.com/images/models/0205/model/large/0205_02_2_1.jpg,MU0205,17,Size,L,,1,,Color,Negru,,1,,,,,,,,,,,,[41cm]·[46cm],8435782511796
variation,MU02050402,,1,0,visible,,Dimensiuni: 47 * 43 cm,taxable,1,0,0,94.5,,,https://static.musaibrand.com/images/models/0205/model/large/0205_02_2_1.jpg,MU0205,18,Size,XL,,1,,Color,Negru,,1,,,,,,,,,,,,[47cm]·[43cm],8435782511826
variation,MU02050502,,1,0,visible,,Dimensiuni: 48 * 45 cm,taxable,1,0,0,94.5,,,https://static.musaibrand.com/images/models/0205/model/large/0205_02_2_1.jpg,MU0205,19,Size,2XL,,1,,Color,Negru,,1,,,,,,,,,,,,[48cm]·[45cm],8435782511857
variation,MU02050602,,1,0,visible,,Dimensiuni: 47 * 49 cm,taxable,1,0,0,94.5,,,https://static.musaibrand.com/images/models/0205/model/large/0205_02_2_1.jpg,MU0205,20,Size,3XL,,1,,Color,Negru,,1,,,,,,,,,,,,[47cm]·[49cm],8435782511888
variation,MU02052202,,1,0,visible,,"Dimensiuni: 25,5 * 25 cm",taxable,1,0,0,94.5,,,https://static.musaibrand.com/images/models/0205/model/large/0205_02_2_1.jpg,MU0205,21,Size,4,,1,,Color,Negru,,1,,,,,,,,,,,,"[25,5cm]·[25cm]",8435782511918
variation,MU02052402,,1,0,visible,,"Dimensiuni: 27,5 * 32 cm",taxable,1,0,0,94.5,,,https://static.musaibrand.com/images/models/0205/model/large/0205_02_2_1.jpg,MU0205,22,Size,6,,1,,Color,Negru,,1,,,,,,,,,,,,"[27,5cm]·[32cm]",8435782511949
variation,MU02052502,,1,0,visible,,"Dimensiuni: 29,5 * 35,5 cm",taxable,1,0,0,94.5,,,https://static.musaibrand.com/images/models/0205/model/large/0205_02_2_1.jpg,MU0205,23,Size,8,,1,,Color,Negru,,1,,,,,,,,,,,,"[29,5cm]·[35,5cm]",8435782511970
variation,MU02052602,,1,0,visible,,"Dimensiuni: 30,5 * 39 cm",taxable,1,0,0,94.5,,,https://static.musaibrand.com/images/models/0205/model/large/0205_02_2_1.jpg,MU0205,24,Size,10,,1,,Color,Negru,,1,,,,,,,,,,,,"[30,5cm]·[39cm]",8435782512007
variation,MU02052702,,1,0,visible,,"Dimensiuni: 32,5 * 40 cm",taxable,1,0,0,94.5,,,https://static.musaibrand.com/images/models/0205/model/large/0205_02_2_1.jpg,MU0205,25,Size,12,,1,,Color,Negru,,1,,,,,,,,,,,,"[32,5cm]·[40cm]",8435782512038
variation,MU02052802,,1,0,visible,,Dimensiuni: 34 * 41 cm,taxable,1,0,0,94.5,,,https://static.musaibrand.com/images/models/0205/model/large/0205_02_2_1.jpg,MU0205,26,Size,14,,1,,Color,Negru,,1,,,,,,,,,,,,[34cm]·[41cm],8435782512069
variation,MU02050055,,1,0,visible,,Dimensiuni: 36 * 43 cm,taxable,1,0,0,94.5,,,https://static.musaibrand.com/images/models/0205/model/large/0205_55_2_1.jpg,MU0205,27,Size,XS,,1,,Color,Albastru marin,,1,,,,,,,,,,,,[36cm]·[43cm],8435782511710
variation,MU02050155,,1,0,visible,,Dimensiuni: 37 * 44 cm,taxable,1,0,0,94.5,,,https://static.musaibrand.com/images/models/0205/model/large/0205_55_2_1.jpg,MU0205,28,Size,S,,1,,Color,Albastru marin,,1,,,,,,,,,,,,[37cm]·[44cm],8435782511741
variation,MU02050255,,1,0,visible,,Dimensiuni: 39 * 45 cm,taxable,1,0,0,94.5,,,https://static.musaibrand.com/images/models/0205/model/large/0205_55_2_1.jpg,MU0205,29,Size,M,,1,,Color,Albastru marin,,1,,,,,,,,,,,,[39cm]·[45cm],8435782511772
variation,MU02050355,,1,0,visible,,Dimensiuni: 41 * 46 cm,taxable,1,0,0,94.5,,,https://static.musaibrand.com/images/models/0205/model/large/0205_55_2_1.jpg,MU0205,30,Size,L,,1,,Color,Albastru marin,,1,,,,,,,,,,,,[41cm]·[46cm],8435782511802
variation,MU02050455,,1,0,visible,,Dimensiuni: 47 * 43 cm,taxable,1,0,0,94.5,,,https://static.musaibrand.com/images/models/0205/model/large/0205_55_2_1.jpg,MU0205,31,Size,XL,,1,,Color,Albastru marin,,1,,,,,,,,,,,,[47cm]·[43cm],8435782511833
variation,MU02050555,,1,0,visible,,Dimensiuni: 48 * 45 cm,taxable,1,0,0,94.5,,,https://static.musaibrand.com/images/models/0205/model/large/0205_55_2_1.jpg,MU0205,32,Size,2XL,,1,,Color,Albastru marin,,1,,,,,,,,,,,,[48cm]·[45cm],8435782511864
variation,MU02050655,,1,0,visible,,Dimensiuni: 47 * 49 cm,taxable,1,0,0,94.5,,,https://static.musaibrand.com/images/models/0205/model/large/0205_55_2_1.jpg,MU0205,33,Size,3XL,,1,,Color,Albastru marin,,1,,,,,,,,,,,,[47cm]·[49cm],8435782511895
variation,MU02052255,,1,0,visible,,"Dimensiuni: 25,5 * 25 cm",taxable,1,0,0,94.5,,,https://static.musaibrand.com/images/models/0205/model/large/0205_55_2_1.jpg,MU0205,34,Size,4,,1,,Color,Albastru marin,,1,,,,,,,,,,,,"[25,5cm]·[25cm]",8435782511925
variation,MU02052455,,1,0,visible,,"Dimensiuni: 27,5 * 32 cm",taxable,1,0,0,94.5,,,https://static.musaibrand.com/images/models/0205/model/large/0205_55_2_1.jpg,MU0205,35,Size,6,,1,,Color,Albastru marin,,1,,,,,,,,,,,,"[27,5cm]·[32cm]",8435782511956
variation,MU02052555,,1,0,visible,,"Dimensiuni: 29,5 * 35,5 cm",taxable,1,0,0,94.5,,,https://static.musaibrand.com/images/models/0205/model/large/0205_55_2_1.jpg,MU0205,36,Size,8,,1,,Color,Albastru marin,,1,,,,,,,,,,,,"[29,5cm]·[35,5cm]",8435782511987
variation,MU02052655,,1,0,visible,,"Dimensiuni: 30,5 * 39 cm",taxable,1,0,0,94.5,,,https://static.musaibrand.com/images/models/0205/model/large/0205_55_2_1.jpg,MU0205,37,Size,10,,1,,Color,Albastru marin,,1,,,,,,,,,,,,"[30,5cm]·[39cm]",8435782512014
variation,MU02052755,,1,0,visible,,"Dimensiuni: 32,5 * 40 cm",taxable,1,0,0,94.5,,,https://static.musaibrand.com/images/models/0205/model/large/0205_55_2_1.jpg,MU0205,38,Size,12,,1,,Color,Albastru marin,,1,,,,,,,,,,,,"[32,5cm]·[40cm]",8435782512045
variation,MU02052855,,1,0,visible,,Dimensiuni: 34 * 41 cm,taxable,1,0,0,94.5,,,https://static.musaibrand.com/images/models/0205/model/large/0205_55_2_1.jpg,MU0205,39,Size,14,,1,,Color,Albastru marin,,1,,,,,,,,,,,,[34cm]·[41cm],8435782512076
variable,MU0205-K,Pantaloni Kute Copii,1,0,visible,,"<p>Pantaloni scurți pentru copii cu buzunare, confecționați din material poliesteric reciclat, cu betelie elastică și șnur interior reglabil.</p><p><strong>Compoziție:</strong> 100% poliester interlock reciclat</p><p><br>· Două buzunare laterale și un buzunar la spate cu fermoar inversat și bandă de acoperire asortate.<br>· Șnur interior asortat personalizat cu design de marcă.<br>· Detaliu cu logo brodat</p><h4>Dimensiuni</h4><table style='border-collapse:collapse;margin:8px 0'><tr><th style='padding:4px 12px;border:1px solid #ddd;text-align:left'>Mărime</th><th style='padding:4px 12px;border:1px solid #ddd;text-align:left'>Dimensiuni</th></tr><tr><td style='padding:4px 12px;border:1px solid #ddd'>XS</td><td style='padding:4px 12px;border:1px solid #ddd'>36 * 43 cm</td></tr><tr><td style='padding:4px 12px;border:1px solid #ddd'>S</td><td style='padding:4px 12px;border:1px solid #ddd'>37 * 44 cm</td></tr><tr><td style='padding:4px 12px;border:1px solid #ddd'>M</td><td style='padding:4px 12px;border:1px solid #ddd'>39 * 45 cm</td></tr><tr><td style='padding:4px 12px;border:1px solid #ddd'>L</td><td style='padding:4px 12px;border:1px solid #ddd'>41 * 46 cm</td></tr><tr><td style='padding:4px 12px;border:1px solid #ddd'>XL</td><td style='padding:4px 12px;border:1px solid #ddd'>47 * 43 cm</td></tr><tr><td style='padding:4px 12px;border:1px solid #ddd'>2XL</td><td style='padding:4px 12px;border:1px solid #ddd'>48 * 45 cm</td></tr><tr><td style='padding:4px 12px;border:1px solid #ddd'>3XL</td><td style='padding:4px 12px;border:1px solid #ddd'>47 * 49 cm</td></tr><tr><td style='padding:4px 12px;border:1px solid #ddd'>4</td><td style='padding:4px 12px;border:1px solid #ddd'>25,5 * 25 cm</td></tr><tr><td style='padding:4px 12px;border:1px solid #ddd'>6</td><td style='padding:4px 12px;border:1px solid #ddd'>27,5 * 32 cm</td></tr><tr><td style='padding:4px 12px;border:1px solid #ddd'>8</td><td style='padding:4px 12px;border:1px solid #ddd'>29,5 * 35,5 cm</td></tr><tr><td style='padding:4px 12px;border:1px solid #ddd'>10</td><td style='padding:4px 12px;border:1px solid #ddd'>30,5 * 39 cm</td></tr><tr><td style='padding:4px 12px;border:1px solid #ddd'>12</td><td style='padding:4px 12px;border:1px solid #ddd'>32,5 * 40 cm</td></tr><tr><td style='padding:4px 12px;border:1px solid #ddd'>14</td><td style='padding:4px 12px;border:1px solid #ddd'>34 * 41 cm</td></tr></table>",taxable,1,0,0,,Pantaloni scurţi,MUSAI,"https://static.musaibrand.com/images/models/0205-K/model/large/0205-K_01_1_1.jpg,https://static.musaibrand.com/images/models/0205-K/model/large/0205-K_02_1_1.jpg,https://static.musaibrand.com/images/models/0205-K/model/large/0205-K_55_1_1.jpg,https://static.musaibrand.com/images/models/0205-K/model/large/0205-K_01_2_1.jpg,https://static.musaibrand.com/images/models/0205-K/model/large/0205-K_02_2_1.jpg,https://static.musaibrand.com/images/models/0205-K/model/large/0205-K_55_2_1.jpg",,0,Size,"XS, S, M, L, XL, 2XL, 3XL, 4, 6, 8, 10, 12, 14",1,1,,Color,"Alb, Negru, Albastru marin",1,1,,Gender,Unisex,1,1,,Dimensiuni,"[36cm]·[43cm], [37cm]·[44cm], [39cm]·[45cm], [41cm]·[46cm], [47cm]·[43cm], [48cm]·[45cm], [47cm]·[49cm], [25.5cm]·[25cm], [27.5cm]·[32cm], [29.5cm]·[35.5cm], [30.5cm]·[39cm], [32.5cm]·[40cm], [34cm]·[41cm]",1,0,,,
variation,MU02050001-K,,1,0,visible,,Dimensiuni: 36 * 43 cm,taxable,1,0,0,94.5,,,https://static.musaibrand.com/images/models/0205-K/model/large/0205-K_01_2_1.jpg,MU0205-K,1,Size,XS,,1,,Color,Alb,,1,,,,,,,,,,,,[36cm]·[43cm],8435782511697
variation,MU02050101-K,,1,0,visible,,Dimensiuni: 37 * 44 cm,taxable,1,0,0,94.5,,,https://static.musaibrand.com/images/models/0205-K/model/large/0205-K_01_2_1.jpg,MU0205-K,2,Size,S,,1,,Color,Alb,,1,,,,,,,,,,,,[37cm]·[44cm],8435782511727
variation,MU02050201-K,,1,0,visible,,Dimensiuni: 39 * 45 cm,taxable,1,0,0,94.5,,,https://static.musaibrand.com/images/models/0205-K/model/large/0205-K_01_2_1.jpg,MU0205-K,3,Size,M,,1,,Color,Alb,,1,,,,,,,,,,,,[39cm]·[45cm],8435782511758
variation,MU02050301-K,,1,0,visible,,Dimensiuni: 41 * 46 cm,taxable,1,0,0,94.5,,,https://static.musaibrand.com/images/models/0205-K/model/large/0205-K_01_2_1.jpg,MU0205-K,4,Size,L,,1,,Color,Alb,,1,,,,,,,,,,,,[41cm]·[46cm],8435782511789
variation,MU02050401-K,,1,0,visible,,Dimensiuni: 47 * 43 cm,taxable,1,0,0,94.5,,,https://static.musaibrand.com/images/models/0205-K/model/large/0205-K_01_2_1.jpg,MU0205-K,5,Size,XL,,1,,Color,Alb,,1,,,,,,,,,,,,[47cm]·[43cm],8435782511819
variation,MU02050501-K,,1,0,visible,,Dimensiuni: 48 * 45 cm,taxable,1,0,0,94.5,,,https://static.musaibrand.com/images/models/0205-K/model/large/0205-K_01_2_1.jpg,MU0205-K,6,Size,2XL,,1,,Color,Alb,,1,,,,,,,,,,,,[48cm]·[45cm],8435782511840
variation,MU02050601-K,,1,0,visible,,Dimensiuni: 47 * 49 cm,taxable,1,0,0,94.5,,,https://static.musaibrand.com/images/models/0205-K/model/large/0205-K_01_2_1.jpg,MU0205-K,7,Size,3XL,,1,,Color,Alb,,1,,,,,,,,,,,,[47cm]·[49cm],8435782511871
variation,MU02052201-K,,1,0,visible,,"Dimensiuni: 25,5 * 25 cm",taxable,1,0,0,94.5,,,https://static.musaibrand.com/images/models/0205-K/model/large/0205-K_01_2_1.jpg,MU0205-K,8,Size,4,,1,,Color,Alb,,1,,,,,,,,,,,,"[25,5cm]·[25cm]",8435782511901
variation,MU02052401-K,,1,0,visible,,"Dimensiuni: 27,5 * 32 cm",taxable,1,0,0,94.5,,,https://static.musaibrand.com/images/models/0205-K/model/large/0205-K_01_2_1.jpg,MU0205-K,9,Size,6,,1,,Color,Alb,,1,,,,,,,,,,,,"[27,5cm]·[32cm]",8435782511932
variation,MU02052501-K,,1,0,visible,,"Dimensiuni: 29,5 * 35,5 cm",taxable,1,0,0,94.5,,,https://static.musaibrand.com/images/models/0205-K/model/large/0205-K_01_2_1.jpg,MU0205-K,10,Size,8,,1,,Color,Alb,,1,,,,,,,,,,,,"[29,5cm]·[35,5cm]",8435782511963
variation,MU02052601-K,,1,0,visible,,"Dimensiuni: 30,5 * 39 cm",taxable,1,0,0,94.5,,,https://static.musaibrand.com/images/models/0205-K/model/large/0205-K_01_2_1.jpg,MU0205-K,11,Size,10,,1,,Color,Alb,,1,,,,,,,,,,,,"[30,5cm]·[39cm]",8435782511994
variation,MU02052701-K,,1,0,visible,,"Dimensiuni: 32,5 * 40 cm",taxable,1,0,0,94.5,,,https://static.musaibrand.com/images/models/0205-K/model/large/0205-K_01_2_1.jpg,MU0205-K,12,Size,12,,1,,Color,Alb,,1,,,,,,,,,,,,"[32,5cm]·[40cm]",8435782512021
variation,MU02052801-K,,1,0,visible,,Dimensiuni: 34 * 41 cm,taxable,1,0,0,94.5,,,https://static.musaibrand.com/images/models/0205-K/model/large/0205-K_01_2_1.jpg,MU0205-K,13,Size,14,,1,,Color,Alb,,1,,,,,,,,,,,,[34cm]·[41cm],8435782512052
variation,MU02050002-K,,1,0,visible,,Dimensiuni: 36 * 43 cm,taxable,1,0,0,94.5,,,https://static.musaibrand.com/images/models/0205-K/model/large/0205-K_02_2_1.jpg,MU0205-K,14,Size,XS,,1,,Color,Negru,,1,,,,,,,,,,,,[36cm]·[43cm],8435782511703
variation,MU02050102-K,,1,0,visible,,Dimensiuni: 37 * 44 cm,taxable,1,0,0,94.5,,,https://static.musaibrand.com/images/models/0205-K/model/large/0205-K_02_2_1.jpg,MU0205-K,15,Size,S,,1,,Color,Negru,,1,,,,,,,,,,,,[37cm]·[44cm],8435782511734
variation,MU02050202-K,,1,0,visible,,Dimensiuni: 39 * 45 cm,taxable,1,0,0,94.5,,,https://static.musaibrand.com/images/models/0205-K/model/large/0205-K_02_2_1.jpg,MU0205-K,16,Size,M,,1,,Color,Negru,,1,,,,,,,,,,,,[39cm]·[45cm],8435782511765
variation,MU02050302-K,,1,0,visible,,Dimensiuni: 41 * 46 cm,taxable,1,0,0,94.5,,,https://static.musaibrand.com/images/models/0205-K/model/large/0205-K_02_2_1.jpg,MU0205-K,17,Size,L,,1,,Color,Negru,,1,,,,,,,,,,,,[41cm]·[46cm],8435782511796
variation,MU02050402-K,,1,0,visible,,Dimensiuni: 47 * 43 cm,taxable,1,0,0,94.5,,,https://static.musaibrand.com/images/models/0205-K/model/large/0205-K_02_2_1.jpg,MU0205-K,18,Size,XL,,1,,Color,Negru,,1,,,,,,,,,,,,[47cm]·[43cm],8435782511826
variation,MU02050502-K,,1,0,visible,,Dimensiuni: 48 * 45 cm,taxable,1,0,0,94.5,,,https://static.musaibrand.com/images/models/0205-K/model/large/0205-K_02_2_1.jpg,MU0205-K,19,Size,2XL,,1,,Color,Negru,,1,,,,,,,,,,,,[48cm]·[45cm],8435782511857
variation,MU02050602-K,,1,0,visible,,Dimensiuni: 47 * 49 cm,taxable,1,0,0,94.5,,,https://static.musaibrand.com/images/models/0205-K/model/large/0205-K_02_2_1.jpg,MU0205-K,20,Size,3XL,,1,,Color,Negru,,1,,,,,,,,,,,,[47cm]·[49cm],8435782511888
variation,MU02052202-K,,1,0,visible,,"Dimensiuni: 25,5 * 25 cm",taxable,1,0,0,94.5,,,https://static.musaibrand.com/images/models/0205-K/model/large/0205-K_02_2_1.jpg,MU0205-K,21,Size,4,,1,,Color,Negru,,1,,,,,,,,,,,,"[25,5cm]·[25cm]",8435782511918
variation,MU02052402-K,,1,0,visible,,"Dimensiuni: 27,5 * 32 cm",taxable,1,0,0,94.5,,,https://static.musaibrand.com/images/models/0205-K/model/large/0205-K_02_2_1.jpg,MU0205-K,22,Size,6,,1,,Color,Negru,,1,,,,,,,,,,,,"[27,5cm]·[32cm]",8435782511949
variation,MU02052502-K,,1,0,visible,,"Dimensiuni: 29,5 * 35,5 cm",taxable,1,0,0,94.5,,,https://static.musaibrand.com/images/models/0205-K/model/large/0205-K_02_2_1.jpg,MU0205-K,23,Size,8,,1,,Color,Negru,,1,,,,,,,,,,,,"[29,5cm]·[35,5cm]",8435782511970
variation,MU02052602-K,,1,0,visible,,"Dimensiuni: 30,5 * 39 cm",taxable,1,0,0,94.5,,,https://static.musaibrand.com/images/models/0205-K/model/large/0205-K_02_2_1.jpg,MU0205-K,24,Size,10,,1,,Color,Negru,,1,,,,,,,,,,,,"[30,5cm]·[39cm]",8435782512007
variation,MU02052702-K,,1,0,visible,,"Dimensiuni: 32,5 * 40 cm",taxable,1,0,0,94.5,,,https://static.musaibrand.com/images/models/0205-K/model/large/0205-K_02_2_1.jpg,MU0205-K,25,Size,12,,1,,Color,Negru,,1,,,,,,,,,,,,"[32,5cm]·[40cm]",8435782512038
variation,MU02052802-K,,1,0,visible,,Dimensiuni: 34 * 41 cm,taxable,1,0,0,94.5,,,https://static.musaibrand.com/images/models/0205-K/model/large/0205-K_02_2_1.jpg,MU0205-K,26,Size,14,,1,,Color,Negru,,1,,,,,,,,,,,,[34cm]·[41cm],8435782512069
variation,MU02050055-K,,1,0,visible,,Dimensiuni: 36 * 43 cm,taxable,1,0,0,94.5,,,https://static.musaibrand.com/images/models/0205-K/model/large/0205-K_55_2_1.jpg,MU0205-K,27,Size,XS,,1,,Color,Albastru marin,,1,,,,,,,,,,,,[36cm]·[43cm],8435782511710
variation,MU02050155-K,,1,0,visible,,Dimensiuni: 37 * 44 cm,taxable,1,0,0,94.5,,,https://static.musaibrand.com/images/models/0205-K/model/large/0205-K_55_2_1.jpg,MU0205-K,28,Size,S,,1,,Color,Albastru marin,,1,,,,,,,,,,,,[37cm]·[44cm],8435782511741
variation,MU02050255-K,,1,0,visible,,Dimensiuni: 39 * 45 cm,taxable,1,0,0,94.5,,,https://static.musaibrand.com/images/models/0205-K/model/large/0205-K_55_2_1.jpg,MU0205-K,29,Size,M,,1,,Color,Albastru marin,,1,,,,,,,,,,,,[39cm]·[45cm],8435782511772
variation,MU02050355-K,,1,0,visible,,Dimensiuni: 41 * 46 cm,taxable,1,0,0,94.5,,,https://static.musaibrand.com/images/models/0205-K/model/large/0205-K_55_2_1.jpg,MU0205-K,30,Size,L,,1,,Color,Albastru marin,,1,,,,,,,,,,,,[41cm]·[46cm],8435782511802
variation,MU02050455-K,,1,0,visible,,Dimensiuni: 47 * 43 cm,taxable,1,0,0,94.5,,,https://static.musaibrand.com/images/models/0205-K/model/large/0205-K_55_2_1.jpg,MU0205-K,31,Size,XL,,1,,Color,Albastru marin,,1,,,,,,,,,,,,[47cm]·[43cm],8435782511833
variation,MU02050555-K,,1,0,visible,,Dimensiuni: 48 * 45 cm,taxable,1,0,0,94.5,,,https://static.musaibrand.com/images/models/0205-K/model/large/0205-K_55_2_1.jpg,MU0205-K,32,Size,2XL,,1,,Color,Albastru marin,,1,,,,,,,,,,,,[48cm]·[45cm],8435782511864
variation,MU02050655-K,,1,0,visible,,Dimensiuni: 47 * 49 cm,taxable,1,0,0,94.5,,,https://static.musaibrand.com/images/models/0205-K/model/large/0205-K_55_2_1.jpg,MU0205-K,33,Size,3XL,,1,,Color,Albastru marin,,1,,,,,,,,,,,,[47cm]·[49cm],8435782511895
variation,MU02052255-K,,1,0,visible,,"Dimensiuni: 25,5 * 25 cm",taxable,1,0,0,94.5,,,https://static.musaibrand.com/images/models/0205-K/model/large/0205-K_55_2_1.jpg,MU0205-K,34,Size,4,,1,,Color,Albastru marin,,1,,,,,,,,,,,,"[25,5cm]·[25cm]",8435782511925
variation,MU02052455-K,,1,0,visible,,"Dimensiuni: 27,5 * 32 cm",taxable,1,0,0,94.5,,,https://static.musaibrand.com/images/models/0205-K/model/large/0205-K_55_2_1.jpg,MU0205-K,35,Size,6,,1,,Color,Albastru marin,,1,,,,,,,,,,,,"[27,5cm]·[32cm]",8435782511956
variation,MU02052555-K,,1,0,visible,,"Dimensiuni: 29,5 * 35,5 cm",taxable,1,0,0,94.5,,,https://static.musaibrand.com/images/models/0205-K/model/large/0205-K_55_2_1.jpg,MU0205-K,36,Size,8,,1,,Color,Albastru marin,,1,,,,,,,,,,,,"[29,5cm]·[35,5cm]",8435782511987
variation,MU02052655-K,,1,0,visible,,"Dimensiuni: 30,5 * 39 cm",taxable,1,0,0,94.5,,,https://static.musaibrand.com/images/models/0205-K/model/large/0205-K_55_2_1.jpg,MU0205-K,37,Size,10,,1,,Color,Albastru marin,,1,,,,,,,,,,,,"[30,5cm]·[39cm]",8435782512014
variation,MU02052755-K,,1,0,visible,,"Dimensiuni: 32,5 * 40 cm",taxable,1,0,0,94.5,,,https://static.musaibrand.com/images/models/0205-K/model/large/0205-K_55_2_1.jpg,MU0205-K,38,Size,12,,1,,Color,Albastru marin,,1,,,,,,,,,,,,"[32,5cm]·[40cm]",8435782512045
variation,MU02052855-K,,1,0,visible,,Dimensiuni: 34 * 41 cm,taxable,1,0,0,94.5,,,https://static.musaibrand.com/images/models/0205-K/model/large/0205-K_55_2_1.jpg,MU0205-K,39,Size,14,,1,,Color,Albastru marin,,1,,,,,,,,,,,,[34cm]·[41cm],8435782512076
