Type,SKU,Name,Published,Is featured?,Visibility in catalog,Short description,Description,Tax status,In stock?,Backorders allowed?,Sold individually?,Regular price,Categories,Tags,Images,Parent,Position,Attribute 1 name,Attribute 1 value(s),Attribute 1 visible,Attribute 1 global,Attribute 1 default,Attribute 2 name,Attribute 2 value(s),Attribute 2 visible,Attribute 2 global,Attribute 2 default,Attribute 3 name,Attribute 3 value(s),Attribute 3 visible,Attribute 3 global,Attribute 3 default,Attribute 4 name,Attribute 4 value(s),Attribute 4 visible,Attribute 4 global,Attribute 4 default,Meta: dimensions,Meta: ean
variable,MU0100,Tricou - Mawi,1,0,visible,,"<p>Tricou tehnic unisex cu mâneci scurte și guler rotund, din poliester reciclat.                                         <br>· Wicking <br>· Breathable</p><p><strong>Compoziție:</strong> 100% poliester interlock reciclat</p><p><br>· Guler rotund cu 1,5 cm material propriu fără cusături externe.                                                                                                                           Bandă  elastică pentru acoperirea cusăturilor la guler.<br>· Finisaje cu cusături plate.<br>· Detaliu cu logo imprimat în zona pieptului.</p><h4>Dimensiuni</h4><table style='border-collapse:collapse;margin:8px 0'><tr><th style='padding:4px 12px;border:1px solid #ddd;text-align:left'>Mărime</th><th style='padding:4px 12px;border:1px solid #ddd;text-align:left'>Dimensiuni</th></tr><tr><td style='padding:4px 12px;border:1px solid #ddd'>XS</td><td style='padding:4px 12px;border:1px solid #ddd'>47 * 68 cm</td></tr><tr><td style='padding:4px 12px;border:1px solid #ddd'>S</td><td style='padding:4px 12px;border:1px solid #ddd'>50 * 70 cm</td></tr><tr><td style='padding:4px 12px;border:1px solid #ddd'>M</td><td style='padding:4px 12px;border:1px solid #ddd'>53 * 72 cm</td></tr><tr><td style='padding:4px 12px;border:1px solid #ddd'>L</td><td style='padding:4px 12px;border:1px solid #ddd'>56 * 73 cm</td></tr><tr><td style='padding:4px 12px;border:1px solid #ddd'>XL</td><td style='padding:4px 12px;border:1px solid #ddd'>59 * 74 cm</td></tr><tr><td style='padding:4px 12px;border:1px solid #ddd'>2XL</td><td style='padding:4px 12px;border:1px solid #ddd'>62 * 76 cm</td></tr><tr><td style='padding:4px 12px;border:1px solid #ddd'>3XL</td><td style='padding:4px 12px;border:1px solid #ddd'>65 * 79 cm</td></tr><tr><td style='padding:4px 12px;border:1px solid #ddd'>4/6</td><td style='padding:4px 12px;border:1px solid #ddd'>34 * 48 cm</td></tr><tr><td style='padding:4px 12px;border:1px solid #ddd'>8/10</td><td style='padding:4px 12px;border:1px solid #ddd'>40 * 55 cm</td></tr><tr><td style='padding:4px 12px;border:1px solid #ddd'>12/14</td><td style='padding:4px 12px;border:1px solid #ddd'>45 * 63 cm</td></tr></table>",taxable,1,0,0,,Tricouri și tricouri polo,MUSAI,"https://static.musaibrand.com/images/models/0100/model/large/0100_01_1_1.jpg,https://static.musaibrand.com/images/models/0100/model/large/0100_02_1_1.jpg,https://static.musaibrand.com/images/models/0100/model/large/0100_03_1_1.jpg,https://static.musaibrand.com/images/models/0100/model/large/0100_05_1_1.jpg,https://static.musaibrand.com/images/models/0100/model/large/0100_10_1_1.jpg,https://static.musaibrand.com/images/models/0100/model/large/0100_176_1_1.jpg,https://static.musaibrand.com/images/models/0100/model/large/0100_221_1_1.jpg,https://static.musaibrand.com/images/models/0100/model/large/0100_222_1_1.jpg,https://static.musaibrand.com/images/models/0100/model/large/0100_223_1_1.jpg,https://static.musaibrand.com/images/models/0100/model/large/0100_226_1_1.jpg,https://static.musaibrand.com/images/models/0100/model/large/0100_258_1_1.jpg,https://static.musaibrand.com/images/models/0100/model/large/0100_34_1_1.jpg,https://static.musaibrand.com/images/models/0100/model/large/0100_55_1_1.jpg,https://static.musaibrand.com/images/models/0100/model/large/0100_60_1_1.jpg,https://static.musaibrand.com/images/models/0100/model/large/0100_64_1_1.jpg,https://static.musaibrand.com/images/models/0100/model/large/0100_01_2_1.jpg,https://static.musaibrand.com/images/models/0100/model/large/0100_02_2_1.jpg,https://static.musaibrand.com/images/models/0100/model/large/0100_03_2_1.jpg,https://static.musaibrand.com/images/models/0100/model/large/0100_05_2_1.jpg,https://static.musaibrand.com/images/models/0100/model/large/0100_10_2_1.jpg,https://static.musaibrand.com/images/models/0100/model/large/0100_176_2_1.jpg,https://static.musaibrand.com/images/models/0100/model/large/0100_221_2_1.jpg,https://static.musaibrand.com/images/models/0100/model/large/0100_222_2_1.jpg,https://static.musaibrand.com/images/models/0100/model/large/0100_223_2_1.jpg,https://static.musaibrand.com/images/models/0100/model/large/0100_226_2_1.jpg,https://static.musaibrand.com/images/models/0100/model/large/0100_258_2_1.jpg,https://static.musaibrand.com/images/models/0100/model/large/0100_34_2_1.jpg,https://static.musaibrand.com/images/models/0100/model/large/0100_55_2_1.jpg,https://static.musaibrand.com/images/models/0100/model/large/0100_60_2_1.jpg,https://static.musaibrand.com/images/models/0100/model/large/0100_64_2_1.jpg",,0,Size,"XS, S, M, L, XL, 2XL, 3XL, 4/6, 8/10, 12/14",1,1,,Color,"Alb, Negru, Galben, Albastru regal, Sky blue, Fluor turcoaz, Galben fluor, Fluor verde, Fluor portocaliu, Fern Green, Gri deschis, Gum Pink, Albastru marin, ROȘU, Burgundy",1,1,,Gender,Bărbat,1,1,,Dimensiuni,"[47cm]·[68cm], [50cm]·[70cm], [53cm]·[72cm], [56cm]·[73cm], [59cm]·[74cm], [62cm]·[76cm], [65cm]·[79cm], [34cm]·[48cm], [40cm]·[55cm], [45cm]·[63cm]",1,0,,,
variation,MU01000001,,1,0,visible,,Dimensiuni: 47 * 68 cm,taxable,1,0,0,51.9,,,https://static.musaibrand.com/images/models/0100/model/large/0100_01_2_1.jpg,MU0100,1,Size,XS,,1,,Color,Alb,,1,,,,,,,,,,,,[47cm]·[68cm],8435782500073
variation,MU01000101,,1,0,visible,,Dimensiuni: 50 * 70 cm,taxable,1,0,0,51.9,,,https://static.musaibrand.com/images/models/0100/model/large/0100_01_2_1.jpg,MU0100,2,Size,S,,1,,Color,Alb,,1,,,,,,,,,,,,[50cm]·[70cm],8435782500219
variation,MU01000201,,1,0,visible,,Dimensiuni: 53 * 72 cm,taxable,1,0,0,51.9,,,https://static.musaibrand.com/images/models/0100/model/large/0100_01_2_1.jpg,MU0100,3,Size,M,,1,,Color,Alb,,1,,,,,,,,,,,,[53cm]·[72cm],8435782500356
variation,MU01000301,,1,0,visible,,Dimensiuni: 56 * 73 cm,taxable,1,0,0,51.9,,,https://static.musaibrand.com/images/models/0100/model/large/0100_01_2_1.jpg,MU0100,4,Size,L,,1,,Color,Alb,,1,,,,,,,,,,,,[56cm]·[73cm],8435782500493
variation,MU01000401,,1,0,visible,,Dimensiuni: 59 * 74 cm,taxable,1,0,0,51.9,,,https://static.musaibrand.com/images/models/0100/model/large/0100_01_2_1.jpg,MU0100,5,Size,XL,,1,,Color,Alb,,1,,,,,,,,,,,,[59cm]·[74cm],8435782500639
variation,MU01000501,,1,0,visible,,Dimensiuni: 62 * 76 cm,taxable,1,0,0,51.9,,,https://static.musaibrand.com/images/models/0100/model/large/0100_01_2_1.jpg,MU0100,6,Size,2XL,,1,,Color,Alb,,1,,,,,,,,,,,,[62cm]·[76cm],8435782500776
variation,MU01000601,,1,0,visible,,Dimensiuni: 65 * 79 cm,taxable,1,0,0,51.9,,,https://static.musaibrand.com/images/models/0100/model/large/0100_01_2_1.jpg,MU0100,7,Size,3XL,,1,,Color,Alb,,1,,,,,,,,,,,,[65cm]·[79cm],8435782500912
variation,MU01007501,,1,0,visible,,Dimensiuni: 34 * 48 cm,taxable,1,0,0,51.9,,,https://static.musaibrand.com/images/models/0100/model/large/0100_01_2_1.jpg,MU0100,8,Size,4/6,,1,,Color,Alb,,1,,,,,,,,,,,,[34cm]·[48cm],8435782501056
variation,MU01007601,,1,0,visible,,Dimensiuni: 40 * 55 cm,taxable,1,0,0,51.9,,,https://static.musaibrand.com/images/models/0100/model/large/0100_01_2_1.jpg,MU0100,9,Size,8/10,,1,,Color,Alb,,1,,,,,,,,,,,,[40cm]·[55cm],8435782501193
variation,MU01007701,,1,0,visible,,Dimensiuni: 45 * 63 cm,taxable,1,0,0,51.9,,,https://static.musaibrand.com/images/models/0100/model/large/0100_01_2_1.jpg,MU0100,10,Size,12/14,,1,,Color,Alb,,1,,,,,,,,,,,,[45cm]·[63cm],8435782501339
variation,MU01000002,,1,0,visible,,Dimensiuni: 47 * 68 cm,taxable,1,0,0,51.9,,,https://static.musaibrand.com/images/models/0100/model/large/0100_02_2_1.jpg,MU0100,11,Size,XS,,1,,Color,Negru,,1,,,,,,,,,,,,[47cm]·[68cm],8435782500080
variation,MU01000102,,1,0,visible,,Dimensiuni: 50 * 70 cm,taxable,1,0,0,51.9,,,https://static.musaibrand.com/images/models/0100/model/large/0100_02_2_1.jpg,MU0100,12,Size,S,,1,,Color,Negru,,1,,,,,,,,,,,,[50cm]·[70cm],8435782500226
variation,MU01000202,,1,0,visible,,Dimensiuni: 53 * 72 cm,taxable,1,0,0,51.9,,,https://static.musaibrand.com/images/models/0100/model/large/0100_02_2_1.jpg,MU0100,13,Size,M,,1,,Color,Negru,,1,,,,,,,,,,,,[53cm]·[72cm],8435782500363
variation,MU01000302,,1,0,visible,,Dimensiuni: 56 * 73 cm,taxable,1,0,0,51.9,,,https://static.musaibrand.com/images/models/0100/model/large/0100_02_2_1.jpg,MU0100,14,Size,L,,1,,Color,Negru,,1,,,,,,,,,,,,[56cm]·[73cm],8435782500509
variation,MU01000402,,1,0,visible,,Dimensiuni: 59 * 74 cm,taxable,1,0,0,51.9,,,https://static.musaibrand.com/images/models/0100/model/large/0100_02_2_1.jpg,MU0100,15,Size,XL,,1,,Color,Negru,,1,,,,,,,,,,,,[59cm]·[74cm],8435782500646
variation,MU01000502,,1,0,visible,,Dimensiuni: 62 * 76 cm,taxable,1,0,0,51.9,,,https://static.musaibrand.com/images/models/0100/model/large/0100_02_2_1.jpg,MU0100,16,Size,2XL,,1,,Color,Negru,,1,,,,,,,,,,,,[62cm]·[76cm],8435782500783
variation,MU01000602,,1,0,visible,,Dimensiuni: 65 * 79 cm,taxable,1,0,0,51.9,,,https://static.musaibrand.com/images/models/0100/model/large/0100_02_2_1.jpg,MU0100,17,Size,3XL,,1,,Color,Negru,,1,,,,,,,,,,,,[65cm]·[79cm],8435782500929
variation,MU01007502,,1,0,visible,,Dimensiuni: 34 * 48 cm,taxable,1,0,0,51.9,,,https://static.musaibrand.com/images/models/0100/model/large/0100_02_2_1.jpg,MU0100,18,Size,4/6,,1,,Color,Negru,,1,,,,,,,,,,,,[34cm]·[48cm],8435782501063
variation,MU01007602,,1,0,visible,,Dimensiuni: 40 * 55 cm,taxable,1,0,0,51.9,,,https://static.musaibrand.com/images/models/0100/model/large/0100_02_2_1.jpg,MU0100,19,Size,8/10,,1,,Color,Negru,,1,,,,,,,,,,,,[40cm]·[55cm],8435782501209
variation,MU01007702,,1,0,visible,,Dimensiuni: 45 * 63 cm,taxable,1,0,0,51.9,,,https://static.musaibrand.com/images/models/0100/model/large/0100_02_2_1.jpg,MU0100,20,Size,12/14,,1,,Color,Negru,,1,,,,,,,,,,,,[45cm]·[63cm],8435782501346
variation,MU01000003,,1,0,visible,,Dimensiuni: 47 * 68 cm,taxable,1,0,0,51.9,,,https://static.musaibrand.com/images/models/0100/model/large/0100_03_2_1.jpg,MU0100,21,Size,XS,,1,,Color,Galben,,1,,,,,,,,,,,,[47cm]·[68cm],8435782500097
variation,MU01000103,,1,0,visible,,Dimensiuni: 50 * 70 cm,taxable,1,0,0,51.9,,,https://static.musaibrand.com/images/models/0100/model/large/0100_03_2_1.jpg,MU0100,22,Size,S,,1,,Color,Galben,,1,,,,,,,,,,,,[50cm]·[70cm],8435782500233
variation,MU01000203,,1,0,visible,,Dimensiuni: 53 * 72 cm,taxable,1,0,0,51.9,,,https://static.musaibrand.com/images/models/0100/model/large/0100_03_2_1.jpg,MU0100,23,Size,M,,1,,Color,Galben,,1,,,,,,,,,,,,[53cm]·[72cm],8435782500370
variation,MU01000303,,1,0,visible,,Dimensiuni: 56 * 73 cm,taxable,1,0,0,51.9,,,https://static.musaibrand.com/images/models/0100/model/large/0100_03_2_1.jpg,MU0100,24,Size,L,,1,,Color,Galben,,1,,,,,,,,,,,,[56cm]·[73cm],8435782500516
variation,MU01000403,,1,0,visible,,Dimensiuni: 59 * 74 cm,taxable,1,0,0,51.9,,,https://static.musaibrand.com/images/models/0100/model/large/0100_03_2_1.jpg,MU0100,25,Size,XL,,1,,Color,Galben,,1,,,,,,,,,,,,[59cm]·[74cm],8435782500653
variation,MU01000503,,1,0,visible,,Dimensiuni: 62 * 76 cm,taxable,1,0,0,51.9,,,https://static.musaibrand.com/images/models/0100/model/large/0100_03_2_1.jpg,MU0100,26,Size,2XL,,1,,Color,Galben,,1,,,,,,,,,,,,[62cm]·[76cm],8435782500790
variation,MU01000603,,1,0,visible,,Dimensiuni: 65 * 79 cm,taxable,1,0,0,51.9,,,https://static.musaibrand.com/images/models/0100/model/large/0100_03_2_1.jpg,MU0100,27,Size,3XL,,1,,Color,Galben,,1,,,,,,,,,,,,[65cm]·[79cm],8435782500936
variation,MU01007503,,1,0,visible,,Dimensiuni: 34 * 48 cm,taxable,1,0,0,51.9,,,https://static.musaibrand.com/images/models/0100/model/large/0100_03_2_1.jpg,MU0100,28,Size,4/6,,1,,Color,Galben,,1,,,,,,,,,,,,[34cm]·[48cm],8435782501070
variation,MU01007603,,1,0,visible,,Dimensiuni: 40 * 55 cm,taxable,1,0,0,51.9,,,https://static.musaibrand.com/images/models/0100/model/large/0100_03_2_1.jpg,MU0100,29,Size,8/10,,1,,Color,Galben,,1,,,,,,,,,,,,[40cm]·[55cm],8435782501216
variation,MU01007703,,1,0,visible,,Dimensiuni: 45 * 63 cm,taxable,1,0,0,51.9,,,https://static.musaibrand.com/images/models/0100/model/large/0100_03_2_1.jpg,MU0100,30,Size,12/14,,1,,Color,Galben,,1,,,,,,,,,,,,[45cm]·[63cm],8435782501353
variation,MU01000005,,1,0,visible,,Dimensiuni: 47 * 68 cm,taxable,1,0,0,51.9,,,https://static.musaibrand.com/images/models/0100/model/large/0100_05_2_1.jpg,MU0100,31,Size,XS,,1,,Color,Albastru regal,,1,,,,,,,,,,,,[47cm]·[68cm],8435782500103
variation,MU01000105,,1,0,visible,,Dimensiuni: 50 * 70 cm,taxable,1,0,0,51.9,,,https://static.musaibrand.com/images/models/0100/model/large/0100_05_2_1.jpg,MU0100,32,Size,S,,1,,Color,Albastru regal,,1,,,,,,,,,,,,[50cm]·[70cm],8435782500240
variation,MU01000205,,1,0,visible,,Dimensiuni: 53 * 72 cm,taxable,1,0,0,51.9,,,https://static.musaibrand.com/images/models/0100/model/large/0100_05_2_1.jpg,MU0100,33,Size,M,,1,,Color,Albastru regal,,1,,,,,,,,,,,,[53cm]·[72cm],8435782500387
variation,MU01000305,,1,0,visible,,Dimensiuni: 56 * 73 cm,taxable,1,0,0,51.9,,,https://static.musaibrand.com/images/models/0100/model/large/0100_05_2_1.jpg,MU0100,34,Size,L,,1,,Color,Albastru regal,,1,,,,,,,,,,,,[56cm]·[73cm],8435782500523
variation,MU01000405,,1,0,visible,,Dimensiuni: 59 * 74 cm,taxable,1,0,0,51.9,,,https://static.musaibrand.com/images/models/0100/model/large/0100_05_2_1.jpg,MU0100,35,Size,XL,,1,,Color,Albastru regal,,1,,,,,,,,,,,,[59cm]·[74cm],8435782500660
variation,MU01000505,,1,0,visible,,Dimensiuni: 62 * 76 cm,taxable,1,0,0,51.9,,,https://static.musaibrand.com/images/models/0100/model/large/0100_05_2_1.jpg,MU0100,36,Size,2XL,,1,,Color,Albastru regal,,1,,,,,,,,,,,,[62cm]·[76cm],8435782500806
variation,MU01000605,,1,0,visible,,Dimensiuni: 65 * 79 cm,taxable,1,0,0,51.9,,,https://static.musaibrand.com/images/models/0100/model/large/0100_05_2_1.jpg,MU0100,37,Size,3XL,,1,,Color,Albastru regal,,1,,,,,,,,,,,,[65cm]·[79cm],8435782500943
variation,MU01007505,,1,0,visible,,Dimensiuni: 34 * 48 cm,taxable,1,0,0,51.9,,,https://static.musaibrand.com/images/models/0100/model/large/0100_05_2_1.jpg,MU0100,38,Size,4/6,,1,,Color,Albastru regal,,1,,,,,,,,,,,,[34cm]·[48cm],8435782501087
variation,MU01007605,,1,0,visible,,Dimensiuni: 40 * 55 cm,taxable,1,0,0,51.9,,,https://static.musaibrand.com/images/models/0100/model/large/0100_05_2_1.jpg,MU0100,39,Size,8/10,,1,,Color,Albastru regal,,1,,,,,,,,,,,,[40cm]·[55cm],8435782501223
variation,MU01007705,,1,0,visible,,Dimensiuni: 45 * 63 cm,taxable,1,0,0,51.9,,,https://static.musaibrand.com/images/models/0100/model/large/0100_05_2_1.jpg,MU0100,40,Size,12/14,,1,,Color,Albastru regal,,1,,,,,,,,,,,,[45cm]·[63cm],8435782501360
variation,MU01000010,,1,0,visible,,Dimensiuni: 47 * 68 cm,taxable,1,0,0,51.9,,,https://static.musaibrand.com/images/models/0100/model/large/0100_10_2_1.jpg,MU0100,41,Size,XS,,1,,Color,Sky blue,,1,,,,,,,,,,,,[47cm]·[68cm],8435782500110
variation,MU01000110,,1,0,visible,,Dimensiuni: 50 * 70 cm,taxable,1,0,0,51.9,,,https://static.musaibrand.com/images/models/0100/model/large/0100_10_2_1.jpg,MU0100,42,Size,S,,1,,Color,Sky blue,,1,,,,,,,,,,,,[50cm]·[70cm],8435782500257
variation,MU01000210,,1,0,visible,,Dimensiuni: 53 * 72 cm,taxable,1,0,0,51.9,,,https://static.musaibrand.com/images/models/0100/model/large/0100_10_2_1.jpg,MU0100,43,Size,M,,1,,Color,Sky blue,,1,,,,,,,,,,,,[53cm]·[72cm],8435782500394
variation,MU01000310,,1,0,visible,,Dimensiuni: 56 * 73 cm,taxable,1,0,0,51.9,,,https://static.musaibrand.com/images/models/0100/model/large/0100_10_2_1.jpg,MU0100,44,Size,L,,1,,Color,Sky blue,,1,,,,,,,,,,,,[56cm]·[73cm],8435782500530
variation,MU01000410,,1,0,visible,,Dimensiuni: 59 * 74 cm,taxable,1,0,0,51.9,,,https://static.musaibrand.com/images/models/0100/model/large/0100_10_2_1.jpg,MU0100,45,Size,XL,,1,,Color,Sky blue,,1,,,,,,,,,,,,[59cm]·[74cm],8435782500677
variation,MU01000510,,1,0,visible,,Dimensiuni: 62 * 76 cm,taxable,1,0,0,51.9,,,https://static.musaibrand.com/images/models/0100/model/large/0100_10_2_1.jpg,MU0100,46,Size,2XL,,1,,Color,Sky blue,,1,,,,,,,,,,,,[62cm]·[76cm],8435782500813
variation,MU01000610,,1,0,visible,,Dimensiuni: 65 * 79 cm,taxable,1,0,0,51.9,,,https://static.musaibrand.com/images/models/0100/model/large/0100_10_2_1.jpg,MU0100,47,Size,3XL,,1,,Color,Sky blue,,1,,,,,,,,,,,,[65cm]·[79cm],8435782500950
variation,MU01007510,,1,0,visible,,Dimensiuni: 34 * 48 cm,taxable,1,0,0,51.9,,,https://static.musaibrand.com/images/models/0100/model/large/0100_10_2_1.jpg,MU0100,48,Size,4/6,,1,,Color,Sky blue,,1,,,,,,,,,,,,[34cm]·[48cm],8435782501094
variation,MU01007610,,1,0,visible,,Dimensiuni: 40 * 55 cm,taxable,1,0,0,51.9,,,https://static.musaibrand.com/images/models/0100/model/large/0100_10_2_1.jpg,MU0100,49,Size,8/10,,1,,Color,Sky blue,,1,,,,,,,,,,,,[40cm]·[55cm],8435782501230
variation,MU01007710,,1,0,visible,,Dimensiuni: 45 * 63 cm,taxable,1,0,0,51.9,,,https://static.musaibrand.com/images/models/0100/model/large/0100_10_2_1.jpg,MU0100,50,Size,12/14,,1,,Color,Sky blue,,1,,,,,,,,,,,,[45cm]·[63cm],8435782501377
variation,MU010000176,,1,0,visible,,Dimensiuni: 47 * 68 cm,taxable,1,0,0,51.9,,,https://static.musaibrand.com/images/models/0100/model/large/0100_176_2_1.jpg,MU0100,51,Size,XS,,1,,Color,Fluor turcoaz,,1,,,,,,,,,,,,[47cm]·[68cm],8435782500127
variation,MU010001176,,1,0,visible,,Dimensiuni: 50 * 70 cm,taxable,1,0,0,51.9,,,https://static.musaibrand.com/images/models/0100/model/large/0100_176_2_1.jpg,MU0100,52,Size,S,,1,,Color,Fluor turcoaz,,1,,,,,,,,,,,,[50cm]·[70cm],8435782500264
variation,MU010002176,,1,0,visible,,Dimensiuni: 53 * 72 cm,taxable,1,0,0,51.9,,,https://static.musaibrand.com/images/models/0100/model/large/0100_176_2_1.jpg,MU0100,53,Size,M,,1,,Color,Fluor turcoaz,,1,,,,,,,,,,,,[53cm]·[72cm],8435782500400
variation,MU010003176,,1,0,visible,,Dimensiuni: 56 * 73 cm,taxable,1,0,0,51.9,,,https://static.musaibrand.com/images/models/0100/model/large/0100_176_2_1.jpg,MU0100,54,Size,L,,1,,Color,Fluor turcoaz,,1,,,,,,,,,,,,[56cm]·[73cm],8435782500547
variation,MU010004176,,1,0,visible,,Dimensiuni: 59 * 74 cm,taxable,1,0,0,51.9,,,https://static.musaibrand.com/images/models/0100/model/large/0100_176_2_1.jpg,MU0100,55,Size,XL,,1,,Color,Fluor turcoaz,,1,,,,,,,,,,,,[59cm]·[74cm],8435782500684
variation,MU010005176,,1,0,visible,,Dimensiuni: 62 * 76 cm,taxable,1,0,0,51.9,,,https://static.musaibrand.com/images/models/0100/model/large/0100_176_2_1.jpg,MU0100,56,Size,2XL,,1,,Color,Fluor turcoaz,,1,,,,,,,,,,,,[62cm]·[76cm],8435782500820
variation,MU010006176,,1,0,visible,,Dimensiuni: 65 * 79 cm,taxable,1,0,0,51.9,,,https://static.musaibrand.com/images/models/0100/model/large/0100_176_2_1.jpg,MU0100,57,Size,3XL,,1,,Color,Fluor turcoaz,,1,,,,,,,,,,,,[65cm]·[79cm],8435782500967
variation,MU010075176,,1,0,visible,,Dimensiuni: 34 * 48 cm,taxable,1,0,0,51.9,,,https://static.musaibrand.com/images/models/0100/model/large/0100_176_2_1.jpg,MU0100,58,Size,4/6,,1,,Color,Fluor turcoaz,,1,,,,,,,,,,,,[34cm]·[48cm],8435782501100
variation,MU010076176,,1,0,visible,,Dimensiuni: 40 * 55 cm,taxable,1,0,0,51.9,,,https://static.musaibrand.com/images/models/0100/model/large/0100_176_2_1.jpg,MU0100,59,Size,8/10,,1,,Color,Fluor turcoaz,,1,,,,,,,,,,,,[40cm]·[55cm],8435782501247
variation,MU010077176,,1,0,visible,,Dimensiuni: 45 * 63 cm,taxable,1,0,0,51.9,,,https://static.musaibrand.com/images/models/0100/model/large/0100_176_2_1.jpg,MU0100,60,Size,12/14,,1,,Color,Fluor turcoaz,,1,,,,,,,,,,,,[45cm]·[63cm],8435782501384
variation,MU010000221,,1,0,visible,,Dimensiuni: 47 * 68 cm,taxable,1,0,0,51.9,,,https://static.musaibrand.com/images/models/0100/model/large/0100_221_2_1.jpg,MU0100,61,Size,XS,,1,,Color,Galben fluor,,1,,,,,,,,,,,,[47cm]·[68cm],8435782500134
variation,MU010001221,,1,0,visible,,Dimensiuni: 50 * 70 cm,taxable,1,0,0,51.9,,,https://static.musaibrand.com/images/models/0100/model/large/0100_221_2_1.jpg,MU0100,62,Size,S,,1,,Color,Galben fluor,,1,,,,,,,,,,,,[50cm]·[70cm],8435782500271
variation,MU010002221,,1,0,visible,,Dimensiuni: 53 * 72 cm,taxable,1,0,0,51.9,,,https://static.musaibrand.com/images/models/0100/model/large/0100_221_2_1.jpg,MU0100,63,Size,M,,1,,Color,Galben fluor,,1,,,,,,,,,,,,[53cm]·[72cm],8435782500417
variation,MU010003221,,1,0,visible,,Dimensiuni: 56 * 73 cm,taxable,1,0,0,51.9,,,https://static.musaibrand.com/images/models/0100/model/large/0100_221_2_1.jpg,MU0100,64,Size,L,,1,,Color,Galben fluor,,1,,,,,,,,,,,,[56cm]·[73cm],8435782500554
variation,MU010004221,,1,0,visible,,Dimensiuni: 59 * 74 cm,taxable,1,0,0,51.9,,,https://static.musaibrand.com/images/models/0100/model/large/0100_221_2_1.jpg,MU0100,65,Size,XL,,1,,Color,Galben fluor,,1,,,,,,,,,,,,[59cm]·[74cm],8435782500691
variation,MU010005221,,1,0,visible,,Dimensiuni: 62 * 76 cm,taxable,1,0,0,51.9,,,https://static.musaibrand.com/images/models/0100/model/large/0100_221_2_1.jpg,MU0100,66,Size,2XL,,1,,Color,Galben fluor,,1,,,,,,,,,,,,[62cm]·[76cm],8435782500837
variation,MU010006221,,1,0,visible,,Dimensiuni: 65 * 79 cm,taxable,1,0,0,51.9,,,https://static.musaibrand.com/images/models/0100/model/large/0100_221_2_1.jpg,MU0100,67,Size,3XL,,1,,Color,Galben fluor,,1,,,,,,,,,,,,[65cm]·[79cm],8435782500974
variation,MU010075221,,1,0,visible,,Dimensiuni: 34 * 48 cm,taxable,1,0,0,51.9,,,https://static.musaibrand.com/images/models/0100/model/large/0100_221_2_1.jpg,MU0100,68,Size,4/6,,1,,Color,Galben fluor,,1,,,,,,,,,,,,[34cm]·[48cm],8435782501117
variation,MU010076221,,1,0,visible,,Dimensiuni: 40 * 55 cm,taxable,1,0,0,51.9,,,https://static.musaibrand.com/images/models/0100/model/large/0100_221_2_1.jpg,MU0100,69,Size,8/10,,1,,Color,Galben fluor,,1,,,,,,,,,,,,[40cm]·[55cm],8435782501254
variation,MU010077221,,1,0,visible,,Dimensiuni: 45 * 63 cm,taxable,1,0,0,51.9,,,https://static.musaibrand.com/images/models/0100/model/large/0100_221_2_1.jpg,MU0100,70,Size,12/14,,1,,Color,Galben fluor,,1,,,,,,,,,,,,[45cm]·[63cm],8435782501391
variation,MU010000222,,1,0,visible,,Dimensiuni: 47 * 68 cm,taxable,1,0,0,51.9,,,https://static.musaibrand.com/images/models/0100/model/large/0100_222_2_1.jpg,MU0100,71,Size,XS,,1,,Color,Fluor verde,,1,,,,,,,,,,,,[47cm]·[68cm],8435782500141
variation,MU010001222,,1,0,visible,,Dimensiuni: 50 * 70 cm,taxable,1,0,0,51.9,,,https://static.musaibrand.com/images/models/0100/model/large/0100_222_2_1.jpg,MU0100,72,Size,S,,1,,Color,Fluor verde,,1,,,,,,,,,,,,[50cm]·[70cm],8435782500288
variation,MU010002222,,1,0,visible,,Dimensiuni: 53 * 72 cm,taxable,1,0,0,51.9,,,https://static.musaibrand.com/images/models/0100/model/large/0100_222_2_1.jpg,MU0100,73,Size,M,,1,,Color,Fluor verde,,1,,,,,,,,,,,,[53cm]·[72cm],8435782500424
variation,MU010003222,,1,0,visible,,Dimensiuni: 56 * 73 cm,taxable,1,0,0,51.9,,,https://static.musaibrand.com/images/models/0100/model/large/0100_222_2_1.jpg,MU0100,74,Size,L,,1,,Color,Fluor verde,,1,,,,,,,,,,,,[56cm]·[73cm],8435782500561
variation,MU010004222,,1,0,visible,,Dimensiuni: 59 * 74 cm,taxable,1,0,0,51.9,,,https://static.musaibrand.com/images/models/0100/model/large/0100_222_2_1.jpg,MU0100,75,Size,XL,,1,,Color,Fluor verde,,1,,,,,,,,,,,,[59cm]·[74cm],8435782500707
variation,MU010005222,,1,0,visible,,Dimensiuni: 62 * 76 cm,taxable,1,0,0,51.9,,,https://static.musaibrand.com/images/models/0100/model/large/0100_222_2_1.jpg,MU0100,76,Size,2XL,,1,,Color,Fluor verde,,1,,,,,,,,,,,,[62cm]·[76cm],8435782500844
variation,MU010006222,,1,0,visible,,Dimensiuni: 65 * 79 cm,taxable,1,0,0,51.9,,,https://static.musaibrand.com/images/models/0100/model/large/0100_222_2_1.jpg,MU0100,77,Size,3XL,,1,,Color,Fluor verde,,1,,,,,,,,,,,,[65cm]·[79cm],8435782500981
variation,MU010075222,,1,0,visible,,Dimensiuni: 34 * 48 cm,taxable,1,0,0,51.9,,,https://static.musaibrand.com/images/models/0100/model/large/0100_222_2_1.jpg,MU0100,78,Size,4/6,,1,,Color,Fluor verde,,1,,,,,,,,,,,,[34cm]·[48cm],8435782501124
variation,MU010076222,,1,0,visible,,Dimensiuni: 40 * 55 cm,taxable,1,0,0,51.9,,,https://static.musaibrand.com/images/models/0100/model/large/0100_222_2_1.jpg,MU0100,79,Size,8/10,,1,,Color,Fluor verde,,1,,,,,,,,,,,,[40cm]·[55cm],8435782501261
variation,MU010077222,,1,0,visible,,Dimensiuni: 45 * 63 cm,taxable,1,0,0,51.9,,,https://static.musaibrand.com/images/models/0100/model/large/0100_222_2_1.jpg,MU0100,80,Size,12/14,,1,,Color,Fluor verde,,1,,,,,,,,,,,,[45cm]·[63cm],8435782501407
variation,MU010000223,,1,0,visible,,Dimensiuni: 47 * 68 cm,taxable,1,0,0,51.9,,,https://static.musaibrand.com/images/models/0100/model/large/0100_223_2_1.jpg,MU0100,81,Size,XS,,1,,Color,Fluor portocaliu,,1,,,,,,,,,,,,[47cm]·[68cm],8435782500158
variation,MU010001223,,1,0,visible,,Dimensiuni: 50 * 70 cm,taxable,1,0,0,51.9,,,https://static.musaibrand.com/images/models/0100/model/large/0100_223_2_1.jpg,MU0100,82,Size,S,,1,,Color,Fluor portocaliu,,1,,,,,,,,,,,,[50cm]·[70cm],8435782500295
variation,MU010002223,,1,0,visible,,Dimensiuni: 53 * 72 cm,taxable,1,0,0,51.9,,,https://static.musaibrand.com/images/models/0100/model/large/0100_223_2_1.jpg,MU0100,83,Size,M,,1,,Color,Fluor portocaliu,,1,,,,,,,,,,,,[53cm]·[72cm],8435782500431
variation,MU010003223,,1,0,visible,,Dimensiuni: 56 * 73 cm,taxable,1,0,0,51.9,,,https://static.musaibrand.com/images/models/0100/model/large/0100_223_2_1.jpg,MU0100,84,Size,L,,1,,Color,Fluor portocaliu,,1,,,,,,,,,,,,[56cm]·[73cm],8435782500578
variation,MU010004223,,1,0,visible,,Dimensiuni: 59 * 74 cm,taxable,1,0,0,51.9,,,https://static.musaibrand.com/images/models/0100/model/large/0100_223_2_1.jpg,MU0100,85,Size,XL,,1,,Color,Fluor portocaliu,,1,,,,,,,,,,,,[59cm]·[74cm],8435782500714
variation,MU010005223,,1,0,visible,,Dimensiuni: 62 * 76 cm,taxable,1,0,0,51.9,,,https://static.musaibrand.com/images/models/0100/model/large/0100_223_2_1.jpg,MU0100,86,Size,2XL,,1,,Color,Fluor portocaliu,,1,,,,,,,,,,,,[62cm]·[76cm],8435782500851
variation,MU010006223,,1,0,visible,,Dimensiuni: 65 * 79 cm,taxable,1,0,0,51.9,,,https://static.musaibrand.com/images/models/0100/model/large/0100_223_2_1.jpg,MU0100,87,Size,3XL,,1,,Color,Fluor portocaliu,,1,,,,,,,,,,,,[65cm]·[79cm],8435782500998
variation,MU010075223,,1,0,visible,,Dimensiuni: 34 * 48 cm,taxable,1,0,0,51.9,,,https://static.musaibrand.com/images/models/0100/model/large/0100_223_2_1.jpg,MU0100,88,Size,4/6,,1,,Color,Fluor portocaliu,,1,,,,,,,,,,,,[34cm]·[48cm],8435782501131
variation,MU010076223,,1,0,visible,,Dimensiuni: 40 * 55 cm,taxable,1,0,0,51.9,,,https://static.musaibrand.com/images/models/0100/model/large/0100_223_2_1.jpg,MU0100,89,Size,8/10,,1,,Color,Fluor portocaliu,,1,,,,,,,,,,,,[40cm]·[55cm],8435782501278
variation,MU010077223,,1,0,visible,,Dimensiuni: 45 * 63 cm,taxable,1,0,0,51.9,,,https://static.musaibrand.com/images/models/0100/model/large/0100_223_2_1.jpg,MU0100,90,Size,12/14,,1,,Color,Fluor portocaliu,,1,,,,,,,,,,,,[45cm]·[63cm],8435782501414
variation,MU010000226,,1,0,visible,,Dimensiuni: 47 * 68 cm,taxable,1,0,0,51.9,,,https://static.musaibrand.com/images/models/0100/model/large/0100_226_2_1.jpg,MU0100,91,Size,XS,,1,,Color,Fern Green,,1,,,,,,,,,,,,[47cm]·[68cm],8435782528237
variation,MU010001226,,1,0,visible,,Dimensiuni: 50 * 70 cm,taxable,1,0,0,51.9,,,https://static.musaibrand.com/images/models/0100/model/large/0100_226_2_1.jpg,MU0100,92,Size,S,,1,,Color,Fern Green,,1,,,,,,,,,,,,[50cm]·[70cm],8435782528244
variation,MU010002226,,1,0,visible,,Dimensiuni: 53 * 72 cm,taxable,1,0,0,51.9,,,https://static.musaibrand.com/images/models/0100/model/large/0100_226_2_1.jpg,MU0100,93,Size,M,,1,,Color,Fern Green,,1,,,,,,,,,,,,[53cm]·[72cm],8435782528251
variation,MU010003226,,1,0,visible,,Dimensiuni: 56 * 73 cm,taxable,1,0,0,51.9,,,https://static.musaibrand.com/images/models/0100/model/large/0100_226_2_1.jpg,MU0100,94,Size,L,,1,,Color,Fern Green,,1,,,,,,,,,,,,[56cm]·[73cm],8435782528268
variation,MU010004226,,1,0,visible,,Dimensiuni: 59 * 74 cm,taxable,1,0,0,51.9,,,https://static.musaibrand.com/images/models/0100/model/large/0100_226_2_1.jpg,MU0100,95,Size,XL,,1,,Color,Fern Green,,1,,,,,,,,,,,,[59cm]·[74cm],8435782528275
variation,MU010005226,,1,0,visible,,Dimensiuni: 62 * 76 cm,taxable,1,0,0,51.9,,,https://static.musaibrand.com/images/models/0100/model/large/0100_226_2_1.jpg,MU0100,96,Size,2XL,,1,,Color,Fern Green,,1,,,,,,,,,,,,[62cm]·[76cm],8435782528282
variation,MU010006226,,1,0,visible,,Dimensiuni: 65 * 79 cm,taxable,1,0,0,51.9,,,https://static.musaibrand.com/images/models/0100/model/large/0100_226_2_1.jpg,MU0100,97,Size,3XL,,1,,Color,Fern Green,,1,,,,,,,,,,,,[65cm]·[79cm],8435782528299
variation,MU010075226,,1,0,visible,,Dimensiuni: 34 * 48 cm,taxable,1,0,0,51.9,,,https://static.musaibrand.com/images/models/0100/model/large/0100_226_2_1.jpg,MU0100,98,Size,4/6,,1,,Color,Fern Green,,1,,,,,,,,,,,,[34cm]·[48cm],8435782528305
variation,MU010076226,,1,0,visible,,Dimensiuni: 40 * 55 cm,taxable,1,0,0,51.9,,,https://static.musaibrand.com/images/models/0100/model/large/0100_226_2_1.jpg,MU0100,99,Size,8/10,,1,,Color,Fern Green,,1,,,,,,,,,,,,[40cm]·[55cm],8435782528312
variation,MU010077226,,1,0,visible,,Dimensiuni: 45 * 63 cm,taxable,1,0,0,51.9,,,https://static.musaibrand.com/images/models/0100/model/large/0100_226_2_1.jpg,MU0100,100,Size,12/14,,1,,Color,Fern Green,,1,,,,,,,,,,,,[45cm]·[63cm],8435782528329
variation,MU010000258,,1,0,visible,,Dimensiuni: 47 * 68 cm,taxable,1,0,0,51.9,,,https://static.musaibrand.com/images/models/0100/model/large/0100_258_2_1.jpg,MU0100,101,Size,XS,,1,,Color,Gri deschis,,1,,,,,,,,,,,,[47cm]·[68cm],8435782500165
variation,MU010001258,,1,0,visible,,Dimensiuni: 50 * 70 cm,taxable,1,0,0,51.9,,,https://static.musaibrand.com/images/models/0100/model/large/0100_258_2_1.jpg,MU0100,102,Size,S,,1,,Color,Gri deschis,,1,,,,,,,,,,,,[50cm]·[70cm],8435782500301
variation,MU010002258,,1,0,visible,,Dimensiuni: 53 * 72 cm,taxable,1,0,0,51.9,,,https://static.musaibrand.com/images/models/0100/model/large/0100_258_2_1.jpg,MU0100,103,Size,M,,1,,Color,Gri deschis,,1,,,,,,,,,,,,[53cm]·[72cm],8435782500448
variation,MU010003258,,1,0,visible,,Dimensiuni: 56 * 73 cm,taxable,1,0,0,51.9,,,https://static.musaibrand.com/images/models/0100/model/large/0100_258_2_1.jpg,MU0100,104,Size,L,,1,,Color,Gri deschis,,1,,,,,,,,,,,,[56cm]·[73cm],8435782500585
variation,MU010004258,,1,0,visible,,Dimensiuni: 59 * 74 cm,taxable,1,0,0,51.9,,,https://static.musaibrand.com/images/models/0100/model/large/0100_258_2_1.jpg,MU0100,105,Size,XL,,1,,Color,Gri deschis,,1,,,,,,,,,,,,[59cm]·[74cm],8435782500721
variation,MU010005258,,1,0,visible,,Dimensiuni: 62 * 76 cm,taxable,1,0,0,51.9,,,https://static.musaibrand.com/images/models/0100/model/large/0100_258_2_1.jpg,MU0100,106,Size,2XL,,1,,Color,Gri deschis,,1,,,,,,,,,,,,[62cm]·[76cm],8435782500868
variation,MU010006258,,1,0,visible,,Dimensiuni: 65 * 79 cm,taxable,1,0,0,51.9,,,https://static.musaibrand.com/images/models/0100/model/large/0100_258_2_1.jpg,MU0100,107,Size,3XL,,1,,Color,Gri deschis,,1,,,,,,,,,,,,[65cm]·[79cm],8435782501001
variation,MU010075258,,1,0,visible,,Dimensiuni: 34 * 48 cm,taxable,1,0,0,51.9,,,https://static.musaibrand.com/images/models/0100/model/large/0100_258_2_1.jpg,MU0100,108,Size,4/6,,1,,Color,Gri deschis,,1,,,,,,,,,,,,[34cm]·[48cm],8435782501148
variation,MU010076258,,1,0,visible,,Dimensiuni: 40 * 55 cm,taxable,1,0,0,51.9,,,https://static.musaibrand.com/images/models/0100/model/large/0100_258_2_1.jpg,MU0100,109,Size,8/10,,1,,Color,Gri deschis,,1,,,,,,,,,,,,[40cm]·[55cm],8435782501285
variation,MU010077258,,1,0,visible,,Dimensiuni: 45 * 63 cm,taxable,1,0,0,51.9,,,https://static.musaibrand.com/images/models/0100/model/large/0100_258_2_1.jpg,MU0100,110,Size,12/14,,1,,Color,Gri deschis,,1,,,,,,,,,,,,[45cm]·[63cm],8435782501421
variation,MU01000034,,1,0,visible,,Dimensiuni: 47 * 68 cm,taxable,1,0,0,51.9,,,https://static.musaibrand.com/images/models/0100/model/large/0100_34_2_1.jpg,MU0100,111,Size,XS,,1,,Color,Gum Pink,,1,,,,,,,,,,,,[47cm]·[68cm],8435782500172
variation,MU01000134,,1,0,visible,,Dimensiuni: 50 * 70 cm,taxable,1,0,0,51.9,,,https://static.musaibrand.com/images/models/0100/model/large/0100_34_2_1.jpg,MU0100,112,Size,S,,1,,Color,Gum Pink,,1,,,,,,,,,,,,[50cm]·[70cm],8435782500318
variation,MU01000234,,1,0,visible,,Dimensiuni: 53 * 72 cm,taxable,1,0,0,51.9,,,https://static.musaibrand.com/images/models/0100/model/large/0100_34_2_1.jpg,MU0100,113,Size,M,,1,,Color,Gum Pink,,1,,,,,,,,,,,,[53cm]·[72cm],8435782500455
variation,MU01000334,,1,0,visible,,Dimensiuni: 56 * 73 cm,taxable,1,0,0,51.9,,,https://static.musaibrand.com/images/models/0100/model/large/0100_34_2_1.jpg,MU0100,114,Size,L,,1,,Color,Gum Pink,,1,,,,,,,,,,,,[56cm]·[73cm],8435782500592
variation,MU01000434,,1,0,visible,,Dimensiuni: 59 * 74 cm,taxable,1,0,0,51.9,,,https://static.musaibrand.com/images/models/0100/model/large/0100_34_2_1.jpg,MU0100,115,Size,XL,,1,,Color,Gum Pink,,1,,,,,,,,,,,,[59cm]·[74cm],8435782500738
variation,MU01000534,,1,0,visible,,Dimensiuni: 62 * 76 cm,taxable,1,0,0,51.9,,,https://static.musaibrand.com/images/models/0100/model/large/0100_34_2_1.jpg,MU0100,116,Size,2XL,,1,,Color,Gum Pink,,1,,,,,,,,,,,,[62cm]·[76cm],8435782500875
variation,MU01000634,,1,0,visible,,Dimensiuni: 65 * 79 cm,taxable,1,0,0,51.9,,,https://static.musaibrand.com/images/models/0100/model/large/0100_34_2_1.jpg,MU0100,117,Size,3XL,,1,,Color,Gum Pink,,1,,,,,,,,,,,,[65cm]·[79cm],8435782501018
variation,MU01007534,,1,0,visible,,Dimensiuni: 34 * 48 cm,taxable,1,0,0,51.9,,,https://static.musaibrand.com/images/models/0100/model/large/0100_34_2_1.jpg,MU0100,118,Size,4/6,,1,,Color,Gum Pink,,1,,,,,,,,,,,,[34cm]·[48cm],8435782501155
variation,MU01007634,,1,0,visible,,Dimensiuni: 40 * 55 cm,taxable,1,0,0,51.9,,,https://static.musaibrand.com/images/models/0100/model/large/0100_34_2_1.jpg,MU0100,119,Size,8/10,,1,,Color,Gum Pink,,1,,,,,,,,,,,,[40cm]·[55cm],8435782501292
variation,MU01007734,,1,0,visible,,Dimensiuni: 45 * 63 cm,taxable,1,0,0,51.9,,,https://static.musaibrand.com/images/models/0100/model/large/0100_34_2_1.jpg,MU0100,120,Size,12/14,,1,,Color,Gum Pink,,1,,,,,,,,,,,,[45cm]·[63cm],8435782501438
variation,MU01000055,,1,0,visible,,Dimensiuni: 47 * 68 cm,taxable,1,0,0,51.9,,,https://static.musaibrand.com/images/models/0100/model/large/0100_55_2_1.jpg,MU0100,121,Size,XS,,1,,Color,Albastru marin,,1,,,,,,,,,,,,[47cm]·[68cm],8435782500189
variation,MU01000155,,1,0,visible,,Dimensiuni: 50 * 70 cm,taxable,1,0,0,51.9,,,https://static.musaibrand.com/images/models/0100/model/large/0100_55_2_1.jpg,MU0100,122,Size,S,,1,,Color,Albastru marin,,1,,,,,,,,,,,,[50cm]·[70cm],8435782500325
variation,MU01000255,,1,0,visible,,Dimensiuni: 53 * 72 cm,taxable,1,0,0,51.9,,,https://static.musaibrand.com/images/models/0100/model/large/0100_55_2_1.jpg,MU0100,123,Size,M,,1,,Color,Albastru marin,,1,,,,,,,,,,,,[53cm]·[72cm],8435782500462
variation,MU01000355,,1,0,visible,,Dimensiuni: 56 * 73 cm,taxable,1,0,0,51.9,,,https://static.musaibrand.com/images/models/0100/model/large/0100_55_2_1.jpg,MU0100,124,Size,L,,1,,Color,Albastru marin,,1,,,,,,,,,,,,[56cm]·[73cm],8435782500608
variation,MU01000455,,1,0,visible,,Dimensiuni: 59 * 74 cm,taxable,1,0,0,51.9,,,https://static.musaibrand.com/images/models/0100/model/large/0100_55_2_1.jpg,MU0100,125,Size,XL,,1,,Color,Albastru marin,,1,,,,,,,,,,,,[59cm]·[74cm],8435782500745
variation,MU01000555,,1,0,visible,,Dimensiuni: 62 * 76 cm,taxable,1,0,0,51.9,,,https://static.musaibrand.com/images/models/0100/model/large/0100_55_2_1.jpg,MU0100,126,Size,2XL,,1,,Color,Albastru marin,,1,,,,,,,,,,,,[62cm]·[76cm],8435782500882
variation,MU01000655,,1,0,visible,,Dimensiuni: 65 * 79 cm,taxable,1,0,0,51.9,,,https://static.musaibrand.com/images/models/0100/model/large/0100_55_2_1.jpg,MU0100,127,Size,3XL,,1,,Color,Albastru marin,,1,,,,,,,,,,,,[65cm]·[79cm],8435782501025
variation,MU01007555,,1,0,visible,,Dimensiuni: 34 * 48 cm,taxable,1,0,0,51.9,,,https://static.musaibrand.com/images/models/0100/model/large/0100_55_2_1.jpg,MU0100,128,Size,4/6,,1,,Color,Albastru marin,,1,,,,,,,,,,,,[34cm]·[48cm],8435782501162
variation,MU01007655,,1,0,visible,,Dimensiuni: 40 * 55 cm,taxable,1,0,0,51.9,,,https://static.musaibrand.com/images/models/0100/model/large/0100_55_2_1.jpg,MU0100,129,Size,8/10,,1,,Color,Albastru marin,,1,,,,,,,,,,,,[40cm]·[55cm],8435782501308
variation,MU01007755,,1,0,visible,,Dimensiuni: 45 * 63 cm,taxable,1,0,0,51.9,,,https://static.musaibrand.com/images/models/0100/model/large/0100_55_2_1.jpg,MU0100,130,Size,12/14,,1,,Color,Albastru marin,,1,,,,,,,,,,,,[45cm]·[63cm],8435782501445
variation,MU01000060,,1,0,visible,,Dimensiuni: 47 * 68 cm,taxable,1,0,0,51.9,,,https://static.musaibrand.com/images/models/0100/model/large/0100_60_2_1.jpg,MU0100,131,Size,XS,,1,,Color,ROȘU,,1,,,,,,,,,,,,[47cm]·[68cm],8435782500196
variation,MU01000160,,1,0,visible,,Dimensiuni: 50 * 70 cm,taxable,1,0,0,51.9,,,https://static.musaibrand.com/images/models/0100/model/large/0100_60_2_1.jpg,MU0100,132,Size,S,,1,,Color,ROȘU,,1,,,,,,,,,,,,[50cm]·[70cm],8435782500332
variation,MU01000260,,1,0,visible,,Dimensiuni: 53 * 72 cm,taxable,1,0,0,51.9,,,https://static.musaibrand.com/images/models/0100/model/large/0100_60_2_1.jpg,MU0100,133,Size,M,,1,,Color,ROȘU,,1,,,,,,,,,,,,[53cm]·[72cm],8435782500479
variation,MU01000360,,1,0,visible,,Dimensiuni: 56 * 73 cm,taxable,1,0,0,51.9,,,https://static.musaibrand.com/images/models/0100/model/large/0100_60_2_1.jpg,MU0100,134,Size,L,,1,,Color,ROȘU,,1,,,,,,,,,,,,[56cm]·[73cm],8435782500615
variation,MU01000460,,1,0,visible,,Dimensiuni: 59 * 74 cm,taxable,1,0,0,51.9,,,https://static.musaibrand.com/images/models/0100/model/large/0100_60_2_1.jpg,MU0100,135,Size,XL,,1,,Color,ROȘU,,1,,,,,,,,,,,,[59cm]·[74cm],8435782500752
variation,MU01000560,,1,0,visible,,Dimensiuni: 62 * 76 cm,taxable,1,0,0,51.9,,,https://static.musaibrand.com/images/models/0100/model/large/0100_60_2_1.jpg,MU0100,136,Size,2XL,,1,,Color,ROȘU,,1,,,,,,,,,,,,[62cm]·[76cm],8435782500899
variation,MU01000660,,1,0,visible,,Dimensiuni: 65 * 79 cm,taxable,1,0,0,51.9,,,https://static.musaibrand.com/images/models/0100/model/large/0100_60_2_1.jpg,MU0100,137,Size,3XL,,1,,Color,ROȘU,,1,,,,,,,,,,,,[65cm]·[79cm],8435782501032
variation,MU01007560,,1,0,visible,,Dimensiuni: 34 * 48 cm,taxable,1,0,0,51.9,,,https://static.musaibrand.com/images/models/0100/model/large/0100_60_2_1.jpg,MU0100,138,Size,4/6,,1,,Color,ROȘU,,1,,,,,,,,,,,,[34cm]·[48cm],8435782501179
variation,MU01007660,,1,0,visible,,Dimensiuni: 40 * 55 cm,taxable,1,0,0,51.9,,,https://static.musaibrand.com/images/models/0100/model/large/0100_60_2_1.jpg,MU0100,139,Size,8/10,,1,,Color,ROȘU,,1,,,,,,,,,,,,[40cm]·[55cm],8435782501315
variation,MU01007760,,1,0,visible,,Dimensiuni: 45 * 63 cm,taxable,1,0,0,51.9,,,https://static.musaibrand.com/images/models/0100/model/large/0100_60_2_1.jpg,MU0100,140,Size,12/14,,1,,Color,ROȘU,,1,,,,,,,,,,,,[45cm]·[63cm],8435782501452
variation,MU01000064,,1,0,visible,,Dimensiuni: 47 * 68 cm,taxable,1,0,0,51.9,,,https://static.musaibrand.com/images/models/0100/model/large/0100_64_2_1.jpg,MU0100,141,Size,XS,,1,,Color,Burgundy,,1,,,,,,,,,,,,[47cm]·[68cm],8435782500202
variation,MU01000164,,1,0,visible,,Dimensiuni: 50 * 70 cm,taxable,1,0,0,51.9,,,https://static.musaibrand.com/images/models/0100/model/large/0100_64_2_1.jpg,MU0100,142,Size,S,,1,,Color,Burgundy,,1,,,,,,,,,,,,[50cm]·[70cm],8435782500349
variation,MU01000264,,1,0,visible,,Dimensiuni: 53 * 72 cm,taxable,1,0,0,51.9,,,https://static.musaibrand.com/images/models/0100/model/large/0100_64_2_1.jpg,MU0100,143,Size,M,,1,,Color,Burgundy,,1,,,,,,,,,,,,[53cm]·[72cm],8435782500486
variation,MU01000364,,1,0,visible,,Dimensiuni: 56 * 73 cm,taxable,1,0,0,51.9,,,https://static.musaibrand.com/images/models/0100/model/large/0100_64_2_1.jpg,MU0100,144,Size,L,,1,,Color,Burgundy,,1,,,,,,,,,,,,[56cm]·[73cm],8435782500622
variation,MU01000464,,1,0,visible,,Dimensiuni: 59 * 74 cm,taxable,1,0,0,51.9,,,https://static.musaibrand.com/images/models/0100/model/large/0100_64_2_1.jpg,MU0100,145,Size,XL,,1,,Color,Burgundy,,1,,,,,,,,,,,,[59cm]·[74cm],8435782500769
variation,MU01000564,,1,0,visible,,Dimensiuni: 62 * 76 cm,taxable,1,0,0,51.9,,,https://static.musaibrand.com/images/models/0100/model/large/0100_64_2_1.jpg,MU0100,146,Size,2XL,,1,,Color,Burgundy,,1,,,,,,,,,,,,[62cm]·[76cm],8435782500905
variation,MU01000664,,1,0,visible,,Dimensiuni: 65 * 79 cm,taxable,1,0,0,51.9,,,https://static.musaibrand.com/images/models/0100/model/large/0100_64_2_1.jpg,MU0100,147,Size,3XL,,1,,Color,Burgundy,,1,,,,,,,,,,,,[65cm]·[79cm],8435782501049
variation,MU01007564,,1,0,visible,,Dimensiuni: 34 * 48 cm,taxable,1,0,0,51.9,,,https://static.musaibrand.com/images/models/0100/model/large/0100_64_2_1.jpg,MU0100,148,Size,4/6,,1,,Color,Burgundy,,1,,,,,,,,,,,,[34cm]·[48cm],8435782501186
variation,MU01007664,,1,0,visible,,Dimensiuni: 40 * 55 cm,taxable,1,0,0,51.9,,,https://static.musaibrand.com/images/models/0100/model/large/0100_64_2_1.jpg,MU0100,149,Size,8/10,,1,,Color,Burgundy,,1,,,,,,,,,,,,[40cm]·[55cm],8435782501322
variation,MU01007764,,1,0,visible,,Dimensiuni: 45 * 63 cm,taxable,1,0,0,51.9,,,https://static.musaibrand.com/images/models/0100/model/large/0100_64_2_1.jpg,MU0100,150,Size,12/14,,1,,Color,Burgundy,,1,,,,,,,,,,,,[45cm]·[63cm],8435782501469
variable,MU0100-K,Mawi Copii T-Tricou,1,0,visible,,"<p>Tricou tehnic pentru copii cu mâneci scurte și guler rotund, din poliester reciclat.                                         <br>· Wicking <br>· Breathable</p><p><strong>Compoziție:</strong> 100% poliester interlock reciclat</p><p><br>· Guler rotund cu 1,5 cm material propriu fără cusături externe.                                                                                                                           Bandă  elastică pentru acoperirea cusăturilor la guler.<br>· Finisaje cu cusături plate.<br>· Detaliu cu logo imprimat în zona pieptului.</p><h4>Dimensiuni</h4><table style='border-collapse:collapse;margin:8px 0'><tr><th style='padding:4px 12px;border:1px solid #ddd;text-align:left'>Mărime</th><th style='padding:4px 12px;border:1px solid #ddd;text-align:left'>Dimensiuni</th></tr><tr><td style='padding:4px 12px;border:1px solid #ddd'>XS</td><td style='padding:4px 12px;border:1px solid #ddd'>47 * 68 cm</td></tr><tr><td style='padding:4px 12px;border:1px solid #ddd'>S</td><td style='padding:4px 12px;border:1px solid #ddd'>50 * 70 cm</td></tr><tr><td style='padding:4px 12px;border:1px solid #ddd'>M</td><td style='padding:4px 12px;border:1px solid #ddd'>53 * 72 cm</td></tr><tr><td style='padding:4px 12px;border:1px solid #ddd'>L</td><td style='padding:4px 12px;border:1px solid #ddd'>56 * 73 cm</td></tr><tr><td style='padding:4px 12px;border:1px solid #ddd'>XL</td><td style='padding:4px 12px;border:1px solid #ddd'>59 * 74 cm</td></tr><tr><td style='padding:4px 12px;border:1px solid #ddd'>2XL</td><td style='padding:4px 12px;border:1px solid #ddd'>62 * 76 cm</td></tr><tr><td style='padding:4px 12px;border:1px solid #ddd'>3XL</td><td style='padding:4px 12px;border:1px solid #ddd'>65 * 79 cm</td></tr><tr><td style='padding:4px 12px;border:1px solid #ddd'>4/6</td><td style='padding:4px 12px;border:1px solid #ddd'>34 * 48 cm</td></tr><tr><td style='padding:4px 12px;border:1px solid #ddd'>8/10</td><td style='padding:4px 12px;border:1px solid #ddd'>40 * 55 cm</td></tr><tr><td style='padding:4px 12px;border:1px solid #ddd'>12/14</td><td style='padding:4px 12px;border:1px solid #ddd'>45 * 63 cm</td></tr></table>",taxable,1,0,0,,Tricouri și tricouri polo,MUSAI,"https://static.musaibrand.com/images/models/0100-K/model/large/0100-K_01_1_1.jpg,https://static.musaibrand.com/images/models/0100-K/model/large/0100-K_02_1_1.jpg,https://static.musaibrand.com/images/models/0100-K/model/large/0100-K_03_1_1.jpg,https://static.musaibrand.com/images/models/0100-K/model/large/0100-K_05_1_1.jpg,https://static.musaibrand.com/images/models/0100-K/model/large/0100-K_10_1_1.jpg,https://static.musaibrand.com/images/models/0100-K/model/large/0100-K_176_1_1.jpg,https://static.musaibrand.com/images/models/0100-K/model/large/0100-K_221_1_1.jpg,https://static.musaibrand.com/images/models/0100-K/model/large/0100-K_222_1_1.jpg,https://static.musaibrand.com/images/models/0100-K/model/large/0100-K_223_1_1.jpg,https://static.musaibrand.com/images/models/0100-K/model/large/0100-K_226_1_1.jpg,https://static.musaibrand.com/images/models/0100-K/model/large/0100-K_258_1_1.jpg,https://static.musaibrand.com/images/models/0100-K/model/large/0100-K_34_1_1.jpg,https://static.musaibrand.com/images/models/0100-K/model/large/0100-K_55_1_1.jpg,https://static.musaibrand.com/images/models/0100-K/model/large/0100-K_60_1_1.jpg,https://static.musaibrand.com/images/models/0100-K/model/large/0100-K_64_1_1.jpg,https://static.musaibrand.com/images/models/0100-K/model/large/0100-K_01_2_1.jpg,https://static.musaibrand.com/images/models/0100-K/model/large/0100-K_02_2_1.jpg,https://static.musaibrand.com/images/models/0100-K/model/large/0100-K_03_2_1.jpg,https://static.musaibrand.com/images/models/0100-K/model/large/0100-K_05_2_1.jpg,https://static.musaibrand.com/images/models/0100-K/model/large/0100-K_10_2_1.jpg,https://static.musaibrand.com/images/models/0100-K/model/large/0100-K_176_2_1.jpg,https://static.musaibrand.com/images/models/0100-K/model/large/0100-K_221_2_1.jpg,https://static.musaibrand.com/images/models/0100-K/model/large/0100-K_222_2_1.jpg,https://static.musaibrand.com/images/models/0100-K/model/large/0100-K_223_2_1.jpg,https://static.musaibrand.com/images/models/0100-K/model/large/0100-K_226_2_1.jpg,https://static.musaibrand.com/images/models/0100-K/model/large/0100-K_258_2_1.jpg,https://static.musaibrand.com/images/models/0100-K/model/large/0100-K_34_2_1.jpg,https://static.musaibrand.com/images/models/0100-K/model/large/0100-K_55_2_1.jpg,https://static.musaibrand.com/images/models/0100-K/model/large/0100-K_60_2_1.jpg,https://static.musaibrand.com/images/models/0100-K/model/large/0100-K_64_2_1.jpg",,0,Size,"XS, S, M, L, XL, 2XL, 3XL, 4/6, 8/10, 12/14",1,1,,Color,"Alb, Negru, Galben, Albastru regal, Sky blue, Fluor turcoaz, Galben fluor, Fluor verde, Fluor portocaliu, Fern Green, Gri deschis, Gum Pink, Albastru marin, ROȘU, Burgundy",1,1,,Gender,Bărbat,1,1,,Dimensiuni,"[47cm]·[68cm], [50cm]·[70cm], [53cm]·[72cm], [56cm]·[73cm], [59cm]·[74cm], [62cm]·[76cm], [65cm]·[79cm], [34cm]·[48cm], [40cm]·[55cm], [45cm]·[63cm]",1,0,,,
variation,MU01000001-K,,1,0,visible,,Dimensiuni: 47 * 68 cm,taxable,1,0,0,51.9,,,https://static.musaibrand.com/images/models/0100-K/model/large/0100-K_01_2_1.jpg,MU0100-K,1,Size,XS,,1,,Color,Alb,,1,,,,,,,,,,,,[47cm]·[68cm],8435782500073
variation,MU01000101-K,,1,0,visible,,Dimensiuni: 50 * 70 cm,taxable,1,0,0,51.9,,,https://static.musaibrand.com/images/models/0100-K/model/large/0100-K_01_2_1.jpg,MU0100-K,2,Size,S,,1,,Color,Alb,,1,,,,,,,,,,,,[50cm]·[70cm],8435782500219
variation,MU01000201-K,,1,0,visible,,Dimensiuni: 53 * 72 cm,taxable,1,0,0,51.9,,,https://static.musaibrand.com/images/models/0100-K/model/large/0100-K_01_2_1.jpg,MU0100-K,3,Size,M,,1,,Color,Alb,,1,,,,,,,,,,,,[53cm]·[72cm],8435782500356
variation,MU01000301-K,,1,0,visible,,Dimensiuni: 56 * 73 cm,taxable,1,0,0,51.9,,,https://static.musaibrand.com/images/models/0100-K/model/large/0100-K_01_2_1.jpg,MU0100-K,4,Size,L,,1,,Color,Alb,,1,,,,,,,,,,,,[56cm]·[73cm],8435782500493
variation,MU01000401-K,,1,0,visible,,Dimensiuni: 59 * 74 cm,taxable,1,0,0,51.9,,,https://static.musaibrand.com/images/models/0100-K/model/large/0100-K_01_2_1.jpg,MU0100-K,5,Size,XL,,1,,Color,Alb,,1,,,,,,,,,,,,[59cm]·[74cm],8435782500639
variation,MU01000501-K,,1,0,visible,,Dimensiuni: 62 * 76 cm,taxable,1,0,0,51.9,,,https://static.musaibrand.com/images/models/0100-K/model/large/0100-K_01_2_1.jpg,MU0100-K,6,Size,2XL,,1,,Color,Alb,,1,,,,,,,,,,,,[62cm]·[76cm],8435782500776
variation,MU01000601-K,,1,0,visible,,Dimensiuni: 65 * 79 cm,taxable,1,0,0,51.9,,,https://static.musaibrand.com/images/models/0100-K/model/large/0100-K_01_2_1.jpg,MU0100-K,7,Size,3XL,,1,,Color,Alb,,1,,,,,,,,,,,,[65cm]·[79cm],8435782500912
variation,MU01007501-K,,1,0,visible,,Dimensiuni: 34 * 48 cm,taxable,1,0,0,51.9,,,https://static.musaibrand.com/images/models/0100-K/model/large/0100-K_01_2_1.jpg,MU0100-K,8,Size,4/6,,1,,Color,Alb,,1,,,,,,,,,,,,[34cm]·[48cm],8435782501056
variation,MU01007601-K,,1,0,visible,,Dimensiuni: 40 * 55 cm,taxable,1,0,0,51.9,,,https://static.musaibrand.com/images/models/0100-K/model/large/0100-K_01_2_1.jpg,MU0100-K,9,Size,8/10,,1,,Color,Alb,,1,,,,,,,,,,,,[40cm]·[55cm],8435782501193
variation,MU01007701-K,,1,0,visible,,Dimensiuni: 45 * 63 cm,taxable,1,0,0,51.9,,,https://static.musaibrand.com/images/models/0100-K/model/large/0100-K_01_2_1.jpg,MU0100-K,10,Size,12/14,,1,,Color,Alb,,1,,,,,,,,,,,,[45cm]·[63cm],8435782501339
variation,MU01000002-K,,1,0,visible,,Dimensiuni: 47 * 68 cm,taxable,1,0,0,51.9,,,https://static.musaibrand.com/images/models/0100-K/model/large/0100-K_02_2_1.jpg,MU0100-K,11,Size,XS,,1,,Color,Negru,,1,,,,,,,,,,,,[47cm]·[68cm],8435782500080
variation,MU01000102-K,,1,0,visible,,Dimensiuni: 50 * 70 cm,taxable,1,0,0,51.9,,,https://static.musaibrand.com/images/models/0100-K/model/large/0100-K_02_2_1.jpg,MU0100-K,12,Size,S,,1,,Color,Negru,,1,,,,,,,,,,,,[50cm]·[70cm],8435782500226
variation,MU01000202-K,,1,0,visible,,Dimensiuni: 53 * 72 cm,taxable,1,0,0,51.9,,,https://static.musaibrand.com/images/models/0100-K/model/large/0100-K_02_2_1.jpg,MU0100-K,13,Size,M,,1,,Color,Negru,,1,,,,,,,,,,,,[53cm]·[72cm],8435782500363
variation,MU01000302-K,,1,0,visible,,Dimensiuni: 56 * 73 cm,taxable,1,0,0,51.9,,,https://static.musaibrand.com/images/models/0100-K/model/large/0100-K_02_2_1.jpg,MU0100-K,14,Size,L,,1,,Color,Negru,,1,,,,,,,,,,,,[56cm]·[73cm],8435782500509
variation,MU01000402-K,,1,0,visible,,Dimensiuni: 59 * 74 cm,taxable,1,0,0,51.9,,,https://static.musaibrand.com/images/models/0100-K/model/large/0100-K_02_2_1.jpg,MU0100-K,15,Size,XL,,1,,Color,Negru,,1,,,,,,,,,,,,[59cm]·[74cm],8435782500646
variation,MU01000502-K,,1,0,visible,,Dimensiuni: 62 * 76 cm,taxable,1,0,0,51.9,,,https://static.musaibrand.com/images/models/0100-K/model/large/0100-K_02_2_1.jpg,MU0100-K,16,Size,2XL,,1,,Color,Negru,,1,,,,,,,,,,,,[62cm]·[76cm],8435782500783
variation,MU01000602-K,,1,0,visible,,Dimensiuni: 65 * 79 cm,taxable,1,0,0,51.9,,,https://static.musaibrand.com/images/models/0100-K/model/large/0100-K_02_2_1.jpg,MU0100-K,17,Size,3XL,,1,,Color,Negru,,1,,,,,,,,,,,,[65cm]·[79cm],8435782500929
variation,MU01007502-K,,1,0,visible,,Dimensiuni: 34 * 48 cm,taxable,1,0,0,51.9,,,https://static.musaibrand.com/images/models/0100-K/model/large/0100-K_02_2_1.jpg,MU0100-K,18,Size,4/6,,1,,Color,Negru,,1,,,,,,,,,,,,[34cm]·[48cm],8435782501063
variation,MU01007602-K,,1,0,visible,,Dimensiuni: 40 * 55 cm,taxable,1,0,0,51.9,,,https://static.musaibrand.com/images/models/0100-K/model/large/0100-K_02_2_1.jpg,MU0100-K,19,Size,8/10,,1,,Color,Negru,,1,,,,,,,,,,,,[40cm]·[55cm],8435782501209
variation,MU01007702-K,,1,0,visible,,Dimensiuni: 45 * 63 cm,taxable,1,0,0,51.9,,,https://static.musaibrand.com/images/models/0100-K/model/large/0100-K_02_2_1.jpg,MU0100-K,20,Size,12/14,,1,,Color,Negru,,1,,,,,,,,,,,,[45cm]·[63cm],8435782501346
variation,MU01000003-K,,1,0,visible,,Dimensiuni: 47 * 68 cm,taxable,1,0,0,51.9,,,https://static.musaibrand.com/images/models/0100-K/model/large/0100-K_03_2_1.jpg,MU0100-K,21,Size,XS,,1,,Color,Galben,,1,,,,,,,,,,,,[47cm]·[68cm],8435782500097
variation,MU01000103-K,,1,0,visible,,Dimensiuni: 50 * 70 cm,taxable,1,0,0,51.9,,,https://static.musaibrand.com/images/models/0100-K/model/large/0100-K_03_2_1.jpg,MU0100-K,22,Size,S,,1,,Color,Galben,,1,,,,,,,,,,,,[50cm]·[70cm],8435782500233
variation,MU01000203-K,,1,0,visible,,Dimensiuni: 53 * 72 cm,taxable,1,0,0,51.9,,,https://static.musaibrand.com/images/models/0100-K/model/large/0100-K_03_2_1.jpg,MU0100-K,23,Size,M,,1,,Color,Galben,,1,,,,,,,,,,,,[53cm]·[72cm],8435782500370
variation,MU01000303-K,,1,0,visible,,Dimensiuni: 56 * 73 cm,taxable,1,0,0,51.9,,,https://static.musaibrand.com/images/models/0100-K/model/large/0100-K_03_2_1.jpg,MU0100-K,24,Size,L,,1,,Color,Galben,,1,,,,,,,,,,,,[56cm]·[73cm],8435782500516
variation,MU01000403-K,,1,0,visible,,Dimensiuni: 59 * 74 cm,taxable,1,0,0,51.9,,,https://static.musaibrand.com/images/models/0100-K/model/large/0100-K_03_2_1.jpg,MU0100-K,25,Size,XL,,1,,Color,Galben,,1,,,,,,,,,,,,[59cm]·[74cm],8435782500653
variation,MU01000503-K,,1,0,visible,,Dimensiuni: 62 * 76 cm,taxable,1,0,0,51.9,,,https://static.musaibrand.com/images/models/0100-K/model/large/0100-K_03_2_1.jpg,MU0100-K,26,Size,2XL,,1,,Color,Galben,,1,,,,,,,,,,,,[62cm]·[76cm],8435782500790
variation,MU01000603-K,,1,0,visible,,Dimensiuni: 65 * 79 cm,taxable,1,0,0,51.9,,,https://static.musaibrand.com/images/models/0100-K/model/large/0100-K_03_2_1.jpg,MU0100-K,27,Size,3XL,,1,,Color,Galben,,1,,,,,,,,,,,,[65cm]·[79cm],8435782500936
variation,MU01007503-K,,1,0,visible,,Dimensiuni: 34 * 48 cm,taxable,1,0,0,51.9,,,https://static.musaibrand.com/images/models/0100-K/model/large/0100-K_03_2_1.jpg,MU0100-K,28,Size,4/6,,1,,Color,Galben,,1,,,,,,,,,,,,[34cm]·[48cm],8435782501070
variation,MU01007603-K,,1,0,visible,,Dimensiuni: 40 * 55 cm,taxable,1,0,0,51.9,,,https://static.musaibrand.com/images/models/0100-K/model/large/0100-K_03_2_1.jpg,MU0100-K,29,Size,8/10,,1,,Color,Galben,,1,,,,,,,,,,,,[40cm]·[55cm],8435782501216
variation,MU01007703-K,,1,0,visible,,Dimensiuni: 45 * 63 cm,taxable,1,0,0,51.9,,,https://static.musaibrand.com/images/models/0100-K/model/large/0100-K_03_2_1.jpg,MU0100-K,30,Size,12/14,,1,,Color,Galben,,1,,,,,,,,,,,,[45cm]·[63cm],8435782501353
variation,MU01000005-K,,1,0,visible,,Dimensiuni: 47 * 68 cm,taxable,1,0,0,51.9,,,https://static.musaibrand.com/images/models/0100-K/model/large/0100-K_05_2_1.jpg,MU0100-K,31,Size,XS,,1,,Color,Albastru regal,,1,,,,,,,,,,,,[47cm]·[68cm],8435782500103
variation,MU01000105-K,,1,0,visible,,Dimensiuni: 50 * 70 cm,taxable,1,0,0,51.9,,,https://static.musaibrand.com/images/models/0100-K/model/large/0100-K_05_2_1.jpg,MU0100-K,32,Size,S,,1,,Color,Albastru regal,,1,,,,,,,,,,,,[50cm]·[70cm],8435782500240
variation,MU01000205-K,,1,0,visible,,Dimensiuni: 53 * 72 cm,taxable,1,0,0,51.9,,,https://static.musaibrand.com/images/models/0100-K/model/large/0100-K_05_2_1.jpg,MU0100-K,33,Size,M,,1,,Color,Albastru regal,,1,,,,,,,,,,,,[53cm]·[72cm],8435782500387
variation,MU01000305-K,,1,0,visible,,Dimensiuni: 56 * 73 cm,taxable,1,0,0,51.9,,,https://static.musaibrand.com/images/models/0100-K/model/large/0100-K_05_2_1.jpg,MU0100-K,34,Size,L,,1,,Color,Albastru regal,,1,,,,,,,,,,,,[56cm]·[73cm],8435782500523
variation,MU01000405-K,,1,0,visible,,Dimensiuni: 59 * 74 cm,taxable,1,0,0,51.9,,,https://static.musaibrand.com/images/models/0100-K/model/large/0100-K_05_2_1.jpg,MU0100-K,35,Size,XL,,1,,Color,Albastru regal,,1,,,,,,,,,,,,[59cm]·[74cm],8435782500660
variation,MU01000505-K,,1,0,visible,,Dimensiuni: 62 * 76 cm,taxable,1,0,0,51.9,,,https://static.musaibrand.com/images/models/0100-K/model/large/0100-K_05_2_1.jpg,MU0100-K,36,Size,2XL,,1,,Color,Albastru regal,,1,,,,,,,,,,,,[62cm]·[76cm],8435782500806
variation,MU01000605-K,,1,0,visible,,Dimensiuni: 65 * 79 cm,taxable,1,0,0,51.9,,,https://static.musaibrand.com/images/models/0100-K/model/large/0100-K_05_2_1.jpg,MU0100-K,37,Size,3XL,,1,,Color,Albastru regal,,1,,,,,,,,,,,,[65cm]·[79cm],8435782500943
variation,MU01007505-K,,1,0,visible,,Dimensiuni: 34 * 48 cm,taxable,1,0,0,51.9,,,https://static.musaibrand.com/images/models/0100-K/model/large/0100-K_05_2_1.jpg,MU0100-K,38,Size,4/6,,1,,Color,Albastru regal,,1,,,,,,,,,,,,[34cm]·[48cm],8435782501087
variation,MU01007605-K,,1,0,visible,,Dimensiuni: 40 * 55 cm,taxable,1,0,0,51.9,,,https://static.musaibrand.com/images/models/0100-K/model/large/0100-K_05_2_1.jpg,MU0100-K,39,Size,8/10,,1,,Color,Albastru regal,,1,,,,,,,,,,,,[40cm]·[55cm],8435782501223
variation,MU01007705-K,,1,0,visible,,Dimensiuni: 45 * 63 cm,taxable,1,0,0,51.9,,,https://static.musaibrand.com/images/models/0100-K/model/large/0100-K_05_2_1.jpg,MU0100-K,40,Size,12/14,,1,,Color,Albastru regal,,1,,,,,,,,,,,,[45cm]·[63cm],8435782501360
variation,MU01000010-K,,1,0,visible,,Dimensiuni: 47 * 68 cm,taxable,1,0,0,51.9,,,https://static.musaibrand.com/images/models/0100-K/model/large/0100-K_10_2_1.jpg,MU0100-K,41,Size,XS,,1,,Color,Sky blue,,1,,,,,,,,,,,,[47cm]·[68cm],8435782500110
variation,MU01000110-K,,1,0,visible,,Dimensiuni: 50 * 70 cm,taxable,1,0,0,51.9,,,https://static.musaibrand.com/images/models/0100-K/model/large/0100-K_10_2_1.jpg,MU0100-K,42,Size,S,,1,,Color,Sky blue,,1,,,,,,,,,,,,[50cm]·[70cm],8435782500257
variation,MU01000210-K,,1,0,visible,,Dimensiuni: 53 * 72 cm,taxable,1,0,0,51.9,,,https://static.musaibrand.com/images/models/0100-K/model/large/0100-K_10_2_1.jpg,MU0100-K,43,Size,M,,1,,Color,Sky blue,,1,,,,,,,,,,,,[53cm]·[72cm],8435782500394
variation,MU01000310-K,,1,0,visible,,Dimensiuni: 56 * 73 cm,taxable,1,0,0,51.9,,,https://static.musaibrand.com/images/models/0100-K/model/large/0100-K_10_2_1.jpg,MU0100-K,44,Size,L,,1,,Color,Sky blue,,1,,,,,,,,,,,,[56cm]·[73cm],8435782500530
variation,MU01000410-K,,1,0,visible,,Dimensiuni: 59 * 74 cm,taxable,1,0,0,51.9,,,https://static.musaibrand.com/images/models/0100-K/model/large/0100-K_10_2_1.jpg,MU0100-K,45,Size,XL,,1,,Color,Sky blue,,1,,,,,,,,,,,,[59cm]·[74cm],8435782500677
variation,MU01000510-K,,1,0,visible,,Dimensiuni: 62 * 76 cm,taxable,1,0,0,51.9,,,https://static.musaibrand.com/images/models/0100-K/model/large/0100-K_10_2_1.jpg,MU0100-K,46,Size,2XL,,1,,Color,Sky blue,,1,,,,,,,,,,,,[62cm]·[76cm],8435782500813
variation,MU01000610-K,,1,0,visible,,Dimensiuni: 65 * 79 cm,taxable,1,0,0,51.9,,,https://static.musaibrand.com/images/models/0100-K/model/large/0100-K_10_2_1.jpg,MU0100-K,47,Size,3XL,,1,,Color,Sky blue,,1,,,,,,,,,,,,[65cm]·[79cm],8435782500950
variation,MU01007510-K,,1,0,visible,,Dimensiuni: 34 * 48 cm,taxable,1,0,0,51.9,,,https://static.musaibrand.com/images/models/0100-K/model/large/0100-K_10_2_1.jpg,MU0100-K,48,Size,4/6,,1,,Color,Sky blue,,1,,,,,,,,,,,,[34cm]·[48cm],8435782501094
variation,MU01007610-K,,1,0,visible,,Dimensiuni: 40 * 55 cm,taxable,1,0,0,51.9,,,https://static.musaibrand.com/images/models/0100-K/model/large/0100-K_10_2_1.jpg,MU0100-K,49,Size,8/10,,1,,Color,Sky blue,,1,,,,,,,,,,,,[40cm]·[55cm],8435782501230
variation,MU01007710-K,,1,0,visible,,Dimensiuni: 45 * 63 cm,taxable,1,0,0,51.9,,,https://static.musaibrand.com/images/models/0100-K/model/large/0100-K_10_2_1.jpg,MU0100-K,50,Size,12/14,,1,,Color,Sky blue,,1,,,,,,,,,,,,[45cm]·[63cm],8435782501377
variation,MU010000176-K,,1,0,visible,,Dimensiuni: 47 * 68 cm,taxable,1,0,0,51.9,,,https://static.musaibrand.com/images/models/0100-K/model/large/0100-K_176_2_1.jpg,MU0100-K,51,Size,XS,,1,,Color,Fluor turcoaz,,1,,,,,,,,,,,,[47cm]·[68cm],8435782500127
variation,MU010001176-K,,1,0,visible,,Dimensiuni: 50 * 70 cm,taxable,1,0,0,51.9,,,https://static.musaibrand.com/images/models/0100-K/model/large/0100-K_176_2_1.jpg,MU0100-K,52,Size,S,,1,,Color,Fluor turcoaz,,1,,,,,,,,,,,,[50cm]·[70cm],8435782500264
variation,MU010002176-K,,1,0,visible,,Dimensiuni: 53 * 72 cm,taxable,1,0,0,51.9,,,https://static.musaibrand.com/images/models/0100-K/model/large/0100-K_176_2_1.jpg,MU0100-K,53,Size,M,,1,,Color,Fluor turcoaz,,1,,,,,,,,,,,,[53cm]·[72cm],8435782500400
variation,MU010003176-K,,1,0,visible,,Dimensiuni: 56 * 73 cm,taxable,1,0,0,51.9,,,https://static.musaibrand.com/images/models/0100-K/model/large/0100-K_176_2_1.jpg,MU0100-K,54,Size,L,,1,,Color,Fluor turcoaz,,1,,,,,,,,,,,,[56cm]·[73cm],8435782500547
variation,MU010004176-K,,1,0,visible,,Dimensiuni: 59 * 74 cm,taxable,1,0,0,51.9,,,https://static.musaibrand.com/images/models/0100-K/model/large/0100-K_176_2_1.jpg,MU0100-K,55,Size,XL,,1,,Color,Fluor turcoaz,,1,,,,,,,,,,,,[59cm]·[74cm],8435782500684
variation,MU010005176-K,,1,0,visible,,Dimensiuni: 62 * 76 cm,taxable,1,0,0,51.9,,,https://static.musaibrand.com/images/models/0100-K/model/large/0100-K_176_2_1.jpg,MU0100-K,56,Size,2XL,,1,,Color,Fluor turcoaz,,1,,,,,,,,,,,,[62cm]·[76cm],8435782500820
variation,MU010006176-K,,1,0,visible,,Dimensiuni: 65 * 79 cm,taxable,1,0,0,51.9,,,https://static.musaibrand.com/images/models/0100-K/model/large/0100-K_176_2_1.jpg,MU0100-K,57,Size,3XL,,1,,Color,Fluor turcoaz,,1,,,,,,,,,,,,[65cm]·[79cm],8435782500967
variation,MU010075176-K,,1,0,visible,,Dimensiuni: 34 * 48 cm,taxable,1,0,0,51.9,,,https://static.musaibrand.com/images/models/0100-K/model/large/0100-K_176_2_1.jpg,MU0100-K,58,Size,4/6,,1,,Color,Fluor turcoaz,,1,,,,,,,,,,,,[34cm]·[48cm],8435782501100
variation,MU010076176-K,,1,0,visible,,Dimensiuni: 40 * 55 cm,taxable,1,0,0,51.9,,,https://static.musaibrand.com/images/models/0100-K/model/large/0100-K_176_2_1.jpg,MU0100-K,59,Size,8/10,,1,,Color,Fluor turcoaz,,1,,,,,,,,,,,,[40cm]·[55cm],8435782501247
variation,MU010077176-K,,1,0,visible,,Dimensiuni: 45 * 63 cm,taxable,1,0,0,51.9,,,https://static.musaibrand.com/images/models/0100-K/model/large/0100-K_176_2_1.jpg,MU0100-K,60,Size,12/14,,1,,Color,Fluor turcoaz,,1,,,,,,,,,,,,[45cm]·[63cm],8435782501384
variation,MU010000221-K,,1,0,visible,,Dimensiuni: 47 * 68 cm,taxable,1,0,0,51.9,,,https://static.musaibrand.com/images/models/0100-K/model/large/0100-K_221_2_1.jpg,MU0100-K,61,Size,XS,,1,,Color,Galben fluor,,1,,,,,,,,,,,,[47cm]·[68cm],8435782500134
variation,MU010001221-K,,1,0,visible,,Dimensiuni: 50 * 70 cm,taxable,1,0,0,51.9,,,https://static.musaibrand.com/images/models/0100-K/model/large/0100-K_221_2_1.jpg,MU0100-K,62,Size,S,,1,,Color,Galben fluor,,1,,,,,,,,,,,,[50cm]·[70cm],8435782500271
variation,MU010002221-K,,1,0,visible,,Dimensiuni: 53 * 72 cm,taxable,1,0,0,51.9,,,https://static.musaibrand.com/images/models/0100-K/model/large/0100-K_221_2_1.jpg,MU0100-K,63,Size,M,,1,,Color,Galben fluor,,1,,,,,,,,,,,,[53cm]·[72cm],8435782500417
variation,MU010003221-K,,1,0,visible,,Dimensiuni: 56 * 73 cm,taxable,1,0,0,51.9,,,https://static.musaibrand.com/images/models/0100-K/model/large/0100-K_221_2_1.jpg,MU0100-K,64,Size,L,,1,,Color,Galben fluor,,1,,,,,,,,,,,,[56cm]·[73cm],8435782500554
variation,MU010004221-K,,1,0,visible,,Dimensiuni: 59 * 74 cm,taxable,1,0,0,51.9,,,https://static.musaibrand.com/images/models/0100-K/model/large/0100-K_221_2_1.jpg,MU0100-K,65,Size,XL,,1,,Color,Galben fluor,,1,,,,,,,,,,,,[59cm]·[74cm],8435782500691
variation,MU010005221-K,,1,0,visible,,Dimensiuni: 62 * 76 cm,taxable,1,0,0,51.9,,,https://static.musaibrand.com/images/models/0100-K/model/large/0100-K_221_2_1.jpg,MU0100-K,66,Size,2XL,,1,,Color,Galben fluor,,1,,,,,,,,,,,,[62cm]·[76cm],8435782500837
variation,MU010006221-K,,1,0,visible,,Dimensiuni: 65 * 79 cm,taxable,1,0,0,51.9,,,https://static.musaibrand.com/images/models/0100-K/model/large/0100-K_221_2_1.jpg,MU0100-K,67,Size,3XL,,1,,Color,Galben fluor,,1,,,,,,,,,,,,[65cm]·[79cm],8435782500974
variation,MU010075221-K,,1,0,visible,,Dimensiuni: 34 * 48 cm,taxable,1,0,0,51.9,,,https://static.musaibrand.com/images/models/0100-K/model/large/0100-K_221_2_1.jpg,MU0100-K,68,Size,4/6,,1,,Color,Galben fluor,,1,,,,,,,,,,,,[34cm]·[48cm],8435782501117
variation,MU010076221-K,,1,0,visible,,Dimensiuni: 40 * 55 cm,taxable,1,0,0,51.9,,,https://static.musaibrand.com/images/models/0100-K/model/large/0100-K_221_2_1.jpg,MU0100-K,69,Size,8/10,,1,,Color,Galben fluor,,1,,,,,,,,,,,,[40cm]·[55cm],8435782501254
variation,MU010077221-K,,1,0,visible,,Dimensiuni: 45 * 63 cm,taxable,1,0,0,51.9,,,https://static.musaibrand.com/images/models/0100-K/model/large/0100-K_221_2_1.jpg,MU0100-K,70,Size,12/14,,1,,Color,Galben fluor,,1,,,,,,,,,,,,[45cm]·[63cm],8435782501391
variation,MU010000222-K,,1,0,visible,,Dimensiuni: 47 * 68 cm,taxable,1,0,0,51.9,,,https://static.musaibrand.com/images/models/0100-K/model/large/0100-K_222_2_1.jpg,MU0100-K,71,Size,XS,,1,,Color,Fluor verde,,1,,,,,,,,,,,,[47cm]·[68cm],8435782500141
variation,MU010001222-K,,1,0,visible,,Dimensiuni: 50 * 70 cm,taxable,1,0,0,51.9,,,https://static.musaibrand.com/images/models/0100-K/model/large/0100-K_222_2_1.jpg,MU0100-K,72,Size,S,,1,,Color,Fluor verde,,1,,,,,,,,,,,,[50cm]·[70cm],8435782500288
variation,MU010002222-K,,1,0,visible,,Dimensiuni: 53 * 72 cm,taxable,1,0,0,51.9,,,https://static.musaibrand.com/images/models/0100-K/model/large/0100-K_222_2_1.jpg,MU0100-K,73,Size,M,,1,,Color,Fluor verde,,1,,,,,,,,,,,,[53cm]·[72cm],8435782500424
variation,MU010003222-K,,1,0,visible,,Dimensiuni: 56 * 73 cm,taxable,1,0,0,51.9,,,https://static.musaibrand.com/images/models/0100-K/model/large/0100-K_222_2_1.jpg,MU0100-K,74,Size,L,,1,,Color,Fluor verde,,1,,,,,,,,,,,,[56cm]·[73cm],8435782500561
variation,MU010004222-K,,1,0,visible,,Dimensiuni: 59 * 74 cm,taxable,1,0,0,51.9,,,https://static.musaibrand.com/images/models/0100-K/model/large/0100-K_222_2_1.jpg,MU0100-K,75,Size,XL,,1,,Color,Fluor verde,,1,,,,,,,,,,,,[59cm]·[74cm],8435782500707
variation,MU010005222-K,,1,0,visible,,Dimensiuni: 62 * 76 cm,taxable,1,0,0,51.9,,,https://static.musaibrand.com/images/models/0100-K/model/large/0100-K_222_2_1.jpg,MU0100-K,76,Size,2XL,,1,,Color,Fluor verde,,1,,,,,,,,,,,,[62cm]·[76cm],8435782500844
variation,MU010006222-K,,1,0,visible,,Dimensiuni: 65 * 79 cm,taxable,1,0,0,51.9,,,https://static.musaibrand.com/images/models/0100-K/model/large/0100-K_222_2_1.jpg,MU0100-K,77,Size,3XL,,1,,Color,Fluor verde,,1,,,,,,,,,,,,[65cm]·[79cm],8435782500981
variation,MU010075222-K,,1,0,visible,,Dimensiuni: 34 * 48 cm,taxable,1,0,0,51.9,,,https://static.musaibrand.com/images/models/0100-K/model/large/0100-K_222_2_1.jpg,MU0100-K,78,Size,4/6,,1,,Color,Fluor verde,,1,,,,,,,,,,,,[34cm]·[48cm],8435782501124
variation,MU010076222-K,,1,0,visible,,Dimensiuni: 40 * 55 cm,taxable,1,0,0,51.9,,,https://static.musaibrand.com/images/models/0100-K/model/large/0100-K_222_2_1.jpg,MU0100-K,79,Size,8/10,,1,,Color,Fluor verde,,1,,,,,,,,,,,,[40cm]·[55cm],8435782501261
variation,MU010077222-K,,1,0,visible,,Dimensiuni: 45 * 63 cm,taxable,1,0,0,51.9,,,https://static.musaibrand.com/images/models/0100-K/model/large/0100-K_222_2_1.jpg,MU0100-K,80,Size,12/14,,1,,Color,Fluor verde,,1,,,,,,,,,,,,[45cm]·[63cm],8435782501407
variation,MU010000223-K,,1,0,visible,,Dimensiuni: 47 * 68 cm,taxable,1,0,0,51.9,,,https://static.musaibrand.com/images/models/0100-K/model/large/0100-K_223_2_1.jpg,MU0100-K,81,Size,XS,,1,,Color,Fluor portocaliu,,1,,,,,,,,,,,,[47cm]·[68cm],8435782500158
variation,MU010001223-K,,1,0,visible,,Dimensiuni: 50 * 70 cm,taxable,1,0,0,51.9,,,https://static.musaibrand.com/images/models/0100-K/model/large/0100-K_223_2_1.jpg,MU0100-K,82,Size,S,,1,,Color,Fluor portocaliu,,1,,,,,,,,,,,,[50cm]·[70cm],8435782500295
variation,MU010002223-K,,1,0,visible,,Dimensiuni: 53 * 72 cm,taxable,1,0,0,51.9,,,https://static.musaibrand.com/images/models/0100-K/model/large/0100-K_223_2_1.jpg,MU0100-K,83,Size,M,,1,,Color,Fluor portocaliu,,1,,,,,,,,,,,,[53cm]·[72cm],8435782500431
variation,MU010003223-K,,1,0,visible,,Dimensiuni: 56 * 73 cm,taxable,1,0,0,51.9,,,https://static.musaibrand.com/images/models/0100-K/model/large/0100-K_223_2_1.jpg,MU0100-K,84,Size,L,,1,,Color,Fluor portocaliu,,1,,,,,,,,,,,,[56cm]·[73cm],8435782500578
variation,MU010004223-K,,1,0,visible,,Dimensiuni: 59 * 74 cm,taxable,1,0,0,51.9,,,https://static.musaibrand.com/images/models/0100-K/model/large/0100-K_223_2_1.jpg,MU0100-K,85,Size,XL,,1,,Color,Fluor portocaliu,,1,,,,,,,,,,,,[59cm]·[74cm],8435782500714
variation,MU010005223-K,,1,0,visible,,Dimensiuni: 62 * 76 cm,taxable,1,0,0,51.9,,,https://static.musaibrand.com/images/models/0100-K/model/large/0100-K_223_2_1.jpg,MU0100-K,86,Size,2XL,,1,,Color,Fluor portocaliu,,1,,,,,,,,,,,,[62cm]·[76cm],8435782500851
variation,MU010006223-K,,1,0,visible,,Dimensiuni: 65 * 79 cm,taxable,1,0,0,51.9,,,https://static.musaibrand.com/images/models/0100-K/model/large/0100-K_223_2_1.jpg,MU0100-K,87,Size,3XL,,1,,Color,Fluor portocaliu,,1,,,,,,,,,,,,[65cm]·[79cm],8435782500998
variation,MU010075223-K,,1,0,visible,,Dimensiuni: 34 * 48 cm,taxable,1,0,0,51.9,,,https://static.musaibrand.com/images/models/0100-K/model/large/0100-K_223_2_1.jpg,MU0100-K,88,Size,4/6,,1,,Color,Fluor portocaliu,,1,,,,,,,,,,,,[34cm]·[48cm],8435782501131
variation,MU010076223-K,,1,0,visible,,Dimensiuni: 40 * 55 cm,taxable,1,0,0,51.9,,,https://static.musaibrand.com/images/models/0100-K/model/large/0100-K_223_2_1.jpg,MU0100-K,89,Size,8/10,,1,,Color,Fluor portocaliu,,1,,,,,,,,,,,,[40cm]·[55cm],8435782501278
variation,MU010077223-K,,1,0,visible,,Dimensiuni: 45 * 63 cm,taxable,1,0,0,51.9,,,https://static.musaibrand.com/images/models/0100-K/model/large/0100-K_223_2_1.jpg,MU0100-K,90,Size,12/14,,1,,Color,Fluor portocaliu,,1,,,,,,,,,,,,[45cm]·[63cm],8435782501414
variation,MU010000226-K,,1,0,visible,,Dimensiuni: 47 * 68 cm,taxable,1,0,0,51.9,,,https://static.musaibrand.com/images/models/0100-K/model/large/0100-K_226_2_1.jpg,MU0100-K,91,Size,XS,,1,,Color,Fern Green,,1,,,,,,,,,,,,[47cm]·[68cm],8435782528237
variation,MU010001226-K,,1,0,visible,,Dimensiuni: 50 * 70 cm,taxable,1,0,0,51.9,,,https://static.musaibrand.com/images/models/0100-K/model/large/0100-K_226_2_1.jpg,MU0100-K,92,Size,S,,1,,Color,Fern Green,,1,,,,,,,,,,,,[50cm]·[70cm],8435782528244
variation,MU010002226-K,,1,0,visible,,Dimensiuni: 53 * 72 cm,taxable,1,0,0,51.9,,,https://static.musaibrand.com/images/models/0100-K/model/large/0100-K_226_2_1.jpg,MU0100-K,93,Size,M,,1,,Color,Fern Green,,1,,,,,,,,,,,,[53cm]·[72cm],8435782528251
variation,MU010003226-K,,1,0,visible,,Dimensiuni: 56 * 73 cm,taxable,1,0,0,51.9,,,https://static.musaibrand.com/images/models/0100-K/model/large/0100-K_226_2_1.jpg,MU0100-K,94,Size,L,,1,,Color,Fern Green,,1,,,,,,,,,,,,[56cm]·[73cm],8435782528268
variation,MU010004226-K,,1,0,visible,,Dimensiuni: 59 * 74 cm,taxable,1,0,0,51.9,,,https://static.musaibrand.com/images/models/0100-K/model/large/0100-K_226_2_1.jpg,MU0100-K,95,Size,XL,,1,,Color,Fern Green,,1,,,,,,,,,,,,[59cm]·[74cm],8435782528275
variation,MU010005226-K,,1,0,visible,,Dimensiuni: 62 * 76 cm,taxable,1,0,0,51.9,,,https://static.musaibrand.com/images/models/0100-K/model/large/0100-K_226_2_1.jpg,MU0100-K,96,Size,2XL,,1,,Color,Fern Green,,1,,,,,,,,,,,,[62cm]·[76cm],8435782528282
variation,MU010006226-K,,1,0,visible,,Dimensiuni: 65 * 79 cm,taxable,1,0,0,51.9,,,https://static.musaibrand.com/images/models/0100-K/model/large/0100-K_226_2_1.jpg,MU0100-K,97,Size,3XL,,1,,Color,Fern Green,,1,,,,,,,,,,,,[65cm]·[79cm],8435782528299
variation,MU010075226-K,,1,0,visible,,Dimensiuni: 34 * 48 cm,taxable,1,0,0,51.9,,,https://static.musaibrand.com/images/models/0100-K/model/large/0100-K_226_2_1.jpg,MU0100-K,98,Size,4/6,,1,,Color,Fern Green,,1,,,,,,,,,,,,[34cm]·[48cm],8435782528305
variation,MU010076226-K,,1,0,visible,,Dimensiuni: 40 * 55 cm,taxable,1,0,0,51.9,,,https://static.musaibrand.com/images/models/0100-K/model/large/0100-K_226_2_1.jpg,MU0100-K,99,Size,8/10,,1,,Color,Fern Green,,1,,,,,,,,,,,,[40cm]·[55cm],8435782528312
variation,MU010077226-K,,1,0,visible,,Dimensiuni: 45 * 63 cm,taxable,1,0,0,51.9,,,https://static.musaibrand.com/images/models/0100-K/model/large/0100-K_226_2_1.jpg,MU0100-K,100,Size,12/14,,1,,Color,Fern Green,,1,,,,,,,,,,,,[45cm]·[63cm],8435782528329
variation,MU010000258-K,,1,0,visible,,Dimensiuni: 47 * 68 cm,taxable,1,0,0,51.9,,,https://static.musaibrand.com/images/models/0100-K/model/large/0100-K_258_2_1.jpg,MU0100-K,101,Size,XS,,1,,Color,Gri deschis,,1,,,,,,,,,,,,[47cm]·[68cm],8435782500165
variation,MU010001258-K,,1,0,visible,,Dimensiuni: 50 * 70 cm,taxable,1,0,0,51.9,,,https://static.musaibrand.com/images/models/0100-K/model/large/0100-K_258_2_1.jpg,MU0100-K,102,Size,S,,1,,Color,Gri deschis,,1,,,,,,,,,,,,[50cm]·[70cm],8435782500301
variation,MU010002258-K,,1,0,visible,,Dimensiuni: 53 * 72 cm,taxable,1,0,0,51.9,,,https://static.musaibrand.com/images/models/0100-K/model/large/0100-K_258_2_1.jpg,MU0100-K,103,Size,M,,1,,Color,Gri deschis,,1,,,,,,,,,,,,[53cm]·[72cm],8435782500448
variation,MU010003258-K,,1,0,visible,,Dimensiuni: 56 * 73 cm,taxable,1,0,0,51.9,,,https://static.musaibrand.com/images/models/0100-K/model/large/0100-K_258_2_1.jpg,MU0100-K,104,Size,L,,1,,Color,Gri deschis,,1,,,,,,,,,,,,[56cm]·[73cm],8435782500585
variation,MU010004258-K,,1,0,visible,,Dimensiuni: 59 * 74 cm,taxable,1,0,0,51.9,,,https://static.musaibrand.com/images/models/0100-K/model/large/0100-K_258_2_1.jpg,MU0100-K,105,Size,XL,,1,,Color,Gri deschis,,1,,,,,,,,,,,,[59cm]·[74cm],8435782500721
variation,MU010005258-K,,1,0,visible,,Dimensiuni: 62 * 76 cm,taxable,1,0,0,51.9,,,https://static.musaibrand.com/images/models/0100-K/model/large/0100-K_258_2_1.jpg,MU0100-K,106,Size,2XL,,1,,Color,Gri deschis,,1,,,,,,,,,,,,[62cm]·[76cm],8435782500868
variation,MU010006258-K,,1,0,visible,,Dimensiuni: 65 * 79 cm,taxable,1,0,0,51.9,,,https://static.musaibrand.com/images/models/0100-K/model/large/0100-K_258_2_1.jpg,MU0100-K,107,Size,3XL,,1,,Color,Gri deschis,,1,,,,,,,,,,,,[65cm]·[79cm],8435782501001
variation,MU010075258-K,,1,0,visible,,Dimensiuni: 34 * 48 cm,taxable,1,0,0,51.9,,,https://static.musaibrand.com/images/models/0100-K/model/large/0100-K_258_2_1.jpg,MU0100-K,108,Size,4/6,,1,,Color,Gri deschis,,1,,,,,,,,,,,,[34cm]·[48cm],8435782501148
variation,MU010076258-K,,1,0,visible,,Dimensiuni: 40 * 55 cm,taxable,1,0,0,51.9,,,https://static.musaibrand.com/images/models/0100-K/model/large/0100-K_258_2_1.jpg,MU0100-K,109,Size,8/10,,1,,Color,Gri deschis,,1,,,,,,,,,,,,[40cm]·[55cm],8435782501285
variation,MU010077258-K,,1,0,visible,,Dimensiuni: 45 * 63 cm,taxable,1,0,0,51.9,,,https://static.musaibrand.com/images/models/0100-K/model/large/0100-K_258_2_1.jpg,MU0100-K,110,Size,12/14,,1,,Color,Gri deschis,,1,,,,,,,,,,,,[45cm]·[63cm],8435782501421
variation,MU01000034-K,,1,0,visible,,Dimensiuni: 47 * 68 cm,taxable,1,0,0,51.9,,,https://static.musaibrand.com/images/models/0100-K/model/large/0100-K_34_2_1.jpg,MU0100-K,111,Size,XS,,1,,Color,Gum Pink,,1,,,,,,,,,,,,[47cm]·[68cm],8435782500172
variation,MU01000134-K,,1,0,visible,,Dimensiuni: 50 * 70 cm,taxable,1,0,0,51.9,,,https://static.musaibrand.com/images/models/0100-K/model/large/0100-K_34_2_1.jpg,MU0100-K,112,Size,S,,1,,Color,Gum Pink,,1,,,,,,,,,,,,[50cm]·[70cm],8435782500318
variation,MU01000234-K,,1,0,visible,,Dimensiuni: 53 * 72 cm,taxable,1,0,0,51.9,,,https://static.musaibrand.com/images/models/0100-K/model/large/0100-K_34_2_1.jpg,MU0100-K,113,Size,M,,1,,Color,Gum Pink,,1,,,,,,,,,,,,[53cm]·[72cm],8435782500455
variation,MU01000334-K,,1,0,visible,,Dimensiuni: 56 * 73 cm,taxable,1,0,0,51.9,,,https://static.musaibrand.com/images/models/0100-K/model/large/0100-K_34_2_1.jpg,MU0100-K,114,Size,L,,1,,Color,Gum Pink,,1,,,,,,,,,,,,[56cm]·[73cm],8435782500592
variation,MU01000434-K,,1,0,visible,,Dimensiuni: 59 * 74 cm,taxable,1,0,0,51.9,,,https://static.musaibrand.com/images/models/0100-K/model/large/0100-K_34_2_1.jpg,MU0100-K,115,Size,XL,,1,,Color,Gum Pink,,1,,,,,,,,,,,,[59cm]·[74cm],8435782500738
variation,MU01000534-K,,1,0,visible,,Dimensiuni: 62 * 76 cm,taxable,1,0,0,51.9,,,https://static.musaibrand.com/images/models/0100-K/model/large/0100-K_34_2_1.jpg,MU0100-K,116,Size,2XL,,1,,Color,Gum Pink,,1,,,,,,,,,,,,[62cm]·[76cm],8435782500875
variation,MU01000634-K,,1,0,visible,,Dimensiuni: 65 * 79 cm,taxable,1,0,0,51.9,,,https://static.musaibrand.com/images/models/0100-K/model/large/0100-K_34_2_1.jpg,MU0100-K,117,Size,3XL,,1,,Color,Gum Pink,,1,,,,,,,,,,,,[65cm]·[79cm],8435782501018
variation,MU01007534-K,,1,0,visible,,Dimensiuni: 34 * 48 cm,taxable,1,0,0,51.9,,,https://static.musaibrand.com/images/models/0100-K/model/large/0100-K_34_2_1.jpg,MU0100-K,118,Size,4/6,,1,,Color,Gum Pink,,1,,,,,,,,,,,,[34cm]·[48cm],8435782501155
variation,MU01007634-K,,1,0,visible,,Dimensiuni: 40 * 55 cm,taxable,1,0,0,51.9,,,https://static.musaibrand.com/images/models/0100-K/model/large/0100-K_34_2_1.jpg,MU0100-K,119,Size,8/10,,1,,Color,Gum Pink,,1,,,,,,,,,,,,[40cm]·[55cm],8435782501292
variation,MU01007734-K,,1,0,visible,,Dimensiuni: 45 * 63 cm,taxable,1,0,0,51.9,,,https://static.musaibrand.com/images/models/0100-K/model/large/0100-K_34_2_1.jpg,MU0100-K,120,Size,12/14,,1,,Color,Gum Pink,,1,,,,,,,,,,,,[45cm]·[63cm],8435782501438
variation,MU01000055-K,,1,0,visible,,Dimensiuni: 47 * 68 cm,taxable,1,0,0,51.9,,,https://static.musaibrand.com/images/models/0100-K/model/large/0100-K_55_2_1.jpg,MU0100-K,121,Size,XS,,1,,Color,Albastru marin,,1,,,,,,,,,,,,[47cm]·[68cm],8435782500189
variation,MU01000155-K,,1,0,visible,,Dimensiuni: 50 * 70 cm,taxable,1,0,0,51.9,,,https://static.musaibrand.com/images/models/0100-K/model/large/0100-K_55_2_1.jpg,MU0100-K,122,Size,S,,1,,Color,Albastru marin,,1,,,,,,,,,,,,[50cm]·[70cm],8435782500325
variation,MU01000255-K,,1,0,visible,,Dimensiuni: 53 * 72 cm,taxable,1,0,0,51.9,,,https://static.musaibrand.com/images/models/0100-K/model/large/0100-K_55_2_1.jpg,MU0100-K,123,Size,M,,1,,Color,Albastru marin,,1,,,,,,,,,,,,[53cm]·[72cm],8435782500462
variation,MU01000355-K,,1,0,visible,,Dimensiuni: 56 * 73 cm,taxable,1,0,0,51.9,,,https://static.musaibrand.com/images/models/0100-K/model/large/0100-K_55_2_1.jpg,MU0100-K,124,Size,L,,1,,Color,Albastru marin,,1,,,,,,,,,,,,[56cm]·[73cm],8435782500608
variation,MU01000455-K,,1,0,visible,,Dimensiuni: 59 * 74 cm,taxable,1,0,0,51.9,,,https://static.musaibrand.com/images/models/0100-K/model/large/0100-K_55_2_1.jpg,MU0100-K,125,Size,XL,,1,,Color,Albastru marin,,1,,,,,,,,,,,,[59cm]·[74cm],8435782500745
variation,MU01000555-K,,1,0,visible,,Dimensiuni: 62 * 76 cm,taxable,1,0,0,51.9,,,https://static.musaibrand.com/images/models/0100-K/model/large/0100-K_55_2_1.jpg,MU0100-K,126,Size,2XL,,1,,Color,Albastru marin,,1,,,,,,,,,,,,[62cm]·[76cm],8435782500882
variation,MU01000655-K,,1,0,visible,,Dimensiuni: 65 * 79 cm,taxable,1,0,0,51.9,,,https://static.musaibrand.com/images/models/0100-K/model/large/0100-K_55_2_1.jpg,MU0100-K,127,Size,3XL,,1,,Color,Albastru marin,,1,,,,,,,,,,,,[65cm]·[79cm],8435782501025
variation,MU01007555-K,,1,0,visible,,Dimensiuni: 34 * 48 cm,taxable,1,0,0,51.9,,,https://static.musaibrand.com/images/models/0100-K/model/large/0100-K_55_2_1.jpg,MU0100-K,128,Size,4/6,,1,,Color,Albastru marin,,1,,,,,,,,,,,,[34cm]·[48cm],8435782501162
variation,MU01007655-K,,1,0,visible,,Dimensiuni: 40 * 55 cm,taxable,1,0,0,51.9,,,https://static.musaibrand.com/images/models/0100-K/model/large/0100-K_55_2_1.jpg,MU0100-K,129,Size,8/10,,1,,Color,Albastru marin,,1,,,,,,,,,,,,[40cm]·[55cm],8435782501308
variation,MU01007755-K,,1,0,visible,,Dimensiuni: 45 * 63 cm,taxable,1,0,0,51.9,,,https://static.musaibrand.com/images/models/0100-K/model/large/0100-K_55_2_1.jpg,MU0100-K,130,Size,12/14,,1,,Color,Albastru marin,,1,,,,,,,,,,,,[45cm]·[63cm],8435782501445
variation,MU01000060-K,,1,0,visible,,Dimensiuni: 47 * 68 cm,taxable,1,0,0,51.9,,,https://static.musaibrand.com/images/models/0100-K/model/large/0100-K_60_2_1.jpg,MU0100-K,131,Size,XS,,1,,Color,ROȘU,,1,,,,,,,,,,,,[47cm]·[68cm],8435782500196
variation,MU01000160-K,,1,0,visible,,Dimensiuni: 50 * 70 cm,taxable,1,0,0,51.9,,,https://static.musaibrand.com/images/models/0100-K/model/large/0100-K_60_2_1.jpg,MU0100-K,132,Size,S,,1,,Color,ROȘU,,1,,,,,,,,,,,,[50cm]·[70cm],8435782500332
variation,MU01000260-K,,1,0,visible,,Dimensiuni: 53 * 72 cm,taxable,1,0,0,51.9,,,https://static.musaibrand.com/images/models/0100-K/model/large/0100-K_60_2_1.jpg,MU0100-K,133,Size,M,,1,,Color,ROȘU,,1,,,,,,,,,,,,[53cm]·[72cm],8435782500479
variation,MU01000360-K,,1,0,visible,,Dimensiuni: 56 * 73 cm,taxable,1,0,0,51.9,,,https://static.musaibrand.com/images/models/0100-K/model/large/0100-K_60_2_1.jpg,MU0100-K,134,Size,L,,1,,Color,ROȘU,,1,,,,,,,,,,,,[56cm]·[73cm],8435782500615
variation,MU01000460-K,,1,0,visible,,Dimensiuni: 59 * 74 cm,taxable,1,0,0,51.9,,,https://static.musaibrand.com/images/models/0100-K/model/large/0100-K_60_2_1.jpg,MU0100-K,135,Size,XL,,1,,Color,ROȘU,,1,,,,,,,,,,,,[59cm]·[74cm],8435782500752
variation,MU01000560-K,,1,0,visible,,Dimensiuni: 62 * 76 cm,taxable,1,0,0,51.9,,,https://static.musaibrand.com/images/models/0100-K/model/large/0100-K_60_2_1.jpg,MU0100-K,136,Size,2XL,,1,,Color,ROȘU,,1,,,,,,,,,,,,[62cm]·[76cm],8435782500899
variation,MU01000660-K,,1,0,visible,,Dimensiuni: 65 * 79 cm,taxable,1,0,0,51.9,,,https://static.musaibrand.com/images/models/0100-K/model/large/0100-K_60_2_1.jpg,MU0100-K,137,Size,3XL,,1,,Color,ROȘU,,1,,,,,,,,,,,,[65cm]·[79cm],8435782501032
variation,MU01007560-K,,1,0,visible,,Dimensiuni: 34 * 48 cm,taxable,1,0,0,51.9,,,https://static.musaibrand.com/images/models/0100-K/model/large/0100-K_60_2_1.jpg,MU0100-K,138,Size,4/6,,1,,Color,ROȘU,,1,,,,,,,,,,,,[34cm]·[48cm],8435782501179
variation,MU01007660-K,,1,0,visible,,Dimensiuni: 40 * 55 cm,taxable,1,0,0,51.9,,,https://static.musaibrand.com/images/models/0100-K/model/large/0100-K_60_2_1.jpg,MU0100-K,139,Size,8/10,,1,,Color,ROȘU,,1,,,,,,,,,,,,[40cm]·[55cm],8435782501315
variation,MU01007760-K,,1,0,visible,,Dimensiuni: 45 * 63 cm,taxable,1,0,0,51.9,,,https://static.musaibrand.com/images/models/0100-K/model/large/0100-K_60_2_1.jpg,MU0100-K,140,Size,12/14,,1,,Color,ROȘU,,1,,,,,,,,,,,,[45cm]·[63cm],8435782501452
variation,MU01000064-K,,1,0,visible,,Dimensiuni: 47 * 68 cm,taxable,1,0,0,51.9,,,https://static.musaibrand.com/images/models/0100-K/model/large/0100-K_64_2_1.jpg,MU0100-K,141,Size,XS,,1,,Color,Burgundy,,1,,,,,,,,,,,,[47cm]·[68cm],8435782500202
variation,MU01000164-K,,1,0,visible,,Dimensiuni: 50 * 70 cm,taxable,1,0,0,51.9,,,https://static.musaibrand.com/images/models/0100-K/model/large/0100-K_64_2_1.jpg,MU0100-K,142,Size,S,,1,,Color,Burgundy,,1,,,,,,,,,,,,[50cm]·[70cm],8435782500349
variation,MU01000264-K,,1,0,visible,,Dimensiuni: 53 * 72 cm,taxable,1,0,0,51.9,,,https://static.musaibrand.com/images/models/0100-K/model/large/0100-K_64_2_1.jpg,MU0100-K,143,Size,M,,1,,Color,Burgundy,,1,,,,,,,,,,,,[53cm]·[72cm],8435782500486
variation,MU01000364-K,,1,0,visible,,Dimensiuni: 56 * 73 cm,taxable,1,0,0,51.9,,,https://static.musaibrand.com/images/models/0100-K/model/large/0100-K_64_2_1.jpg,MU0100-K,144,Size,L,,1,,Color,Burgundy,,1,,,,,,,,,,,,[56cm]·[73cm],8435782500622
variation,MU01000464-K,,1,0,visible,,Dimensiuni: 59 * 74 cm,taxable,1,0,0,51.9,,,https://static.musaibrand.com/images/models/0100-K/model/large/0100-K_64_2_1.jpg,MU0100-K,145,Size,XL,,1,,Color,Burgundy,,1,,,,,,,,,,,,[59cm]·[74cm],8435782500769
variation,MU01000564-K,,1,0,visible,,Dimensiuni: 62 * 76 cm,taxable,1,0,0,51.9,,,https://static.musaibrand.com/images/models/0100-K/model/large/0100-K_64_2_1.jpg,MU0100-K,146,Size,2XL,,1,,Color,Burgundy,,1,,,,,,,,,,,,[62cm]·[76cm],8435782500905
variation,MU01000664-K,,1,0,visible,,Dimensiuni: 65 * 79 cm,taxable,1,0,0,51.9,,,https://static.musaibrand.com/images/models/0100-K/model/large/0100-K_64_2_1.jpg,MU0100-K,147,Size,3XL,,1,,Color,Burgundy,,1,,,,,,,,,,,,[65cm]·[79cm],8435782501049
variation,MU01007564-K,,1,0,visible,,Dimensiuni: 34 * 48 cm,taxable,1,0,0,51.9,,,https://static.musaibrand.com/images/models/0100-K/model/large/0100-K_64_2_1.jpg,MU0100-K,148,Size,4/6,,1,,Color,Burgundy,,1,,,,,,,,,,,,[34cm]·[48cm],8435782501186
variation,MU01007664-K,,1,0,visible,,Dimensiuni: 40 * 55 cm,taxable,1,0,0,51.9,,,https://static.musaibrand.com/images/models/0100-K/model/large/0100-K_64_2_1.jpg,MU0100-K,149,Size,8/10,,1,,Color,Burgundy,,1,,,,,,,,,,,,[40cm]·[55cm],8435782501322
variation,MU01007764-K,,1,0,visible,,Dimensiuni: 45 * 63 cm,taxable,1,0,0,51.9,,,https://static.musaibrand.com/images/models/0100-K/model/large/0100-K_64_2_1.jpg,MU0100-K,150,Size,12/14,,1,,Color,Burgundy,,1,,,,,,,,,,,,[45cm]·[63cm],8435782501469
variable,MU0101,Tricou - Mawi Femeie,1,0,visible,,"<p>Tricou tehnic cu mânecă scurtă și guler rotund pentru femei, fabricat din poliester reciclat.                                       <br>· Wicking <br>· Breathable</p><p><strong>Compoziție:</strong> 100% poliester interlock reciclat</p><p><br>· Guler rotund cu 1,5 cm material propriu fără cusături externe.<br>· Bandă  elastică pentru acoperirea cusăturilor la guler.<br>· Finisaje cu cusături plate.<br>· Detaliu cu logo imprimat în zona pieptului.</p><h4>Dimensiuni</h4><table style='border-collapse:collapse;margin:8px 0'><tr><th style='padding:4px 12px;border:1px solid #ddd;text-align:left'>Mărime</th><th style='padding:4px 12px;border:1px solid #ddd;text-align:left'>Dimensiuni</th></tr><tr><td style='padding:4px 12px;border:1px solid #ddd'>XS</td><td style='padding:4px 12px;border:1px solid #ddd'>45 * 59 cm</td></tr><tr><td style='padding:4px 12px;border:1px solid #ddd'>S</td><td style='padding:4px 12px;border:1px solid #ddd'>47 * 61 cm</td></tr><tr><td style='padding:4px 12px;border:1px solid #ddd'>M</td><td style='padding:4px 12px;border:1px solid #ddd'>49 * 63 cm</td></tr><tr><td style='padding:4px 12px;border:1px solid #ddd'>L</td><td style='padding:4px 12px;border:1px solid #ddd'>51 * 65 cm</td></tr><tr><td style='padding:4px 12px;border:1px solid #ddd'>XL</td><td style='padding:4px 12px;border:1px solid #ddd'>53 * 67 cm</td></tr><tr><td style='padding:4px 12px;border:1px solid #ddd'>2XL</td><td style='padding:4px 12px;border:1px solid #ddd'>55 * 69 cm</td></tr></table>",taxable,1,0,0,,Tricouri și tricouri polo,MUSAI,"https://static.musaibrand.com/images/models/0101/model/large/0101_01_1_1.jpg,https://static.musaibrand.com/images/models/0101/model/large/0101_02_1_1.jpg,https://static.musaibrand.com/images/models/0101/model/large/0101_03_1_1.jpg,https://static.musaibrand.com/images/models/0101/model/large/0101_05_1_1.jpg,https://static.musaibrand.com/images/models/0101/model/large/0101_10_1_1.jpg,https://static.musaibrand.com/images/models/0101/model/large/0101_176_1_1.jpg,https://static.musaibrand.com/images/models/0101/model/large/0101_221_1_1.jpg,https://static.musaibrand.com/images/models/0101/model/large/0101_222_1_1.jpg,https://static.musaibrand.com/images/models/0101/model/large/0101_223_1_1.jpg,https://static.musaibrand.com/images/models/0101/model/large/0101_258_1_1.jpg,https://static.musaibrand.com/images/models/0101/model/large/0101_34_1_1.jpg,https://static.musaibrand.com/images/models/0101/model/large/0101_55_1_1.jpg,https://static.musaibrand.com/images/models/0101/model/large/0101_60_1_1.jpg,https://static.musaibrand.com/images/models/0101/model/large/0101_64_1_1.jpg,https://static.musaibrand.com/images/models/0101/model/large/0101_01_2_1.jpg,https://static.musaibrand.com/images/models/0101/model/large/0101_02_2_1.jpg,https://static.musaibrand.com/images/models/0101/model/large/0101_03_2_1.jpg,https://static.musaibrand.com/images/models/0101/model/large/0101_05_2_1.jpg,https://static.musaibrand.com/images/models/0101/model/large/0101_10_2_1.jpg,https://static.musaibrand.com/images/models/0101/model/large/0101_176_2_1.jpg,https://static.musaibrand.com/images/models/0101/model/large/0101_221_2_1.jpg,https://static.musaibrand.com/images/models/0101/model/large/0101_222_2_1.jpg,https://static.musaibrand.com/images/models/0101/model/large/0101_223_2_1.jpg,https://static.musaibrand.com/images/models/0101/model/large/0101_258_2_1.jpg,https://static.musaibrand.com/images/models/0101/model/large/0101_34_2_1.jpg,https://static.musaibrand.com/images/models/0101/model/large/0101_55_2_1.jpg,https://static.musaibrand.com/images/models/0101/model/large/0101_60_2_1.jpg,https://static.musaibrand.com/images/models/0101/model/large/0101_64_2_1.jpg",,0,Size,"XS, S, M, L, XL, 2XL",1,1,,Color,"Alb, Negru, Galben, Albastru regal, Sky blue, Fluor turcoaz, Galben fluor, Fluor verde, Fluor portocaliu, Gri deschis, Gum Pink, Albastru marin, ROȘU, Burgundy",1,1,,Gender,Femeie,1,1,,Dimensiuni,"[45cm]·[59cm], [47cm]·[61cm], [49cm]·[63cm], [51cm]·[65cm], [53cm]·[67cm], [55cm]·[69cm]",1,0,,,
variation,MU01010001,,1,0,visible,,Dimensiuni: 45 * 59 cm,taxable,1,0,0,51.9,,,https://static.musaibrand.com/images/models/0101/model/large/0101_01_2_1.jpg,MU0101,1,Size,XS,,1,,Color,Alb,,1,,,,,,,,,,,,[45cm]·[59cm],8435782501476
variation,MU01010101,,1,0,visible,,Dimensiuni: 47 * 61 cm,taxable,1,0,0,51.9,,,https://static.musaibrand.com/images/models/0101/model/large/0101_01_2_1.jpg,MU0101,2,Size,S,,1,,Color,Alb,,1,,,,,,,,,,,,[47cm]·[61cm],8435782501612
variation,MU01010201,,1,0,visible,,Dimensiuni: 49 * 63 cm,taxable,1,0,0,51.9,,,https://static.musaibrand.com/images/models/0101/model/large/0101_01_2_1.jpg,MU0101,3,Size,M,,1,,Color,Alb,,1,,,,,,,,,,,,[49cm]·[63cm],8435782501759
variation,MU01010301,,1,0,visible,,Dimensiuni: 51 * 65 cm,taxable,1,0,0,51.9,,,https://static.musaibrand.com/images/models/0101/model/large/0101_01_2_1.jpg,MU0101,4,Size,L,,1,,Color,Alb,,1,,,,,,,,,,,,[51cm]·[65cm],8435782501896
variation,MU01010401,,1,0,visible,,Dimensiuni: 53 * 67 cm,taxable,1,0,0,51.9,,,https://static.musaibrand.com/images/models/0101/model/large/0101_01_2_1.jpg,MU0101,5,Size,XL,,1,,Color,Alb,,1,,,,,,,,,,,,[53cm]·[67cm],8435782502039
variation,MU01010501,,1,0,visible,,Dimensiuni: 55 * 69 cm,taxable,1,0,0,51.9,,,https://static.musaibrand.com/images/models/0101/model/large/0101_01_2_1.jpg,MU0101,6,Size,2XL,,1,,Color,Alb,,1,,,,,,,,,,,,[55cm]·[69cm],8435782502176
variation,MU01010002,,1,0,visible,,Dimensiuni: 45 * 59 cm,taxable,1,0,0,51.9,,,https://static.musaibrand.com/images/models/0101/model/large/0101_02_2_1.jpg,MU0101,7,Size,XS,,1,,Color,Negru,,1,,,,,,,,,,,,[45cm]·[59cm],8435782501483
variation,MU01010102,,1,0,visible,,Dimensiuni: 47 * 61 cm,taxable,1,0,0,51.9,,,https://static.musaibrand.com/images/models/0101/model/large/0101_02_2_1.jpg,MU0101,8,Size,S,,1,,Color,Negru,,1,,,,,,,,,,,,[47cm]·[61cm],8435782501629
variation,MU01010202,,1,0,visible,,Dimensiuni: 49 * 63 cm,taxable,1,0,0,51.9,,,https://static.musaibrand.com/images/models/0101/model/large/0101_02_2_1.jpg,MU0101,9,Size,M,,1,,Color,Negru,,1,,,,,,,,,,,,[49cm]·[63cm],8435782501766
variation,MU01010302,,1,0,visible,,Dimensiuni: 51 * 65 cm,taxable,1,0,0,51.9,,,https://static.musaibrand.com/images/models/0101/model/large/0101_02_2_1.jpg,MU0101,10,Size,L,,1,,Color,Negru,,1,,,,,,,,,,,,[51cm]·[65cm],8435782501902
variation,MU01010402,,1,0,visible,,Dimensiuni: 53 * 67 cm,taxable,1,0,0,51.9,,,https://static.musaibrand.com/images/models/0101/model/large/0101_02_2_1.jpg,MU0101,11,Size,XL,,1,,Color,Negru,,1,,,,,,,,,,,,[53cm]·[67cm],8435782502046
variation,MU01010502,,1,0,visible,,Dimensiuni: 55 * 69 cm,taxable,1,0,0,51.9,,,https://static.musaibrand.com/images/models/0101/model/large/0101_02_2_1.jpg,MU0101,12,Size,2XL,,1,,Color,Negru,,1,,,,,,,,,,,,[55cm]·[69cm],8435782502183
variation,MU01010003,,1,0,visible,,Dimensiuni: 45 * 59 cm,taxable,1,0,0,51.9,,,https://static.musaibrand.com/images/models/0101/model/large/0101_03_2_1.jpg,MU0101,13,Size,XS,,1,,Color,Galben,,1,,,,,,,,,,,,[45cm]·[59cm],8435782501490
variation,MU01010103,,1,0,visible,,Dimensiuni: 47 * 61 cm,taxable,1,0,0,51.9,,,https://static.musaibrand.com/images/models/0101/model/large/0101_03_2_1.jpg,MU0101,14,Size,S,,1,,Color,Galben,,1,,,,,,,,,,,,[47cm]·[61cm],8435782501636
variation,MU01010203,,1,0,visible,,Dimensiuni: 49 * 63 cm,taxable,1,0,0,51.9,,,https://static.musaibrand.com/images/models/0101/model/large/0101_03_2_1.jpg,MU0101,15,Size,M,,1,,Color,Galben,,1,,,,,,,,,,,,[49cm]·[63cm],8435782501773
variation,MU01010303,,1,0,visible,,Dimensiuni: 51 * 65 cm,taxable,1,0,0,51.9,,,https://static.musaibrand.com/images/models/0101/model/large/0101_03_2_1.jpg,MU0101,16,Size,L,,1,,Color,Galben,,1,,,,,,,,,,,,[51cm]·[65cm],8435782501919
variation,MU01010403,,1,0,visible,,Dimensiuni: 53 * 67 cm,taxable,1,0,0,51.9,,,https://static.musaibrand.com/images/models/0101/model/large/0101_03_2_1.jpg,MU0101,17,Size,XL,,1,,Color,Galben,,1,,,,,,,,,,,,[53cm]·[67cm],8435782502053
variation,MU01010503,,1,0,visible,,Dimensiuni: 55 * 69 cm,taxable,1,0,0,51.9,,,https://static.musaibrand.com/images/models/0101/model/large/0101_03_2_1.jpg,MU0101,18,Size,2XL,,1,,Color,Galben,,1,,,,,,,,,,,,[55cm]·[69cm],8435782502190
variation,MU01010005,,1,0,visible,,Dimensiuni: 45 * 59 cm,taxable,1,0,0,51.9,,,https://static.musaibrand.com/images/models/0101/model/large/0101_05_2_1.jpg,MU0101,19,Size,XS,,1,,Color,Albastru regal,,1,,,,,,,,,,,,[45cm]·[59cm],8435782501506
variation,MU01010105,,1,0,visible,,Dimensiuni: 47 * 61 cm,taxable,1,0,0,51.9,,,https://static.musaibrand.com/images/models/0101/model/large/0101_05_2_1.jpg,MU0101,20,Size,S,,1,,Color,Albastru regal,,1,,,,,,,,,,,,[47cm]·[61cm],8435782501643
variation,MU01010205,,1,0,visible,,Dimensiuni: 49 * 63 cm,taxable,1,0,0,51.9,,,https://static.musaibrand.com/images/models/0101/model/large/0101_05_2_1.jpg,MU0101,21,Size,M,,1,,Color,Albastru regal,,1,,,,,,,,,,,,[49cm]·[63cm],8435782501780
variation,MU01010305,,1,0,visible,,Dimensiuni: 51 * 65 cm,taxable,1,0,0,51.9,,,https://static.musaibrand.com/images/models/0101/model/large/0101_05_2_1.jpg,MU0101,22,Size,L,,1,,Color,Albastru regal,,1,,,,,,,,,,,,[51cm]·[65cm],8435782501926
variation,MU01010405,,1,0,visible,,Dimensiuni: 53 * 67 cm,taxable,1,0,0,51.9,,,https://static.musaibrand.com/images/models/0101/model/large/0101_05_2_1.jpg,MU0101,23,Size,XL,,1,,Color,Albastru regal,,1,,,,,,,,,,,,[53cm]·[67cm],8435782502060
variation,MU01010505,,1,0,visible,,Dimensiuni: 55 * 69 cm,taxable,1,0,0,51.9,,,https://static.musaibrand.com/images/models/0101/model/large/0101_05_2_1.jpg,MU0101,24,Size,2XL,,1,,Color,Albastru regal,,1,,,,,,,,,,,,[55cm]·[69cm],8435782502206
variation,MU01010010,,1,0,visible,,Dimensiuni: 45 * 59 cm,taxable,1,0,0,51.9,,,https://static.musaibrand.com/images/models/0101/model/large/0101_10_2_1.jpg,MU0101,25,Size,XS,,1,,Color,Sky blue,,1,,,,,,,,,,,,[45cm]·[59cm],8435782501513
variation,MU01010110,,1,0,visible,,Dimensiuni: 47 * 61 cm,taxable,1,0,0,51.9,,,https://static.musaibrand.com/images/models/0101/model/large/0101_10_2_1.jpg,MU0101,26,Size,S,,1,,Color,Sky blue,,1,,,,,,,,,,,,[47cm]·[61cm],8435782501650
variation,MU01010210,,1,0,visible,,Dimensiuni: 49 * 63 cm,taxable,1,0,0,51.9,,,https://static.musaibrand.com/images/models/0101/model/large/0101_10_2_1.jpg,MU0101,27,Size,M,,1,,Color,Sky blue,,1,,,,,,,,,,,,[49cm]·[63cm],8435782501797
variation,MU01010310,,1,0,visible,,Dimensiuni: 51 * 65 cm,taxable,1,0,0,51.9,,,https://static.musaibrand.com/images/models/0101/model/large/0101_10_2_1.jpg,MU0101,28,Size,L,,1,,Color,Sky blue,,1,,,,,,,,,,,,[51cm]·[65cm],8435782501933
variation,MU01010410,,1,0,visible,,Dimensiuni: 53 * 67 cm,taxable,1,0,0,51.9,,,https://static.musaibrand.com/images/models/0101/model/large/0101_10_2_1.jpg,MU0101,29,Size,XL,,1,,Color,Sky blue,,1,,,,,,,,,,,,[53cm]·[67cm],8435782502077
variation,MU01010510,,1,0,visible,,Dimensiuni: 55 * 69 cm,taxable,1,0,0,51.9,,,https://static.musaibrand.com/images/models/0101/model/large/0101_10_2_1.jpg,MU0101,30,Size,2XL,,1,,Color,Sky blue,,1,,,,,,,,,,,,[55cm]·[69cm],8435782502213
variation,MU010100176,,1,0,visible,,Dimensiuni: 45 * 59 cm,taxable,1,0,0,51.9,,,https://static.musaibrand.com/images/models/0101/model/large/0101_176_2_1.jpg,MU0101,31,Size,XS,,1,,Color,Fluor turcoaz,,1,,,,,,,,,,,,[45cm]·[59cm],8435782501520
variation,MU010101176,,1,0,visible,,Dimensiuni: 47 * 61 cm,taxable,1,0,0,51.9,,,https://static.musaibrand.com/images/models/0101/model/large/0101_176_2_1.jpg,MU0101,32,Size,S,,1,,Color,Fluor turcoaz,,1,,,,,,,,,,,,[47cm]·[61cm],8435782501667
variation,MU010102176,,1,0,visible,,Dimensiuni: 49 * 63 cm,taxable,1,0,0,51.9,,,https://static.musaibrand.com/images/models/0101/model/large/0101_176_2_1.jpg,MU0101,33,Size,M,,1,,Color,Fluor turcoaz,,1,,,,,,,,,,,,[49cm]·[63cm],8435782501803
variation,MU010103176,,1,0,visible,,Dimensiuni: 51 * 65 cm,taxable,1,0,0,51.9,,,https://static.musaibrand.com/images/models/0101/model/large/0101_176_2_1.jpg,MU0101,34,Size,L,,1,,Color,Fluor turcoaz,,1,,,,,,,,,,,,[51cm]·[65cm],8435782501940
variation,MU010104176,,1,0,visible,,Dimensiuni: 53 * 67 cm,taxable,1,0,0,51.9,,,https://static.musaibrand.com/images/models/0101/model/large/0101_176_2_1.jpg,MU0101,35,Size,XL,,1,,Color,Fluor turcoaz,,1,,,,,,,,,,,,[53cm]·[67cm],8435782502084
variation,MU010105176,,1,0,visible,,Dimensiuni: 55 * 69 cm,taxable,1,0,0,51.9,,,https://static.musaibrand.com/images/models/0101/model/large/0101_176_2_1.jpg,MU0101,36,Size,2XL,,1,,Color,Fluor turcoaz,,1,,,,,,,,,,,,[55cm]·[69cm],8435782502220
variation,MU010100221,,1,0,visible,,Dimensiuni: 45 * 59 cm,taxable,1,0,0,51.9,,,https://static.musaibrand.com/images/models/0101/model/large/0101_221_2_1.jpg,MU0101,37,Size,XS,,1,,Color,Galben fluor,,1,,,,,,,,,,,,[45cm]·[59cm],8435782501537
variation,MU010101221,,1,0,visible,,Dimensiuni: 47 * 61 cm,taxable,1,0,0,51.9,,,https://static.musaibrand.com/images/models/0101/model/large/0101_221_2_1.jpg,MU0101,38,Size,S,,1,,Color,Galben fluor,,1,,,,,,,,,,,,[47cm]·[61cm],8435782501674
variation,MU010102221,,1,0,visible,,Dimensiuni: 49 * 63 cm,taxable,1,0,0,51.9,,,https://static.musaibrand.com/images/models/0101/model/large/0101_221_2_1.jpg,MU0101,39,Size,M,,1,,Color,Galben fluor,,1,,,,,,,,,,,,[49cm]·[63cm],8435782501810
variation,MU010103221,,1,0,visible,,Dimensiuni: 51 * 65 cm,taxable,1,0,0,51.9,,,https://static.musaibrand.com/images/models/0101/model/large/0101_221_2_1.jpg,MU0101,40,Size,L,,1,,Color,Galben fluor,,1,,,,,,,,,,,,[51cm]·[65cm],8435782501957
variation,MU010104221,,1,0,visible,,Dimensiuni: 53 * 67 cm,taxable,1,0,0,51.9,,,https://static.musaibrand.com/images/models/0101/model/large/0101_221_2_1.jpg,MU0101,41,Size,XL,,1,,Color,Galben fluor,,1,,,,,,,,,,,,[53cm]·[67cm],8435782502091
variation,MU010105221,,1,0,visible,,Dimensiuni: 55 * 69 cm,taxable,1,0,0,51.9,,,https://static.musaibrand.com/images/models/0101/model/large/0101_221_2_1.jpg,MU0101,42,Size,2XL,,1,,Color,Galben fluor,,1,,,,,,,,,,,,[55cm]·[69cm],8435782502237
variation,MU010100222,,1,0,visible,,Dimensiuni: 45 * 59 cm,taxable,1,0,0,51.9,,,https://static.musaibrand.com/images/models/0101/model/large/0101_222_2_1.jpg,MU0101,43,Size,XS,,1,,Color,Fluor verde,,1,,,,,,,,,,,,[45cm]·[59cm],8435782501544
variation,MU010101222,,1,0,visible,,Dimensiuni: 47 * 61 cm,taxable,1,0,0,51.9,,,https://static.musaibrand.com/images/models/0101/model/large/0101_222_2_1.jpg,MU0101,44,Size,S,,1,,Color,Fluor verde,,1,,,,,,,,,,,,[47cm]·[61cm],8435782501681
variation,MU010102222,,1,0,visible,,Dimensiuni: 49 * 63 cm,taxable,1,0,0,51.9,,,https://static.musaibrand.com/images/models/0101/model/large/0101_222_2_1.jpg,MU0101,45,Size,M,,1,,Color,Fluor verde,,1,,,,,,,,,,,,[49cm]·[63cm],8435782501827
variation,MU010103222,,1,0,visible,,Dimensiuni: 51 * 65 cm,taxable,1,0,0,51.9,,,https://static.musaibrand.com/images/models/0101/model/large/0101_222_2_1.jpg,MU0101,46,Size,L,,1,,Color,Fluor verde,,1,,,,,,,,,,,,[51cm]·[65cm],8435782501964
variation,MU010104222,,1,0,visible,,Dimensiuni: 53 * 67 cm,taxable,1,0,0,51.9,,,https://static.musaibrand.com/images/models/0101/model/large/0101_222_2_1.jpg,MU0101,47,Size,XL,,1,,Color,Fluor verde,,1,,,,,,,,,,,,[53cm]·[67cm],8435782502107
variation,MU010105222,,1,0,visible,,Dimensiuni: 55 * 69 cm,taxable,1,0,0,51.9,,,https://static.musaibrand.com/images/models/0101/model/large/0101_222_2_1.jpg,MU0101,48,Size,2XL,,1,,Color,Fluor verde,,1,,,,,,,,,,,,[55cm]·[69cm],8435782502244
variation,MU010100223,,1,0,visible,,Dimensiuni: 45 * 59 cm,taxable,1,0,0,51.9,,,https://static.musaibrand.com/images/models/0101/model/large/0101_223_2_1.jpg,MU0101,49,Size,XS,,1,,Color,Fluor portocaliu,,1,,,,,,,,,,,,[45cm]·[59cm],8435782501551
variation,MU010101223,,1,0,visible,,Dimensiuni: 47 * 61 cm,taxable,1,0,0,51.9,,,https://static.musaibrand.com/images/models/0101/model/large/0101_223_2_1.jpg,MU0101,50,Size,S,,1,,Color,Fluor portocaliu,,1,,,,,,,,,,,,[47cm]·[61cm],8435782501698
variation,MU010102223,,1,0,visible,,Dimensiuni: 49 * 63 cm,taxable,1,0,0,51.9,,,https://static.musaibrand.com/images/models/0101/model/large/0101_223_2_1.jpg,MU0101,51,Size,M,,1,,Color,Fluor portocaliu,,1,,,,,,,,,,,,[49cm]·[63cm],8435782501834
variation,MU010103223,,1,0,visible,,Dimensiuni: 51 * 65 cm,taxable,1,0,0,51.9,,,https://static.musaibrand.com/images/models/0101/model/large/0101_223_2_1.jpg,MU0101,52,Size,L,,1,,Color,Fluor portocaliu,,1,,,,,,,,,,,,[51cm]·[65cm],8435782501971
variation,MU010104223,,1,0,visible,,Dimensiuni: 53 * 67 cm,taxable,1,0,0,51.9,,,https://static.musaibrand.com/images/models/0101/model/large/0101_223_2_1.jpg,MU0101,53,Size,XL,,1,,Color,Fluor portocaliu,,1,,,,,,,,,,,,[53cm]·[67cm],8435782502114
variation,MU010105223,,1,0,visible,,Dimensiuni: 55 * 69 cm,taxable,1,0,0,51.9,,,https://static.musaibrand.com/images/models/0101/model/large/0101_223_2_1.jpg,MU0101,54,Size,2XL,,1,,Color,Fluor portocaliu,,1,,,,,,,,,,,,[55cm]·[69cm],8435782502251
variation,MU010100258,,1,0,visible,,Dimensiuni: 45 * 59 cm,taxable,1,0,0,51.9,,,https://static.musaibrand.com/images/models/0101/model/large/0101_258_2_1.jpg,MU0101,55,Size,XS,,1,,Color,Gri deschis,,1,,,,,,,,,,,,[45cm]·[59cm],8435782501568
variation,MU010101258,,1,0,visible,,Dimensiuni: 47 * 61 cm,taxable,1,0,0,51.9,,,https://static.musaibrand.com/images/models/0101/model/large/0101_258_2_1.jpg,MU0101,56,Size,S,,1,,Color,Gri deschis,,1,,,,,,,,,,,,[47cm]·[61cm],8435782501704
variation,MU010102258,,1,0,visible,,Dimensiuni: 49 * 63 cm,taxable,1,0,0,51.9,,,https://static.musaibrand.com/images/models/0101/model/large/0101_258_2_1.jpg,MU0101,57,Size,M,,1,,Color,Gri deschis,,1,,,,,,,,,,,,[49cm]·[63cm],8435782501841
variation,MU010103258,,1,0,visible,,Dimensiuni: 51 * 65 cm,taxable,1,0,0,51.9,,,https://static.musaibrand.com/images/models/0101/model/large/0101_258_2_1.jpg,MU0101,58,Size,L,,1,,Color,Gri deschis,,1,,,,,,,,,,,,[51cm]·[65cm],8435782501988
variation,MU010104258,,1,0,visible,,Dimensiuni: 53 * 67 cm,taxable,1,0,0,51.9,,,https://static.musaibrand.com/images/models/0101/model/large/0101_258_2_1.jpg,MU0101,59,Size,XL,,1,,Color,Gri deschis,,1,,,,,,,,,,,,[53cm]·[67cm],8435782502121
variation,MU010105258,,1,0,visible,,Dimensiuni: 55 * 69 cm,taxable,1,0,0,51.9,,,https://static.musaibrand.com/images/models/0101/model/large/0101_258_2_1.jpg,MU0101,60,Size,2XL,,1,,Color,Gri deschis,,1,,,,,,,,,,,,[55cm]·[69cm],8435782502268
variation,MU01010034,,1,0,visible,,Dimensiuni: 45 * 59 cm,taxable,1,0,0,51.9,,,https://static.musaibrand.com/images/models/0101/model/large/0101_34_2_1.jpg,MU0101,61,Size,XS,,1,,Color,Gum Pink,,1,,,,,,,,,,,,[45cm]·[59cm],8435782501575
variation,MU01010134,,1,0,visible,,Dimensiuni: 47 * 61 cm,taxable,1,0,0,51.9,,,https://static.musaibrand.com/images/models/0101/model/large/0101_34_2_1.jpg,MU0101,62,Size,S,,1,,Color,Gum Pink,,1,,,,,,,,,,,,[47cm]·[61cm],8435782501711
variation,MU01010234,,1,0,visible,,Dimensiuni: 49 * 63 cm,taxable,1,0,0,51.9,,,https://static.musaibrand.com/images/models/0101/model/large/0101_34_2_1.jpg,MU0101,63,Size,M,,1,,Color,Gum Pink,,1,,,,,,,,,,,,[49cm]·[63cm],8435782501858
variation,MU01010334,,1,0,visible,,Dimensiuni: 51 * 65 cm,taxable,1,0,0,51.9,,,https://static.musaibrand.com/images/models/0101/model/large/0101_34_2_1.jpg,MU0101,64,Size,L,,1,,Color,Gum Pink,,1,,,,,,,,,,,,[51cm]·[65cm],8435782501995
variation,MU01010434,,1,0,visible,,Dimensiuni: 53 * 67 cm,taxable,1,0,0,51.9,,,https://static.musaibrand.com/images/models/0101/model/large/0101_34_2_1.jpg,MU0101,65,Size,XL,,1,,Color,Gum Pink,,1,,,,,,,,,,,,[53cm]·[67cm],8435782502138
variation,MU01010534,,1,0,visible,,Dimensiuni: 55 * 69 cm,taxable,1,0,0,51.9,,,https://static.musaibrand.com/images/models/0101/model/large/0101_34_2_1.jpg,MU0101,66,Size,2XL,,1,,Color,Gum Pink,,1,,,,,,,,,,,,[55cm]·[69cm],8435782502275
variation,MU01010055,,1,0,visible,,Dimensiuni: 45 * 59 cm,taxable,1,0,0,51.9,,,https://static.musaibrand.com/images/models/0101/model/large/0101_55_2_1.jpg,MU0101,67,Size,XS,,1,,Color,Albastru marin,,1,,,,,,,,,,,,[45cm]·[59cm],8435782501582
variation,MU01010155,,1,0,visible,,Dimensiuni: 47 * 61 cm,taxable,1,0,0,51.9,,,https://static.musaibrand.com/images/models/0101/model/large/0101_55_2_1.jpg,MU0101,68,Size,S,,1,,Color,Albastru marin,,1,,,,,,,,,,,,[47cm]·[61cm],8435782501728
variation,MU01010255,,1,0,visible,,Dimensiuni: 49 * 63 cm,taxable,1,0,0,51.9,,,https://static.musaibrand.com/images/models/0101/model/large/0101_55_2_1.jpg,MU0101,69,Size,M,,1,,Color,Albastru marin,,1,,,,,,,,,,,,[49cm]·[63cm],8435782501865
variation,MU01010355,,1,0,visible,,Dimensiuni: 51 * 65 cm,taxable,1,0,0,51.9,,,https://static.musaibrand.com/images/models/0101/model/large/0101_55_2_1.jpg,MU0101,70,Size,L,,1,,Color,Albastru marin,,1,,,,,,,,,,,,[51cm]·[65cm],8435782502008
variation,MU01010455,,1,0,visible,,Dimensiuni: 53 * 67 cm,taxable,1,0,0,51.9,,,https://static.musaibrand.com/images/models/0101/model/large/0101_55_2_1.jpg,MU0101,71,Size,XL,,1,,Color,Albastru marin,,1,,,,,,,,,,,,[53cm]·[67cm],8435782502145
variation,MU01010555,,1,0,visible,,Dimensiuni: 55 * 69 cm,taxable,1,0,0,51.9,,,https://static.musaibrand.com/images/models/0101/model/large/0101_55_2_1.jpg,MU0101,72,Size,2XL,,1,,Color,Albastru marin,,1,,,,,,,,,,,,[55cm]·[69cm],8435782502282
variation,MU01010060,,1,0,visible,,Dimensiuni: 45 * 59 cm,taxable,1,0,0,51.9,,,https://static.musaibrand.com/images/models/0101/model/large/0101_60_2_1.jpg,MU0101,73,Size,XS,,1,,Color,ROȘU,,1,,,,,,,,,,,,[45cm]·[59cm],8435782501599
variation,MU01010160,,1,0,visible,,Dimensiuni: 47 * 61 cm,taxable,1,0,0,51.9,,,https://static.musaibrand.com/images/models/0101/model/large/0101_60_2_1.jpg,MU0101,74,Size,S,,1,,Color,ROȘU,,1,,,,,,,,,,,,[47cm]·[61cm],8435782501735
variation,MU01010260,,1,0,visible,,Dimensiuni: 49 * 63 cm,taxable,1,0,0,51.9,,,https://static.musaibrand.com/images/models/0101/model/large/0101_60_2_1.jpg,MU0101,75,Size,M,,1,,Color,ROȘU,,1,,,,,,,,,,,,[49cm]·[63cm],8435782501872
variation,MU01010360,,1,0,visible,,Dimensiuni: 51 * 65 cm,taxable,1,0,0,51.9,,,https://static.musaibrand.com/images/models/0101/model/large/0101_60_2_1.jpg,MU0101,76,Size,L,,1,,Color,ROȘU,,1,,,,,,,,,,,,[51cm]·[65cm],8435782502015
variation,MU01010460,,1,0,visible,,Dimensiuni: 53 * 67 cm,taxable,1,0,0,51.9,,,https://static.musaibrand.com/images/models/0101/model/large/0101_60_2_1.jpg,MU0101,77,Size,XL,,1,,Color,ROȘU,,1,,,,,,,,,,,,[53cm]·[67cm],8435782502152
variation,MU01010560,,1,0,visible,,Dimensiuni: 55 * 69 cm,taxable,1,0,0,51.9,,,https://static.musaibrand.com/images/models/0101/model/large/0101_60_2_1.jpg,MU0101,78,Size,2XL,,1,,Color,ROȘU,,1,,,,,,,,,,,,[55cm]·[69cm],8435782502299
variation,MU01010064,,1,0,visible,,Dimensiuni: 45 * 59 cm,taxable,1,0,0,51.9,,,https://static.musaibrand.com/images/models/0101/model/large/0101_64_2_1.jpg,MU0101,79,Size,XS,,1,,Color,Burgundy,,1,,,,,,,,,,,,[45cm]·[59cm],8435782501605
variation,MU01010164,,1,0,visible,,Dimensiuni: 47 * 61 cm,taxable,1,0,0,51.9,,,https://static.musaibrand.com/images/models/0101/model/large/0101_64_2_1.jpg,MU0101,80,Size,S,,1,,Color,Burgundy,,1,,,,,,,,,,,,[47cm]·[61cm],8435782501742
variation,MU01010264,,1,0,visible,,Dimensiuni: 49 * 63 cm,taxable,1,0,0,51.9,,,https://static.musaibrand.com/images/models/0101/model/large/0101_64_2_1.jpg,MU0101,81,Size,M,,1,,Color,Burgundy,,1,,,,,,,,,,,,[49cm]·[63cm],8435782501889
variation,MU01010364,,1,0,visible,,Dimensiuni: 51 * 65 cm,taxable,1,0,0,51.9,,,https://static.musaibrand.com/images/models/0101/model/large/0101_64_2_1.jpg,MU0101,82,Size,L,,1,,Color,Burgundy,,1,,,,,,,,,,,,[51cm]·[65cm],8435782502022
variation,MU01010464,,1,0,visible,,Dimensiuni: 53 * 67 cm,taxable,1,0,0,51.9,,,https://static.musaibrand.com/images/models/0101/model/large/0101_64_2_1.jpg,MU0101,83,Size,XL,,1,,Color,Burgundy,,1,,,,,,,,,,,,[53cm]·[67cm],8435782502169
variation,MU01010564,,1,0,visible,,Dimensiuni: 55 * 69 cm,taxable,1,0,0,51.9,,,https://static.musaibrand.com/images/models/0101/model/large/0101_64_2_1.jpg,MU0101,84,Size,2XL,,1,,Color,Burgundy,,1,,,,,,,,,,,,[55cm]·[69cm],8435782502305
variable,MU0102,Tricou - Ubora,1,0,visible,,"<p>Tricou de fotbal unisex cu mânecă scurtă, model raglan, din poliester reciclat. Design frontal sublimat cu dungi verticale.                                     <br>· Wicking   <br>· Breathable</p><p><strong>Compoziție:</strong> 100% poliester interlock reciclat</p><p><br>· Guler rotund cu 1,5 cm material propriu fără cusături externe.<br>· Bandă  elastică pentru acoperirea cusăturilor la guler.<br>· Finisaje cu cusături plate.<br>· Detaliu cu logo imprimat pe mânecă.</p><h4>Dimensiuni</h4><table style='border-collapse:collapse;margin:8px 0'><tr><th style='padding:4px 12px;border:1px solid #ddd;text-align:left'>Mărime</th><th style='padding:4px 12px;border:1px solid #ddd;text-align:left'>Dimensiuni</th></tr><tr><td style='padding:4px 12px;border:1px solid #ddd'>XS</td><td style='padding:4px 12px;border:1px solid #ddd'>47 * 68 cm</td></tr><tr><td style='padding:4px 12px;border:1px solid #ddd'>S</td><td style='padding:4px 12px;border:1px solid #ddd'>50 * 70 cm</td></tr><tr><td style='padding:4px 12px;border:1px solid #ddd'>M</td><td style='padding:4px 12px;border:1px solid #ddd'>53 * 72 cm</td></tr><tr><td style='padding:4px 12px;border:1px solid #ddd'>L</td><td style='padding:4px 12px;border:1px solid #ddd'>56 * 74 cm</td></tr><tr><td style='padding:4px 12px;border:1px solid #ddd'>XL</td><td style='padding:4px 12px;border:1px solid #ddd'>59 * 76 cm</td></tr><tr><td style='padding:4px 12px;border:1px solid #ddd'>2XL</td><td style='padding:4px 12px;border:1px solid #ddd'>62 * 79 cm</td></tr><tr><td style='padding:4px 12px;border:1px solid #ddd'>3XL</td><td style='padding:4px 12px;border:1px solid #ddd'>65 * 82 cm</td></tr><tr><td style='padding:4px 12px;border:1px solid #ddd'>4/6</td><td style='padding:4px 12px;border:1px solid #ddd'>34 * 48 cm</td></tr><tr><td style='padding:4px 12px;border:1px solid #ddd'>8/10</td><td style='padding:4px 12px;border:1px solid #ddd'>40 * 55 cm</td></tr><tr><td style='padding:4px 12px;border:1px solid #ddd'>12/14</td><td style='padding:4px 12px;border:1px solid #ddd'>45 * 63 cm</td></tr></table>",taxable,1,0,0,,Tricouri și tricouri polo,MUSAI,"https://static.musaibrand.com/images/models/0102/model/large/0102_0201_1_1.jpg,https://static.musaibrand.com/images/models/0102/model/large/0102_0302_1_1.jpg,https://static.musaibrand.com/images/models/0102/model/large/0102_0501_1_1.jpg,https://static.musaibrand.com/images/models/0102/model/large/0102_0502_1_1.jpg,https://static.musaibrand.com/images/models/0102/model/large/0102_22601_1_1.jpg,https://static.musaibrand.com/images/models/0102/model/large/0102_5564_1_1.jpg,https://static.musaibrand.com/images/models/0102/model/large/0102_6001_1_1.jpg,https://static.musaibrand.com/images/models/0102/model/large/0102_6002_1_1.jpg,https://static.musaibrand.com/images/models/0102/model/large/0102_0201_2_1.jpg,https://static.musaibrand.com/images/models/0102/model/large/0102_0302_2_1.jpg,https://static.musaibrand.com/images/models/0102/model/large/0102_0501_2_1.jpg,https://static.musaibrand.com/images/models/0102/model/large/0102_0502_2_1.jpg,https://static.musaibrand.com/images/models/0102/model/large/0102_22601_2_1.jpg,https://static.musaibrand.com/images/models/0102/model/large/0102_5564_2_1.jpg,https://static.musaibrand.com/images/models/0102/model/large/0102_6001_2_1.jpg,https://static.musaibrand.com/images/models/0102/model/large/0102_6002_2_1.jpg",,0,Size,"XS, S, M, L, XL, 2XL, 3XL, 4/6, 8/10, 12/14",1,1,,Color,"Negru/alb, Galben/negru, Royal / alb, Albastru regal/negru, Fern verde / alb, Marină/Burgundy, Roșu/alb, Roșu/negru",1,1,,Gender,Unisex,1,1,,Dimensiuni,"[47cm]·[68cm], [50cm]·[70cm], [53cm]·[72cm], [56cm]·[74cm], [59cm]·[76cm], [62cm]·[79cm], [65cm]·[82cm], [34cm]·[48cm], [40cm]·[55cm], [45cm]·[63cm]",1,0,,,
variation,MU0102000201,,1,0,visible,,Dimensiuni: 47 * 68 cm,taxable,1,0,0,89.25,,,https://static.musaibrand.com/images/models/0102/model/large/0102_0201_2_1.jpg,MU0102,1,Size,XS,,1,,Color,Negru/alb,,1,,,,,,,,,,,,[47cm]·[68cm],8435782502312
variation,MU0102010201,,1,0,visible,,Dimensiuni: 50 * 70 cm,taxable,1,0,0,89.25,,,https://static.musaibrand.com/images/models/0102/model/large/0102_0201_2_1.jpg,MU0102,2,Size,S,,1,,Color,Negru/alb,,1,,,,,,,,,,,,[50cm]·[70cm],8435782502381
variation,MU0102020201,,1,0,visible,,Dimensiuni: 53 * 72 cm,taxable,1,0,0,89.25,,,https://static.musaibrand.com/images/models/0102/model/large/0102_0201_2_1.jpg,MU0102,3,Size,M,,1,,Color,Negru/alb,,1,,,,,,,,,,,,[53cm]·[72cm],8435782502459
variation,MU0102030201,,1,0,visible,,Dimensiuni: 56 * 74 cm,taxable,1,0,0,89.25,,,https://static.musaibrand.com/images/models/0102/model/large/0102_0201_2_1.jpg,MU0102,4,Size,L,,1,,Color,Negru/alb,,1,,,,,,,,,,,,[56cm]·[74cm],8435782502527
variation,MU0102040201,,1,0,visible,,Dimensiuni: 59 * 76 cm,taxable,1,0,0,89.25,,,https://static.musaibrand.com/images/models/0102/model/large/0102_0201_2_1.jpg,MU0102,5,Size,XL,,1,,Color,Negru/alb,,1,,,,,,,,,,,,[59cm]·[76cm],8435782502596
variation,MU0102050201,,1,0,visible,,Dimensiuni: 62 * 79 cm,taxable,1,0,0,89.25,,,https://static.musaibrand.com/images/models/0102/model/large/0102_0201_2_1.jpg,MU0102,6,Size,2XL,,1,,Color,Negru/alb,,1,,,,,,,,,,,,[62cm]·[79cm],8435782502664
variation,MU0102060201,,1,0,visible,,Dimensiuni: 65 * 82 cm,taxable,1,0,0,89.25,,,https://static.musaibrand.com/images/models/0102/model/large/0102_0201_2_1.jpg,MU0102,7,Size,3XL,,1,,Color,Negru/alb,,1,,,,,,,,,,,,[65cm]·[82cm],8435782502732
variation,MU0102750201,,1,0,visible,,Dimensiuni: 34 * 48 cm,taxable,1,0,0,89.25,,,https://static.musaibrand.com/images/models/0102/model/large/0102_0201_2_1.jpg,MU0102,8,Size,4/6,,1,,Color,Negru/alb,,1,,,,,,,,,,,,[34cm]·[48cm],8435782502800
variation,MU0102760201,,1,0,visible,,Dimensiuni: 40 * 55 cm,taxable,1,0,0,89.25,,,https://static.musaibrand.com/images/models/0102/model/large/0102_0201_2_1.jpg,MU0102,9,Size,8/10,,1,,Color,Negru/alb,,1,,,,,,,,,,,,[40cm]·[55cm],8435782502879
variation,MU0102770201,,1,0,visible,,Dimensiuni: 45 * 63 cm,taxable,1,0,0,89.25,,,https://static.musaibrand.com/images/models/0102/model/large/0102_0201_2_1.jpg,MU0102,10,Size,12/14,,1,,Color,Negru/alb,,1,,,,,,,,,,,,[45cm]·[63cm],8435782502947
variation,MU0102000302,,1,0,visible,,Dimensiuni: 47 * 68 cm,taxable,1,0,0,89.25,,,https://static.musaibrand.com/images/models/0102/model/large/0102_0302_2_1.jpg,MU0102,11,Size,XS,,1,,Color,Galben/negru,,1,,,,,,,,,,,,[47cm]·[68cm],8435782502329
variation,MU0102010302,,1,0,visible,,Dimensiuni: 50 * 70 cm,taxable,1,0,0,89.25,,,https://static.musaibrand.com/images/models/0102/model/large/0102_0302_2_1.jpg,MU0102,12,Size,S,,1,,Color,Galben/negru,,1,,,,,,,,,,,,[50cm]·[70cm],8435782502398
variation,MU0102020302,,1,0,visible,,Dimensiuni: 53 * 72 cm,taxable,1,0,0,89.25,,,https://static.musaibrand.com/images/models/0102/model/large/0102_0302_2_1.jpg,MU0102,13,Size,M,,1,,Color,Galben/negru,,1,,,,,,,,,,,,[53cm]·[72cm],8435782502466
variation,MU0102030302,,1,0,visible,,Dimensiuni: 56 * 74 cm,taxable,1,0,0,89.25,,,https://static.musaibrand.com/images/models/0102/model/large/0102_0302_2_1.jpg,MU0102,14,Size,L,,1,,Color,Galben/negru,,1,,,,,,,,,,,,[56cm]·[74cm],8435782502534
variation,MU0102040302,,1,0,visible,,Dimensiuni: 59 * 76 cm,taxable,1,0,0,89.25,,,https://static.musaibrand.com/images/models/0102/model/large/0102_0302_2_1.jpg,MU0102,15,Size,XL,,1,,Color,Galben/negru,,1,,,,,,,,,,,,[59cm]·[76cm],8435782502602
variation,MU0102050302,,1,0,visible,,Dimensiuni: 62 * 79 cm,taxable,1,0,0,89.25,,,https://static.musaibrand.com/images/models/0102/model/large/0102_0302_2_1.jpg,MU0102,16,Size,2XL,,1,,Color,Galben/negru,,1,,,,,,,,,,,,[62cm]·[79cm],8435782502671
variation,MU0102060302,,1,0,visible,,Dimensiuni: 65 * 82 cm,taxable,1,0,0,89.25,,,https://static.musaibrand.com/images/models/0102/model/large/0102_0302_2_1.jpg,MU0102,17,Size,3XL,,1,,Color,Galben/negru,,1,,,,,,,,,,,,[65cm]·[82cm],8435782502749
variation,MU0102750302,,1,0,visible,,Dimensiuni: 34 * 48 cm,taxable,1,0,0,89.25,,,https://static.musaibrand.com/images/models/0102/model/large/0102_0302_2_1.jpg,MU0102,18,Size,4/6,,1,,Color,Galben/negru,,1,,,,,,,,,,,,[34cm]·[48cm],8435782502817
variation,MU0102760302,,1,0,visible,,Dimensiuni: 40 * 55 cm,taxable,1,0,0,89.25,,,https://static.musaibrand.com/images/models/0102/model/large/0102_0302_2_1.jpg,MU0102,19,Size,8/10,,1,,Color,Galben/negru,,1,,,,,,,,,,,,[40cm]·[55cm],8435782502886
variation,MU0102770302,,1,0,visible,,Dimensiuni: 45 * 63 cm,taxable,1,0,0,89.25,,,https://static.musaibrand.com/images/models/0102/model/large/0102_0302_2_1.jpg,MU0102,20,Size,12/14,,1,,Color,Galben/negru,,1,,,,,,,,,,,,[45cm]·[63cm],8435782502954
variation,MU0102000501,,1,0,visible,,Dimensiuni: 47 * 68 cm,taxable,1,0,0,89.25,,,https://static.musaibrand.com/images/models/0102/model/large/0102_0501_2_1.jpg,MU0102,21,Size,XS,,1,,Color,Royal / alb,,1,,,,,,,,,,,,[47cm]·[68cm],8435782502336
variation,MU0102010501,,1,0,visible,,Dimensiuni: 50 * 70 cm,taxable,1,0,0,89.25,,,https://static.musaibrand.com/images/models/0102/model/large/0102_0501_2_1.jpg,MU0102,22,Size,S,,1,,Color,Royal / alb,,1,,,,,,,,,,,,[50cm]·[70cm],8435782502404
variation,MU0102020501,,1,0,visible,,Dimensiuni: 53 * 72 cm,taxable,1,0,0,89.25,,,https://static.musaibrand.com/images/models/0102/model/large/0102_0501_2_1.jpg,MU0102,23,Size,M,,1,,Color,Royal / alb,,1,,,,,,,,,,,,[53cm]·[72cm],8435782502473
variation,MU0102030501,,1,0,visible,,Dimensiuni: 56 * 74 cm,taxable,1,0,0,89.25,,,https://static.musaibrand.com/images/models/0102/model/large/0102_0501_2_1.jpg,MU0102,24,Size,L,,1,,Color,Royal / alb,,1,,,,,,,,,,,,[56cm]·[74cm],8435782502541
variation,MU0102040501,,1,0,visible,,Dimensiuni: 59 * 76 cm,taxable,1,0,0,89.25,,,https://static.musaibrand.com/images/models/0102/model/large/0102_0501_2_1.jpg,MU0102,25,Size,XL,,1,,Color,Royal / alb,,1,,,,,,,,,,,,[59cm]·[76cm],8435782502619
variation,MU0102050501,,1,0,visible,,Dimensiuni: 62 * 79 cm,taxable,1,0,0,89.25,,,https://static.musaibrand.com/images/models/0102/model/large/0102_0501_2_1.jpg,MU0102,26,Size,2XL,,1,,Color,Royal / alb,,1,,,,,,,,,,,,[62cm]·[79cm],8435782502688
variation,MU0102060501,,1,0,visible,,Dimensiuni: 65 * 82 cm,taxable,1,0,0,89.25,,,https://static.musaibrand.com/images/models/0102/model/large/0102_0501_2_1.jpg,MU0102,27,Size,3XL,,1,,Color,Royal / alb,,1,,,,,,,,,,,,[65cm]·[82cm],8435782502756
variation,MU0102750501,,1,0,visible,,Dimensiuni: 34 * 48 cm,taxable,1,0,0,89.25,,,https://static.musaibrand.com/images/models/0102/model/large/0102_0501_2_1.jpg,MU0102,28,Size,4/6,,1,,Color,Royal / alb,,1,,,,,,,,,,,,[34cm]·[48cm],8435782502824
variation,MU0102760501,,1,0,visible,,Dimensiuni: 40 * 55 cm,taxable,1,0,0,89.25,,,https://static.musaibrand.com/images/models/0102/model/large/0102_0501_2_1.jpg,MU0102,29,Size,8/10,,1,,Color,Royal / alb,,1,,,,,,,,,,,,[40cm]·[55cm],8435782502893
variation,MU0102770501,,1,0,visible,,Dimensiuni: 45 * 63 cm,taxable,1,0,0,89.25,,,https://static.musaibrand.com/images/models/0102/model/large/0102_0501_2_1.jpg,MU0102,30,Size,12/14,,1,,Color,Royal / alb,,1,,,,,,,,,,,,[45cm]·[63cm],8435782502961
variation,MU0102000502,,1,0,visible,,Dimensiuni: 47 * 68 cm,taxable,1,0,0,89.25,,,https://static.musaibrand.com/images/models/0102/model/large/0102_0502_2_1.jpg,MU0102,31,Size,XS,,1,,Color,Albastru regal/negru,,1,,,,,,,,,,,,[47cm]·[68cm],8435782502343
variation,MU0102010502,,1,0,visible,,Dimensiuni: 50 * 70 cm,taxable,1,0,0,89.25,,,https://static.musaibrand.com/images/models/0102/model/large/0102_0502_2_1.jpg,MU0102,32,Size,S,,1,,Color,Albastru regal/negru,,1,,,,,,,,,,,,[50cm]·[70cm],8435782502411
variation,MU0102020502,,1,0,visible,,Dimensiuni: 53 * 72 cm,taxable,1,0,0,89.25,,,https://static.musaibrand.com/images/models/0102/model/large/0102_0502_2_1.jpg,MU0102,33,Size,M,,1,,Color,Albastru regal/negru,,1,,,,,,,,,,,,[53cm]·[72cm],8435782502480
variation,MU0102030502,,1,0,visible,,Dimensiuni: 56 * 74 cm,taxable,1,0,0,89.25,,,https://static.musaibrand.com/images/models/0102/model/large/0102_0502_2_1.jpg,MU0102,34,Size,L,,1,,Color,Albastru regal/negru,,1,,,,,,,,,,,,[56cm]·[74cm],8435782502558
variation,MU0102040502,,1,0,visible,,Dimensiuni: 59 * 76 cm,taxable,1,0,0,89.25,,,https://static.musaibrand.com/images/models/0102/model/large/0102_0502_2_1.jpg,MU0102,35,Size,XL,,1,,Color,Albastru regal/negru,,1,,,,,,,,,,,,[59cm]·[76cm],8435782502626
variation,MU0102050502,,1,0,visible,,Dimensiuni: 62 * 79 cm,taxable,1,0,0,89.25,,,https://static.musaibrand.com/images/models/0102/model/large/0102_0502_2_1.jpg,MU0102,36,Size,2XL,,1,,Color,Albastru regal/negru,,1,,,,,,,,,,,,[62cm]·[79cm],8435782502695
variation,MU0102060502,,1,0,visible,,Dimensiuni: 65 * 82 cm,taxable,1,0,0,89.25,,,https://static.musaibrand.com/images/models/0102/model/large/0102_0502_2_1.jpg,MU0102,37,Size,3XL,,1,,Color,Albastru regal/negru,,1,,,,,,,,,,,,[65cm]·[82cm],8435782502763
variation,MU0102750502,,1,0,visible,,Dimensiuni: 34 * 48 cm,taxable,1,0,0,89.25,,,https://static.musaibrand.com/images/models/0102/model/large/0102_0502_2_1.jpg,MU0102,38,Size,4/6,,1,,Color,Albastru regal/negru,,1,,,,,,,,,,,,[34cm]·[48cm],8435782502831
variation,MU0102760502,,1,0,visible,,Dimensiuni: 40 * 55 cm,taxable,1,0,0,89.25,,,https://static.musaibrand.com/images/models/0102/model/large/0102_0502_2_1.jpg,MU0102,39,Size,8/10,,1,,Color,Albastru regal/negru,,1,,,,,,,,,,,,[40cm]·[55cm],8435782502909
variation,MU0102770502,,1,0,visible,,Dimensiuni: 45 * 63 cm,taxable,1,0,0,89.25,,,https://static.musaibrand.com/images/models/0102/model/large/0102_0502_2_1.jpg,MU0102,40,Size,12/14,,1,,Color,Albastru regal/negru,,1,,,,,,,,,,,,[45cm]·[63cm],8435782502978
variation,MU01020022601,,1,0,visible,,Dimensiuni: 47 * 68 cm,taxable,1,0,0,89.25,,,https://static.musaibrand.com/images/models/0102/model/large/0102_22601_2_1.jpg,MU0102,41,Size,XS,,1,,Color,Fern verde / alb,,1,,,,,,,,,,,,[47cm]·[68cm],8435782502350
variation,MU01020122601,,1,0,visible,,Dimensiuni: 50 * 70 cm,taxable,1,0,0,89.25,,,https://static.musaibrand.com/images/models/0102/model/large/0102_22601_2_1.jpg,MU0102,42,Size,S,,1,,Color,Fern verde / alb,,1,,,,,,,,,,,,[50cm]·[70cm],8435782502428
variation,MU01020222601,,1,0,visible,,Dimensiuni: 53 * 72 cm,taxable,1,0,0,89.25,,,https://static.musaibrand.com/images/models/0102/model/large/0102_22601_2_1.jpg,MU0102,43,Size,M,,1,,Color,Fern verde / alb,,1,,,,,,,,,,,,[53cm]·[72cm],8435782502497
variation,MU01020322601,,1,0,visible,,Dimensiuni: 56 * 74 cm,taxable,1,0,0,89.25,,,https://static.musaibrand.com/images/models/0102/model/large/0102_22601_2_1.jpg,MU0102,44,Size,L,,1,,Color,Fern verde / alb,,1,,,,,,,,,,,,[56cm]·[74cm],8435782502565
variation,MU01020422601,,1,0,visible,,Dimensiuni: 59 * 76 cm,taxable,1,0,0,89.25,,,https://static.musaibrand.com/images/models/0102/model/large/0102_22601_2_1.jpg,MU0102,45,Size,XL,,1,,Color,Fern verde / alb,,1,,,,,,,,,,,,[59cm]·[76cm],8435782502633
variation,MU01020522601,,1,0,visible,,Dimensiuni: 62 * 79 cm,taxable,1,0,0,89.25,,,https://static.musaibrand.com/images/models/0102/model/large/0102_22601_2_1.jpg,MU0102,46,Size,2XL,,1,,Color,Fern verde / alb,,1,,,,,,,,,,,,[62cm]·[79cm],8435782502701
variation,MU01020622601,,1,0,visible,,Dimensiuni: 65 * 82 cm,taxable,1,0,0,89.25,,,https://static.musaibrand.com/images/models/0102/model/large/0102_22601_2_1.jpg,MU0102,47,Size,3XL,,1,,Color,Fern verde / alb,,1,,,,,,,,,,,,[65cm]·[82cm],8435782502770
variation,MU01027522601,,1,0,visible,,Dimensiuni: 34 * 48 cm,taxable,1,0,0,89.25,,,https://static.musaibrand.com/images/models/0102/model/large/0102_22601_2_1.jpg,MU0102,48,Size,4/6,,1,,Color,Fern verde / alb,,1,,,,,,,,,,,,[34cm]·[48cm],8435782502848
variation,MU01027622601,,1,0,visible,,Dimensiuni: 40 * 55 cm,taxable,1,0,0,89.25,,,https://static.musaibrand.com/images/models/0102/model/large/0102_22601_2_1.jpg,MU0102,49,Size,8/10,,1,,Color,Fern verde / alb,,1,,,,,,,,,,,,[40cm]·[55cm],8435782502916
variation,MU01027722601,,1,0,visible,,Dimensiuni: 45 * 63 cm,taxable,1,0,0,89.25,,,https://static.musaibrand.com/images/models/0102/model/large/0102_22601_2_1.jpg,MU0102,50,Size,12/14,,1,,Color,Fern verde / alb,,1,,,,,,,,,,,,[45cm]·[63cm],8435782502985
variation,MU0102005564,,1,0,visible,,Dimensiuni: 47 * 68 cm,taxable,1,0,0,89.25,,,https://static.musaibrand.com/images/models/0102/model/large/0102_5564_2_1.jpg,MU0102,51,Size,XS,,1,,Color,Marină/Burgundy,,1,,,,,,,,,,,,[47cm]·[68cm],8435782529265
variation,MU0102015564,,1,0,visible,,Dimensiuni: 50 * 70 cm,taxable,1,0,0,89.25,,,https://static.musaibrand.com/images/models/0102/model/large/0102_5564_2_1.jpg,MU0102,52,Size,S,,1,,Color,Marină/Burgundy,,1,,,,,,,,,,,,[50cm]·[70cm],8435782529272
variation,MU0102025564,,1,0,visible,,Dimensiuni: 53 * 72 cm,taxable,1,0,0,89.25,,,https://static.musaibrand.com/images/models/0102/model/large/0102_5564_2_1.jpg,MU0102,53,Size,M,,1,,Color,Marină/Burgundy,,1,,,,,,,,,,,,[53cm]·[72cm],8435782529289
variation,MU0102035564,,1,0,visible,,Dimensiuni: 56 * 74 cm,taxable,1,0,0,89.25,,,https://static.musaibrand.com/images/models/0102/model/large/0102_5564_2_1.jpg,MU0102,54,Size,L,,1,,Color,Marină/Burgundy,,1,,,,,,,,,,,,[56cm]·[74cm],8435782529296
variation,MU0102045564,,1,0,visible,,Dimensiuni: 59 * 76 cm,taxable,1,0,0,89.25,,,https://static.musaibrand.com/images/models/0102/model/large/0102_5564_2_1.jpg,MU0102,55,Size,XL,,1,,Color,Marină/Burgundy,,1,,,,,,,,,,,,[59cm]·[76cm],8435782529302
variation,MU0102055564,,1,0,visible,,Dimensiuni: 62 * 79 cm,taxable,1,0,0,89.25,,,https://static.musaibrand.com/images/models/0102/model/large/0102_5564_2_1.jpg,MU0102,56,Size,2XL,,1,,Color,Marină/Burgundy,,1,,,,,,,,,,,,[62cm]·[79cm],8435782529319
variation,MU0102065564,,1,0,visible,,Dimensiuni: 65 * 82 cm,taxable,1,0,0,89.25,,,https://static.musaibrand.com/images/models/0102/model/large/0102_5564_2_1.jpg,MU0102,57,Size,3XL,,1,,Color,Marină/Burgundy,,1,,,,,,,,,,,,[65cm]·[82cm],8435782529326
variation,MU0102755564,,1,0,visible,,Dimensiuni: 34 * 48 cm,taxable,1,0,0,89.25,,,https://static.musaibrand.com/images/models/0102/model/large/0102_5564_2_1.jpg,MU0102,58,Size,4/6,,1,,Color,Marină/Burgundy,,1,,,,,,,,,,,,[34cm]·[48cm],8435782529333
variation,MU0102765564,,1,0,visible,,Dimensiuni: 40 * 55 cm,taxable,1,0,0,89.25,,,https://static.musaibrand.com/images/models/0102/model/large/0102_5564_2_1.jpg,MU0102,59,Size,8/10,,1,,Color,Marină/Burgundy,,1,,,,,,,,,,,,[40cm]·[55cm],8435782529340
variation,MU0102775564,,1,0,visible,,Dimensiuni: 45 * 63 cm,taxable,1,0,0,89.25,,,https://static.musaibrand.com/images/models/0102/model/large/0102_5564_2_1.jpg,MU0102,60,Size,12/14,,1,,Color,Marină/Burgundy,,1,,,,,,,,,,,,[45cm]·[63cm],8435782529357
variation,MU0102006001,,1,0,visible,,Dimensiuni: 47 * 68 cm,taxable,1,0,0,89.25,,,https://static.musaibrand.com/images/models/0102/model/large/0102_6001_2_1.jpg,MU0102,61,Size,XS,,1,,Color,Roșu/alb,,1,,,,,,,,,,,,[47cm]·[68cm],8435782502367
variation,MU0102016001,,1,0,visible,,Dimensiuni: 50 * 70 cm,taxable,1,0,0,89.25,,,https://static.musaibrand.com/images/models/0102/model/large/0102_6001_2_1.jpg,MU0102,62,Size,S,,1,,Color,Roșu/alb,,1,,,,,,,,,,,,[50cm]·[70cm],8435782502435
variation,MU0102026001,,1,0,visible,,Dimensiuni: 53 * 72 cm,taxable,1,0,0,89.25,,,https://static.musaibrand.com/images/models/0102/model/large/0102_6001_2_1.jpg,MU0102,63,Size,M,,1,,Color,Roșu/alb,,1,,,,,,,,,,,,[53cm]·[72cm],8435782502503
variation,MU0102036001,,1,0,visible,,Dimensiuni: 56 * 74 cm,taxable,1,0,0,89.25,,,https://static.musaibrand.com/images/models/0102/model/large/0102_6001_2_1.jpg,MU0102,64,Size,L,,1,,Color,Roșu/alb,,1,,,,,,,,,,,,[56cm]·[74cm],8435782502572
variation,MU0102046001,,1,0,visible,,Dimensiuni: 59 * 76 cm,taxable,1,0,0,89.25,,,https://static.musaibrand.com/images/models/0102/model/large/0102_6001_2_1.jpg,MU0102,65,Size,XL,,1,,Color,Roșu/alb,,1,,,,,,,,,,,,[59cm]·[76cm],8435782502640
variation,MU0102056001,,1,0,visible,,Dimensiuni: 62 * 79 cm,taxable,1,0,0,89.25,,,https://static.musaibrand.com/images/models/0102/model/large/0102_6001_2_1.jpg,MU0102,66,Size,2XL,,1,,Color,Roșu/alb,,1,,,,,,,,,,,,[62cm]·[79cm],8435782502718
variation,MU0102066001,,1,0,visible,,Dimensiuni: 65 * 82 cm,taxable,1,0,0,89.25,,,https://static.musaibrand.com/images/models/0102/model/large/0102_6001_2_1.jpg,MU0102,67,Size,3XL,,1,,Color,Roșu/alb,,1,,,,,,,,,,,,[65cm]·[82cm],8435782502787
variation,MU0102756001,,1,0,visible,,Dimensiuni: 34 * 48 cm,taxable,1,0,0,89.25,,,https://static.musaibrand.com/images/models/0102/model/large/0102_6001_2_1.jpg,MU0102,68,Size,4/6,,1,,Color,Roșu/alb,,1,,,,,,,,,,,,[34cm]·[48cm],8435782502855
variation,MU0102766001,,1,0,visible,,Dimensiuni: 40 * 55 cm,taxable,1,0,0,89.25,,,https://static.musaibrand.com/images/models/0102/model/large/0102_6001_2_1.jpg,MU0102,69,Size,8/10,,1,,Color,Roșu/alb,,1,,,,,,,,,,,,[40cm]·[55cm],8435782502923
variation,MU0102776001,,1,0,visible,,Dimensiuni: 45 * 63 cm,taxable,1,0,0,89.25,,,https://static.musaibrand.com/images/models/0102/model/large/0102_6001_2_1.jpg,MU0102,70,Size,12/14,,1,,Color,Roșu/alb,,1,,,,,,,,,,,,[45cm]·[63cm],8435782502992
variation,MU0102006002,,1,0,visible,,Dimensiuni: 47 * 68 cm,taxable,1,0,0,89.25,,,https://static.musaibrand.com/images/models/0102/model/large/0102_6002_2_1.jpg,MU0102,71,Size,XS,,1,,Color,Roșu/negru,,1,,,,,,,,,,,,[47cm]·[68cm],8435782502374
variation,MU0102016002,,1,0,visible,,Dimensiuni: 50 * 70 cm,taxable,1,0,0,89.25,,,https://static.musaibrand.com/images/models/0102/model/large/0102_6002_2_1.jpg,MU0102,72,Size,S,,1,,Color,Roșu/negru,,1,,,,,,,,,,,,[50cm]·[70cm],8435782502442
variation,MU0102026002,,1,0,visible,,Dimensiuni: 53 * 72 cm,taxable,1,0,0,89.25,,,https://static.musaibrand.com/images/models/0102/model/large/0102_6002_2_1.jpg,MU0102,73,Size,M,,1,,Color,Roșu/negru,,1,,,,,,,,,,,,[53cm]·[72cm],8435782502510
variation,MU0102036002,,1,0,visible,,Dimensiuni: 56 * 74 cm,taxable,1,0,0,89.25,,,https://static.musaibrand.com/images/models/0102/model/large/0102_6002_2_1.jpg,MU0102,74,Size,L,,1,,Color,Roșu/negru,,1,,,,,,,,,,,,[56cm]·[74cm],8435782502589
variation,MU0102046002,,1,0,visible,,Dimensiuni: 59 * 76 cm,taxable,1,0,0,89.25,,,https://static.musaibrand.com/images/models/0102/model/large/0102_6002_2_1.jpg,MU0102,75,Size,XL,,1,,Color,Roșu/negru,,1,,,,,,,,,,,,[59cm]·[76cm],8435782502657
variation,MU0102056002,,1,0,visible,,Dimensiuni: 62 * 79 cm,taxable,1,0,0,89.25,,,https://static.musaibrand.com/images/models/0102/model/large/0102_6002_2_1.jpg,MU0102,76,Size,2XL,,1,,Color,Roșu/negru,,1,,,,,,,,,,,,[62cm]·[79cm],8435782502725
variation,MU0102066002,,1,0,visible,,Dimensiuni: 65 * 82 cm,taxable,1,0,0,89.25,,,https://static.musaibrand.com/images/models/0102/model/large/0102_6002_2_1.jpg,MU0102,77,Size,3XL,,1,,Color,Roșu/negru,,1,,,,,,,,,,,,[65cm]·[82cm],8435782502794
variation,MU0102756002,,1,0,visible,,Dimensiuni: 34 * 48 cm,taxable,1,0,0,89.25,,,https://static.musaibrand.com/images/models/0102/model/large/0102_6002_2_1.jpg,MU0102,78,Size,4/6,,1,,Color,Roșu/negru,,1,,,,,,,,,,,,[34cm]·[48cm],8435782502862
variation,MU0102766002,,1,0,visible,,Dimensiuni: 40 * 55 cm,taxable,1,0,0,89.25,,,https://static.musaibrand.com/images/models/0102/model/large/0102_6002_2_1.jpg,MU0102,79,Size,8/10,,1,,Color,Roșu/negru,,1,,,,,,,,,,,,[40cm]·[55cm],8435782502930
variation,MU0102776002,,1,0,visible,,Dimensiuni: 45 * 63 cm,taxable,1,0,0,89.25,,,https://static.musaibrand.com/images/models/0102/model/large/0102_6002_2_1.jpg,MU0102,80,Size,12/14,,1,,Color,Roșu/negru,,1,,,,,,,,,,,,[45cm]·[63cm],8435782503005
variable,MU0102-K,Ubora Copii T-Tricou,1,0,visible,,"<p>Tricou de fotbal pentru copii cu mânecă scurtă, model raglan, din poliester reciclat. Design frontal sublimat cu dungi verticale.                                     <br>· Wicking   <br>· Breathable</p><p><strong>Compoziție:</strong> 100% poliester interlock reciclat</p><p><br>· Guler rotund cu 1,5 cm material propriu fără cusături externe.<br>· Bandă  elastică pentru acoperirea cusăturilor la guler.<br>· Finisaje cu cusături plate.<br>· Detaliu cu logo imprimat pe mânecă.</p><h4>Dimensiuni</h4><table style='border-collapse:collapse;margin:8px 0'><tr><th style='padding:4px 12px;border:1px solid #ddd;text-align:left'>Mărime</th><th style='padding:4px 12px;border:1px solid #ddd;text-align:left'>Dimensiuni</th></tr><tr><td style='padding:4px 12px;border:1px solid #ddd'>XS</td><td style='padding:4px 12px;border:1px solid #ddd'>47 * 68 cm</td></tr><tr><td style='padding:4px 12px;border:1px solid #ddd'>S</td><td style='padding:4px 12px;border:1px solid #ddd'>50 * 70 cm</td></tr><tr><td style='padding:4px 12px;border:1px solid #ddd'>M</td><td style='padding:4px 12px;border:1px solid #ddd'>53 * 72 cm</td></tr><tr><td style='padding:4px 12px;border:1px solid #ddd'>L</td><td style='padding:4px 12px;border:1px solid #ddd'>56 * 74 cm</td></tr><tr><td style='padding:4px 12px;border:1px solid #ddd'>XL</td><td style='padding:4px 12px;border:1px solid #ddd'>59 * 76 cm</td></tr><tr><td style='padding:4px 12px;border:1px solid #ddd'>2XL</td><td style='padding:4px 12px;border:1px solid #ddd'>62 * 79 cm</td></tr><tr><td style='padding:4px 12px;border:1px solid #ddd'>3XL</td><td style='padding:4px 12px;border:1px solid #ddd'>65 * 82 cm</td></tr><tr><td style='padding:4px 12px;border:1px solid #ddd'>4/6</td><td style='padding:4px 12px;border:1px solid #ddd'>34 * 48 cm</td></tr><tr><td style='padding:4px 12px;border:1px solid #ddd'>8/10</td><td style='padding:4px 12px;border:1px solid #ddd'>40 * 55 cm</td></tr><tr><td style='padding:4px 12px;border:1px solid #ddd'>12/14</td><td style='padding:4px 12px;border:1px solid #ddd'>45 * 63 cm</td></tr></table>",taxable,1,0,0,,Tricouri și tricouri polo,MUSAI,"https://static.musaibrand.com/images/models/0102-K/model/large/0102-K_0201_1_1.jpg,https://static.musaibrand.com/images/models/0102-K/model/large/0102-K_0302_1_1.jpg,https://static.musaibrand.com/images/models/0102-K/model/large/0102-K_0501_1_1.jpg,https://static.musaibrand.com/images/models/0102-K/model/large/0102-K_0502_1_1.jpg,https://static.musaibrand.com/images/models/0102-K/model/large/0102-K_22601_1_1.jpg,https://static.musaibrand.com/images/models/0102-K/model/large/0102-K_5564_1_1.jpg,https://static.musaibrand.com/images/models/0102-K/model/large/0102-K_6001_1_1.jpg,https://static.musaibrand.com/images/models/0102-K/model/large/0102-K_6002_1_1.jpg,https://static.musaibrand.com/images/models/0102-K/model/large/0102-K_0201_2_1.jpg,https://static.musaibrand.com/images/models/0102-K/model/large/0102-K_0302_2_1.jpg,https://static.musaibrand.com/images/models/0102-K/model/large/0102-K_0501_2_1.jpg,https://static.musaibrand.com/images/models/0102-K/model/large/0102-K_0502_2_1.jpg,https://static.musaibrand.com/images/models/0102-K/model/large/0102-K_22601_2_1.jpg,https://static.musaibrand.com/images/models/0102-K/model/large/0102-K_5564_2_1.jpg,https://static.musaibrand.com/images/models/0102-K/model/large/0102-K_6001_2_1.jpg,https://static.musaibrand.com/images/models/0102-K/model/large/0102-K_6002_2_1.jpg",,0,Size,"XS, S, M, L, XL, 2XL, 3XL, 4/6, 8/10, 12/14",1,1,,Color,"Negru/alb, Galben/negru, Royal / alb, Albastru regal/negru, Fern verde / alb, Marină/Burgundy, Roșu/alb, Roșu/negru",1,1,,Gender,Unisex,1,1,,Dimensiuni,"[47cm]·[68cm], [50cm]·[70cm], [53cm]·[72cm], [56cm]·[74cm], [59cm]·[76cm], [62cm]·[79cm], [65cm]·[82cm], [34cm]·[48cm], [40cm]·[55cm], [45cm]·[63cm]",1,0,,,
variation,MU0102000201-K,,1,0,visible,,Dimensiuni: 47 * 68 cm,taxable,1,0,0,89.25,,,https://static.musaibrand.com/images/models/0102-K/model/large/0102-K_0201_2_1.jpg,MU0102-K,1,Size,XS,,1,,Color,Negru/alb,,1,,,,,,,,,,,,[47cm]·[68cm],8435782502312
variation,MU0102010201-K,,1,0,visible,,Dimensiuni: 50 * 70 cm,taxable,1,0,0,89.25,,,https://static.musaibrand.com/images/models/0102-K/model/large/0102-K_0201_2_1.jpg,MU0102-K,2,Size,S,,1,,Color,Negru/alb,,1,,,,,,,,,,,,[50cm]·[70cm],8435782502381
variation,MU0102020201-K,,1,0,visible,,Dimensiuni: 53 * 72 cm,taxable,1,0,0,89.25,,,https://static.musaibrand.com/images/models/0102-K/model/large/0102-K_0201_2_1.jpg,MU0102-K,3,Size,M,,1,,Color,Negru/alb,,1,,,,,,,,,,,,[53cm]·[72cm],8435782502459
variation,MU0102030201-K,,1,0,visible,,Dimensiuni: 56 * 74 cm,taxable,1,0,0,89.25,,,https://static.musaibrand.com/images/models/0102-K/model/large/0102-K_0201_2_1.jpg,MU0102-K,4,Size,L,,1,,Color,Negru/alb,,1,,,,,,,,,,,,[56cm]·[74cm],8435782502527
variation,MU0102040201-K,,1,0,visible,,Dimensiuni: 59 * 76 cm,taxable,1,0,0,89.25,,,https://static.musaibrand.com/images/models/0102-K/model/large/0102-K_0201_2_1.jpg,MU0102-K,5,Size,XL,,1,,Color,Negru/alb,,1,,,,,,,,,,,,[59cm]·[76cm],8435782502596
variation,MU0102050201-K,,1,0,visible,,Dimensiuni: 62 * 79 cm,taxable,1,0,0,89.25,,,https://static.musaibrand.com/images/models/0102-K/model/large/0102-K_0201_2_1.jpg,MU0102-K,6,Size,2XL,,1,,Color,Negru/alb,,1,,,,,,,,,,,,[62cm]·[79cm],8435782502664
variation,MU0102060201-K,,1,0,visible,,Dimensiuni: 65 * 82 cm,taxable,1,0,0,89.25,,,https://static.musaibrand.com/images/models/0102-K/model/large/0102-K_0201_2_1.jpg,MU0102-K,7,Size,3XL,,1,,Color,Negru/alb,,1,,,,,,,,,,,,[65cm]·[82cm],8435782502732
variation,MU0102750201-K,,1,0,visible,,Dimensiuni: 34 * 48 cm,taxable,1,0,0,89.25,,,https://static.musaibrand.com/images/models/0102-K/model/large/0102-K_0201_2_1.jpg,MU0102-K,8,Size,4/6,,1,,Color,Negru/alb,,1,,,,,,,,,,,,[34cm]·[48cm],8435782502800
variation,MU0102760201-K,,1,0,visible,,Dimensiuni: 40 * 55 cm,taxable,1,0,0,89.25,,,https://static.musaibrand.com/images/models/0102-K/model/large/0102-K_0201_2_1.jpg,MU0102-K,9,Size,8/10,,1,,Color,Negru/alb,,1,,,,,,,,,,,,[40cm]·[55cm],8435782502879
variation,MU0102770201-K,,1,0,visible,,Dimensiuni: 45 * 63 cm,taxable,1,0,0,89.25,,,https://static.musaibrand.com/images/models/0102-K/model/large/0102-K_0201_2_1.jpg,MU0102-K,10,Size,12/14,,1,,Color,Negru/alb,,1,,,,,,,,,,,,[45cm]·[63cm],8435782502947
variation,MU0102000302-K,,1,0,visible,,Dimensiuni: 47 * 68 cm,taxable,1,0,0,89.25,,,https://static.musaibrand.com/images/models/0102-K/model/large/0102-K_0302_2_1.jpg,MU0102-K,11,Size,XS,,1,,Color,Galben/negru,,1,,,,,,,,,,,,[47cm]·[68cm],8435782502329
variation,MU0102010302-K,,1,0,visible,,Dimensiuni: 50 * 70 cm,taxable,1,0,0,89.25,,,https://static.musaibrand.com/images/models/0102-K/model/large/0102-K_0302_2_1.jpg,MU0102-K,12,Size,S,,1,,Color,Galben/negru,,1,,,,,,,,,,,,[50cm]·[70cm],8435782502398
variation,MU0102020302-K,,1,0,visible,,Dimensiuni: 53 * 72 cm,taxable,1,0,0,89.25,,,https://static.musaibrand.com/images/models/0102-K/model/large/0102-K_0302_2_1.jpg,MU0102-K,13,Size,M,,1,,Color,Galben/negru,,1,,,,,,,,,,,,[53cm]·[72cm],8435782502466
variation,MU0102030302-K,,1,0,visible,,Dimensiuni: 56 * 74 cm,taxable,1,0,0,89.25,,,https://static.musaibrand.com/images/models/0102-K/model/large/0102-K_0302_2_1.jpg,MU0102-K,14,Size,L,,1,,Color,Galben/negru,,1,,,,,,,,,,,,[56cm]·[74cm],8435782502534
variation,MU0102040302-K,,1,0,visible,,Dimensiuni: 59 * 76 cm,taxable,1,0,0,89.25,,,https://static.musaibrand.com/images/models/0102-K/model/large/0102-K_0302_2_1.jpg,MU0102-K,15,Size,XL,,1,,Color,Galben/negru,,1,,,,,,,,,,,,[59cm]·[76cm],8435782502602
variation,MU0102050302-K,,1,0,visible,,Dimensiuni: 62 * 79 cm,taxable,1,0,0,89.25,,,https://static.musaibrand.com/images/models/0102-K/model/large/0102-K_0302_2_1.jpg,MU0102-K,16,Size,2XL,,1,,Color,Galben/negru,,1,,,,,,,,,,,,[62cm]·[79cm],8435782502671
variation,MU0102060302-K,,1,0,visible,,Dimensiuni: 65 * 82 cm,taxable,1,0,0,89.25,,,https://static.musaibrand.com/images/models/0102-K/model/large/0102-K_0302_2_1.jpg,MU0102-K,17,Size,3XL,,1,,Color,Galben/negru,,1,,,,,,,,,,,,[65cm]·[82cm],8435782502749
variation,MU0102750302-K,,1,0,visible,,Dimensiuni: 34 * 48 cm,taxable,1,0,0,89.25,,,https://static.musaibrand.com/images/models/0102-K/model/large/0102-K_0302_2_1.jpg,MU0102-K,18,Size,4/6,,1,,Color,Galben/negru,,1,,,,,,,,,,,,[34cm]·[48cm],8435782502817
variation,MU0102760302-K,,1,0,visible,,Dimensiuni: 40 * 55 cm,taxable,1,0,0,89.25,,,https://static.musaibrand.com/images/models/0102-K/model/large/0102-K_0302_2_1.jpg,MU0102-K,19,Size,8/10,,1,,Color,Galben/negru,,1,,,,,,,,,,,,[40cm]·[55cm],8435782502886
variation,MU0102770302-K,,1,0,visible,,Dimensiuni: 45 * 63 cm,taxable,1,0,0,89.25,,,https://static.musaibrand.com/images/models/0102-K/model/large/0102-K_0302_2_1.jpg,MU0102-K,20,Size,12/14,,1,,Color,Galben/negru,,1,,,,,,,,,,,,[45cm]·[63cm],8435782502954
variation,MU0102000501-K,,1,0,visible,,Dimensiuni: 47 * 68 cm,taxable,1,0,0,89.25,,,https://static.musaibrand.com/images/models/0102-K/model/large/0102-K_0501_2_1.jpg,MU0102-K,21,Size,XS,,1,,Color,Royal / alb,,1,,,,,,,,,,,,[47cm]·[68cm],8435782502336
variation,MU0102010501-K,,1,0,visible,,Dimensiuni: 50 * 70 cm,taxable,1,0,0,89.25,,,https://static.musaibrand.com/images/models/0102-K/model/large/0102-K_0501_2_1.jpg,MU0102-K,22,Size,S,,1,,Color,Royal / alb,,1,,,,,,,,,,,,[50cm]·[70cm],8435782502404
variation,MU0102020501-K,,1,0,visible,,Dimensiuni: 53 * 72 cm,taxable,1,0,0,89.25,,,https://static.musaibrand.com/images/models/0102-K/model/large/0102-K_0501_2_1.jpg,MU0102-K,23,Size,M,,1,,Color,Royal / alb,,1,,,,,,,,,,,,[53cm]·[72cm],8435782502473
variation,MU0102030501-K,,1,0,visible,,Dimensiuni: 56 * 74 cm,taxable,1,0,0,89.25,,,https://static.musaibrand.com/images/models/0102-K/model/large/0102-K_0501_2_1.jpg,MU0102-K,24,Size,L,,1,,Color,Royal / alb,,1,,,,,,,,,,,,[56cm]·[74cm],8435782502541
variation,MU0102040501-K,,1,0,visible,,Dimensiuni: 59 * 76 cm,taxable,1,0,0,89.25,,,https://static.musaibrand.com/images/models/0102-K/model/large/0102-K_0501_2_1.jpg,MU0102-K,25,Size,XL,,1,,Color,Royal / alb,,1,,,,,,,,,,,,[59cm]·[76cm],8435782502619
variation,MU0102050501-K,,1,0,visible,,Dimensiuni: 62 * 79 cm,taxable,1,0,0,89.25,,,https://static.musaibrand.com/images/models/0102-K/model/large/0102-K_0501_2_1.jpg,MU0102-K,26,Size,2XL,,1,,Color,Royal / alb,,1,,,,,,,,,,,,[62cm]·[79cm],8435782502688
variation,MU0102060501-K,,1,0,visible,,Dimensiuni: 65 * 82 cm,taxable,1,0,0,89.25,,,https://static.musaibrand.com/images/models/0102-K/model/large/0102-K_0501_2_1.jpg,MU0102-K,27,Size,3XL,,1,,Color,Royal / alb,,1,,,,,,,,,,,,[65cm]·[82cm],8435782502756
variation,MU0102750501-K,,1,0,visible,,Dimensiuni: 34 * 48 cm,taxable,1,0,0,89.25,,,https://static.musaibrand.com/images/models/0102-K/model/large/0102-K_0501_2_1.jpg,MU0102-K,28,Size,4/6,,1,,Color,Royal / alb,,1,,,,,,,,,,,,[34cm]·[48cm],8435782502824
variation,MU0102760501-K,,1,0,visible,,Dimensiuni: 40 * 55 cm,taxable,1,0,0,89.25,,,https://static.musaibrand.com/images/models/0102-K/model/large/0102-K_0501_2_1.jpg,MU0102-K,29,Size,8/10,,1,,Color,Royal / alb,,1,,,,,,,,,,,,[40cm]·[55cm],8435782502893
variation,MU0102770501-K,,1,0,visible,,Dimensiuni: 45 * 63 cm,taxable,1,0,0,89.25,,,https://static.musaibrand.com/images/models/0102-K/model/large/0102-K_0501_2_1.jpg,MU0102-K,30,Size,12/14,,1,,Color,Royal / alb,,1,,,,,,,,,,,,[45cm]·[63cm],8435782502961
variation,MU0102000502-K,,1,0,visible,,Dimensiuni: 47 * 68 cm,taxable,1,0,0,89.25,,,https://static.musaibrand.com/images/models/0102-K/model/large/0102-K_0502_2_1.jpg,MU0102-K,31,Size,XS,,1,,Color,Albastru regal/negru,,1,,,,,,,,,,,,[47cm]·[68cm],8435782502343
variation,MU0102010502-K,,1,0,visible,,Dimensiuni: 50 * 70 cm,taxable,1,0,0,89.25,,,https://static.musaibrand.com/images/models/0102-K/model/large/0102-K_0502_2_1.jpg,MU0102-K,32,Size,S,,1,,Color,Albastru regal/negru,,1,,,,,,,,,,,,[50cm]·[70cm],8435782502411
variation,MU0102020502-K,,1,0,visible,,Dimensiuni: 53 * 72 cm,taxable,1,0,0,89.25,,,https://static.musaibrand.com/images/models/0102-K/model/large/0102-K_0502_2_1.jpg,MU0102-K,33,Size,M,,1,,Color,Albastru regal/negru,,1,,,,,,,,,,,,[53cm]·[72cm],8435782502480
variation,MU0102030502-K,,1,0,visible,,Dimensiuni: 56 * 74 cm,taxable,1,0,0,89.25,,,https://static.musaibrand.com/images/models/0102-K/model/large/0102-K_0502_2_1.jpg,MU0102-K,34,Size,L,,1,,Color,Albastru regal/negru,,1,,,,,,,,,,,,[56cm]·[74cm],8435782502558
variation,MU0102040502-K,,1,0,visible,,Dimensiuni: 59 * 76 cm,taxable,1,0,0,89.25,,,https://static.musaibrand.com/images/models/0102-K/model/large/0102-K_0502_2_1.jpg,MU0102-K,35,Size,XL,,1,,Color,Albastru regal/negru,,1,,,,,,,,,,,,[59cm]·[76cm],8435782502626
variation,MU0102050502-K,,1,0,visible,,Dimensiuni: 62 * 79 cm,taxable,1,0,0,89.25,,,https://static.musaibrand.com/images/models/0102-K/model/large/0102-K_0502_2_1.jpg,MU0102-K,36,Size,2XL,,1,,Color,Albastru regal/negru,,1,,,,,,,,,,,,[62cm]·[79cm],8435782502695
variation,MU0102060502-K,,1,0,visible,,Dimensiuni: 65 * 82 cm,taxable,1,0,0,89.25,,,https://static.musaibrand.com/images/models/0102-K/model/large/0102-K_0502_2_1.jpg,MU0102-K,37,Size,3XL,,1,,Color,Albastru regal/negru,,1,,,,,,,,,,,,[65cm]·[82cm],8435782502763
variation,MU0102750502-K,,1,0,visible,,Dimensiuni: 34 * 48 cm,taxable,1,0,0,89.25,,,https://static.musaibrand.com/images/models/0102-K/model/large/0102-K_0502_2_1.jpg,MU0102-K,38,Size,4/6,,1,,Color,Albastru regal/negru,,1,,,,,,,,,,,,[34cm]·[48cm],8435782502831
variation,MU0102760502-K,,1,0,visible,,Dimensiuni: 40 * 55 cm,taxable,1,0,0,89.25,,,https://static.musaibrand.com/images/models/0102-K/model/large/0102-K_0502_2_1.jpg,MU0102-K,39,Size,8/10,,1,,Color,Albastru regal/negru,,1,,,,,,,,,,,,[40cm]·[55cm],8435782502909
variation,MU0102770502-K,,1,0,visible,,Dimensiuni: 45 * 63 cm,taxable,1,0,0,89.25,,,https://static.musaibrand.com/images/models/0102-K/model/large/0102-K_0502_2_1.jpg,MU0102-K,40,Size,12/14,,1,,Color,Albastru regal/negru,,1,,,,,,,,,,,,[45cm]·[63cm],8435782502978
variation,MU01020022601-K,,1,0,visible,,Dimensiuni: 47 * 68 cm,taxable,1,0,0,89.25,,,https://static.musaibrand.com/images/models/0102-K/model/large/0102-K_22601_2_1.jpg,MU0102-K,41,Size,XS,,1,,Color,Fern verde / alb,,1,,,,,,,,,,,,[47cm]·[68cm],8435782502350
variation,MU01020122601-K,,1,0,visible,,Dimensiuni: 50 * 70 cm,taxable,1,0,0,89.25,,,https://static.musaibrand.com/images/models/0102-K/model/large/0102-K_22601_2_1.jpg,MU0102-K,42,Size,S,,1,,Color,Fern verde / alb,,1,,,,,,,,,,,,[50cm]·[70cm],8435782502428
variation,MU01020222601-K,,1,0,visible,,Dimensiuni: 53 * 72 cm,taxable,1,0,0,89.25,,,https://static.musaibrand.com/images/models/0102-K/model/large/0102-K_22601_2_1.jpg,MU0102-K,43,Size,M,,1,,Color,Fern verde / alb,,1,,,,,,,,,,,,[53cm]·[72cm],8435782502497
variation,MU01020322601-K,,1,0,visible,,Dimensiuni: 56 * 74 cm,taxable,1,0,0,89.25,,,https://static.musaibrand.com/images/models/0102-K/model/large/0102-K_22601_2_1.jpg,MU0102-K,44,Size,L,,1,,Color,Fern verde / alb,,1,,,,,,,,,,,,[56cm]·[74cm],8435782502565
variation,MU01020422601-K,,1,0,visible,,Dimensiuni: 59 * 76 cm,taxable,1,0,0,89.25,,,https://static.musaibrand.com/images/models/0102-K/model/large/0102-K_22601_2_1.jpg,MU0102-K,45,Size,XL,,1,,Color,Fern verde / alb,,1,,,,,,,,,,,,[59cm]·[76cm],8435782502633
variation,MU01020522601-K,,1,0,visible,,Dimensiuni: 62 * 79 cm,taxable,1,0,0,89.25,,,https://static.musaibrand.com/images/models/0102-K/model/large/0102-K_22601_2_1.jpg,MU0102-K,46,Size,2XL,,1,,Color,Fern verde / alb,,1,,,,,,,,,,,,[62cm]·[79cm],8435782502701
variation,MU01020622601-K,,1,0,visible,,Dimensiuni: 65 * 82 cm,taxable,1,0,0,89.25,,,https://static.musaibrand.com/images/models/0102-K/model/large/0102-K_22601_2_1.jpg,MU0102-K,47,Size,3XL,,1,,Color,Fern verde / alb,,1,,,,,,,,,,,,[65cm]·[82cm],8435782502770
variation,MU01027522601-K,,1,0,visible,,Dimensiuni: 34 * 48 cm,taxable,1,0,0,89.25,,,https://static.musaibrand.com/images/models/0102-K/model/large/0102-K_22601_2_1.jpg,MU0102-K,48,Size,4/6,,1,,Color,Fern verde / alb,,1,,,,,,,,,,,,[34cm]·[48cm],8435782502848
variation,MU01027622601-K,,1,0,visible,,Dimensiuni: 40 * 55 cm,taxable,1,0,0,89.25,,,https://static.musaibrand.com/images/models/0102-K/model/large/0102-K_22601_2_1.jpg,MU0102-K,49,Size,8/10,,1,,Color,Fern verde / alb,,1,,,,,,,,,,,,[40cm]·[55cm],8435782502916
variation,MU01027722601-K,,1,0,visible,,Dimensiuni: 45 * 63 cm,taxable,1,0,0,89.25,,,https://static.musaibrand.com/images/models/0102-K/model/large/0102-K_22601_2_1.jpg,MU0102-K,50,Size,12/14,,1,,Color,Fern verde / alb,,1,,,,,,,,,,,,[45cm]·[63cm],8435782502985
variation,MU0102005564-K,,1,0,visible,,Dimensiuni: 47 * 68 cm,taxable,1,0,0,89.25,,,https://static.musaibrand.com/images/models/0102-K/model/large/0102-K_5564_2_1.jpg,MU0102-K,51,Size,XS,,1,,Color,Marină/Burgundy,,1,,,,,,,,,,,,[47cm]·[68cm],8435782529265
variation,MU0102015564-K,,1,0,visible,,Dimensiuni: 50 * 70 cm,taxable,1,0,0,89.25,,,https://static.musaibrand.com/images/models/0102-K/model/large/0102-K_5564_2_1.jpg,MU0102-K,52,Size,S,,1,,Color,Marină/Burgundy,,1,,,,,,,,,,,,[50cm]·[70cm],8435782529272
variation,MU0102025564-K,,1,0,visible,,Dimensiuni: 53 * 72 cm,taxable,1,0,0,89.25,,,https://static.musaibrand.com/images/models/0102-K/model/large/0102-K_5564_2_1.jpg,MU0102-K,53,Size,M,,1,,Color,Marină/Burgundy,,1,,,,,,,,,,,,[53cm]·[72cm],8435782529289
variation,MU0102035564-K,,1,0,visible,,Dimensiuni: 56 * 74 cm,taxable,1,0,0,89.25,,,https://static.musaibrand.com/images/models/0102-K/model/large/0102-K_5564_2_1.jpg,MU0102-K,54,Size,L,,1,,Color,Marină/Burgundy,,1,,,,,,,,,,,,[56cm]·[74cm],8435782529296
variation,MU0102045564-K,,1,0,visible,,Dimensiuni: 59 * 76 cm,taxable,1,0,0,89.25,,,https://static.musaibrand.com/images/models/0102-K/model/large/0102-K_5564_2_1.jpg,MU0102-K,55,Size,XL,,1,,Color,Marină/Burgundy,,1,,,,,,,,,,,,[59cm]·[76cm],8435782529302
variation,MU0102055564-K,,1,0,visible,,Dimensiuni: 62 * 79 cm,taxable,1,0,0,89.25,,,https://static.musaibrand.com/images/models/0102-K/model/large/0102-K_5564_2_1.jpg,MU0102-K,56,Size,2XL,,1,,Color,Marină/Burgundy,,1,,,,,,,,,,,,[62cm]·[79cm],8435782529319
variation,MU0102065564-K,,1,0,visible,,Dimensiuni: 65 * 82 cm,taxable,1,0,0,89.25,,,https://static.musaibrand.com/images/models/0102-K/model/large/0102-K_5564_2_1.jpg,MU0102-K,57,Size,3XL,,1,,Color,Marină/Burgundy,,1,,,,,,,,,,,,[65cm]·[82cm],8435782529326
variation,MU0102755564-K,,1,0,visible,,Dimensiuni: 34 * 48 cm,taxable,1,0,0,89.25,,,https://static.musaibrand.com/images/models/0102-K/model/large/0102-K_5564_2_1.jpg,MU0102-K,58,Size,4/6,,1,,Color,Marină/Burgundy,,1,,,,,,,,,,,,[34cm]·[48cm],8435782529333
variation,MU0102765564-K,,1,0,visible,,Dimensiuni: 40 * 55 cm,taxable,1,0,0,89.25,,,https://static.musaibrand.com/images/models/0102-K/model/large/0102-K_5564_2_1.jpg,MU0102-K,59,Size,8/10,,1,,Color,Marină/Burgundy,,1,,,,,,,,,,,,[40cm]·[55cm],8435782529340
variation,MU0102775564-K,,1,0,visible,,Dimensiuni: 45 * 63 cm,taxable,1,0,0,89.25,,,https://static.musaibrand.com/images/models/0102-K/model/large/0102-K_5564_2_1.jpg,MU0102-K,60,Size,12/14,,1,,Color,Marină/Burgundy,,1,,,,,,,,,,,,[45cm]·[63cm],8435782529357
variation,MU0102006001-K,,1,0,visible,,Dimensiuni: 47 * 68 cm,taxable,1,0,0,89.25,,,https://static.musaibrand.com/images/models/0102-K/model/large/0102-K_6001_2_1.jpg,MU0102-K,61,Size,XS,,1,,Color,Roșu/alb,,1,,,,,,,,,,,,[47cm]·[68cm],8435782502367
variation,MU0102016001-K,,1,0,visible,,Dimensiuni: 50 * 70 cm,taxable,1,0,0,89.25,,,https://static.musaibrand.com/images/models/0102-K/model/large/0102-K_6001_2_1.jpg,MU0102-K,62,Size,S,,1,,Color,Roșu/alb,,1,,,,,,,,,,,,[50cm]·[70cm],8435782502435
variation,MU0102026001-K,,1,0,visible,,Dimensiuni: 53 * 72 cm,taxable,1,0,0,89.25,,,https://static.musaibrand.com/images/models/0102-K/model/large/0102-K_6001_2_1.jpg,MU0102-K,63,Size,M,,1,,Color,Roșu/alb,,1,,,,,,,,,,,,[53cm]·[72cm],8435782502503
variation,MU0102036001-K,,1,0,visible,,Dimensiuni: 56 * 74 cm,taxable,1,0,0,89.25,,,https://static.musaibrand.com/images/models/0102-K/model/large/0102-K_6001_2_1.jpg,MU0102-K,64,Size,L,,1,,Color,Roșu/alb,,1,,,,,,,,,,,,[56cm]·[74cm],8435782502572
variation,MU0102046001-K,,1,0,visible,,Dimensiuni: 59 * 76 cm,taxable,1,0,0,89.25,,,https://static.musaibrand.com/images/models/0102-K/model/large/0102-K_6001_2_1.jpg,MU0102-K,65,Size,XL,,1,,Color,Roșu/alb,,1,,,,,,,,,,,,[59cm]·[76cm],8435782502640
variation,MU0102056001-K,,1,0,visible,,Dimensiuni: 62 * 79 cm,taxable,1,0,0,89.25,,,https://static.musaibrand.com/images/models/0102-K/model/large/0102-K_6001_2_1.jpg,MU0102-K,66,Size,2XL,,1,,Color,Roșu/alb,,1,,,,,,,,,,,,[62cm]·[79cm],8435782502718
variation,MU0102066001-K,,1,0,visible,,Dimensiuni: 65 * 82 cm,taxable,1,0,0,89.25,,,https://static.musaibrand.com/images/models/0102-K/model/large/0102-K_6001_2_1.jpg,MU0102-K,67,Size,3XL,,1,,Color,Roșu/alb,,1,,,,,,,,,,,,[65cm]·[82cm],8435782502787
variation,MU0102756001-K,,1,0,visible,,Dimensiuni: 34 * 48 cm,taxable,1,0,0,89.25,,,https://static.musaibrand.com/images/models/0102-K/model/large/0102-K_6001_2_1.jpg,MU0102-K,68,Size,4/6,,1,,Color,Roșu/alb,,1,,,,,,,,,,,,[34cm]·[48cm],8435782502855
variation,MU0102766001-K,,1,0,visible,,Dimensiuni: 40 * 55 cm,taxable,1,0,0,89.25,,,https://static.musaibrand.com/images/models/0102-K/model/large/0102-K_6001_2_1.jpg,MU0102-K,69,Size,8/10,,1,,Color,Roșu/alb,,1,,,,,,,,,,,,[40cm]·[55cm],8435782502923
variation,MU0102776001-K,,1,0,visible,,Dimensiuni: 45 * 63 cm,taxable,1,0,0,89.25,,,https://static.musaibrand.com/images/models/0102-K/model/large/0102-K_6001_2_1.jpg,MU0102-K,70,Size,12/14,,1,,Color,Roșu/alb,,1,,,,,,,,,,,,[45cm]·[63cm],8435782502992
variation,MU0102006002-K,,1,0,visible,,Dimensiuni: 47 * 68 cm,taxable,1,0,0,89.25,,,https://static.musaibrand.com/images/models/0102-K/model/large/0102-K_6002_2_1.jpg,MU0102-K,71,Size,XS,,1,,Color,Roșu/negru,,1,,,,,,,,,,,,[47cm]·[68cm],8435782502374
variation,MU0102016002-K,,1,0,visible,,Dimensiuni: 50 * 70 cm,taxable,1,0,0,89.25,,,https://static.musaibrand.com/images/models/0102-K/model/large/0102-K_6002_2_1.jpg,MU0102-K,72,Size,S,,1,,Color,Roșu/negru,,1,,,,,,,,,,,,[50cm]·[70cm],8435782502442
variation,MU0102026002-K,,1,0,visible,,Dimensiuni: 53 * 72 cm,taxable,1,0,0,89.25,,,https://static.musaibrand.com/images/models/0102-K/model/large/0102-K_6002_2_1.jpg,MU0102-K,73,Size,M,,1,,Color,Roșu/negru,,1,,,,,,,,,,,,[53cm]·[72cm],8435782502510
variation,MU0102036002-K,,1,0,visible,,Dimensiuni: 56 * 74 cm,taxable,1,0,0,89.25,,,https://static.musaibrand.com/images/models/0102-K/model/large/0102-K_6002_2_1.jpg,MU0102-K,74,Size,L,,1,,Color,Roșu/negru,,1,,,,,,,,,,,,[56cm]·[74cm],8435782502589
variation,MU0102046002-K,,1,0,visible,,Dimensiuni: 59 * 76 cm,taxable,1,0,0,89.25,,,https://static.musaibrand.com/images/models/0102-K/model/large/0102-K_6002_2_1.jpg,MU0102-K,75,Size,XL,,1,,Color,Roșu/negru,,1,,,,,,,,,,,,[59cm]·[76cm],8435782502657
variation,MU0102056002-K,,1,0,visible,,Dimensiuni: 62 * 79 cm,taxable,1,0,0,89.25,,,https://static.musaibrand.com/images/models/0102-K/model/large/0102-K_6002_2_1.jpg,MU0102-K,76,Size,2XL,,1,,Color,Roșu/negru,,1,,,,,,,,,,,,[62cm]·[79cm],8435782502725
variation,MU0102066002-K,,1,0,visible,,Dimensiuni: 65 * 82 cm,taxable,1,0,0,89.25,,,https://static.musaibrand.com/images/models/0102-K/model/large/0102-K_6002_2_1.jpg,MU0102-K,77,Size,3XL,,1,,Color,Roșu/negru,,1,,,,,,,,,,,,[65cm]·[82cm],8435782502794
variation,MU0102756002-K,,1,0,visible,,Dimensiuni: 34 * 48 cm,taxable,1,0,0,89.25,,,https://static.musaibrand.com/images/models/0102-K/model/large/0102-K_6002_2_1.jpg,MU0102-K,78,Size,4/6,,1,,Color,Roșu/negru,,1,,,,,,,,,,,,[34cm]·[48cm],8435782502862
variation,MU0102766002-K,,1,0,visible,,Dimensiuni: 40 * 55 cm,taxable,1,0,0,89.25,,,https://static.musaibrand.com/images/models/0102-K/model/large/0102-K_6002_2_1.jpg,MU0102-K,79,Size,8/10,,1,,Color,Roșu/negru,,1,,,,,,,,,,,,[40cm]·[55cm],8435782502930
variation,MU0102776002-K,,1,0,visible,,Dimensiuni: 45 * 63 cm,taxable,1,0,0,89.25,,,https://static.musaibrand.com/images/models/0102-K/model/large/0102-K_6002_2_1.jpg,MU0102-K,80,Size,12/14,,1,,Color,Roșu/negru,,1,,,,,,,,,,,,[45cm]·[63cm],8435782503005
variable,MU0103,Tricou - Saba,1,0,visible,,"<p>Tricou tehnic unisex cu mânecă scurtă și guler rotund, confecționat din poliester reciclat.                           <br>· Wicking   <br>· Breathable</p><p><strong>Compoziție:</strong> 100% poliester interlock reciclat</p><p><br>· Guler realizat din țesătură de 1,5 cm în culoare contrastantă. <br>· Acoperire elastică a cusăturii de pe guler. <br>· Corp în culoare contrastantă, mâneci și guler. <br>· Finisat cu cusături plate.<br>· Detaliu cu logo imprimat pe piept.I5</p><h4>Dimensiuni</h4><table style='border-collapse:collapse;margin:8px 0'><tr><th style='padding:4px 12px;border:1px solid #ddd;text-align:left'>Mărime</th><th style='padding:4px 12px;border:1px solid #ddd;text-align:left'>Dimensiuni</th></tr><tr><td style='padding:4px 12px;border:1px solid #ddd'>XS</td><td style='padding:4px 12px;border:1px solid #ddd'>47 * 68 cm</td></tr><tr><td style='padding:4px 12px;border:1px solid #ddd'>S</td><td style='padding:4px 12px;border:1px solid #ddd'>50 * 70 cm</td></tr><tr><td style='padding:4px 12px;border:1px solid #ddd'>M</td><td style='padding:4px 12px;border:1px solid #ddd'>53 * 72 cm</td></tr><tr><td style='padding:4px 12px;border:1px solid #ddd'>L</td><td style='padding:4px 12px;border:1px solid #ddd'>56 * 73 cm</td></tr><tr><td style='padding:4px 12px;border:1px solid #ddd'>XL</td><td style='padding:4px 12px;border:1px solid #ddd'>59 * 74 cm</td></tr><tr><td style='padding:4px 12px;border:1px solid #ddd'>2XL</td><td style='padding:4px 12px;border:1px solid #ddd'>62 * 76 cm</td></tr><tr><td style='padding:4px 12px;border:1px solid #ddd'>3XL</td><td style='padding:4px 12px;border:1px solid #ddd'>65 * 79 cm</td></tr><tr><td style='padding:4px 12px;border:1px solid #ddd'>4/6</td><td style='padding:4px 12px;border:1px solid #ddd'>34 * 48 cm</td></tr><tr><td style='padding:4px 12px;border:1px solid #ddd'>8/10</td><td style='padding:4px 12px;border:1px solid #ddd'>40 * 55 cm</td></tr><tr><td style='padding:4px 12px;border:1px solid #ddd'>12/14</td><td style='padding:4px 12px;border:1px solid #ddd'>45 * 63 cm</td></tr></table>",taxable,1,0,0,,Tricouri și tricouri polo,MUSAI,"https://static.musaibrand.com/images/models/0103/model/large/0103_0102_1_1.jpg,https://static.musaibrand.com/images/models/0103/model/large/0103_0302_1_1.jpg,https://static.musaibrand.com/images/models/0103/model/large/0103_17602_1_1.jpg,https://static.musaibrand.com/images/models/0103/model/large/0103_22202_1_1.jpg,https://static.musaibrand.com/images/models/0103/model/large/0103_22302_1_1.jpg,https://static.musaibrand.com/images/models/0103/model/large/0103_25802_1_1.jpg,https://static.musaibrand.com/images/models/0103/model/large/0103_3402_1_1.jpg,https://static.musaibrand.com/images/models/0103/model/large/0103_6002_1_1.jpg,https://static.musaibrand.com/images/models/0103/model/large/0103_0102_2_1.jpg,https://static.musaibrand.com/images/models/0103/model/large/0103_0302_2_1.jpg,https://static.musaibrand.com/images/models/0103/model/large/0103_17602_2_1.jpg,https://static.musaibrand.com/images/models/0103/model/large/0103_22202_2_1.jpg,https://static.musaibrand.com/images/models/0103/model/large/0103_22302_2_1.jpg,https://static.musaibrand.com/images/models/0103/model/large/0103_25802_2_1.jpg,https://static.musaibrand.com/images/models/0103/model/large/0103_3402_2_1.jpg,https://static.musaibrand.com/images/models/0103/model/large/0103_6002_2_1.jpg",,0,Size,"XS, S, M, L, XL, 2XL, 3XL, 4/6, 8/10, 12/14",1,1,,Color,"Alb/negru, Galben/negru, Turcoaz fluornegru, Fluor verde/negru, Fluor portocaliu/negru, Gri deschis/negru, Gum roz/negru, Roșu/negru",1,1,,Gender,Unisex,1,1,,Dimensiuni,"[47cm]·[68cm], [50cm]·[70cm], [53cm]·[72cm], [56cm]·[73cm], [59cm]·[74cm], [62cm]·[76cm], [65cm]·[79cm], [34cm]·[48cm], [40cm]·[55cm], [45cm]·[63cm]",1,0,,,
variation,MU0103000102,,1,0,visible,,Dimensiuni: 47 * 68 cm,taxable,1,0,0,57.75,,,https://static.musaibrand.com/images/models/0103/model/large/0103_0102_2_1.jpg,MU0103,1,Size,XS,,1,,Color,Alb/negru,,1,,,,,,,,,,,,[47cm]·[68cm],8435782529364
variation,MU0103010102,,1,0,visible,,Dimensiuni: 50 * 70 cm,taxable,1,0,0,57.75,,,https://static.musaibrand.com/images/models/0103/model/large/0103_0102_2_1.jpg,MU0103,2,Size,S,,1,,Color,Alb/negru,,1,,,,,,,,,,,,[50cm]·[70cm],8435782529371
variation,MU0103020102,,1,0,visible,,Dimensiuni: 53 * 72 cm,taxable,1,0,0,57.75,,,https://static.musaibrand.com/images/models/0103/model/large/0103_0102_2_1.jpg,MU0103,3,Size,M,,1,,Color,Alb/negru,,1,,,,,,,,,,,,[53cm]·[72cm],8435782529388
variation,MU0103030102,,1,0,visible,,Dimensiuni: 56 * 73 cm,taxable,1,0,0,57.75,,,https://static.musaibrand.com/images/models/0103/model/large/0103_0102_2_1.jpg,MU0103,4,Size,L,,1,,Color,Alb/negru,,1,,,,,,,,,,,,[56cm]·[73cm],8435782529395
variation,MU0103040102,,1,0,visible,,Dimensiuni: 59 * 74 cm,taxable,1,0,0,57.75,,,https://static.musaibrand.com/images/models/0103/model/large/0103_0102_2_1.jpg,MU0103,5,Size,XL,,1,,Color,Alb/negru,,1,,,,,,,,,,,,[59cm]·[74cm],8435782529401
variation,MU0103050102,,1,0,visible,,Dimensiuni: 62 * 76 cm,taxable,1,0,0,57.75,,,https://static.musaibrand.com/images/models/0103/model/large/0103_0102_2_1.jpg,MU0103,6,Size,2XL,,1,,Color,Alb/negru,,1,,,,,,,,,,,,[62cm]·[76cm],8435782529418
variation,MU0103060102,,1,0,visible,,Dimensiuni: 65 * 79 cm,taxable,1,0,0,57.75,,,https://static.musaibrand.com/images/models/0103/model/large/0103_0102_2_1.jpg,MU0103,7,Size,3XL,,1,,Color,Alb/negru,,1,,,,,,,,,,,,[65cm]·[79cm],8435782529425
variation,MU0103750102,,1,0,visible,,Dimensiuni: 34 * 48 cm,taxable,1,0,0,57.75,,,https://static.musaibrand.com/images/models/0103/model/large/0103_0102_2_1.jpg,MU0103,8,Size,4/6,,1,,Color,Alb/negru,,1,,,,,,,,,,,,[34cm]·[48cm],8435782529432
variation,MU0103760102,,1,0,visible,,Dimensiuni: 40 * 55 cm,taxable,1,0,0,57.75,,,https://static.musaibrand.com/images/models/0103/model/large/0103_0102_2_1.jpg,MU0103,9,Size,8/10,,1,,Color,Alb/negru,,1,,,,,,,,,,,,[40cm]·[55cm],8435782529449
variation,MU0103770102,,1,0,visible,,Dimensiuni: 45 * 63 cm,taxable,1,0,0,57.75,,,https://static.musaibrand.com/images/models/0103/model/large/0103_0102_2_1.jpg,MU0103,10,Size,12/14,,1,,Color,Alb/negru,,1,,,,,,,,,,,,[45cm]·[63cm],8435782529456
variation,MU0103000302,,1,0,visible,,Dimensiuni: 47 * 68 cm,taxable,1,0,0,57.75,,,https://static.musaibrand.com/images/models/0103/model/large/0103_0302_2_1.jpg,MU0103,11,Size,XS,,1,,Color,Galben/negru,,1,,,,,,,,,,,,[47cm]·[68cm],8435782503012
variation,MU0103010302,,1,0,visible,,Dimensiuni: 50 * 70 cm,taxable,1,0,0,57.75,,,https://static.musaibrand.com/images/models/0103/model/large/0103_0302_2_1.jpg,MU0103,12,Size,S,,1,,Color,Galben/negru,,1,,,,,,,,,,,,[50cm]·[70cm],8435782503081
variation,MU0103020302,,1,0,visible,,Dimensiuni: 53 * 72 cm,taxable,1,0,0,57.75,,,https://static.musaibrand.com/images/models/0103/model/large/0103_0302_2_1.jpg,MU0103,13,Size,M,,1,,Color,Galben/negru,,1,,,,,,,,,,,,[53cm]·[72cm],8435782503159
variation,MU0103030302,,1,0,visible,,Dimensiuni: 56 * 73 cm,taxable,1,0,0,57.75,,,https://static.musaibrand.com/images/models/0103/model/large/0103_0302_2_1.jpg,MU0103,14,Size,L,,1,,Color,Galben/negru,,1,,,,,,,,,,,,[56cm]·[73cm],8435782503227
variation,MU0103040302,,1,0,visible,,Dimensiuni: 59 * 74 cm,taxable,1,0,0,57.75,,,https://static.musaibrand.com/images/models/0103/model/large/0103_0302_2_1.jpg,MU0103,15,Size,XL,,1,,Color,Galben/negru,,1,,,,,,,,,,,,[59cm]·[74cm],8435782503296
variation,MU0103050302,,1,0,visible,,Dimensiuni: 62 * 76 cm,taxable,1,0,0,57.75,,,https://static.musaibrand.com/images/models/0103/model/large/0103_0302_2_1.jpg,MU0103,16,Size,2XL,,1,,Color,Galben/negru,,1,,,,,,,,,,,,[62cm]·[76cm],8435782503364
variation,MU0103060302,,1,0,visible,,Dimensiuni: 65 * 79 cm,taxable,1,0,0,57.75,,,https://static.musaibrand.com/images/models/0103/model/large/0103_0302_2_1.jpg,MU0103,17,Size,3XL,,1,,Color,Galben/negru,,1,,,,,,,,,,,,[65cm]·[79cm],8435782503432
variation,MU0103750302,,1,0,visible,,Dimensiuni: 34 * 48 cm,taxable,1,0,0,57.75,,,https://static.musaibrand.com/images/models/0103/model/large/0103_0302_2_1.jpg,MU0103,18,Size,4/6,,1,,Color,Galben/negru,,1,,,,,,,,,,,,[34cm]·[48cm],8435782503500
variation,MU0103760302,,1,0,visible,,Dimensiuni: 40 * 55 cm,taxable,1,0,0,57.75,,,https://static.musaibrand.com/images/models/0103/model/large/0103_0302_2_1.jpg,MU0103,19,Size,8/10,,1,,Color,Galben/negru,,1,,,,,,,,,,,,[40cm]·[55cm],8435782503579
variation,MU0103770302,,1,0,visible,,Dimensiuni: 45 * 63 cm,taxable,1,0,0,57.75,,,https://static.musaibrand.com/images/models/0103/model/large/0103_0302_2_1.jpg,MU0103,20,Size,12/14,,1,,Color,Galben/negru,,1,,,,,,,,,,,,[45cm]·[63cm],8435782503647
variation,MU01030017602,,1,0,visible,,Dimensiuni: 47 * 68 cm,taxable,1,0,0,57.75,,,https://static.musaibrand.com/images/models/0103/model/large/0103_17602_2_1.jpg,MU0103,21,Size,XS,,1,,Color,Turcoaz fluornegru,,1,,,,,,,,,,,,[47cm]·[68cm],8435782503029
variation,MU01030117602,,1,0,visible,,Dimensiuni: 50 * 70 cm,taxable,1,0,0,57.75,,,https://static.musaibrand.com/images/models/0103/model/large/0103_17602_2_1.jpg,MU0103,22,Size,S,,1,,Color,Turcoaz fluornegru,,1,,,,,,,,,,,,[50cm]·[70cm],8435782503098
variation,MU01030217602,,1,0,visible,,Dimensiuni: 53 * 72 cm,taxable,1,0,0,57.75,,,https://static.musaibrand.com/images/models/0103/model/large/0103_17602_2_1.jpg,MU0103,23,Size,M,,1,,Color,Turcoaz fluornegru,,1,,,,,,,,,,,,[53cm]·[72cm],8435782503166
variation,MU01030317602,,1,0,visible,,Dimensiuni: 56 * 73 cm,taxable,1,0,0,57.75,,,https://static.musaibrand.com/images/models/0103/model/large/0103_17602_2_1.jpg,MU0103,24,Size,L,,1,,Color,Turcoaz fluornegru,,1,,,,,,,,,,,,[56cm]·[73cm],8435782503234
variation,MU01030417602,,1,0,visible,,Dimensiuni: 59 * 74 cm,taxable,1,0,0,57.75,,,https://static.musaibrand.com/images/models/0103/model/large/0103_17602_2_1.jpg,MU0103,25,Size,XL,,1,,Color,Turcoaz fluornegru,,1,,,,,,,,,,,,[59cm]·[74cm],8435782503302
variation,MU01030517602,,1,0,visible,,Dimensiuni: 62 * 76 cm,taxable,1,0,0,57.75,,,https://static.musaibrand.com/images/models/0103/model/large/0103_17602_2_1.jpg,MU0103,26,Size,2XL,,1,,Color,Turcoaz fluornegru,,1,,,,,,,,,,,,[62cm]·[76cm],8435782503371
variation,MU01030617602,,1,0,visible,,Dimensiuni: 65 * 79 cm,taxable,1,0,0,57.75,,,https://static.musaibrand.com/images/models/0103/model/large/0103_17602_2_1.jpg,MU0103,27,Size,3XL,,1,,Color,Turcoaz fluornegru,,1,,,,,,,,,,,,[65cm]·[79cm],8435782503449
variation,MU01037517602,,1,0,visible,,Dimensiuni: 34 * 48 cm,taxable,1,0,0,57.75,,,https://static.musaibrand.com/images/models/0103/model/large/0103_17602_2_1.jpg,MU0103,28,Size,4/6,,1,,Color,Turcoaz fluornegru,,1,,,,,,,,,,,,[34cm]·[48cm],8435782503517
variation,MU01037617602,,1,0,visible,,Dimensiuni: 40 * 55 cm,taxable,1,0,0,57.75,,,https://static.musaibrand.com/images/models/0103/model/large/0103_17602_2_1.jpg,MU0103,29,Size,8/10,,1,,Color,Turcoaz fluornegru,,1,,,,,,,,,,,,[40cm]·[55cm],8435782503586
variation,MU01037717602,,1,0,visible,,Dimensiuni: 45 * 63 cm,taxable,1,0,0,57.75,,,https://static.musaibrand.com/images/models/0103/model/large/0103_17602_2_1.jpg,MU0103,30,Size,12/14,,1,,Color,Turcoaz fluornegru,,1,,,,,,,,,,,,[45cm]·[63cm],8435782503654
variation,MU01030022202,,1,0,visible,,Dimensiuni: 47 * 68 cm,taxable,1,0,0,57.75,,,https://static.musaibrand.com/images/models/0103/model/large/0103_22202_2_1.jpg,MU0103,31,Size,XS,,1,,Color,Fluor verde/negru,,1,,,,,,,,,,,,[47cm]·[68cm],8435782503036
variation,MU01030122202,,1,0,visible,,Dimensiuni: 50 * 70 cm,taxable,1,0,0,57.75,,,https://static.musaibrand.com/images/models/0103/model/large/0103_22202_2_1.jpg,MU0103,32,Size,S,,1,,Color,Fluor verde/negru,,1,,,,,,,,,,,,[50cm]·[70cm],8435782503104
variation,MU01030222202,,1,0,visible,,Dimensiuni: 53 * 72 cm,taxable,1,0,0,57.75,,,https://static.musaibrand.com/images/models/0103/model/large/0103_22202_2_1.jpg,MU0103,33,Size,M,,1,,Color,Fluor verde/negru,,1,,,,,,,,,,,,[53cm]·[72cm],8435782503173
variation,MU01030322202,,1,0,visible,,Dimensiuni: 56 * 73 cm,taxable,1,0,0,57.75,,,https://static.musaibrand.com/images/models/0103/model/large/0103_22202_2_1.jpg,MU0103,34,Size,L,,1,,Color,Fluor verde/negru,,1,,,,,,,,,,,,[56cm]·[73cm],8435782503241
variation,MU01030422202,,1,0,visible,,Dimensiuni: 59 * 74 cm,taxable,1,0,0,57.75,,,https://static.musaibrand.com/images/models/0103/model/large/0103_22202_2_1.jpg,MU0103,35,Size,XL,,1,,Color,Fluor verde/negru,,1,,,,,,,,,,,,[59cm]·[74cm],8435782503319
variation,MU01030522202,,1,0,visible,,Dimensiuni: 62 * 76 cm,taxable,1,0,0,57.75,,,https://static.musaibrand.com/images/models/0103/model/large/0103_22202_2_1.jpg,MU0103,36,Size,2XL,,1,,Color,Fluor verde/negru,,1,,,,,,,,,,,,[62cm]·[76cm],8435782503388
variation,MU01030622202,,1,0,visible,,Dimensiuni: 65 * 79 cm,taxable,1,0,0,57.75,,,https://static.musaibrand.com/images/models/0103/model/large/0103_22202_2_1.jpg,MU0103,37,Size,3XL,,1,,Color,Fluor verde/negru,,1,,,,,,,,,,,,[65cm]·[79cm],8435782503456
variation,MU01037522202,,1,0,visible,,Dimensiuni: 34 * 48 cm,taxable,1,0,0,57.75,,,https://static.musaibrand.com/images/models/0103/model/large/0103_22202_2_1.jpg,MU0103,38,Size,4/6,,1,,Color,Fluor verde/negru,,1,,,,,,,,,,,,[34cm]·[48cm],8435782503524
variation,MU01037622202,,1,0,visible,,Dimensiuni: 40 * 55 cm,taxable,1,0,0,57.75,,,https://static.musaibrand.com/images/models/0103/model/large/0103_22202_2_1.jpg,MU0103,39,Size,8/10,,1,,Color,Fluor verde/negru,,1,,,,,,,,,,,,[40cm]·[55cm],8435782503593
variation,MU01037722202,,1,0,visible,,Dimensiuni: 45 * 63 cm,taxable,1,0,0,57.75,,,https://static.musaibrand.com/images/models/0103/model/large/0103_22202_2_1.jpg,MU0103,40,Size,12/14,,1,,Color,Fluor verde/negru,,1,,,,,,,,,,,,[45cm]·[63cm],8435782503661
variation,MU01030022302,,1,0,visible,,Dimensiuni: 47 * 68 cm,taxable,1,0,0,57.75,,,https://static.musaibrand.com/images/models/0103/model/large/0103_22302_2_1.jpg,MU0103,41,Size,XS,,1,,Color,Fluor portocaliu/negru,,1,,,,,,,,,,,,[47cm]·[68cm],8435782503043
variation,MU01030122302,,1,0,visible,,Dimensiuni: 50 * 70 cm,taxable,1,0,0,57.75,,,https://static.musaibrand.com/images/models/0103/model/large/0103_22302_2_1.jpg,MU0103,42,Size,S,,1,,Color,Fluor portocaliu/negru,,1,,,,,,,,,,,,[50cm]·[70cm],8435782503111
variation,MU01030222302,,1,0,visible,,Dimensiuni: 53 * 72 cm,taxable,1,0,0,57.75,,,https://static.musaibrand.com/images/models/0103/model/large/0103_22302_2_1.jpg,MU0103,43,Size,M,,1,,Color,Fluor portocaliu/negru,,1,,,,,,,,,,,,[53cm]·[72cm],8435782503180
variation,MU01030322302,,1,0,visible,,Dimensiuni: 56 * 73 cm,taxable,1,0,0,57.75,,,https://static.musaibrand.com/images/models/0103/model/large/0103_22302_2_1.jpg,MU0103,44,Size,L,,1,,Color,Fluor portocaliu/negru,,1,,,,,,,,,,,,[56cm]·[73cm],8435782503258
variation,MU01030422302,,1,0,visible,,Dimensiuni: 59 * 74 cm,taxable,1,0,0,57.75,,,https://static.musaibrand.com/images/models/0103/model/large/0103_22302_2_1.jpg,MU0103,45,Size,XL,,1,,Color,Fluor portocaliu/negru,,1,,,,,,,,,,,,[59cm]·[74cm],8435782503326
variation,MU01030522302,,1,0,visible,,Dimensiuni: 62 * 76 cm,taxable,1,0,0,57.75,,,https://static.musaibrand.com/images/models/0103/model/large/0103_22302_2_1.jpg,MU0103,46,Size,2XL,,1,,Color,Fluor portocaliu/negru,,1,,,,,,,,,,,,[62cm]·[76cm],8435782503395
variation,MU01030622302,,1,0,visible,,Dimensiuni: 65 * 79 cm,taxable,1,0,0,57.75,,,https://static.musaibrand.com/images/models/0103/model/large/0103_22302_2_1.jpg,MU0103,47,Size,3XL,,1,,Color,Fluor portocaliu/negru,,1,,,,,,,,,,,,[65cm]·[79cm],8435782503463
variation,MU01037522302,,1,0,visible,,Dimensiuni: 34 * 48 cm,taxable,1,0,0,57.75,,,https://static.musaibrand.com/images/models/0103/model/large/0103_22302_2_1.jpg,MU0103,48,Size,4/6,,1,,Color,Fluor portocaliu/negru,,1,,,,,,,,,,,,[34cm]·[48cm],8435782503531
variation,MU01037622302,,1,0,visible,,Dimensiuni: 40 * 55 cm,taxable,1,0,0,57.75,,,https://static.musaibrand.com/images/models/0103/model/large/0103_22302_2_1.jpg,MU0103,49,Size,8/10,,1,,Color,Fluor portocaliu/negru,,1,,,,,,,,,,,,[40cm]·[55cm],8435782503609
variation,MU01037722302,,1,0,visible,,Dimensiuni: 45 * 63 cm,taxable,1,0,0,57.75,,,https://static.musaibrand.com/images/models/0103/model/large/0103_22302_2_1.jpg,MU0103,50,Size,12/14,,1,,Color,Fluor portocaliu/negru,,1,,,,,,,,,,,,[45cm]·[63cm],8435782503678
variation,MU01030025802,,1,0,visible,,Dimensiuni: 47 * 68 cm,taxable,1,0,0,57.75,,,https://static.musaibrand.com/images/models/0103/model/large/0103_25802_2_1.jpg,MU0103,51,Size,XS,,1,,Color,Gri deschis/negru,,1,,,,,,,,,,,,[47cm]·[68cm],8435782503050
variation,MU01030125802,,1,0,visible,,Dimensiuni: 50 * 70 cm,taxable,1,0,0,57.75,,,https://static.musaibrand.com/images/models/0103/model/large/0103_25802_2_1.jpg,MU0103,52,Size,S,,1,,Color,Gri deschis/negru,,1,,,,,,,,,,,,[50cm]·[70cm],8435782503128
variation,MU01030225802,,1,0,visible,,Dimensiuni: 53 * 72 cm,taxable,1,0,0,57.75,,,https://static.musaibrand.com/images/models/0103/model/large/0103_25802_2_1.jpg,MU0103,53,Size,M,,1,,Color,Gri deschis/negru,,1,,,,,,,,,,,,[53cm]·[72cm],8435782503197
variation,MU01030325802,,1,0,visible,,Dimensiuni: 56 * 73 cm,taxable,1,0,0,57.75,,,https://static.musaibrand.com/images/models/0103/model/large/0103_25802_2_1.jpg,MU0103,54,Size,L,,1,,Color,Gri deschis/negru,,1,,,,,,,,,,,,[56cm]·[73cm],8435782503265
variation,MU01030425802,,1,0,visible,,Dimensiuni: 59 * 74 cm,taxable,1,0,0,57.75,,,https://static.musaibrand.com/images/models/0103/model/large/0103_25802_2_1.jpg,MU0103,55,Size,XL,,1,,Color,Gri deschis/negru,,1,,,,,,,,,,,,[59cm]·[74cm],8435782503333
variation,MU01030525802,,1,0,visible,,Dimensiuni: 62 * 76 cm,taxable,1,0,0,57.75,,,https://static.musaibrand.com/images/models/0103/model/large/0103_25802_2_1.jpg,MU0103,56,Size,2XL,,1,,Color,Gri deschis/negru,,1,,,,,,,,,,,,[62cm]·[76cm],8435782503401
variation,MU01030625802,,1,0,visible,,Dimensiuni: 65 * 79 cm,taxable,1,0,0,57.75,,,https://static.musaibrand.com/images/models/0103/model/large/0103_25802_2_1.jpg,MU0103,57,Size,3XL,,1,,Color,Gri deschis/negru,,1,,,,,,,,,,,,[65cm]·[79cm],8435782503470
variation,MU01037525802,,1,0,visible,,Dimensiuni: 34 * 48 cm,taxable,1,0,0,57.75,,,https://static.musaibrand.com/images/models/0103/model/large/0103_25802_2_1.jpg,MU0103,58,Size,4/6,,1,,Color,Gri deschis/negru,,1,,,,,,,,,,,,[34cm]·[48cm],8435782503548
variation,MU01037625802,,1,0,visible,,Dimensiuni: 40 * 55 cm,taxable,1,0,0,57.75,,,https://static.musaibrand.com/images/models/0103/model/large/0103_25802_2_1.jpg,MU0103,59,Size,8/10,,1,,Color,Gri deschis/negru,,1,,,,,,,,,,,,[40cm]·[55cm],8435782503616
variation,MU01037725802,,1,0,visible,,Dimensiuni: 45 * 63 cm,taxable,1,0,0,57.75,,,https://static.musaibrand.com/images/models/0103/model/large/0103_25802_2_1.jpg,MU0103,60,Size,12/14,,1,,Color,Gri deschis/negru,,1,,,,,,,,,,,,[45cm]·[63cm],8435782503685
variation,MU0103003402,,1,0,visible,,Dimensiuni: 47 * 68 cm,taxable,1,0,0,57.75,,,https://static.musaibrand.com/images/models/0103/model/large/0103_3402_2_1.jpg,MU0103,61,Size,XS,,1,,Color,Gum roz/negru,,1,,,,,,,,,,,,[47cm]·[68cm],8435782503067
variation,MU0103013402,,1,0,visible,,Dimensiuni: 50 * 70 cm,taxable,1,0,0,57.75,,,https://static.musaibrand.com/images/models/0103/model/large/0103_3402_2_1.jpg,MU0103,62,Size,S,,1,,Color,Gum roz/negru,,1,,,,,,,,,,,,[50cm]·[70cm],8435782503135
variation,MU0103023402,,1,0,visible,,Dimensiuni: 53 * 72 cm,taxable,1,0,0,57.75,,,https://static.musaibrand.com/images/models/0103/model/large/0103_3402_2_1.jpg,MU0103,63,Size,M,,1,,Color,Gum roz/negru,,1,,,,,,,,,,,,[53cm]·[72cm],8435782503203
variation,MU0103033402,,1,0,visible,,Dimensiuni: 56 * 73 cm,taxable,1,0,0,57.75,,,https://static.musaibrand.com/images/models/0103/model/large/0103_3402_2_1.jpg,MU0103,64,Size,L,,1,,Color,Gum roz/negru,,1,,,,,,,,,,,,[56cm]·[73cm],8435782503272
variation,MU0103043402,,1,0,visible,,Dimensiuni: 59 * 74 cm,taxable,1,0,0,57.75,,,https://static.musaibrand.com/images/models/0103/model/large/0103_3402_2_1.jpg,MU0103,65,Size,XL,,1,,Color,Gum roz/negru,,1,,,,,,,,,,,,[59cm]·[74cm],8435782503340
variation,MU0103053402,,1,0,visible,,Dimensiuni: 62 * 76 cm,taxable,1,0,0,57.75,,,https://static.musaibrand.com/images/models/0103/model/large/0103_3402_2_1.jpg,MU0103,66,Size,2XL,,1,,Color,Gum roz/negru,,1,,,,,,,,,,,,[62cm]·[76cm],8435782503418
variation,MU0103063402,,1,0,visible,,Dimensiuni: 65 * 79 cm,taxable,1,0,0,57.75,,,https://static.musaibrand.com/images/models/0103/model/large/0103_3402_2_1.jpg,MU0103,67,Size,3XL,,1,,Color,Gum roz/negru,,1,,,,,,,,,,,,[65cm]·[79cm],8435782503487
variation,MU0103753402,,1,0,visible,,Dimensiuni: 34 * 48 cm,taxable,1,0,0,57.75,,,https://static.musaibrand.com/images/models/0103/model/large/0103_3402_2_1.jpg,MU0103,68,Size,4/6,,1,,Color,Gum roz/negru,,1,,,,,,,,,,,,[34cm]·[48cm],8435782503555
variation,MU0103763402,,1,0,visible,,Dimensiuni: 40 * 55 cm,taxable,1,0,0,57.75,,,https://static.musaibrand.com/images/models/0103/model/large/0103_3402_2_1.jpg,MU0103,69,Size,8/10,,1,,Color,Gum roz/negru,,1,,,,,,,,,,,,[40cm]·[55cm],8435782503623
variation,MU0103773402,,1,0,visible,,Dimensiuni: 45 * 63 cm,taxable,1,0,0,57.75,,,https://static.musaibrand.com/images/models/0103/model/large/0103_3402_2_1.jpg,MU0103,70,Size,12/14,,1,,Color,Gum roz/negru,,1,,,,,,,,,,,,[45cm]·[63cm],8435782503692
variation,MU0103006002,,1,0,visible,,Dimensiuni: 47 * 68 cm,taxable,1,0,0,57.75,,,https://static.musaibrand.com/images/models/0103/model/large/0103_6002_2_1.jpg,MU0103,71,Size,XS,,1,,Color,Roșu/negru,,1,,,,,,,,,,,,[47cm]·[68cm],8435782503074
variation,MU0103016002,,1,0,visible,,Dimensiuni: 50 * 70 cm,taxable,1,0,0,57.75,,,https://static.musaibrand.com/images/models/0103/model/large/0103_6002_2_1.jpg,MU0103,72,Size,S,,1,,Color,Roșu/negru,,1,,,,,,,,,,,,[50cm]·[70cm],8435782503142
variation,MU0103026002,,1,0,visible,,Dimensiuni: 53 * 72 cm,taxable,1,0,0,57.75,,,https://static.musaibrand.com/images/models/0103/model/large/0103_6002_2_1.jpg,MU0103,73,Size,M,,1,,Color,Roșu/negru,,1,,,,,,,,,,,,[53cm]·[72cm],8435782503210
variation,MU0103036002,,1,0,visible,,Dimensiuni: 56 * 73 cm,taxable,1,0,0,57.75,,,https://static.musaibrand.com/images/models/0103/model/large/0103_6002_2_1.jpg,MU0103,74,Size,L,,1,,Color,Roșu/negru,,1,,,,,,,,,,,,[56cm]·[73cm],8435782503289
variation,MU0103046002,,1,0,visible,,Dimensiuni: 59 * 74 cm,taxable,1,0,0,57.75,,,https://static.musaibrand.com/images/models/0103/model/large/0103_6002_2_1.jpg,MU0103,75,Size,XL,,1,,Color,Roșu/negru,,1,,,,,,,,,,,,[59cm]·[74cm],8435782503357
variation,MU0103056002,,1,0,visible,,Dimensiuni: 62 * 76 cm,taxable,1,0,0,57.75,,,https://static.musaibrand.com/images/models/0103/model/large/0103_6002_2_1.jpg,MU0103,76,Size,2XL,,1,,Color,Roșu/negru,,1,,,,,,,,,,,,[62cm]·[76cm],8435782503425
variation,MU0103066002,,1,0,visible,,Dimensiuni: 65 * 79 cm,taxable,1,0,0,57.75,,,https://static.musaibrand.com/images/models/0103/model/large/0103_6002_2_1.jpg,MU0103,77,Size,3XL,,1,,Color,Roșu/negru,,1,,,,,,,,,,,,[65cm]·[79cm],8435782503494
variation,MU0103756002,,1,0,visible,,Dimensiuni: 34 * 48 cm,taxable,1,0,0,57.75,,,https://static.musaibrand.com/images/models/0103/model/large/0103_6002_2_1.jpg,MU0103,78,Size,4/6,,1,,Color,Roșu/negru,,1,,,,,,,,,,,,[34cm]·[48cm],8435782503562
variation,MU0103766002,,1,0,visible,,Dimensiuni: 40 * 55 cm,taxable,1,0,0,57.75,,,https://static.musaibrand.com/images/models/0103/model/large/0103_6002_2_1.jpg,MU0103,79,Size,8/10,,1,,Color,Roșu/negru,,1,,,,,,,,,,,,[40cm]·[55cm],8435782503630
variation,MU0103776002,,1,0,visible,,Dimensiuni: 45 * 63 cm,taxable,1,0,0,57.75,,,https://static.musaibrand.com/images/models/0103/model/large/0103_6002_2_1.jpg,MU0103,80,Size,12/14,,1,,Color,Roșu/negru,,1,,,,,,,,,,,,[45cm]·[63cm],8435782503708
variable,MU0103-K,SABA T-Tricou,1,0,visible,,"<p>Tricou tehnic pentru copii cu mânecă scurtă și guler rotund, confecționat din poliester reciclat.                           <br>· Wicking   <br>· Breathable</p><p><strong>Compoziție:</strong> 100% poliester interlock reciclat</p><p><br>· Guler realizat din țesătură de 1,5 cm în culoare contrastantă. <br>· Acoperire elastică a cusăturii de pe guler. <br>· Corp în culoare contrastantă, mâneci și guler. <br>· Finisat cu cusături plate.<br>· Detaliu cu logo imprimat pe piept.I5</p><h4>Dimensiuni</h4><table style='border-collapse:collapse;margin:8px 0'><tr><th style='padding:4px 12px;border:1px solid #ddd;text-align:left'>Mărime</th><th style='padding:4px 12px;border:1px solid #ddd;text-align:left'>Dimensiuni</th></tr><tr><td style='padding:4px 12px;border:1px solid #ddd'>XS</td><td style='padding:4px 12px;border:1px solid #ddd'>47 * 68 cm</td></tr><tr><td style='padding:4px 12px;border:1px solid #ddd'>S</td><td style='padding:4px 12px;border:1px solid #ddd'>50 * 70 cm</td></tr><tr><td style='padding:4px 12px;border:1px solid #ddd'>M</td><td style='padding:4px 12px;border:1px solid #ddd'>53 * 72 cm</td></tr><tr><td style='padding:4px 12px;border:1px solid #ddd'>L</td><td style='padding:4px 12px;border:1px solid #ddd'>56 * 73 cm</td></tr><tr><td style='padding:4px 12px;border:1px solid #ddd'>XL</td><td style='padding:4px 12px;border:1px solid #ddd'>59 * 74 cm</td></tr><tr><td style='padding:4px 12px;border:1px solid #ddd'>2XL</td><td style='padding:4px 12px;border:1px solid #ddd'>62 * 76 cm</td></tr><tr><td style='padding:4px 12px;border:1px solid #ddd'>3XL</td><td style='padding:4px 12px;border:1px solid #ddd'>65 * 79 cm</td></tr><tr><td style='padding:4px 12px;border:1px solid #ddd'>4/6</td><td style='padding:4px 12px;border:1px solid #ddd'>34 * 48 cm</td></tr><tr><td style='padding:4px 12px;border:1px solid #ddd'>8/10</td><td style='padding:4px 12px;border:1px solid #ddd'>40 * 55 cm</td></tr><tr><td style='padding:4px 12px;border:1px solid #ddd'>12/14</td><td style='padding:4px 12px;border:1px solid #ddd'>45 * 63 cm</td></tr></table>",taxable,1,0,0,,Tricouri și tricouri polo,MUSAI,"https://static.musaibrand.com/images/models/0103-K/model/large/0103-K_0102_1_1.jpg,https://static.musaibrand.com/images/models/0103-K/model/large/0103-K_0302_1_1.jpg,https://static.musaibrand.com/images/models/0103-K/model/large/0103-K_17602_1_1.jpg,https://static.musaibrand.com/images/models/0103-K/model/large/0103-K_22202_1_1.jpg,https://static.musaibrand.com/images/models/0103-K/model/large/0103-K_22302_1_1.jpg,https://static.musaibrand.com/images/models/0103-K/model/large/0103-K_25802_1_1.jpg,https://static.musaibrand.com/images/models/0103-K/model/large/0103-K_3402_1_1.jpg,https://static.musaibrand.com/images/models/0103-K/model/large/0103-K_6002_1_1.jpg,https://static.musaibrand.com/images/models/0103-K/model/large/0103-K_0102_2_1.jpg,https://static.musaibrand.com/images/models/0103-K/model/large/0103-K_0302_2_1.jpg,https://static.musaibrand.com/images/models/0103-K/model/large/0103-K_17602_2_1.jpg,https://static.musaibrand.com/images/models/0103-K/model/large/0103-K_22202_2_1.jpg,https://static.musaibrand.com/images/models/0103-K/model/large/0103-K_22302_2_1.jpg,https://static.musaibrand.com/images/models/0103-K/model/large/0103-K_25802_2_1.jpg,https://static.musaibrand.com/images/models/0103-K/model/large/0103-K_3402_2_1.jpg,https://static.musaibrand.com/images/models/0103-K/model/large/0103-K_6002_2_1.jpg",,0,Size,"XS, S, M, L, XL, 2XL, 3XL, 4/6, 8/10, 12/14",1,1,,Color,"Alb/negru, Galben/negru, Turcoaz fluornegru, Fluor verde/negru, Fluor portocaliu/negru, Gri deschis/negru, Gum roz/negru, Roșu/negru",1,1,,Gender,Unisex,1,1,,Dimensiuni,"[47cm]·[68cm], [50cm]·[70cm], [53cm]·[72cm], [56cm]·[73cm], [59cm]·[74cm], [62cm]·[76cm], [65cm]·[79cm], [34cm]·[48cm], [40cm]·[55cm], [45cm]·[63cm]",1,0,,,
variation,MU0103000102-K,,1,0,visible,,Dimensiuni: 47 * 68 cm,taxable,1,0,0,57.75,,,https://static.musaibrand.com/images/models/0103-K/model/large/0103-K_0102_2_1.jpg,MU0103-K,1,Size,XS,,1,,Color,Alb/negru,,1,,,,,,,,,,,,[47cm]·[68cm],8435782529364
variation,MU0103010102-K,,1,0,visible,,Dimensiuni: 50 * 70 cm,taxable,1,0,0,57.75,,,https://static.musaibrand.com/images/models/0103-K/model/large/0103-K_0102_2_1.jpg,MU0103-K,2,Size,S,,1,,Color,Alb/negru,,1,,,,,,,,,,,,[50cm]·[70cm],8435782529371
variation,MU0103020102-K,,1,0,visible,,Dimensiuni: 53 * 72 cm,taxable,1,0,0,57.75,,,https://static.musaibrand.com/images/models/0103-K/model/large/0103-K_0102_2_1.jpg,MU0103-K,3,Size,M,,1,,Color,Alb/negru,,1,,,,,,,,,,,,[53cm]·[72cm],8435782529388
variation,MU0103030102-K,,1,0,visible,,Dimensiuni: 56 * 73 cm,taxable,1,0,0,57.75,,,https://static.musaibrand.com/images/models/0103-K/model/large/0103-K_0102_2_1.jpg,MU0103-K,4,Size,L,,1,,Color,Alb/negru,,1,,,,,,,,,,,,[56cm]·[73cm],8435782529395
variation,MU0103040102-K,,1,0,visible,,Dimensiuni: 59 * 74 cm,taxable,1,0,0,57.75,,,https://static.musaibrand.com/images/models/0103-K/model/large/0103-K_0102_2_1.jpg,MU0103-K,5,Size,XL,,1,,Color,Alb/negru,,1,,,,,,,,,,,,[59cm]·[74cm],8435782529401
variation,MU0103050102-K,,1,0,visible,,Dimensiuni: 62 * 76 cm,taxable,1,0,0,57.75,,,https://static.musaibrand.com/images/models/0103-K/model/large/0103-K_0102_2_1.jpg,MU0103-K,6,Size,2XL,,1,,Color,Alb/negru,,1,,,,,,,,,,,,[62cm]·[76cm],8435782529418
variation,MU0103060102-K,,1,0,visible,,Dimensiuni: 65 * 79 cm,taxable,1,0,0,57.75,,,https://static.musaibrand.com/images/models/0103-K/model/large/0103-K_0102_2_1.jpg,MU0103-K,7,Size,3XL,,1,,Color,Alb/negru,,1,,,,,,,,,,,,[65cm]·[79cm],8435782529425
variation,MU0103750102-K,,1,0,visible,,Dimensiuni: 34 * 48 cm,taxable,1,0,0,57.75,,,https://static.musaibrand.com/images/models/0103-K/model/large/0103-K_0102_2_1.jpg,MU0103-K,8,Size,4/6,,1,,Color,Alb/negru,,1,,,,,,,,,,,,[34cm]·[48cm],8435782529432
variation,MU0103760102-K,,1,0,visible,,Dimensiuni: 40 * 55 cm,taxable,1,0,0,57.75,,,https://static.musaibrand.com/images/models/0103-K/model/large/0103-K_0102_2_1.jpg,MU0103-K,9,Size,8/10,,1,,Color,Alb/negru,,1,,,,,,,,,,,,[40cm]·[55cm],8435782529449
variation,MU0103770102-K,,1,0,visible,,Dimensiuni: 45 * 63 cm,taxable,1,0,0,57.75,,,https://static.musaibrand.com/images/models/0103-K/model/large/0103-K_0102_2_1.jpg,MU0103-K,10,Size,12/14,,1,,Color,Alb/negru,,1,,,,,,,,,,,,[45cm]·[63cm],8435782529456
variation,MU0103000302-K,,1,0,visible,,Dimensiuni: 47 * 68 cm,taxable,1,0,0,57.75,,,https://static.musaibrand.com/images/models/0103-K/model/large/0103-K_0302_2_1.jpg,MU0103-K,11,Size,XS,,1,,Color,Galben/negru,,1,,,,,,,,,,,,[47cm]·[68cm],8435782503012
variation,MU0103010302-K,,1,0,visible,,Dimensiuni: 50 * 70 cm,taxable,1,0,0,57.75,,,https://static.musaibrand.com/images/models/0103-K/model/large/0103-K_0302_2_1.jpg,MU0103-K,12,Size,S,,1,,Color,Galben/negru,,1,,,,,,,,,,,,[50cm]·[70cm],8435782503081
variation,MU0103020302-K,,1,0,visible,,Dimensiuni: 53 * 72 cm,taxable,1,0,0,57.75,,,https://static.musaibrand.com/images/models/0103-K/model/large/0103-K_0302_2_1.jpg,MU0103-K,13,Size,M,,1,,Color,Galben/negru,,1,,,,,,,,,,,,[53cm]·[72cm],8435782503159
variation,MU0103030302-K,,1,0,visible,,Dimensiuni: 56 * 73 cm,taxable,1,0,0,57.75,,,https://static.musaibrand.com/images/models/0103-K/model/large/0103-K_0302_2_1.jpg,MU0103-K,14,Size,L,,1,,Color,Galben/negru,,1,,,,,,,,,,,,[56cm]·[73cm],8435782503227
variation,MU0103040302-K,,1,0,visible,,Dimensiuni: 59 * 74 cm,taxable,1,0,0,57.75,,,https://static.musaibrand.com/images/models/0103-K/model/large/0103-K_0302_2_1.jpg,MU0103-K,15,Size,XL,,1,,Color,Galben/negru,,1,,,,,,,,,,,,[59cm]·[74cm],8435782503296
variation,MU0103050302-K,,1,0,visible,,Dimensiuni: 62 * 76 cm,taxable,1,0,0,57.75,,,https://static.musaibrand.com/images/models/0103-K/model/large/0103-K_0302_2_1.jpg,MU0103-K,16,Size,2XL,,1,,Color,Galben/negru,,1,,,,,,,,,,,,[62cm]·[76cm],8435782503364
variation,MU0103060302-K,,1,0,visible,,Dimensiuni: 65 * 79 cm,taxable,1,0,0,57.75,,,https://static.musaibrand.com/images/models/0103-K/model/large/0103-K_0302_2_1.jpg,MU0103-K,17,Size,3XL,,1,,Color,Galben/negru,,1,,,,,,,,,,,,[65cm]·[79cm],8435782503432
variation,MU0103750302-K,,1,0,visible,,Dimensiuni: 34 * 48 cm,taxable,1,0,0,57.75,,,https://static.musaibrand.com/images/models/0103-K/model/large/0103-K_0302_2_1.jpg,MU0103-K,18,Size,4/6,,1,,Color,Galben/negru,,1,,,,,,,,,,,,[34cm]·[48cm],8435782503500
variation,MU0103760302-K,,1,0,visible,,Dimensiuni: 40 * 55 cm,taxable,1,0,0,57.75,,,https://static.musaibrand.com/images/models/0103-K/model/large/0103-K_0302_2_1.jpg,MU0103-K,19,Size,8/10,,1,,Color,Galben/negru,,1,,,,,,,,,,,,[40cm]·[55cm],8435782503579
variation,MU0103770302-K,,1,0,visible,,Dimensiuni: 45 * 63 cm,taxable,1,0,0,57.75,,,https://static.musaibrand.com/images/models/0103-K/model/large/0103-K_0302_2_1.jpg,MU0103-K,20,Size,12/14,,1,,Color,Galben/negru,,1,,,,,,,,,,,,[45cm]·[63cm],8435782503647
variation,MU01030017602-K,,1,0,visible,,Dimensiuni: 47 * 68 cm,taxable,1,0,0,57.75,,,https://static.musaibrand.com/images/models/0103-K/model/large/0103-K_17602_2_1.jpg,MU0103-K,21,Size,XS,,1,,Color,Turcoaz fluornegru,,1,,,,,,,,,,,,[47cm]·[68cm],8435782503029
variation,MU01030117602-K,,1,0,visible,,Dimensiuni: 50 * 70 cm,taxable,1,0,0,57.75,,,https://static.musaibrand.com/images/models/0103-K/model/large/0103-K_17602_2_1.jpg,MU0103-K,22,Size,S,,1,,Color,Turcoaz fluornegru,,1,,,,,,,,,,,,[50cm]·[70cm],8435782503098
variation,MU01030217602-K,,1,0,visible,,Dimensiuni: 53 * 72 cm,taxable,1,0,0,57.75,,,https://static.musaibrand.com/images/models/0103-K/model/large/0103-K_17602_2_1.jpg,MU0103-K,23,Size,M,,1,,Color,Turcoaz fluornegru,,1,,,,,,,,,,,,[53cm]·[72cm],8435782503166
variation,MU01030317602-K,,1,0,visible,,Dimensiuni: 56 * 73 cm,taxable,1,0,0,57.75,,,https://static.musaibrand.com/images/models/0103-K/model/large/0103-K_17602_2_1.jpg,MU0103-K,24,Size,L,,1,,Color,Turcoaz fluornegru,,1,,,,,,,,,,,,[56cm]·[73cm],8435782503234
variation,MU01030417602-K,,1,0,visible,,Dimensiuni: 59 * 74 cm,taxable,1,0,0,57.75,,,https://static.musaibrand.com/images/models/0103-K/model/large/0103-K_17602_2_1.jpg,MU0103-K,25,Size,XL,,1,,Color,Turcoaz fluornegru,,1,,,,,,,,,,,,[59cm]·[74cm],8435782503302
variation,MU01030517602-K,,1,0,visible,,Dimensiuni: 62 * 76 cm,taxable,1,0,0,57.75,,,https://static.musaibrand.com/images/models/0103-K/model/large/0103-K_17602_2_1.jpg,MU0103-K,26,Size,2XL,,1,,Color,Turcoaz fluornegru,,1,,,,,,,,,,,,[62cm]·[76cm],8435782503371
variation,MU01030617602-K,,1,0,visible,,Dimensiuni: 65 * 79 cm,taxable,1,0,0,57.75,,,https://static.musaibrand.com/images/models/0103-K/model/large/0103-K_17602_2_1.jpg,MU0103-K,27,Size,3XL,,1,,Color,Turcoaz fluornegru,,1,,,,,,,,,,,,[65cm]·[79cm],8435782503449
variation,MU01037517602-K,,1,0,visible,,Dimensiuni: 34 * 48 cm,taxable,1,0,0,57.75,,,https://static.musaibrand.com/images/models/0103-K/model/large/0103-K_17602_2_1.jpg,MU0103-K,28,Size,4/6,,1,,Color,Turcoaz fluornegru,,1,,,,,,,,,,,,[34cm]·[48cm],8435782503517
variation,MU01037617602-K,,1,0,visible,,Dimensiuni: 40 * 55 cm,taxable,1,0,0,57.75,,,https://static.musaibrand.com/images/models/0103-K/model/large/0103-K_17602_2_1.jpg,MU0103-K,29,Size,8/10,,1,,Color,Turcoaz fluornegru,,1,,,,,,,,,,,,[40cm]·[55cm],8435782503586
variation,MU01037717602-K,,1,0,visible,,Dimensiuni: 45 * 63 cm,taxable,1,0,0,57.75,,,https://static.musaibrand.com/images/models/0103-K/model/large/0103-K_17602_2_1.jpg,MU0103-K,30,Size,12/14,,1,,Color,Turcoaz fluornegru,,1,,,,,,,,,,,,[45cm]·[63cm],8435782503654
variation,MU01030022202-K,,1,0,visible,,Dimensiuni: 47 * 68 cm,taxable,1,0,0,57.75,,,https://static.musaibrand.com/images/models/0103-K/model/large/0103-K_22202_2_1.jpg,MU0103-K,31,Size,XS,,1,,Color,Fluor verde/negru,,1,,,,,,,,,,,,[47cm]·[68cm],8435782503036
variation,MU01030122202-K,,1,0,visible,,Dimensiuni: 50 * 70 cm,taxable,1,0,0,57.75,,,https://static.musaibrand.com/images/models/0103-K/model/large/0103-K_22202_2_1.jpg,MU0103-K,32,Size,S,,1,,Color,Fluor verde/negru,,1,,,,,,,,,,,,[50cm]·[70cm],8435782503104
variation,MU01030222202-K,,1,0,visible,,Dimensiuni: 53 * 72 cm,taxable,1,0,0,57.75,,,https://static.musaibrand.com/images/models/0103-K/model/large/0103-K_22202_2_1.jpg,MU0103-K,33,Size,M,,1,,Color,Fluor verde/negru,,1,,,,,,,,,,,,[53cm]·[72cm],8435782503173
variation,MU01030322202-K,,1,0,visible,,Dimensiuni: 56 * 73 cm,taxable,1,0,0,57.75,,,https://static.musaibrand.com/images/models/0103-K/model/large/0103-K_22202_2_1.jpg,MU0103-K,34,Size,L,,1,,Color,Fluor verde/negru,,1,,,,,,,,,,,,[56cm]·[73cm],8435782503241
variation,MU01030422202-K,,1,0,visible,,Dimensiuni: 59 * 74 cm,taxable,1,0,0,57.75,,,https://static.musaibrand.com/images/models/0103-K/model/large/0103-K_22202_2_1.jpg,MU0103-K,35,Size,XL,,1,,Color,Fluor verde/negru,,1,,,,,,,,,,,,[59cm]·[74cm],8435782503319
variation,MU01030522202-K,,1,0,visible,,Dimensiuni: 62 * 76 cm,taxable,1,0,0,57.75,,,https://static.musaibrand.com/images/models/0103-K/model/large/0103-K_22202_2_1.jpg,MU0103-K,36,Size,2XL,,1,,Color,Fluor verde/negru,,1,,,,,,,,,,,,[62cm]·[76cm],8435782503388
variation,MU01030622202-K,,1,0,visible,,Dimensiuni: 65 * 79 cm,taxable,1,0,0,57.75,,,https://static.musaibrand.com/images/models/0103-K/model/large/0103-K_22202_2_1.jpg,MU0103-K,37,Size,3XL,,1,,Color,Fluor verde/negru,,1,,,,,,,,,,,,[65cm]·[79cm],8435782503456
variation,MU01037522202-K,,1,0,visible,,Dimensiuni: 34 * 48 cm,taxable,1,0,0,57.75,,,https://static.musaibrand.com/images/models/0103-K/model/large/0103-K_22202_2_1.jpg,MU0103-K,38,Size,4/6,,1,,Color,Fluor verde/negru,,1,,,,,,,,,,,,[34cm]·[48cm],8435782503524
variation,MU01037622202-K,,1,0,visible,,Dimensiuni: 40 * 55 cm,taxable,1,0,0,57.75,,,https://static.musaibrand.com/images/models/0103-K/model/large/0103-K_22202_2_1.jpg,MU0103-K,39,Size,8/10,,1,,Color,Fluor verde/negru,,1,,,,,,,,,,,,[40cm]·[55cm],8435782503593
variation,MU01037722202-K,,1,0,visible,,Dimensiuni: 45 * 63 cm,taxable,1,0,0,57.75,,,https://static.musaibrand.com/images/models/0103-K/model/large/0103-K_22202_2_1.jpg,MU0103-K,40,Size,12/14,,1,,Color,Fluor verde/negru,,1,,,,,,,,,,,,[45cm]·[63cm],8435782503661
variation,MU01030022302-K,,1,0,visible,,Dimensiuni: 47 * 68 cm,taxable,1,0,0,57.75,,,https://static.musaibrand.com/images/models/0103-K/model/large/0103-K_22302_2_1.jpg,MU0103-K,41,Size,XS,,1,,Color,Fluor portocaliu/negru,,1,,,,,,,,,,,,[47cm]·[68cm],8435782503043
variation,MU01030122302-K,,1,0,visible,,Dimensiuni: 50 * 70 cm,taxable,1,0,0,57.75,,,https://static.musaibrand.com/images/models/0103-K/model/large/0103-K_22302_2_1.jpg,MU0103-K,42,Size,S,,1,,Color,Fluor portocaliu/negru,,1,,,,,,,,,,,,[50cm]·[70cm],8435782503111
variation,MU01030222302-K,,1,0,visible,,Dimensiuni: 53 * 72 cm,taxable,1,0,0,57.75,,,https://static.musaibrand.com/images/models/0103-K/model/large/0103-K_22302_2_1.jpg,MU0103-K,43,Size,M,,1,,Color,Fluor portocaliu/negru,,1,,,,,,,,,,,,[53cm]·[72cm],8435782503180
variation,MU01030322302-K,,1,0,visible,,Dimensiuni: 56 * 73 cm,taxable,1,0,0,57.75,,,https://static.musaibrand.com/images/models/0103-K/model/large/0103-K_22302_2_1.jpg,MU0103-K,44,Size,L,,1,,Color,Fluor portocaliu/negru,,1,,,,,,,,,,,,[56cm]·[73cm],8435782503258
variation,MU01030422302-K,,1,0,visible,,Dimensiuni: 59 * 74 cm,taxable,1,0,0,57.75,,,https://static.musaibrand.com/images/models/0103-K/model/large/0103-K_22302_2_1.jpg,MU0103-K,45,Size,XL,,1,,Color,Fluor portocaliu/negru,,1,,,,,,,,,,,,[59cm]·[74cm],8435782503326
variation,MU01030522302-K,,1,0,visible,,Dimensiuni: 62 * 76 cm,taxable,1,0,0,57.75,,,https://static.musaibrand.com/images/models/0103-K/model/large/0103-K_22302_2_1.jpg,MU0103-K,46,Size,2XL,,1,,Color,Fluor portocaliu/negru,,1,,,,,,,,,,,,[62cm]·[76cm],8435782503395
variation,MU01030622302-K,,1,0,visible,,Dimensiuni: 65 * 79 cm,taxable,1,0,0,57.75,,,https://static.musaibrand.com/images/models/0103-K/model/large/0103-K_22302_2_1.jpg,MU0103-K,47,Size,3XL,,1,,Color,Fluor portocaliu/negru,,1,,,,,,,,,,,,[65cm]·[79cm],8435782503463
variation,MU01037522302-K,,1,0,visible,,Dimensiuni: 34 * 48 cm,taxable,1,0,0,57.75,,,https://static.musaibrand.com/images/models/0103-K/model/large/0103-K_22302_2_1.jpg,MU0103-K,48,Size,4/6,,1,,Color,Fluor portocaliu/negru,,1,,,,,,,,,,,,[34cm]·[48cm],8435782503531
variation,MU01037622302-K,,1,0,visible,,Dimensiuni: 40 * 55 cm,taxable,1,0,0,57.75,,,https://static.musaibrand.com/images/models/0103-K/model/large/0103-K_22302_2_1.jpg,MU0103-K,49,Size,8/10,,1,,Color,Fluor portocaliu/negru,,1,,,,,,,,,,,,[40cm]·[55cm],8435782503609
variation,MU01037722302-K,,1,0,visible,,Dimensiuni: 45 * 63 cm,taxable,1,0,0,57.75,,,https://static.musaibrand.com/images/models/0103-K/model/large/0103-K_22302_2_1.jpg,MU0103-K,50,Size,12/14,,1,,Color,Fluor portocaliu/negru,,1,,,,,,,,,,,,[45cm]·[63cm],8435782503678
variation,MU01030025802-K,,1,0,visible,,Dimensiuni: 47 * 68 cm,taxable,1,0,0,57.75,,,https://static.musaibrand.com/images/models/0103-K/model/large/0103-K_25802_2_1.jpg,MU0103-K,51,Size,XS,,1,,Color,Gri deschis/negru,,1,,,,,,,,,,,,[47cm]·[68cm],8435782503050
variation,MU01030125802-K,,1,0,visible,,Dimensiuni: 50 * 70 cm,taxable,1,0,0,57.75,,,https://static.musaibrand.com/images/models/0103-K/model/large/0103-K_25802_2_1.jpg,MU0103-K,52,Size,S,,1,,Color,Gri deschis/negru,,1,,,,,,,,,,,,[50cm]·[70cm],8435782503128
variation,MU01030225802-K,,1,0,visible,,Dimensiuni: 53 * 72 cm,taxable,1,0,0,57.75,,,https://static.musaibrand.com/images/models/0103-K/model/large/0103-K_25802_2_1.jpg,MU0103-K,53,Size,M,,1,,Color,Gri deschis/negru,,1,,,,,,,,,,,,[53cm]·[72cm],8435782503197
variation,MU01030325802-K,,1,0,visible,,Dimensiuni: 56 * 73 cm,taxable,1,0,0,57.75,,,https://static.musaibrand.com/images/models/0103-K/model/large/0103-K_25802_2_1.jpg,MU0103-K,54,Size,L,,1,,Color,Gri deschis/negru,,1,,,,,,,,,,,,[56cm]·[73cm],8435782503265
variation,MU01030425802-K,,1,0,visible,,Dimensiuni: 59 * 74 cm,taxable,1,0,0,57.75,,,https://static.musaibrand.com/images/models/0103-K/model/large/0103-K_25802_2_1.jpg,MU0103-K,55,Size,XL,,1,,Color,Gri deschis/negru,,1,,,,,,,,,,,,[59cm]·[74cm],8435782503333
variation,MU01030525802-K,,1,0,visible,,Dimensiuni: 62 * 76 cm,taxable,1,0,0,57.75,,,https://static.musaibrand.com/images/models/0103-K/model/large/0103-K_25802_2_1.jpg,MU0103-K,56,Size,2XL,,1,,Color,Gri deschis/negru,,1,,,,,,,,,,,,[62cm]·[76cm],8435782503401
variation,MU01030625802-K,,1,0,visible,,Dimensiuni: 65 * 79 cm,taxable,1,0,0,57.75,,,https://static.musaibrand.com/images/models/0103-K/model/large/0103-K_25802_2_1.jpg,MU0103-K,57,Size,3XL,,1,,Color,Gri deschis/negru,,1,,,,,,,,,,,,[65cm]·[79cm],8435782503470
variation,MU01037525802-K,,1,0,visible,,Dimensiuni: 34 * 48 cm,taxable,1,0,0,57.75,,,https://static.musaibrand.com/images/models/0103-K/model/large/0103-K_25802_2_1.jpg,MU0103-K,58,Size,4/6,,1,,Color,Gri deschis/negru,,1,,,,,,,,,,,,[34cm]·[48cm],8435782503548
variation,MU01037625802-K,,1,0,visible,,Dimensiuni: 40 * 55 cm,taxable,1,0,0,57.75,,,https://static.musaibrand.com/images/models/0103-K/model/large/0103-K_25802_2_1.jpg,MU0103-K,59,Size,8/10,,1,,Color,Gri deschis/negru,,1,,,,,,,,,,,,[40cm]·[55cm],8435782503616
variation,MU01037725802-K,,1,0,visible,,Dimensiuni: 45 * 63 cm,taxable,1,0,0,57.75,,,https://static.musaibrand.com/images/models/0103-K/model/large/0103-K_25802_2_1.jpg,MU0103-K,60,Size,12/14,,1,,Color,Gri deschis/negru,,1,,,,,,,,,,,,[45cm]·[63cm],8435782503685
variation,MU0103003402-K,,1,0,visible,,Dimensiuni: 47 * 68 cm,taxable,1,0,0,57.75,,,https://static.musaibrand.com/images/models/0103-K/model/large/0103-K_3402_2_1.jpg,MU0103-K,61,Size,XS,,1,,Color,Gum roz/negru,,1,,,,,,,,,,,,[47cm]·[68cm],8435782503067
variation,MU0103013402-K,,1,0,visible,,Dimensiuni: 50 * 70 cm,taxable,1,0,0,57.75,,,https://static.musaibrand.com/images/models/0103-K/model/large/0103-K_3402_2_1.jpg,MU0103-K,62,Size,S,,1,,Color,Gum roz/negru,,1,,,,,,,,,,,,[50cm]·[70cm],8435782503135
variation,MU0103023402-K,,1,0,visible,,Dimensiuni: 53 * 72 cm,taxable,1,0,0,57.75,,,https://static.musaibrand.com/images/models/0103-K/model/large/0103-K_3402_2_1.jpg,MU0103-K,63,Size,M,,1,,Color,Gum roz/negru,,1,,,,,,,,,,,,[53cm]·[72cm],8435782503203
variation,MU0103033402-K,,1,0,visible,,Dimensiuni: 56 * 73 cm,taxable,1,0,0,57.75,,,https://static.musaibrand.com/images/models/0103-K/model/large/0103-K_3402_2_1.jpg,MU0103-K,64,Size,L,,1,,Color,Gum roz/negru,,1,,,,,,,,,,,,[56cm]·[73cm],8435782503272
variation,MU0103043402-K,,1,0,visible,,Dimensiuni: 59 * 74 cm,taxable,1,0,0,57.75,,,https://static.musaibrand.com/images/models/0103-K/model/large/0103-K_3402_2_1.jpg,MU0103-K,65,Size,XL,,1,,Color,Gum roz/negru,,1,,,,,,,,,,,,[59cm]·[74cm],8435782503340
variation,MU0103053402-K,,1,0,visible,,Dimensiuni: 62 * 76 cm,taxable,1,0,0,57.75,,,https://static.musaibrand.com/images/models/0103-K/model/large/0103-K_3402_2_1.jpg,MU0103-K,66,Size,2XL,,1,,Color,Gum roz/negru,,1,,,,,,,,,,,,[62cm]·[76cm],8435782503418
variation,MU0103063402-K,,1,0,visible,,Dimensiuni: 65 * 79 cm,taxable,1,0,0,57.75,,,https://static.musaibrand.com/images/models/0103-K/model/large/0103-K_3402_2_1.jpg,MU0103-K,67,Size,3XL,,1,,Color,Gum roz/negru,,1,,,,,,,,,,,,[65cm]·[79cm],8435782503487
variation,MU0103753402-K,,1,0,visible,,Dimensiuni: 34 * 48 cm,taxable,1,0,0,57.75,,,https://static.musaibrand.com/images/models/0103-K/model/large/0103-K_3402_2_1.jpg,MU0103-K,68,Size,4/6,,1,,Color,Gum roz/negru,,1,,,,,,,,,,,,[34cm]·[48cm],8435782503555
variation,MU0103763402-K,,1,0,visible,,Dimensiuni: 40 * 55 cm,taxable,1,0,0,57.75,,,https://static.musaibrand.com/images/models/0103-K/model/large/0103-K_3402_2_1.jpg,MU0103-K,69,Size,8/10,,1,,Color,Gum roz/negru,,1,,,,,,,,,,,,[40cm]·[55cm],8435782503623
variation,MU0103773402-K,,1,0,visible,,Dimensiuni: 45 * 63 cm,taxable,1,0,0,57.75,,,https://static.musaibrand.com/images/models/0103-K/model/large/0103-K_3402_2_1.jpg,MU0103-K,70,Size,12/14,,1,,Color,Gum roz/negru,,1,,,,,,,,,,,,[45cm]·[63cm],8435782503692
variation,MU0103006002-K,,1,0,visible,,Dimensiuni: 47 * 68 cm,taxable,1,0,0,57.75,,,https://static.musaibrand.com/images/models/0103-K/model/large/0103-K_6002_2_1.jpg,MU0103-K,71,Size,XS,,1,,Color,Roșu/negru,,1,,,,,,,,,,,,[47cm]·[68cm],8435782503074
variation,MU0103016002-K,,1,0,visible,,Dimensiuni: 50 * 70 cm,taxable,1,0,0,57.75,,,https://static.musaibrand.com/images/models/0103-K/model/large/0103-K_6002_2_1.jpg,MU0103-K,72,Size,S,,1,,Color,Roșu/negru,,1,,,,,,,,,,,,[50cm]·[70cm],8435782503142
variation,MU0103026002-K,,1,0,visible,,Dimensiuni: 53 * 72 cm,taxable,1,0,0,57.75,,,https://static.musaibrand.com/images/models/0103-K/model/large/0103-K_6002_2_1.jpg,MU0103-K,73,Size,M,,1,,Color,Roșu/negru,,1,,,,,,,,,,,,[53cm]·[72cm],8435782503210
variation,MU0103036002-K,,1,0,visible,,Dimensiuni: 56 * 73 cm,taxable,1,0,0,57.75,,,https://static.musaibrand.com/images/models/0103-K/model/large/0103-K_6002_2_1.jpg,MU0103-K,74,Size,L,,1,,Color,Roșu/negru,,1,,,,,,,,,,,,[56cm]·[73cm],8435782503289
variation,MU0103046002-K,,1,0,visible,,Dimensiuni: 59 * 74 cm,taxable,1,0,0,57.75,,,https://static.musaibrand.com/images/models/0103-K/model/large/0103-K_6002_2_1.jpg,MU0103-K,75,Size,XL,,1,,Color,Roșu/negru,,1,,,,,,,,,,,,[59cm]·[74cm],8435782503357
variation,MU0103056002-K,,1,0,visible,,Dimensiuni: 62 * 76 cm,taxable,1,0,0,57.75,,,https://static.musaibrand.com/images/models/0103-K/model/large/0103-K_6002_2_1.jpg,MU0103-K,76,Size,2XL,,1,,Color,Roșu/negru,,1,,,,,,,,,,,,[62cm]·[76cm],8435782503425
variation,MU0103066002-K,,1,0,visible,,Dimensiuni: 65 * 79 cm,taxable,1,0,0,57.75,,,https://static.musaibrand.com/images/models/0103-K/model/large/0103-K_6002_2_1.jpg,MU0103-K,77,Size,3XL,,1,,Color,Roșu/negru,,1,,,,,,,,,,,,[65cm]·[79cm],8435782503494
variation,MU0103756002-K,,1,0,visible,,Dimensiuni: 34 * 48 cm,taxable,1,0,0,57.75,,,https://static.musaibrand.com/images/models/0103-K/model/large/0103-K_6002_2_1.jpg,MU0103-K,78,Size,4/6,,1,,Color,Roșu/negru,,1,,,,,,,,,,,,[34cm]·[48cm],8435782503562
variation,MU0103766002-K,,1,0,visible,,Dimensiuni: 40 * 55 cm,taxable,1,0,0,57.75,,,https://static.musaibrand.com/images/models/0103-K/model/large/0103-K_6002_2_1.jpg,MU0103-K,79,Size,8/10,,1,,Color,Roșu/negru,,1,,,,,,,,,,,,[40cm]·[55cm],8435782503630
variation,MU0103776002-K,,1,0,visible,,Dimensiuni: 45 * 63 cm,taxable,1,0,0,57.75,,,https://static.musaibrand.com/images/models/0103-K/model/large/0103-K_6002_2_1.jpg,MU0103-K,80,Size,12/14,,1,,Color,Roșu/negru,,1,,,,,,,,,,,,[45cm]·[63cm],8435782503708
variable,MU0104,Tricou - Afiki,1,0,visible,,"<p>Tricou tehnic unisex cu mâneci scurte și decolteu în V, confecționat din poliester reciclat și material tip plasă.                                         <br>· Wicking <br>· Breathable</p><p><strong>Compoziție:</strong> 92% poliester interlock reciclat· 8% elastan</p><p><br>· Guler de culoare contrastantă și căptușeală din material asortat. <br>· Acoperire elastică a cusăturii de pe guler.<br>· Părți laterale din material de plasă asortat.<br>· Finisaje cu cusături plate.<br>· Detaliu cu logo imprimat în zona pieptului și logo în partea din spate.</p><h4>Dimensiuni</h4><table style='border-collapse:collapse;margin:8px 0'><tr><th style='padding:4px 12px;border:1px solid #ddd;text-align:left'>Mărime</th><th style='padding:4px 12px;border:1px solid #ddd;text-align:left'>Dimensiuni</th></tr><tr><td style='padding:4px 12px;border:1px solid #ddd'>XS</td><td style='padding:4px 12px;border:1px solid #ddd'>47 * 68 cm</td></tr><tr><td style='padding:4px 12px;border:1px solid #ddd'>S</td><td style='padding:4px 12px;border:1px solid #ddd'>50 * 70 cm</td></tr><tr><td style='padding:4px 12px;border:1px solid #ddd'>M</td><td style='padding:4px 12px;border:1px solid #ddd'>53 * 72 cm</td></tr><tr><td style='padding:4px 12px;border:1px solid #ddd'>L</td><td style='padding:4px 12px;border:1px solid #ddd'>56 * 73 cm</td></tr><tr><td style='padding:4px 12px;border:1px solid #ddd'>XL</td><td style='padding:4px 12px;border:1px solid #ddd'>59 * 74 cm</td></tr><tr><td style='padding:4px 12px;border:1px solid #ddd'>2XL</td><td style='padding:4px 12px;border:1px solid #ddd'>62 * 76 cm</td></tr><tr><td style='padding:4px 12px;border:1px solid #ddd'>3XL</td><td style='padding:4px 12px;border:1px solid #ddd'>65 * 79 cm</td></tr><tr><td style='padding:4px 12px;border:1px solid #ddd'>4/6</td><td style='padding:4px 12px;border:1px solid #ddd'>34 * 48 cm</td></tr><tr><td style='padding:4px 12px;border:1px solid #ddd'>8/10</td><td style='padding:4px 12px;border:1px solid #ddd'>40 * 55 cm</td></tr><tr><td style='padding:4px 12px;border:1px solid #ddd'>12/14</td><td style='padding:4px 12px;border:1px solid #ddd'>45 * 63 cm</td></tr></table>",taxable,1,0,0,,Tricouri și tricouri polo,MUSAI,"https://static.musaibrand.com/images/models/0104/model/large/0104_0105_1_1.jpg,https://static.musaibrand.com/images/models/0104/model/large/0104_01222_1_1.jpg,https://static.musaibrand.com/images/models/0104/model/large/0104_0160_1_1.jpg,https://static.musaibrand.com/images/models/0104/model/large/0104_0201_1_1.jpg,https://static.musaibrand.com/images/models/0104/model/large/0104_258221_1_1.jpg,https://static.musaibrand.com/images/models/0104/model/large/0104_55221_1_1.jpg,https://static.musaibrand.com/images/models/0104/model/large/0104_5534_1_1.jpg,https://static.musaibrand.com/images/models/0104/model/large/0104_6401_1_1.jpg,https://static.musaibrand.com/images/models/0104/model/large/0104_0105_2_1.jpg,https://static.musaibrand.com/images/models/0104/model/large/0104_01222_2_1.jpg,https://static.musaibrand.com/images/models/0104/model/large/0104_0160_2_1.jpg,https://static.musaibrand.com/images/models/0104/model/large/0104_0201_2_1.jpg,https://static.musaibrand.com/images/models/0104/model/large/0104_258221_2_1.jpg,https://static.musaibrand.com/images/models/0104/model/large/0104_55221_2_1.jpg,https://static.musaibrand.com/images/models/0104/model/large/0104_5534_2_1.jpg,https://static.musaibrand.com/images/models/0104/model/large/0104_6401_2_1.jpg",,0,Size,"XS, S, M, L, XL, 2XL, 3XL, 4/6, 8/10, 12/14",1,1,,Color,"Alb/ Albastru regal, Alb/Fluor verde, Alb/roșu, Negru/alb, Gri deschis/galben fluor, Albastru marin/galben fluor, Albastru marin / roz gumă, Burgundia/alb",1,1,,Gender,Unisex,1,1,,Dimensiuni,"[47cm]·[68cm], [50cm]·[70cm], [53cm]·[72cm], [56cm]·[73cm], [59cm]·[74cm], [62cm]·[76cm], [65cm]·[79cm], [34cm]·[48cm], [40cm]·[55cm], [45cm]·[63cm]",1,0,,,
variation,MU0104000105,,1,0,visible,,Dimensiuni: 47 * 68 cm,taxable,1,0,0,68.25,,,https://static.musaibrand.com/images/models/0104/model/large/0104_0105_2_1.jpg,MU0104,1,Size,XS,,1,,Color,Alb/ Albastru regal,,1,,,,,,,,,,,,[47cm]·[68cm],8435782503715
variation,MU0104010105,,1,0,visible,,Dimensiuni: 50 * 70 cm,taxable,1,0,0,68.25,,,https://static.musaibrand.com/images/models/0104/model/large/0104_0105_2_1.jpg,MU0104,2,Size,S,,1,,Color,Alb/ Albastru regal,,1,,,,,,,,,,,,[50cm]·[70cm],8435782503791
variation,MU0104020105,,1,0,visible,,Dimensiuni: 53 * 72 cm,taxable,1,0,0,68.25,,,https://static.musaibrand.com/images/models/0104/model/large/0104_0105_2_1.jpg,MU0104,3,Size,M,,1,,Color,Alb/ Albastru regal,,1,,,,,,,,,,,,[53cm]·[72cm],8435782503876
variation,MU0104030105,,1,0,visible,,Dimensiuni: 56 * 73 cm,taxable,1,0,0,68.25,,,https://static.musaibrand.com/images/models/0104/model/large/0104_0105_2_1.jpg,MU0104,4,Size,L,,1,,Color,Alb/ Albastru regal,,1,,,,,,,,,,,,[56cm]·[73cm],8435782503951
variation,MU0104040105,,1,0,visible,,Dimensiuni: 59 * 74 cm,taxable,1,0,0,68.25,,,https://static.musaibrand.com/images/models/0104/model/large/0104_0105_2_1.jpg,MU0104,5,Size,XL,,1,,Color,Alb/ Albastru regal,,1,,,,,,,,,,,,[59cm]·[74cm],8435782504033
variation,MU0104050105,,1,0,visible,,Dimensiuni: 62 * 76 cm,taxable,1,0,0,68.25,,,https://static.musaibrand.com/images/models/0104/model/large/0104_0105_2_1.jpg,MU0104,6,Size,2XL,,1,,Color,Alb/ Albastru regal,,1,,,,,,,,,,,,[62cm]·[76cm],8435782504118
variation,MU0104060105,,1,0,visible,,Dimensiuni: 65 * 79 cm,taxable,1,0,0,68.25,,,https://static.musaibrand.com/images/models/0104/model/large/0104_0105_2_1.jpg,MU0104,7,Size,3XL,,1,,Color,Alb/ Albastru regal,,1,,,,,,,,,,,,[65cm]·[79cm],8435782504194
variation,MU0104750105,,1,0,visible,,Dimensiuni: 34 * 48 cm,taxable,1,0,0,68.25,,,https://static.musaibrand.com/images/models/0104/model/large/0104_0105_2_1.jpg,MU0104,8,Size,4/6,,1,,Color,Alb/ Albastru regal,,1,,,,,,,,,,,,[34cm]·[48cm],8435782504279
variation,MU0104760105,,1,0,visible,,Dimensiuni: 40 * 55 cm,taxable,1,0,0,68.25,,,https://static.musaibrand.com/images/models/0104/model/large/0104_0105_2_1.jpg,MU0104,9,Size,8/10,,1,,Color,Alb/ Albastru regal,,1,,,,,,,,,,,,[40cm]·[55cm],8435782504354
variation,MU0104770105,,1,0,visible,,Dimensiuni: 45 * 63 cm,taxable,1,0,0,68.25,,,https://static.musaibrand.com/images/models/0104/model/large/0104_0105_2_1.jpg,MU0104,10,Size,12/14,,1,,Color,Alb/ Albastru regal,,1,,,,,,,,,,,,[45cm]·[63cm],8435782504439
variation,MU01040001222,,1,0,visible,,Dimensiuni: 47 * 68 cm,taxable,1,0,0,68.25,,,https://static.musaibrand.com/images/models/0104/model/large/0104_01222_2_1.jpg,MU0104,11,Size,XS,,1,,Color,Alb/Fluor verde,,1,,,,,,,,,,,,[47cm]·[68cm],8435782503722
variation,MU01040101222,,1,0,visible,,Dimensiuni: 50 * 70 cm,taxable,1,0,0,68.25,,,https://static.musaibrand.com/images/models/0104/model/large/0104_01222_2_1.jpg,MU0104,12,Size,S,,1,,Color,Alb/Fluor verde,,1,,,,,,,,,,,,[50cm]·[70cm],8435782503807
variation,MU01040201222,,1,0,visible,,Dimensiuni: 53 * 72 cm,taxable,1,0,0,68.25,,,https://static.musaibrand.com/images/models/0104/model/large/0104_01222_2_1.jpg,MU0104,13,Size,M,,1,,Color,Alb/Fluor verde,,1,,,,,,,,,,,,[53cm]·[72cm],8435782503883
variation,MU01040301222,,1,0,visible,,Dimensiuni: 56 * 73 cm,taxable,1,0,0,68.25,,,https://static.musaibrand.com/images/models/0104/model/large/0104_01222_2_1.jpg,MU0104,14,Size,L,,1,,Color,Alb/Fluor verde,,1,,,,,,,,,,,,[56cm]·[73cm],8435782503968
variation,MU01040401222,,1,0,visible,,Dimensiuni: 59 * 74 cm,taxable,1,0,0,68.25,,,https://static.musaibrand.com/images/models/0104/model/large/0104_01222_2_1.jpg,MU0104,15,Size,XL,,1,,Color,Alb/Fluor verde,,1,,,,,,,,,,,,[59cm]·[74cm],8435782504040
variation,MU01040501222,,1,0,visible,,Dimensiuni: 62 * 76 cm,taxable,1,0,0,68.25,,,https://static.musaibrand.com/images/models/0104/model/large/0104_01222_2_1.jpg,MU0104,16,Size,2XL,,1,,Color,Alb/Fluor verde,,1,,,,,,,,,,,,[62cm]·[76cm],8435782504125
variation,MU01040601222,,1,0,visible,,Dimensiuni: 65 * 79 cm,taxable,1,0,0,68.25,,,https://static.musaibrand.com/images/models/0104/model/large/0104_01222_2_1.jpg,MU0104,17,Size,3XL,,1,,Color,Alb/Fluor verde,,1,,,,,,,,,,,,[65cm]·[79cm],8435782504200
variation,MU01047501222,,1,0,visible,,Dimensiuni: 34 * 48 cm,taxable,1,0,0,68.25,,,https://static.musaibrand.com/images/models/0104/model/large/0104_01222_2_1.jpg,MU0104,18,Size,4/6,,1,,Color,Alb/Fluor verde,,1,,,,,,,,,,,,[34cm]·[48cm],8435782504286
variation,MU01047601222,,1,0,visible,,Dimensiuni: 40 * 55 cm,taxable,1,0,0,68.25,,,https://static.musaibrand.com/images/models/0104/model/large/0104_01222_2_1.jpg,MU0104,19,Size,8/10,,1,,Color,Alb/Fluor verde,,1,,,,,,,,,,,,[40cm]·[55cm],8435782504361
variation,MU01047701222,,1,0,visible,,Dimensiuni: 45 * 63 cm,taxable,1,0,0,68.25,,,https://static.musaibrand.com/images/models/0104/model/large/0104_01222_2_1.jpg,MU0104,20,Size,12/14,,1,,Color,Alb/Fluor verde,,1,,,,,,,,,,,,[45cm]·[63cm],8435782504446
variation,MU0104000160,,1,0,visible,,Dimensiuni: 47 * 68 cm,taxable,1,0,0,68.25,,,https://static.musaibrand.com/images/models/0104/model/large/0104_0160_2_1.jpg,MU0104,21,Size,XS,,1,,Color,Alb/roșu,,1,,,,,,,,,,,,[47cm]·[68cm],8435782503739
variation,MU0104010160,,1,0,visible,,Dimensiuni: 50 * 70 cm,taxable,1,0,0,68.25,,,https://static.musaibrand.com/images/models/0104/model/large/0104_0160_2_1.jpg,MU0104,22,Size,S,,1,,Color,Alb/roșu,,1,,,,,,,,,,,,[50cm]·[70cm],8435782503814
variation,MU0104020160,,1,0,visible,,Dimensiuni: 53 * 72 cm,taxable,1,0,0,68.25,,,https://static.musaibrand.com/images/models/0104/model/large/0104_0160_2_1.jpg,MU0104,23,Size,M,,1,,Color,Alb/roșu,,1,,,,,,,,,,,,[53cm]·[72cm],8435782503890
variation,MU0104030160,,1,0,visible,,Dimensiuni: 56 * 73 cm,taxable,1,0,0,68.25,,,https://static.musaibrand.com/images/models/0104/model/large/0104_0160_2_1.jpg,MU0104,24,Size,L,,1,,Color,Alb/roșu,,1,,,,,,,,,,,,[56cm]·[73cm],8435782503975
variation,MU0104040160,,1,0,visible,,Dimensiuni: 59 * 74 cm,taxable,1,0,0,68.25,,,https://static.musaibrand.com/images/models/0104/model/large/0104_0160_2_1.jpg,MU0104,25,Size,XL,,1,,Color,Alb/roșu,,1,,,,,,,,,,,,[59cm]·[74cm],8435782504057
variation,MU0104050160,,1,0,visible,,Dimensiuni: 62 * 76 cm,taxable,1,0,0,68.25,,,https://static.musaibrand.com/images/models/0104/model/large/0104_0160_2_1.jpg,MU0104,26,Size,2XL,,1,,Color,Alb/roșu,,1,,,,,,,,,,,,[62cm]·[76cm],8435782504132
variation,MU0104060160,,1,0,visible,,Dimensiuni: 65 * 79 cm,taxable,1,0,0,68.25,,,https://static.musaibrand.com/images/models/0104/model/large/0104_0160_2_1.jpg,MU0104,27,Size,3XL,,1,,Color,Alb/roșu,,1,,,,,,,,,,,,[65cm]·[79cm],8435782504217
variation,MU0104750160,,1,0,visible,,Dimensiuni: 34 * 48 cm,taxable,1,0,0,68.25,,,https://static.musaibrand.com/images/models/0104/model/large/0104_0160_2_1.jpg,MU0104,28,Size,4/6,,1,,Color,Alb/roșu,,1,,,,,,,,,,,,[34cm]·[48cm],8435782504293
variation,MU0104760160,,1,0,visible,,Dimensiuni: 40 * 55 cm,taxable,1,0,0,68.25,,,https://static.musaibrand.com/images/models/0104/model/large/0104_0160_2_1.jpg,MU0104,29,Size,8/10,,1,,Color,Alb/roșu,,1,,,,,,,,,,,,[40cm]·[55cm],8435782504378
variation,MU0104770160,,1,0,visible,,Dimensiuni: 45 * 63 cm,taxable,1,0,0,68.25,,,https://static.musaibrand.com/images/models/0104/model/large/0104_0160_2_1.jpg,MU0104,30,Size,12/14,,1,,Color,Alb/roșu,,1,,,,,,,,,,,,[45cm]·[63cm],8435782504453
variation,MU0104000201,,1,0,visible,,Dimensiuni: 47 * 68 cm,taxable,1,0,0,68.25,,,https://static.musaibrand.com/images/models/0104/model/large/0104_0201_2_1.jpg,MU0104,31,Size,XS,,1,,Color,Negru/alb,,1,,,,,,,,,,,,[47cm]·[68cm],8435782503746
variation,MU0104010201,,1,0,visible,,Dimensiuni: 50 * 70 cm,taxable,1,0,0,68.25,,,https://static.musaibrand.com/images/models/0104/model/large/0104_0201_2_1.jpg,MU0104,32,Size,S,,1,,Color,Negru/alb,,1,,,,,,,,,,,,[50cm]·[70cm],8435782503821
variation,MU0104020201,,1,0,visible,,Dimensiuni: 53 * 72 cm,taxable,1,0,0,68.25,,,https://static.musaibrand.com/images/models/0104/model/large/0104_0201_2_1.jpg,MU0104,33,Size,M,,1,,Color,Negru/alb,,1,,,,,,,,,,,,[53cm]·[72cm],8435782503906
variation,MU0104030201,,1,0,visible,,Dimensiuni: 56 * 73 cm,taxable,1,0,0,68.25,,,https://static.musaibrand.com/images/models/0104/model/large/0104_0201_2_1.jpg,MU0104,34,Size,L,,1,,Color,Negru/alb,,1,,,,,,,,,,,,[56cm]·[73cm],8435782503982
variation,MU0104040201,,1,0,visible,,Dimensiuni: 59 * 74 cm,taxable,1,0,0,68.25,,,https://static.musaibrand.com/images/models/0104/model/large/0104_0201_2_1.jpg,MU0104,35,Size,XL,,1,,Color,Negru/alb,,1,,,,,,,,,,,,[59cm]·[74cm],8435782504064
variation,MU0104050201,,1,0,visible,,Dimensiuni: 62 * 76 cm,taxable,1,0,0,68.25,,,https://static.musaibrand.com/images/models/0104/model/large/0104_0201_2_1.jpg,MU0104,36,Size,2XL,,1,,Color,Negru/alb,,1,,,,,,,,,,,,[62cm]·[76cm],8435782504149
variation,MU0104060201,,1,0,visible,,Dimensiuni: 65 * 79 cm,taxable,1,0,0,68.25,,,https://static.musaibrand.com/images/models/0104/model/large/0104_0201_2_1.jpg,MU0104,37,Size,3XL,,1,,Color,Negru/alb,,1,,,,,,,,,,,,[65cm]·[79cm],8435782504224
variation,MU0104750201,,1,0,visible,,Dimensiuni: 34 * 48 cm,taxable,1,0,0,68.25,,,https://static.musaibrand.com/images/models/0104/model/large/0104_0201_2_1.jpg,MU0104,38,Size,4/6,,1,,Color,Negru/alb,,1,,,,,,,,,,,,[34cm]·[48cm],8435782504309
variation,MU0104760201,,1,0,visible,,Dimensiuni: 40 * 55 cm,taxable,1,0,0,68.25,,,https://static.musaibrand.com/images/models/0104/model/large/0104_0201_2_1.jpg,MU0104,39,Size,8/10,,1,,Color,Negru/alb,,1,,,,,,,,,,,,[40cm]·[55cm],8435782504385
variation,MU0104770201,,1,0,visible,,Dimensiuni: 45 * 63 cm,taxable,1,0,0,68.25,,,https://static.musaibrand.com/images/models/0104/model/large/0104_0201_2_1.jpg,MU0104,40,Size,12/14,,1,,Color,Negru/alb,,1,,,,,,,,,,,,[45cm]·[63cm],8435782504460
variation,MU010400258221,,1,0,visible,,Dimensiuni: 47 * 68 cm,taxable,1,0,0,68.25,,,https://static.musaibrand.com/images/models/0104/model/large/0104_258221_2_1.jpg,MU0104,41,Size,XS,,1,,Color,Gri deschis/galben fluor,,1,,,,,,,,,,,,[47cm]·[68cm],8435782503753
variation,MU010401258221,,1,0,visible,,Dimensiuni: 50 * 70 cm,taxable,1,0,0,68.25,,,https://static.musaibrand.com/images/models/0104/model/large/0104_258221_2_1.jpg,MU0104,42,Size,S,,1,,Color,Gri deschis/galben fluor,,1,,,,,,,,,,,,[50cm]·[70cm],8435782503838
variation,MU010402258221,,1,0,visible,,Dimensiuni: 53 * 72 cm,taxable,1,0,0,68.25,,,https://static.musaibrand.com/images/models/0104/model/large/0104_258221_2_1.jpg,MU0104,43,Size,M,,1,,Color,Gri deschis/galben fluor,,1,,,,,,,,,,,,[53cm]·[72cm],8435782503913
variation,MU010403258221,,1,0,visible,,Dimensiuni: 56 * 73 cm,taxable,1,0,0,68.25,,,https://static.musaibrand.com/images/models/0104/model/large/0104_258221_2_1.jpg,MU0104,44,Size,L,,1,,Color,Gri deschis/galben fluor,,1,,,,,,,,,,,,[56cm]·[73cm],8435782503999
variation,MU010404258221,,1,0,visible,,Dimensiuni: 59 * 74 cm,taxable,1,0,0,68.25,,,https://static.musaibrand.com/images/models/0104/model/large/0104_258221_2_1.jpg,MU0104,45,Size,XL,,1,,Color,Gri deschis/galben fluor,,1,,,,,,,,,,,,[59cm]·[74cm],8435782504071
variation,MU010405258221,,1,0,visible,,Dimensiuni: 62 * 76 cm,taxable,1,0,0,68.25,,,https://static.musaibrand.com/images/models/0104/model/large/0104_258221_2_1.jpg,MU0104,46,Size,2XL,,1,,Color,Gri deschis/galben fluor,,1,,,,,,,,,,,,[62cm]·[76cm],8435782504156
variation,MU010406258221,,1,0,visible,,Dimensiuni: 65 * 79 cm,taxable,1,0,0,68.25,,,https://static.musaibrand.com/images/models/0104/model/large/0104_258221_2_1.jpg,MU0104,47,Size,3XL,,1,,Color,Gri deschis/galben fluor,,1,,,,,,,,,,,,[65cm]·[79cm],8435782504231
variation,MU010475258221,,1,0,visible,,Dimensiuni: 34 * 48 cm,taxable,1,0,0,68.25,,,https://static.musaibrand.com/images/models/0104/model/large/0104_258221_2_1.jpg,MU0104,48,Size,4/6,,1,,Color,Gri deschis/galben fluor,,1,,,,,,,,,,,,[34cm]·[48cm],8435782504316
variation,MU010476258221,,1,0,visible,,Dimensiuni: 40 * 55 cm,taxable,1,0,0,68.25,,,https://static.musaibrand.com/images/models/0104/model/large/0104_258221_2_1.jpg,MU0104,49,Size,8/10,,1,,Color,Gri deschis/galben fluor,,1,,,,,,,,,,,,[40cm]·[55cm],8435782504392
variation,MU010477258221,,1,0,visible,,Dimensiuni: 45 * 63 cm,taxable,1,0,0,68.25,,,https://static.musaibrand.com/images/models/0104/model/large/0104_258221_2_1.jpg,MU0104,50,Size,12/14,,1,,Color,Gri deschis/galben fluor,,1,,,,,,,,,,,,[45cm]·[63cm],8435782504477
variation,MU01040055221,,1,0,visible,,Dimensiuni: 47 * 68 cm,taxable,1,0,0,68.25,,,https://static.musaibrand.com/images/models/0104/model/large/0104_55221_2_1.jpg,MU0104,51,Size,XS,,1,,Color,Albastru marin/galben fluor,,1,,,,,,,,,,,,[47cm]·[68cm],8435782503760
variation,MU01040155221,,1,0,visible,,Dimensiuni: 50 * 70 cm,taxable,1,0,0,68.25,,,https://static.musaibrand.com/images/models/0104/model/large/0104_55221_2_1.jpg,MU0104,52,Size,S,,1,,Color,Albastru marin/galben fluor,,1,,,,,,,,,,,,[50cm]·[70cm],8435782503845
variation,MU01040255221,,1,0,visible,,Dimensiuni: 53 * 72 cm,taxable,1,0,0,68.25,,,https://static.musaibrand.com/images/models/0104/model/large/0104_55221_2_1.jpg,MU0104,53,Size,M,,1,,Color,Albastru marin/galben fluor,,1,,,,,,,,,,,,[53cm]·[72cm],8435782503920
variation,MU01040355221,,1,0,visible,,Dimensiuni: 56 * 73 cm,taxable,1,0,0,68.25,,,https://static.musaibrand.com/images/models/0104/model/large/0104_55221_2_1.jpg,MU0104,54,Size,L,,1,,Color,Albastru marin/galben fluor,,1,,,,,,,,,,,,[56cm]·[73cm],8435782504002
variation,MU01040455221,,1,0,visible,,Dimensiuni: 59 * 74 cm,taxable,1,0,0,68.25,,,https://static.musaibrand.com/images/models/0104/model/large/0104_55221_2_1.jpg,MU0104,55,Size,XL,,1,,Color,Albastru marin/galben fluor,,1,,,,,,,,,,,,[59cm]·[74cm],8435782504088
variation,MU01040555221,,1,0,visible,,Dimensiuni: 62 * 76 cm,taxable,1,0,0,68.25,,,https://static.musaibrand.com/images/models/0104/model/large/0104_55221_2_1.jpg,MU0104,56,Size,2XL,,1,,Color,Albastru marin/galben fluor,,1,,,,,,,,,,,,[62cm]·[76cm],8435782504163
variation,MU01040655221,,1,0,visible,,Dimensiuni: 65 * 79 cm,taxable,1,0,0,68.25,,,https://static.musaibrand.com/images/models/0104/model/large/0104_55221_2_1.jpg,MU0104,57,Size,3XL,,1,,Color,Albastru marin/galben fluor,,1,,,,,,,,,,,,[65cm]·[79cm],8435782504248
variation,MU01047555221,,1,0,visible,,Dimensiuni: 34 * 48 cm,taxable,1,0,0,68.25,,,https://static.musaibrand.com/images/models/0104/model/large/0104_55221_2_1.jpg,MU0104,58,Size,4/6,,1,,Color,Albastru marin/galben fluor,,1,,,,,,,,,,,,[34cm]·[48cm],8435782504323
variation,MU01047655221,,1,0,visible,,Dimensiuni: 40 * 55 cm,taxable,1,0,0,68.25,,,https://static.musaibrand.com/images/models/0104/model/large/0104_55221_2_1.jpg,MU0104,59,Size,8/10,,1,,Color,Albastru marin/galben fluor,,1,,,,,,,,,,,,[40cm]·[55cm],8435782504408
variation,MU01047755221,,1,0,visible,,Dimensiuni: 45 * 63 cm,taxable,1,0,0,68.25,,,https://static.musaibrand.com/images/models/0104/model/large/0104_55221_2_1.jpg,MU0104,60,Size,12/14,,1,,Color,Albastru marin/galben fluor,,1,,,,,,,,,,,,[45cm]·[63cm],8435782504484
variation,MU0104005534,,1,0,visible,,Dimensiuni: 47 * 68 cm,taxable,1,0,0,68.25,,,https://static.musaibrand.com/images/models/0104/model/large/0104_5534_2_1.jpg,MU0104,61,Size,XS,,1,,Color,Albastru marin / roz gumă,,1,,,,,,,,,,,,[47cm]·[68cm],8435782503777
variation,MU0104015534,,1,0,visible,,Dimensiuni: 50 * 70 cm,taxable,1,0,0,68.25,,,https://static.musaibrand.com/images/models/0104/model/large/0104_5534_2_1.jpg,MU0104,62,Size,S,,1,,Color,Albastru marin / roz gumă,,1,,,,,,,,,,,,[50cm]·[70cm],8435782503852
variation,MU0104025534,,1,0,visible,,Dimensiuni: 53 * 72 cm,taxable,1,0,0,68.25,,,https://static.musaibrand.com/images/models/0104/model/large/0104_5534_2_1.jpg,MU0104,63,Size,M,,1,,Color,Albastru marin / roz gumă,,1,,,,,,,,,,,,[53cm]·[72cm],8435782503937
variation,MU0104035534,,1,0,visible,,Dimensiuni: 56 * 73 cm,taxable,1,0,0,68.25,,,https://static.musaibrand.com/images/models/0104/model/large/0104_5534_2_1.jpg,MU0104,64,Size,L,,1,,Color,Albastru marin / roz gumă,,1,,,,,,,,,,,,[56cm]·[73cm],8435782504019
variation,MU0104045534,,1,0,visible,,Dimensiuni: 59 * 74 cm,taxable,1,0,0,68.25,,,https://static.musaibrand.com/images/models/0104/model/large/0104_5534_2_1.jpg,MU0104,65,Size,XL,,1,,Color,Albastru marin / roz gumă,,1,,,,,,,,,,,,[59cm]·[74cm],8435782504095
variation,MU0104055534,,1,0,visible,,Dimensiuni: 62 * 76 cm,taxable,1,0,0,68.25,,,https://static.musaibrand.com/images/models/0104/model/large/0104_5534_2_1.jpg,MU0104,66,Size,2XL,,1,,Color,Albastru marin / roz gumă,,1,,,,,,,,,,,,[62cm]·[76cm],8435782504170
variation,MU0104065534,,1,0,visible,,Dimensiuni: 65 * 79 cm,taxable,1,0,0,68.25,,,https://static.musaibrand.com/images/models/0104/model/large/0104_5534_2_1.jpg,MU0104,67,Size,3XL,,1,,Color,Albastru marin / roz gumă,,1,,,,,,,,,,,,[65cm]·[79cm],8435782504255
variation,MU0104755534,,1,0,visible,,Dimensiuni: 34 * 48 cm,taxable,1,0,0,68.25,,,https://static.musaibrand.com/images/models/0104/model/large/0104_5534_2_1.jpg,MU0104,68,Size,4/6,,1,,Color,Albastru marin / roz gumă,,1,,,,,,,,,,,,[34cm]·[48cm],8435782504330
variation,MU0104765534,,1,0,visible,,Dimensiuni: 40 * 55 cm,taxable,1,0,0,68.25,,,https://static.musaibrand.com/images/models/0104/model/large/0104_5534_2_1.jpg,MU0104,69,Size,8/10,,1,,Color,Albastru marin / roz gumă,,1,,,,,,,,,,,,[40cm]·[55cm],8435782504415
variation,MU0104775534,,1,0,visible,,Dimensiuni: 45 * 63 cm,taxable,1,0,0,68.25,,,https://static.musaibrand.com/images/models/0104/model/large/0104_5534_2_1.jpg,MU0104,70,Size,12/14,,1,,Color,Albastru marin / roz gumă,,1,,,,,,,,,,,,[45cm]·[63cm],8435782504491
variation,MU0104006401,,1,0,visible,,Dimensiuni: 47 * 68 cm,taxable,1,0,0,68.25,,,https://static.musaibrand.com/images/models/0104/model/large/0104_6401_2_1.jpg,MU0104,71,Size,XS,,1,,Color,Burgundia/alb,,1,,,,,,,,,,,,[47cm]·[68cm],8435782503784
variation,MU0104016401,,1,0,visible,,Dimensiuni: 50 * 70 cm,taxable,1,0,0,68.25,,,https://static.musaibrand.com/images/models/0104/model/large/0104_6401_2_1.jpg,MU0104,72,Size,S,,1,,Color,Burgundia/alb,,1,,,,,,,,,,,,[50cm]·[70cm],8435782503869
variation,MU0104026401,,1,0,visible,,Dimensiuni: 53 * 72 cm,taxable,1,0,0,68.25,,,https://static.musaibrand.com/images/models/0104/model/large/0104_6401_2_1.jpg,MU0104,73,Size,M,,1,,Color,Burgundia/alb,,1,,,,,,,,,,,,[53cm]·[72cm],8435782503944
variation,MU0104036401,,1,0,visible,,Dimensiuni: 56 * 73 cm,taxable,1,0,0,68.25,,,https://static.musaibrand.com/images/models/0104/model/large/0104_6401_2_1.jpg,MU0104,74,Size,L,,1,,Color,Burgundia/alb,,1,,,,,,,,,,,,[56cm]·[73cm],8435782504026
variation,MU0104046401,,1,0,visible,,Dimensiuni: 59 * 74 cm,taxable,1,0,0,68.25,,,https://static.musaibrand.com/images/models/0104/model/large/0104_6401_2_1.jpg,MU0104,75,Size,XL,,1,,Color,Burgundia/alb,,1,,,,,,,,,,,,[59cm]·[74cm],8435782504101
variation,MU0104056401,,1,0,visible,,Dimensiuni: 62 * 76 cm,taxable,1,0,0,68.25,,,https://static.musaibrand.com/images/models/0104/model/large/0104_6401_2_1.jpg,MU0104,76,Size,2XL,,1,,Color,Burgundia/alb,,1,,,,,,,,,,,,[62cm]·[76cm],8435782504187
variation,MU0104066401,,1,0,visible,,Dimensiuni: 65 * 79 cm,taxable,1,0,0,68.25,,,https://static.musaibrand.com/images/models/0104/model/large/0104_6401_2_1.jpg,MU0104,77,Size,3XL,,1,,Color,Burgundia/alb,,1,,,,,,,,,,,,[65cm]·[79cm],8435782504262
variation,MU0104756401,,1,0,visible,,Dimensiuni: 34 * 48 cm,taxable,1,0,0,68.25,,,https://static.musaibrand.com/images/models/0104/model/large/0104_6401_2_1.jpg,MU0104,78,Size,4/6,,1,,Color,Burgundia/alb,,1,,,,,,,,,,,,[34cm]·[48cm],8435782504347
variation,MU0104766401,,1,0,visible,,Dimensiuni: 40 * 55 cm,taxable,1,0,0,68.25,,,https://static.musaibrand.com/images/models/0104/model/large/0104_6401_2_1.jpg,MU0104,79,Size,8/10,,1,,Color,Burgundia/alb,,1,,,,,,,,,,,,[40cm]·[55cm],8435782504422
variation,MU0104776401,,1,0,visible,,Dimensiuni: 45 * 63 cm,taxable,1,0,0,68.25,,,https://static.musaibrand.com/images/models/0104/model/large/0104_6401_2_1.jpg,MU0104,80,Size,12/14,,1,,Color,Burgundia/alb,,1,,,,,,,,,,,,[45cm]·[63cm],8435782504507
variable,MU0104-K,Tricou Afiki Copii,1,0,visible,,"<p>Tricou tehnic pentru copii cu mâneci scurte și decolteu în V, confecționat din poliester reciclat și material tip plasă.                                         <br>· Wicking <br>· Breathable</p><p><strong>Compoziție:</strong> 92% poliester interlock reciclat· 8% elastan</p><p><br>· Guler de culoare contrastantă și căptușeală din material asortat. <br>· Acoperire elastică a cusăturii de pe guler.<br>· Părți laterale din material de plasă asortat.<br>· Finisaje cu cusături plate.<br>· Detaliu cu logo imprimat în zona pieptului și logo în partea din spate.</p><h4>Dimensiuni</h4><table style='border-collapse:collapse;margin:8px 0'><tr><th style='padding:4px 12px;border:1px solid #ddd;text-align:left'>Mărime</th><th style='padding:4px 12px;border:1px solid #ddd;text-align:left'>Dimensiuni</th></tr><tr><td style='padding:4px 12px;border:1px solid #ddd'>XS</td><td style='padding:4px 12px;border:1px solid #ddd'>47 * 68 cm</td></tr><tr><td style='padding:4px 12px;border:1px solid #ddd'>S</td><td style='padding:4px 12px;border:1px solid #ddd'>50 * 70 cm</td></tr><tr><td style='padding:4px 12px;border:1px solid #ddd'>M</td><td style='padding:4px 12px;border:1px solid #ddd'>53 * 72 cm</td></tr><tr><td style='padding:4px 12px;border:1px solid #ddd'>L</td><td style='padding:4px 12px;border:1px solid #ddd'>56 * 73 cm</td></tr><tr><td style='padding:4px 12px;border:1px solid #ddd'>XL</td><td style='padding:4px 12px;border:1px solid #ddd'>59 * 74 cm</td></tr><tr><td style='padding:4px 12px;border:1px solid #ddd'>2XL</td><td style='padding:4px 12px;border:1px solid #ddd'>62 * 76 cm</td></tr><tr><td style='padding:4px 12px;border:1px solid #ddd'>3XL</td><td style='padding:4px 12px;border:1px solid #ddd'>65 * 79 cm</td></tr><tr><td style='padding:4px 12px;border:1px solid #ddd'>4/6</td><td style='padding:4px 12px;border:1px solid #ddd'>34 * 48 cm</td></tr><tr><td style='padding:4px 12px;border:1px solid #ddd'>8/10</td><td style='padding:4px 12px;border:1px solid #ddd'>40 * 55 cm</td></tr><tr><td style='padding:4px 12px;border:1px solid #ddd'>12/14</td><td style='padding:4px 12px;border:1px solid #ddd'>45 * 63 cm</td></tr></table>",taxable,1,0,0,,Tricouri și tricouri polo,MUSAI,"https://static.musaibrand.com/images/models/0104-K/model/large/0104-K_0105_1_1.jpg,https://static.musaibrand.com/images/models/0104-K/model/large/0104-K_01222_1_1.jpg,https://static.musaibrand.com/images/models/0104-K/model/large/0104-K_0160_1_1.jpg,https://static.musaibrand.com/images/models/0104-K/model/large/0104-K_0201_1_1.jpg,https://static.musaibrand.com/images/models/0104-K/model/large/0104-K_258221_1_1.jpg,https://static.musaibrand.com/images/models/0104-K/model/large/0104-K_55221_1_1.jpg,https://static.musaibrand.com/images/models/0104-K/model/large/0104-K_5534_1_1.jpg,https://static.musaibrand.com/images/models/0104-K/model/large/0104-K_6401_1_1.jpg,https://static.musaibrand.com/images/models/0104-K/model/large/0104-K_0105_2_1.jpg,https://static.musaibrand.com/images/models/0104-K/model/large/0104-K_01222_2_1.jpg,https://static.musaibrand.com/images/models/0104-K/model/large/0104-K_0160_2_1.jpg,https://static.musaibrand.com/images/models/0104-K/model/large/0104-K_0201_2_1.jpg,https://static.musaibrand.com/images/models/0104-K/model/large/0104-K_258221_2_1.jpg,https://static.musaibrand.com/images/models/0104-K/model/large/0104-K_55221_2_1.jpg,https://static.musaibrand.com/images/models/0104-K/model/large/0104-K_5534_2_1.jpg,https://static.musaibrand.com/images/models/0104-K/model/large/0104-K_6401_2_1.jpg",,0,Size,"XS, S, M, L, XL, 2XL, 3XL, 4/6, 8/10, 12/14",1,1,,Color,"Alb/ Albastru regal, Alb/Fluor verde, Alb/roșu, Negru/alb, Gri deschis/galben fluor, Albastru marin/galben fluor, Albastru marin / roz gumă, Burgundia/alb",1,1,,Gender,Unisex,1,1,,Dimensiuni,"[47cm]·[68cm], [50cm]·[70cm], [53cm]·[72cm], [56cm]·[73cm], [59cm]·[74cm], [62cm]·[76cm], [65cm]·[79cm], [34cm]·[48cm], [40cm]·[55cm], [45cm]·[63cm]",1,0,,,
variation,MU0104000105-K,,1,0,visible,,Dimensiuni: 47 * 68 cm,taxable,1,0,0,68.25,,,https://static.musaibrand.com/images/models/0104-K/model/large/0104-K_0105_2_1.jpg,MU0104-K,1,Size,XS,,1,,Color,Alb/ Albastru regal,,1,,,,,,,,,,,,[47cm]·[68cm],8435782503715
variation,MU0104010105-K,,1,0,visible,,Dimensiuni: 50 * 70 cm,taxable,1,0,0,68.25,,,https://static.musaibrand.com/images/models/0104-K/model/large/0104-K_0105_2_1.jpg,MU0104-K,2,Size,S,,1,,Color,Alb/ Albastru regal,,1,,,,,,,,,,,,[50cm]·[70cm],8435782503791
variation,MU0104020105-K,,1,0,visible,,Dimensiuni: 53 * 72 cm,taxable,1,0,0,68.25,,,https://static.musaibrand.com/images/models/0104-K/model/large/0104-K_0105_2_1.jpg,MU0104-K,3,Size,M,,1,,Color,Alb/ Albastru regal,,1,,,,,,,,,,,,[53cm]·[72cm],8435782503876
variation,MU0104030105-K,,1,0,visible,,Dimensiuni: 56 * 73 cm,taxable,1,0,0,68.25,,,https://static.musaibrand.com/images/models/0104-K/model/large/0104-K_0105_2_1.jpg,MU0104-K,4,Size,L,,1,,Color,Alb/ Albastru regal,,1,,,,,,,,,,,,[56cm]·[73cm],8435782503951
variation,MU0104040105-K,,1,0,visible,,Dimensiuni: 59 * 74 cm,taxable,1,0,0,68.25,,,https://static.musaibrand.com/images/models/0104-K/model/large/0104-K_0105_2_1.jpg,MU0104-K,5,Size,XL,,1,,Color,Alb/ Albastru regal,,1,,,,,,,,,,,,[59cm]·[74cm],8435782504033
variation,MU0104050105-K,,1,0,visible,,Dimensiuni: 62 * 76 cm,taxable,1,0,0,68.25,,,https://static.musaibrand.com/images/models/0104-K/model/large/0104-K_0105_2_1.jpg,MU0104-K,6,Size,2XL,,1,,Color,Alb/ Albastru regal,,1,,,,,,,,,,,,[62cm]·[76cm],8435782504118
variation,MU0104060105-K,,1,0,visible,,Dimensiuni: 65 * 79 cm,taxable,1,0,0,68.25,,,https://static.musaibrand.com/images/models/0104-K/model/large/0104-K_0105_2_1.jpg,MU0104-K,7,Size,3XL,,1,,Color,Alb/ Albastru regal,,1,,,,,,,,,,,,[65cm]·[79cm],8435782504194
variation,MU0104750105-K,,1,0,visible,,Dimensiuni: 34 * 48 cm,taxable,1,0,0,68.25,,,https://static.musaibrand.com/images/models/0104-K/model/large/0104-K_0105_2_1.jpg,MU0104-K,8,Size,4/6,,1,,Color,Alb/ Albastru regal,,1,,,,,,,,,,,,[34cm]·[48cm],8435782504279
variation,MU0104760105-K,,1,0,visible,,Dimensiuni: 40 * 55 cm,taxable,1,0,0,68.25,,,https://static.musaibrand.com/images/models/0104-K/model/large/0104-K_0105_2_1.jpg,MU0104-K,9,Size,8/10,,1,,Color,Alb/ Albastru regal,,1,,,,,,,,,,,,[40cm]·[55cm],8435782504354
variation,MU0104770105-K,,1,0,visible,,Dimensiuni: 45 * 63 cm,taxable,1,0,0,68.25,,,https://static.musaibrand.com/images/models/0104-K/model/large/0104-K_0105_2_1.jpg,MU0104-K,10,Size,12/14,,1,,Color,Alb/ Albastru regal,,1,,,,,,,,,,,,[45cm]·[63cm],8435782504439
variation,MU01040001222-K,,1,0,visible,,Dimensiuni: 47 * 68 cm,taxable,1,0,0,68.25,,,https://static.musaibrand.com/images/models/0104-K/model/large/0104-K_01222_2_1.jpg,MU0104-K,11,Size,XS,,1,,Color,Alb/Fluor verde,,1,,,,,,,,,,,,[47cm]·[68cm],8435782503722
variation,MU01040101222-K,,1,0,visible,,Dimensiuni: 50 * 70 cm,taxable,1,0,0,68.25,,,https://static.musaibrand.com/images/models/0104-K/model/large/0104-K_01222_2_1.jpg,MU0104-K,12,Size,S,,1,,Color,Alb/Fluor verde,,1,,,,,,,,,,,,[50cm]·[70cm],8435782503807
variation,MU01040201222-K,,1,0,visible,,Dimensiuni: 53 * 72 cm,taxable,1,0,0,68.25,,,https://static.musaibrand.com/images/models/0104-K/model/large/0104-K_01222_2_1.jpg,MU0104-K,13,Size,M,,1,,Color,Alb/Fluor verde,,1,,,,,,,,,,,,[53cm]·[72cm],8435782503883
variation,MU01040301222-K,,1,0,visible,,Dimensiuni: 56 * 73 cm,taxable,1,0,0,68.25,,,https://static.musaibrand.com/images/models/0104-K/model/large/0104-K_01222_2_1.jpg,MU0104-K,14,Size,L,,1,,Color,Alb/Fluor verde,,1,,,,,,,,,,,,[56cm]·[73cm],8435782503968
variation,MU01040401222-K,,1,0,visible,,Dimensiuni: 59 * 74 cm,taxable,1,0,0,68.25,,,https://static.musaibrand.com/images/models/0104-K/model/large/0104-K_01222_2_1.jpg,MU0104-K,15,Size,XL,,1,,Color,Alb/Fluor verde,,1,,,,,,,,,,,,[59cm]·[74cm],8435782504040
variation,MU01040501222-K,,1,0,visible,,Dimensiuni: 62 * 76 cm,taxable,1,0,0,68.25,,,https://static.musaibrand.com/images/models/0104-K/model/large/0104-K_01222_2_1.jpg,MU0104-K,16,Size,2XL,,1,,Color,Alb/Fluor verde,,1,,,,,,,,,,,,[62cm]·[76cm],8435782504125
variation,MU01040601222-K,,1,0,visible,,Dimensiuni: 65 * 79 cm,taxable,1,0,0,68.25,,,https://static.musaibrand.com/images/models/0104-K/model/large/0104-K_01222_2_1.jpg,MU0104-K,17,Size,3XL,,1,,Color,Alb/Fluor verde,,1,,,,,,,,,,,,[65cm]·[79cm],8435782504200
variation,MU01047501222-K,,1,0,visible,,Dimensiuni: 34 * 48 cm,taxable,1,0,0,68.25,,,https://static.musaibrand.com/images/models/0104-K/model/large/0104-K_01222_2_1.jpg,MU0104-K,18,Size,4/6,,1,,Color,Alb/Fluor verde,,1,,,,,,,,,,,,[34cm]·[48cm],8435782504286
variation,MU01047601222-K,,1,0,visible,,Dimensiuni: 40 * 55 cm,taxable,1,0,0,68.25,,,https://static.musaibrand.com/images/models/0104-K/model/large/0104-K_01222_2_1.jpg,MU0104-K,19,Size,8/10,,1,,Color,Alb/Fluor verde,,1,,,,,,,,,,,,[40cm]·[55cm],8435782504361
variation,MU01047701222-K,,1,0,visible,,Dimensiuni: 45 * 63 cm,taxable,1,0,0,68.25,,,https://static.musaibrand.com/images/models/0104-K/model/large/0104-K_01222_2_1.jpg,MU0104-K,20,Size,12/14,,1,,Color,Alb/Fluor verde,,1,,,,,,,,,,,,[45cm]·[63cm],8435782504446
variation,MU0104000160-K,,1,0,visible,,Dimensiuni: 47 * 68 cm,taxable,1,0,0,68.25,,,https://static.musaibrand.com/images/models/0104-K/model/large/0104-K_0160_2_1.jpg,MU0104-K,21,Size,XS,,1,,Color,Alb/roșu,,1,,,,,,,,,,,,[47cm]·[68cm],8435782503739
variation,MU0104010160-K,,1,0,visible,,Dimensiuni: 50 * 70 cm,taxable,1,0,0,68.25,,,https://static.musaibrand.com/images/models/0104-K/model/large/0104-K_0160_2_1.jpg,MU0104-K,22,Size,S,,1,,Color,Alb/roșu,,1,,,,,,,,,,,,[50cm]·[70cm],8435782503814
variation,MU0104020160-K,,1,0,visible,,Dimensiuni: 53 * 72 cm,taxable,1,0,0,68.25,,,https://static.musaibrand.com/images/models/0104-K/model/large/0104-K_0160_2_1.jpg,MU0104-K,23,Size,M,,1,,Color,Alb/roșu,,1,,,,,,,,,,,,[53cm]·[72cm],8435782503890
variation,MU0104030160-K,,1,0,visible,,Dimensiuni: 56 * 73 cm,taxable,1,0,0,68.25,,,https://static.musaibrand.com/images/models/0104-K/model/large/0104-K_0160_2_1.jpg,MU0104-K,24,Size,L,,1,,Color,Alb/roșu,,1,,,,,,,,,,,,[56cm]·[73cm],8435782503975
variation,MU0104040160-K,,1,0,visible,,Dimensiuni: 59 * 74 cm,taxable,1,0,0,68.25,,,https://static.musaibrand.com/images/models/0104-K/model/large/0104-K_0160_2_1.jpg,MU0104-K,25,Size,XL,,1,,Color,Alb/roșu,,1,,,,,,,,,,,,[59cm]·[74cm],8435782504057
variation,MU0104050160-K,,1,0,visible,,Dimensiuni: 62 * 76 cm,taxable,1,0,0,68.25,,,https://static.musaibrand.com/images/models/0104-K/model/large/0104-K_0160_2_1.jpg,MU0104-K,26,Size,2XL,,1,,Color,Alb/roșu,,1,,,,,,,,,,,,[62cm]·[76cm],8435782504132
variation,MU0104060160-K,,1,0,visible,,Dimensiuni: 65 * 79 cm,taxable,1,0,0,68.25,,,https://static.musaibrand.com/images/models/0104-K/model/large/0104-K_0160_2_1.jpg,MU0104-K,27,Size,3XL,,1,,Color,Alb/roșu,,1,,,,,,,,,,,,[65cm]·[79cm],8435782504217
variation,MU0104750160-K,,1,0,visible,,Dimensiuni: 34 * 48 cm,taxable,1,0,0,68.25,,,https://static.musaibrand.com/images/models/0104-K/model/large/0104-K_0160_2_1.jpg,MU0104-K,28,Size,4/6,,1,,Color,Alb/roșu,,1,,,,,,,,,,,,[34cm]·[48cm],8435782504293
variation,MU0104760160-K,,1,0,visible,,Dimensiuni: 40 * 55 cm,taxable,1,0,0,68.25,,,https://static.musaibrand.com/images/models/0104-K/model/large/0104-K_0160_2_1.jpg,MU0104-K,29,Size,8/10,,1,,Color,Alb/roșu,,1,,,,,,,,,,,,[40cm]·[55cm],8435782504378
variation,MU0104770160-K,,1,0,visible,,Dimensiuni: 45 * 63 cm,taxable,1,0,0,68.25,,,https://static.musaibrand.com/images/models/0104-K/model/large/0104-K_0160_2_1.jpg,MU0104-K,30,Size,12/14,,1,,Color,Alb/roșu,,1,,,,,,,,,,,,[45cm]·[63cm],8435782504453
variation,MU0104000201-K,,1,0,visible,,Dimensiuni: 47 * 68 cm,taxable,1,0,0,68.25,,,https://static.musaibrand.com/images/models/0104-K/model/large/0104-K_0201_2_1.jpg,MU0104-K,31,Size,XS,,1,,Color,Negru/alb,,1,,,,,,,,,,,,[47cm]·[68cm],8435782503746
variation,MU0104010201-K,,1,0,visible,,Dimensiuni: 50 * 70 cm,taxable,1,0,0,68.25,,,https://static.musaibrand.com/images/models/0104-K/model/large/0104-K_0201_2_1.jpg,MU0104-K,32,Size,S,,1,,Color,Negru/alb,,1,,,,,,,,,,,,[50cm]·[70cm],8435782503821
variation,MU0104020201-K,,1,0,visible,,Dimensiuni: 53 * 72 cm,taxable,1,0,0,68.25,,,https://static.musaibrand.com/images/models/0104-K/model/large/0104-K_0201_2_1.jpg,MU0104-K,33,Size,M,,1,,Color,Negru/alb,,1,,,,,,,,,,,,[53cm]·[72cm],8435782503906
variation,MU0104030201-K,,1,0,visible,,Dimensiuni: 56 * 73 cm,taxable,1,0,0,68.25,,,https://static.musaibrand.com/images/models/0104-K/model/large/0104-K_0201_2_1.jpg,MU0104-K,34,Size,L,,1,,Color,Negru/alb,,1,,,,,,,,,,,,[56cm]·[73cm],8435782503982
variation,MU0104040201-K,,1,0,visible,,Dimensiuni: 59 * 74 cm,taxable,1,0,0,68.25,,,https://static.musaibrand.com/images/models/0104-K/model/large/0104-K_0201_2_1.jpg,MU0104-K,35,Size,XL,,1,,Color,Negru/alb,,1,,,,,,,,,,,,[59cm]·[74cm],8435782504064
variation,MU0104050201-K,,1,0,visible,,Dimensiuni: 62 * 76 cm,taxable,1,0,0,68.25,,,https://static.musaibrand.com/images/models/0104-K/model/large/0104-K_0201_2_1.jpg,MU0104-K,36,Size,2XL,,1,,Color,Negru/alb,,1,,,,,,,,,,,,[62cm]·[76cm],8435782504149
variation,MU0104060201-K,,1,0,visible,,Dimensiuni: 65 * 79 cm,taxable,1,0,0,68.25,,,https://static.musaibrand.com/images/models/0104-K/model/large/0104-K_0201_2_1.jpg,MU0104-K,37,Size,3XL,,1,,Color,Negru/alb,,1,,,,,,,,,,,,[65cm]·[79cm],8435782504224
variation,MU0104750201-K,,1,0,visible,,Dimensiuni: 34 * 48 cm,taxable,1,0,0,68.25,,,https://static.musaibrand.com/images/models/0104-K/model/large/0104-K_0201_2_1.jpg,MU0104-K,38,Size,4/6,,1,,Color,Negru/alb,,1,,,,,,,,,,,,[34cm]·[48cm],8435782504309
variation,MU0104760201-K,,1,0,visible,,Dimensiuni: 40 * 55 cm,taxable,1,0,0,68.25,,,https://static.musaibrand.com/images/models/0104-K/model/large/0104-K_0201_2_1.jpg,MU0104-K,39,Size,8/10,,1,,Color,Negru/alb,,1,,,,,,,,,,,,[40cm]·[55cm],8435782504385
variation,MU0104770201-K,,1,0,visible,,Dimensiuni: 45 * 63 cm,taxable,1,0,0,68.25,,,https://static.musaibrand.com/images/models/0104-K/model/large/0104-K_0201_2_1.jpg,MU0104-K,40,Size,12/14,,1,,Color,Negru/alb,,1,,,,,,,,,,,,[45cm]·[63cm],8435782504460
variation,MU010400258221-K,,1,0,visible,,Dimensiuni: 47 * 68 cm,taxable,1,0,0,68.25,,,https://static.musaibrand.com/images/models/0104-K/model/large/0104-K_258221_2_1.jpg,MU0104-K,41,Size,XS,,1,,Color,Gri deschis/galben fluor,,1,,,,,,,,,,,,[47cm]·[68cm],8435782503753
variation,MU010401258221-K,,1,0,visible,,Dimensiuni: 50 * 70 cm,taxable,1,0,0,68.25,,,https://static.musaibrand.com/images/models/0104-K/model/large/0104-K_258221_2_1.jpg,MU0104-K,42,Size,S,,1,,Color,Gri deschis/galben fluor,,1,,,,,,,,,,,,[50cm]·[70cm],8435782503838
variation,MU010402258221-K,,1,0,visible,,Dimensiuni: 53 * 72 cm,taxable,1,0,0,68.25,,,https://static.musaibrand.com/images/models/0104-K/model/large/0104-K_258221_2_1.jpg,MU0104-K,43,Size,M,,1,,Color,Gri deschis/galben fluor,,1,,,,,,,,,,,,[53cm]·[72cm],8435782503913
variation,MU010403258221-K,,1,0,visible,,Dimensiuni: 56 * 73 cm,taxable,1,0,0,68.25,,,https://static.musaibrand.com/images/models/0104-K/model/large/0104-K_258221_2_1.jpg,MU0104-K,44,Size,L,,1,,Color,Gri deschis/galben fluor,,1,,,,,,,,,,,,[56cm]·[73cm],8435782503999
variation,MU010404258221-K,,1,0,visible,,Dimensiuni: 59 * 74 cm,taxable,1,0,0,68.25,,,https://static.musaibrand.com/images/models/0104-K/model/large/0104-K_258221_2_1.jpg,MU0104-K,45,Size,XL,,1,,Color,Gri deschis/galben fluor,,1,,,,,,,,,,,,[59cm]·[74cm],8435782504071
variation,MU010405258221-K,,1,0,visible,,Dimensiuni: 62 * 76 cm,taxable,1,0,0,68.25,,,https://static.musaibrand.com/images/models/0104-K/model/large/0104-K_258221_2_1.jpg,MU0104-K,46,Size,2XL,,1,,Color,Gri deschis/galben fluor,,1,,,,,,,,,,,,[62cm]·[76cm],8435782504156
variation,MU010406258221-K,,1,0,visible,,Dimensiuni: 65 * 79 cm,taxable,1,0,0,68.25,,,https://static.musaibrand.com/images/models/0104-K/model/large/0104-K_258221_2_1.jpg,MU0104-K,47,Size,3XL,,1,,Color,Gri deschis/galben fluor,,1,,,,,,,,,,,,[65cm]·[79cm],8435782504231
variation,MU010475258221-K,,1,0,visible,,Dimensiuni: 34 * 48 cm,taxable,1,0,0,68.25,,,https://static.musaibrand.com/images/models/0104-K/model/large/0104-K_258221_2_1.jpg,MU0104-K,48,Size,4/6,,1,,Color,Gri deschis/galben fluor,,1,,,,,,,,,,,,[34cm]·[48cm],8435782504316
variation,MU010476258221-K,,1,0,visible,,Dimensiuni: 40 * 55 cm,taxable,1,0,0,68.25,,,https://static.musaibrand.com/images/models/0104-K/model/large/0104-K_258221_2_1.jpg,MU0104-K,49,Size,8/10,,1,,Color,Gri deschis/galben fluor,,1,,,,,,,,,,,,[40cm]·[55cm],8435782504392
variation,MU010477258221-K,,1,0,visible,,Dimensiuni: 45 * 63 cm,taxable,1,0,0,68.25,,,https://static.musaibrand.com/images/models/0104-K/model/large/0104-K_258221_2_1.jpg,MU0104-K,50,Size,12/14,,1,,Color,Gri deschis/galben fluor,,1,,,,,,,,,,,,[45cm]·[63cm],8435782504477
variation,MU01040055221-K,,1,0,visible,,Dimensiuni: 47 * 68 cm,taxable,1,0,0,68.25,,,https://static.musaibrand.com/images/models/0104-K/model/large/0104-K_55221_2_1.jpg,MU0104-K,51,Size,XS,,1,,Color,Albastru marin/galben fluor,,1,,,,,,,,,,,,[47cm]·[68cm],8435782503760
variation,MU01040155221-K,,1,0,visible,,Dimensiuni: 50 * 70 cm,taxable,1,0,0,68.25,,,https://static.musaibrand.com/images/models/0104-K/model/large/0104-K_55221_2_1.jpg,MU0104-K,52,Size,S,,1,,Color,Albastru marin/galben fluor,,1,,,,,,,,,,,,[50cm]·[70cm],8435782503845
variation,MU01040255221-K,,1,0,visible,,Dimensiuni: 53 * 72 cm,taxable,1,0,0,68.25,,,https://static.musaibrand.com/images/models/0104-K/model/large/0104-K_55221_2_1.jpg,MU0104-K,53,Size,M,,1,,Color,Albastru marin/galben fluor,,1,,,,,,,,,,,,[53cm]·[72cm],8435782503920
variation,MU01040355221-K,,1,0,visible,,Dimensiuni: 56 * 73 cm,taxable,1,0,0,68.25,,,https://static.musaibrand.com/images/models/0104-K/model/large/0104-K_55221_2_1.jpg,MU0104-K,54,Size,L,,1,,Color,Albastru marin/galben fluor,,1,,,,,,,,,,,,[56cm]·[73cm],8435782504002
variation,MU01040455221-K,,1,0,visible,,Dimensiuni: 59 * 74 cm,taxable,1,0,0,68.25,,,https://static.musaibrand.com/images/models/0104-K/model/large/0104-K_55221_2_1.jpg,MU0104-K,55,Size,XL,,1,,Color,Albastru marin/galben fluor,,1,,,,,,,,,,,,[59cm]·[74cm],8435782504088
variation,MU01040555221-K,,1,0,visible,,Dimensiuni: 62 * 76 cm,taxable,1,0,0,68.25,,,https://static.musaibrand.com/images/models/0104-K/model/large/0104-K_55221_2_1.jpg,MU0104-K,56,Size,2XL,,1,,Color,Albastru marin/galben fluor,,1,,,,,,,,,,,,[62cm]·[76cm],8435782504163
variation,MU01040655221-K,,1,0,visible,,Dimensiuni: 65 * 79 cm,taxable,1,0,0,68.25,,,https://static.musaibrand.com/images/models/0104-K/model/large/0104-K_55221_2_1.jpg,MU0104-K,57,Size,3XL,,1,,Color,Albastru marin/galben fluor,,1,,,,,,,,,,,,[65cm]·[79cm],8435782504248
variation,MU01047555221-K,,1,0,visible,,Dimensiuni: 34 * 48 cm,taxable,1,0,0,68.25,,,https://static.musaibrand.com/images/models/0104-K/model/large/0104-K_55221_2_1.jpg,MU0104-K,58,Size,4/6,,1,,Color,Albastru marin/galben fluor,,1,,,,,,,,,,,,[34cm]·[48cm],8435782504323
variation,MU01047655221-K,,1,0,visible,,Dimensiuni: 40 * 55 cm,taxable,1,0,0,68.25,,,https://static.musaibrand.com/images/models/0104-K/model/large/0104-K_55221_2_1.jpg,MU0104-K,59,Size,8/10,,1,,Color,Albastru marin/galben fluor,,1,,,,,,,,,,,,[40cm]·[55cm],8435782504408
variation,MU01047755221-K,,1,0,visible,,Dimensiuni: 45 * 63 cm,taxable,1,0,0,68.25,,,https://static.musaibrand.com/images/models/0104-K/model/large/0104-K_55221_2_1.jpg,MU0104-K,60,Size,12/14,,1,,Color,Albastru marin/galben fluor,,1,,,,,,,,,,,,[45cm]·[63cm],8435782504484
variation,MU0104005534-K,,1,0,visible,,Dimensiuni: 47 * 68 cm,taxable,1,0,0,68.25,,,https://static.musaibrand.com/images/models/0104-K/model/large/0104-K_5534_2_1.jpg,MU0104-K,61,Size,XS,,1,,Color,Albastru marin / roz gumă,,1,,,,,,,,,,,,[47cm]·[68cm],8435782503777
variation,MU0104015534-K,,1,0,visible,,Dimensiuni: 50 * 70 cm,taxable,1,0,0,68.25,,,https://static.musaibrand.com/images/models/0104-K/model/large/0104-K_5534_2_1.jpg,MU0104-K,62,Size,S,,1,,Color,Albastru marin / roz gumă,,1,,,,,,,,,,,,[50cm]·[70cm],8435782503852
variation,MU0104025534-K,,1,0,visible,,Dimensiuni: 53 * 72 cm,taxable,1,0,0,68.25,,,https://static.musaibrand.com/images/models/0104-K/model/large/0104-K_5534_2_1.jpg,MU0104-K,63,Size,M,,1,,Color,Albastru marin / roz gumă,,1,,,,,,,,,,,,[53cm]·[72cm],8435782503937
variation,MU0104035534-K,,1,0,visible,,Dimensiuni: 56 * 73 cm,taxable,1,0,0,68.25,,,https://static.musaibrand.com/images/models/0104-K/model/large/0104-K_5534_2_1.jpg,MU0104-K,64,Size,L,,1,,Color,Albastru marin / roz gumă,,1,,,,,,,,,,,,[56cm]·[73cm],8435782504019
variation,MU0104045534-K,,1,0,visible,,Dimensiuni: 59 * 74 cm,taxable,1,0,0,68.25,,,https://static.musaibrand.com/images/models/0104-K/model/large/0104-K_5534_2_1.jpg,MU0104-K,65,Size,XL,,1,,Color,Albastru marin / roz gumă,,1,,,,,,,,,,,,[59cm]·[74cm],8435782504095
variation,MU0104055534-K,,1,0,visible,,Dimensiuni: 62 * 76 cm,taxable,1,0,0,68.25,,,https://static.musaibrand.com/images/models/0104-K/model/large/0104-K_5534_2_1.jpg,MU0104-K,66,Size,2XL,,1,,Color,Albastru marin / roz gumă,,1,,,,,,,,,,,,[62cm]·[76cm],8435782504170
variation,MU0104065534-K,,1,0,visible,,Dimensiuni: 65 * 79 cm,taxable,1,0,0,68.25,,,https://static.musaibrand.com/images/models/0104-K/model/large/0104-K_5534_2_1.jpg,MU0104-K,67,Size,3XL,,1,,Color,Albastru marin / roz gumă,,1,,,,,,,,,,,,[65cm]·[79cm],8435782504255
variation,MU0104755534-K,,1,0,visible,,Dimensiuni: 34 * 48 cm,taxable,1,0,0,68.25,,,https://static.musaibrand.com/images/models/0104-K/model/large/0104-K_5534_2_1.jpg,MU0104-K,68,Size,4/6,,1,,Color,Albastru marin / roz gumă,,1,,,,,,,,,,,,[34cm]·[48cm],8435782504330
variation,MU0104765534-K,,1,0,visible,,Dimensiuni: 40 * 55 cm,taxable,1,0,0,68.25,,,https://static.musaibrand.com/images/models/0104-K/model/large/0104-K_5534_2_1.jpg,MU0104-K,69,Size,8/10,,1,,Color,Albastru marin / roz gumă,,1,,,,,,,,,,,,[40cm]·[55cm],8435782504415
variation,MU0104775534-K,,1,0,visible,,Dimensiuni: 45 * 63 cm,taxable,1,0,0,68.25,,,https://static.musaibrand.com/images/models/0104-K/model/large/0104-K_5534_2_1.jpg,MU0104-K,70,Size,12/14,,1,,Color,Albastru marin / roz gumă,,1,,,,,,,,,,,,[45cm]·[63cm],8435782504491
variation,MU0104006401-K,,1,0,visible,,Dimensiuni: 47 * 68 cm,taxable,1,0,0,68.25,,,https://static.musaibrand.com/images/models/0104-K/model/large/0104-K_6401_2_1.jpg,MU0104-K,71,Size,XS,,1,,Color,Burgundia/alb,,1,,,,,,,,,,,,[47cm]·[68cm],8435782503784
variation,MU0104016401-K,,1,0,visible,,Dimensiuni: 50 * 70 cm,taxable,1,0,0,68.25,,,https://static.musaibrand.com/images/models/0104-K/model/large/0104-K_6401_2_1.jpg,MU0104-K,72,Size,S,,1,,Color,Burgundia/alb,,1,,,,,,,,,,,,[50cm]·[70cm],8435782503869
variation,MU0104026401-K,,1,0,visible,,Dimensiuni: 53 * 72 cm,taxable,1,0,0,68.25,,,https://static.musaibrand.com/images/models/0104-K/model/large/0104-K_6401_2_1.jpg,MU0104-K,73,Size,M,,1,,Color,Burgundia/alb,,1,,,,,,,,,,,,[53cm]·[72cm],8435782503944
variation,MU0104036401-K,,1,0,visible,,Dimensiuni: 56 * 73 cm,taxable,1,0,0,68.25,,,https://static.musaibrand.com/images/models/0104-K/model/large/0104-K_6401_2_1.jpg,MU0104-K,74,Size,L,,1,,Color,Burgundia/alb,,1,,,,,,,,,,,,[56cm]·[73cm],8435782504026
variation,MU0104046401-K,,1,0,visible,,Dimensiuni: 59 * 74 cm,taxable,1,0,0,68.25,,,https://static.musaibrand.com/images/models/0104-K/model/large/0104-K_6401_2_1.jpg,MU0104-K,75,Size,XL,,1,,Color,Burgundia/alb,,1,,,,,,,,,,,,[59cm]·[74cm],8435782504101
variation,MU0104056401-K,,1,0,visible,,Dimensiuni: 62 * 76 cm,taxable,1,0,0,68.25,,,https://static.musaibrand.com/images/models/0104-K/model/large/0104-K_6401_2_1.jpg,MU0104-K,76,Size,2XL,,1,,Color,Burgundia/alb,,1,,,,,,,,,,,,[62cm]·[76cm],8435782504187
variation,MU0104066401-K,,1,0,visible,,Dimensiuni: 65 * 79 cm,taxable,1,0,0,68.25,,,https://static.musaibrand.com/images/models/0104-K/model/large/0104-K_6401_2_1.jpg,MU0104-K,77,Size,3XL,,1,,Color,Burgundia/alb,,1,,,,,,,,,,,,[65cm]·[79cm],8435782504262
variation,MU0104756401-K,,1,0,visible,,Dimensiuni: 34 * 48 cm,taxable,1,0,0,68.25,,,https://static.musaibrand.com/images/models/0104-K/model/large/0104-K_6401_2_1.jpg,MU0104-K,78,Size,4/6,,1,,Color,Burgundia/alb,,1,,,,,,,,,,,,[34cm]·[48cm],8435782504347
variation,MU0104766401-K,,1,0,visible,,Dimensiuni: 40 * 55 cm,taxable,1,0,0,68.25,,,https://static.musaibrand.com/images/models/0104-K/model/large/0104-K_6401_2_1.jpg,MU0104-K,79,Size,8/10,,1,,Color,Burgundia/alb,,1,,,,,,,,,,,,[40cm]·[55cm],8435782504422
variation,MU0104776401-K,,1,0,visible,,Dimensiuni: 45 * 63 cm,taxable,1,0,0,68.25,,,https://static.musaibrand.com/images/models/0104-K/model/large/0104-K_6401_2_1.jpg,MU0104-K,80,Size,12/14,,1,,Color,Burgundia/alb,,1,,,,,,,,,,,,[45cm]·[63cm],8435782504507
variable,MU0105,Tricou - Ishi,1,0,visible,,"<p>Tricou tehnic unisex cu mâneci scurte și decolteu în V, confecționat din poliester reciclat.                           <br>· Wicking <br>· Breathable</p><p><strong>Compoziție:</strong> 100% poliester interlock reciclat</p><p><br>· Guler cu decolteu  în V combinat în două culori fără cusături externe. <br>· Acoperire elastică a cusăturii de pe guler.<br>· Detalii vii pe mâneci din același material contrastant.<br>· Finisaje cu cusături plate.<br>· Detaliu cu logo imprimat pe mânecă.</p><h4>Dimensiuni</h4><table style='border-collapse:collapse;margin:8px 0'><tr><th style='padding:4px 12px;border:1px solid #ddd;text-align:left'>Mărime</th><th style='padding:4px 12px;border:1px solid #ddd;text-align:left'>Dimensiuni</th></tr><tr><td style='padding:4px 12px;border:1px solid #ddd'>XS</td><td style='padding:4px 12px;border:1px solid #ddd'>47 * 68 cm</td></tr><tr><td style='padding:4px 12px;border:1px solid #ddd'>S</td><td style='padding:4px 12px;border:1px solid #ddd'>50 * 70 cm</td></tr><tr><td style='padding:4px 12px;border:1px solid #ddd'>M</td><td style='padding:4px 12px;border:1px solid #ddd'>53 * 72 cm</td></tr><tr><td style='padding:4px 12px;border:1px solid #ddd'>L</td><td style='padding:4px 12px;border:1px solid #ddd'>56 * 73 cm</td></tr><tr><td style='padding:4px 12px;border:1px solid #ddd'>XL</td><td style='padding:4px 12px;border:1px solid #ddd'>59 * 74 cm</td></tr><tr><td style='padding:4px 12px;border:1px solid #ddd'>2XL</td><td style='padding:4px 12px;border:1px solid #ddd'>62 * 76 cm</td></tr><tr><td style='padding:4px 12px;border:1px solid #ddd'>3XL</td><td style='padding:4px 12px;border:1px solid #ddd'>65 * 79 cm</td></tr><tr><td style='padding:4px 12px;border:1px solid #ddd'>4/6</td><td style='padding:4px 12px;border:1px solid #ddd'>34 * 48 cm</td></tr><tr><td style='padding:4px 12px;border:1px solid #ddd'>8/10</td><td style='padding:4px 12px;border:1px solid #ddd'>40 * 55 cm</td></tr><tr><td style='padding:4px 12px;border:1px solid #ddd'>12/14</td><td style='padding:4px 12px;border:1px solid #ddd'>45 * 63 cm</td></tr></table>",taxable,1,0,0,,Tricouri și tricouri polo,MUSAI,"https://static.musaibrand.com/images/models/0105/model/large/0105_0102_1_1.jpg,https://static.musaibrand.com/images/models/0105/model/large/0105_0155_1_1.jpg,https://static.musaibrand.com/images/models/0105/model/large/0105_0355_1_1.jpg,https://static.musaibrand.com/images/models/0105/model/large/0105_0555_1_1.jpg,https://static.musaibrand.com/images/models/0105/model/large/0105_1055_1_1.jpg,https://static.musaibrand.com/images/models/0105/model/large/0105_17655_1_1.jpg,https://static.musaibrand.com/images/models/0105/model/large/0105_25801_1_1.jpg,https://static.musaibrand.com/images/models/0105/model/large/0105_3455_1_1.jpg,https://static.musaibrand.com/images/models/0105/model/large/0105_5501_1_1.jpg,https://static.musaibrand.com/images/models/0105/model/large/0105_6055_1_1.jpg,https://static.musaibrand.com/images/models/0105/model/large/0105_0102_2_1.jpg,https://static.musaibrand.com/images/models/0105/model/large/0105_0155_2_1.jpg,https://static.musaibrand.com/images/models/0105/model/large/0105_0355_2_1.jpg,https://static.musaibrand.com/images/models/0105/model/large/0105_0555_2_1.jpg,https://static.musaibrand.com/images/models/0105/model/large/0105_1055_2_1.jpg,https://static.musaibrand.com/images/models/0105/model/large/0105_17655_2_1.jpg,https://static.musaibrand.com/images/models/0105/model/large/0105_25801_2_1.jpg,https://static.musaibrand.com/images/models/0105/model/large/0105_3455_2_1.jpg,https://static.musaibrand.com/images/models/0105/model/large/0105_5501_2_1.jpg,https://static.musaibrand.com/images/models/0105/model/large/0105_6055_2_1.jpg",,0,Size,"XS, S, M, L, XL, 2XL, 3XL, 4/6, 8/10, 12/14",1,1,,Color,"Alb/negru, Alb/Navy Blue, Galben/Navy Blue, Albastru regal/albastru marin, Albastru deschis/Navy Blue, Turcoaz fluor/Navy Blue, Gri deschis/alb, Roz bubblegum/albastru marin, Alb/marin, Roșu/albastru marin",1,1,,Gender,Unisex,1,1,,Dimensiuni,"[47cm]·[68cm], [50cm]·[70cm], [53cm]·[72cm], [56cm]·[73cm], [59cm]·[74cm], [62cm]·[76cm], [65cm]·[79cm], [34cm]·[48cm], [40cm]·[55cm], [45cm]·[63cm]",1,0,,,
variation,MU0105000102,,1,0,visible,,Dimensiuni: 47 * 68 cm,taxable,1,0,0,68.25,,,https://static.musaibrand.com/images/models/0105/model/large/0105_0102_2_1.jpg,MU0105,1,Size,XS,,1,,Color,Alb/negru,,1,,,,,,,,,,,,[47cm]·[68cm],8435782504514
variation,MU0105010102,,1,0,visible,,Dimensiuni: 50 * 70 cm,taxable,1,0,0,68.25,,,https://static.musaibrand.com/images/models/0105/model/large/0105_0102_2_1.jpg,MU0105,2,Size,S,,1,,Color,Alb/negru,,1,,,,,,,,,,,,[50cm]·[70cm],8435782504613
variation,MU0105020102,,1,0,visible,,Dimensiuni: 53 * 72 cm,taxable,1,0,0,68.25,,,https://static.musaibrand.com/images/models/0105/model/large/0105_0102_2_1.jpg,MU0105,3,Size,M,,1,,Color,Alb/negru,,1,,,,,,,,,,,,[53cm]·[72cm],8435782504712
variation,MU0105030102,,1,0,visible,,Dimensiuni: 56 * 73 cm,taxable,1,0,0,68.25,,,https://static.musaibrand.com/images/models/0105/model/large/0105_0102_2_1.jpg,MU0105,4,Size,L,,1,,Color,Alb/negru,,1,,,,,,,,,,,,[56cm]·[73cm],8435782504811
variation,MU0105040102,,1,0,visible,,Dimensiuni: 59 * 74 cm,taxable,1,0,0,68.25,,,https://static.musaibrand.com/images/models/0105/model/large/0105_0102_2_1.jpg,MU0105,5,Size,XL,,1,,Color,Alb/negru,,1,,,,,,,,,,,,[59cm]·[74cm],8435782504910
variation,MU0105050102,,1,0,visible,,Dimensiuni: 62 * 76 cm,taxable,1,0,0,68.25,,,https://static.musaibrand.com/images/models/0105/model/large/0105_0102_2_1.jpg,MU0105,6,Size,2XL,,1,,Color,Alb/negru,,1,,,,,,,,,,,,[62cm]·[76cm],8435782505016
variation,MU0105060102,,1,0,visible,,Dimensiuni: 65 * 79 cm,taxable,1,0,0,68.25,,,https://static.musaibrand.com/images/models/0105/model/large/0105_0102_2_1.jpg,MU0105,7,Size,3XL,,1,,Color,Alb/negru,,1,,,,,,,,,,,,[65cm]·[79cm],8435782505115
variation,MU0105750102,,1,0,visible,,Dimensiuni: 34 * 48 cm,taxable,1,0,0,68.25,,,https://static.musaibrand.com/images/models/0105/model/large/0105_0102_2_1.jpg,MU0105,8,Size,4/6,,1,,Color,Alb/negru,,1,,,,,,,,,,,,[34cm]·[48cm],8435782505214
variation,MU0105760102,,1,0,visible,,Dimensiuni: 40 * 55 cm,taxable,1,0,0,68.25,,,https://static.musaibrand.com/images/models/0105/model/large/0105_0102_2_1.jpg,MU0105,9,Size,8/10,,1,,Color,Alb/negru,,1,,,,,,,,,,,,[40cm]·[55cm],8435782505313
variation,MU0105770102,,1,0,visible,,Dimensiuni: 45 * 63 cm,taxable,1,0,0,68.25,,,https://static.musaibrand.com/images/models/0105/model/large/0105_0102_2_1.jpg,MU0105,10,Size,12/14,,1,,Color,Alb/negru,,1,,,,,,,,,,,,[45cm]·[63cm],8435782505412
variation,MU0105000155,,1,0,visible,,Dimensiuni: 47 * 68 cm,taxable,1,0,0,68.25,,,https://static.musaibrand.com/images/models/0105/model/large/0105_0155_2_1.jpg,MU0105,11,Size,XS,,1,,Color,Alb/Navy Blue,,1,,,,,,,,,,,,[47cm]·[68cm],8435782504521
variation,MU0105010155,,1,0,visible,,Dimensiuni: 50 * 70 cm,taxable,1,0,0,68.25,,,https://static.musaibrand.com/images/models/0105/model/large/0105_0155_2_1.jpg,MU0105,12,Size,S,,1,,Color,Alb/Navy Blue,,1,,,,,,,,,,,,[50cm]·[70cm],8435782504620
variation,MU0105020155,,1,0,visible,,Dimensiuni: 53 * 72 cm,taxable,1,0,0,68.25,,,https://static.musaibrand.com/images/models/0105/model/large/0105_0155_2_1.jpg,MU0105,13,Size,M,,1,,Color,Alb/Navy Blue,,1,,,,,,,,,,,,[53cm]·[72cm],8435782504729
variation,MU0105030155,,1,0,visible,,Dimensiuni: 56 * 73 cm,taxable,1,0,0,68.25,,,https://static.musaibrand.com/images/models/0105/model/large/0105_0155_2_1.jpg,MU0105,14,Size,L,,1,,Color,Alb/Navy Blue,,1,,,,,,,,,,,,[56cm]·[73cm],8435782504828
variation,MU0105040155,,1,0,visible,,Dimensiuni: 59 * 74 cm,taxable,1,0,0,68.25,,,https://static.musaibrand.com/images/models/0105/model/large/0105_0155_2_1.jpg,MU0105,15,Size,XL,,1,,Color,Alb/Navy Blue,,1,,,,,,,,,,,,[59cm]·[74cm],8435782504927
variation,MU0105050155,,1,0,visible,,Dimensiuni: 62 * 76 cm,taxable,1,0,0,68.25,,,https://static.musaibrand.com/images/models/0105/model/large/0105_0155_2_1.jpg,MU0105,16,Size,2XL,,1,,Color,Alb/Navy Blue,,1,,,,,,,,,,,,[62cm]·[76cm],8435782505023
variation,MU0105060155,,1,0,visible,,Dimensiuni: 65 * 79 cm,taxable,1,0,0,68.25,,,https://static.musaibrand.com/images/models/0105/model/large/0105_0155_2_1.jpg,MU0105,17,Size,3XL,,1,,Color,Alb/Navy Blue,,1,,,,,,,,,,,,[65cm]·[79cm],8435782505122
variation,MU0105750155,,1,0,visible,,Dimensiuni: 34 * 48 cm,taxable,1,0,0,68.25,,,https://static.musaibrand.com/images/models/0105/model/large/0105_0155_2_1.jpg,MU0105,18,Size,4/6,,1,,Color,Alb/Navy Blue,,1,,,,,,,,,,,,[34cm]·[48cm],8435782505221
variation,MU0105760155,,1,0,visible,,Dimensiuni: 40 * 55 cm,taxable,1,0,0,68.25,,,https://static.musaibrand.com/images/models/0105/model/large/0105_0155_2_1.jpg,MU0105,19,Size,8/10,,1,,Color,Alb/Navy Blue,,1,,,,,,,,,,,,[40cm]·[55cm],8435782505320
variation,MU0105770155,,1,0,visible,,Dimensiuni: 45 * 63 cm,taxable,1,0,0,68.25,,,https://static.musaibrand.com/images/models/0105/model/large/0105_0155_2_1.jpg,MU0105,20,Size,12/14,,1,,Color,Alb/Navy Blue,,1,,,,,,,,,,,,[45cm]·[63cm],8435782505429
variation,MU0105000355,,1,0,visible,,Dimensiuni: 47 * 68 cm,taxable,1,0,0,68.25,,,https://static.musaibrand.com/images/models/0105/model/large/0105_0355_2_1.jpg,MU0105,21,Size,XS,,1,,Color,Galben/Navy Blue,,1,,,,,,,,,,,,[47cm]·[68cm],8435782504538
variation,MU0105010355,,1,0,visible,,Dimensiuni: 50 * 70 cm,taxable,1,0,0,68.25,,,https://static.musaibrand.com/images/models/0105/model/large/0105_0355_2_1.jpg,MU0105,22,Size,S,,1,,Color,Galben/Navy Blue,,1,,,,,,,,,,,,[50cm]·[70cm],8435782504637
variation,MU0105020355,,1,0,visible,,Dimensiuni: 53 * 72 cm,taxable,1,0,0,68.25,,,https://static.musaibrand.com/images/models/0105/model/large/0105_0355_2_1.jpg,MU0105,23,Size,M,,1,,Color,Galben/Navy Blue,,1,,,,,,,,,,,,[53cm]·[72cm],8435782504736
variation,MU0105030355,,1,0,visible,,Dimensiuni: 56 * 73 cm,taxable,1,0,0,68.25,,,https://static.musaibrand.com/images/models/0105/model/large/0105_0355_2_1.jpg,MU0105,24,Size,L,,1,,Color,Galben/Navy Blue,,1,,,,,,,,,,,,[56cm]·[73cm],8435782504835
variation,MU0105040355,,1,0,visible,,Dimensiuni: 59 * 74 cm,taxable,1,0,0,68.25,,,https://static.musaibrand.com/images/models/0105/model/large/0105_0355_2_1.jpg,MU0105,25,Size,XL,,1,,Color,Galben/Navy Blue,,1,,,,,,,,,,,,[59cm]·[74cm],8435782504934
variation,MU0105050355,,1,0,visible,,Dimensiuni: 62 * 76 cm,taxable,1,0,0,68.25,,,https://static.musaibrand.com/images/models/0105/model/large/0105_0355_2_1.jpg,MU0105,26,Size,2XL,,1,,Color,Galben/Navy Blue,,1,,,,,,,,,,,,[62cm]·[76cm],8435782505030
variation,MU0105060355,,1,0,visible,,Dimensiuni: 65 * 79 cm,taxable,1,0,0,68.25,,,https://static.musaibrand.com/images/models/0105/model/large/0105_0355_2_1.jpg,MU0105,27,Size,3XL,,1,,Color,Galben/Navy Blue,,1,,,,,,,,,,,,[65cm]·[79cm],8435782505139
variation,MU0105750355,,1,0,visible,,Dimensiuni: 34 * 48 cm,taxable,1,0,0,68.25,,,https://static.musaibrand.com/images/models/0105/model/large/0105_0355_2_1.jpg,MU0105,28,Size,4/6,,1,,Color,Galben/Navy Blue,,1,,,,,,,,,,,,[34cm]·[48cm],8435782505238
variation,MU0105760355,,1,0,visible,,Dimensiuni: 40 * 55 cm,taxable,1,0,0,68.25,,,https://static.musaibrand.com/images/models/0105/model/large/0105_0355_2_1.jpg,MU0105,29,Size,8/10,,1,,Color,Galben/Navy Blue,,1,,,,,,,,,,,,[40cm]·[55cm],8435782505337
variation,MU0105770355,,1,0,visible,,Dimensiuni: 45 * 63 cm,taxable,1,0,0,68.25,,,https://static.musaibrand.com/images/models/0105/model/large/0105_0355_2_1.jpg,MU0105,30,Size,12/14,,1,,Color,Galben/Navy Blue,,1,,,,,,,,,,,,[45cm]·[63cm],8435782505436
variation,MU0105000555,,1,0,visible,,Dimensiuni: 47 * 68 cm,taxable,1,0,0,68.25,,,https://static.musaibrand.com/images/models/0105/model/large/0105_0555_2_1.jpg,MU0105,31,Size,XS,,1,,Color,Albastru regal/albastru marin,,1,,,,,,,,,,,,[47cm]·[68cm],8435782504545
variation,MU0105010555,,1,0,visible,,Dimensiuni: 50 * 70 cm,taxable,1,0,0,68.25,,,https://static.musaibrand.com/images/models/0105/model/large/0105_0555_2_1.jpg,MU0105,32,Size,S,,1,,Color,Albastru regal/albastru marin,,1,,,,,,,,,,,,[50cm]·[70cm],8435782504644
variation,MU0105020555,,1,0,visible,,Dimensiuni: 53 * 72 cm,taxable,1,0,0,68.25,,,https://static.musaibrand.com/images/models/0105/model/large/0105_0555_2_1.jpg,MU0105,33,Size,M,,1,,Color,Albastru regal/albastru marin,,1,,,,,,,,,,,,[53cm]·[72cm],8435782504743
variation,MU0105030555,,1,0,visible,,Dimensiuni: 56 * 73 cm,taxable,1,0,0,68.25,,,https://static.musaibrand.com/images/models/0105/model/large/0105_0555_2_1.jpg,MU0105,34,Size,L,,1,,Color,Albastru regal/albastru marin,,1,,,,,,,,,,,,[56cm]·[73cm],8435782504842
variation,MU0105040555,,1,0,visible,,Dimensiuni: 59 * 74 cm,taxable,1,0,0,68.25,,,https://static.musaibrand.com/images/models/0105/model/large/0105_0555_2_1.jpg,MU0105,35,Size,XL,,1,,Color,Albastru regal/albastru marin,,1,,,,,,,,,,,,[59cm]·[74cm],8435782504941
variation,MU0105050555,,1,0,visible,,Dimensiuni: 62 * 76 cm,taxable,1,0,0,68.25,,,https://static.musaibrand.com/images/models/0105/model/large/0105_0555_2_1.jpg,MU0105,36,Size,2XL,,1,,Color,Albastru regal/albastru marin,,1,,,,,,,,,,,,[62cm]·[76cm],8435782505047
variation,MU0105060555,,1,0,visible,,Dimensiuni: 65 * 79 cm,taxable,1,0,0,68.25,,,https://static.musaibrand.com/images/models/0105/model/large/0105_0555_2_1.jpg,MU0105,37,Size,3XL,,1,,Color,Albastru regal/albastru marin,,1,,,,,,,,,,,,[65cm]·[79cm],8435782505146
variation,MU0105750555,,1,0,visible,,Dimensiuni: 34 * 48 cm,taxable,1,0,0,68.25,,,https://static.musaibrand.com/images/models/0105/model/large/0105_0555_2_1.jpg,MU0105,38,Size,4/6,,1,,Color,Albastru regal/albastru marin,,1,,,,,,,,,,,,[34cm]·[48cm],8435782505245
variation,MU0105760555,,1,0,visible,,Dimensiuni: 40 * 55 cm,taxable,1,0,0,68.25,,,https://static.musaibrand.com/images/models/0105/model/large/0105_0555_2_1.jpg,MU0105,39,Size,8/10,,1,,Color,Albastru regal/albastru marin,,1,,,,,,,,,,,,[40cm]·[55cm],8435782505344
variation,MU0105770555,,1,0,visible,,Dimensiuni: 45 * 63 cm,taxable,1,0,0,68.25,,,https://static.musaibrand.com/images/models/0105/model/large/0105_0555_2_1.jpg,MU0105,40,Size,12/14,,1,,Color,Albastru regal/albastru marin,,1,,,,,,,,,,,,[45cm]·[63cm],8435782505443
variation,MU0105001055,,1,0,visible,,Dimensiuni: 47 * 68 cm,taxable,1,0,0,68.25,,,https://static.musaibrand.com/images/models/0105/model/large/0105_1055_2_1.jpg,MU0105,41,Size,XS,,1,,Color,Albastru deschis/Navy Blue,,1,,,,,,,,,,,,[47cm]·[68cm],8435782504552
variation,MU0105011055,,1,0,visible,,Dimensiuni: 50 * 70 cm,taxable,1,0,0,68.25,,,https://static.musaibrand.com/images/models/0105/model/large/0105_1055_2_1.jpg,MU0105,42,Size,S,,1,,Color,Albastru deschis/Navy Blue,,1,,,,,,,,,,,,[50cm]·[70cm],8435782504651
variation,MU0105021055,,1,0,visible,,Dimensiuni: 53 * 72 cm,taxable,1,0,0,68.25,,,https://static.musaibrand.com/images/models/0105/model/large/0105_1055_2_1.jpg,MU0105,43,Size,M,,1,,Color,Albastru deschis/Navy Blue,,1,,,,,,,,,,,,[53cm]·[72cm],8435782504750
variation,MU0105031055,,1,0,visible,,Dimensiuni: 56 * 73 cm,taxable,1,0,0,68.25,,,https://static.musaibrand.com/images/models/0105/model/large/0105_1055_2_1.jpg,MU0105,44,Size,L,,1,,Color,Albastru deschis/Navy Blue,,1,,,,,,,,,,,,[56cm]·[73cm],8435782504859
variation,MU0105041055,,1,0,visible,,Dimensiuni: 59 * 74 cm,taxable,1,0,0,68.25,,,https://static.musaibrand.com/images/models/0105/model/large/0105_1055_2_1.jpg,MU0105,45,Size,XL,,1,,Color,Albastru deschis/Navy Blue,,1,,,,,,,,,,,,[59cm]·[74cm],8435782504958
variation,MU0105051055,,1,0,visible,,Dimensiuni: 62 * 76 cm,taxable,1,0,0,68.25,,,https://static.musaibrand.com/images/models/0105/model/large/0105_1055_2_1.jpg,MU0105,46,Size,2XL,,1,,Color,Albastru deschis/Navy Blue,,1,,,,,,,,,,,,[62cm]·[76cm],8435782505054
variation,MU0105061055,,1,0,visible,,Dimensiuni: 65 * 79 cm,taxable,1,0,0,68.25,,,https://static.musaibrand.com/images/models/0105/model/large/0105_1055_2_1.jpg,MU0105,47,Size,3XL,,1,,Color,Albastru deschis/Navy Blue,,1,,,,,,,,,,,,[65cm]·[79cm],8435782505153
variation,MU0105751055,,1,0,visible,,Dimensiuni: 34 * 48 cm,taxable,1,0,0,68.25,,,https://static.musaibrand.com/images/models/0105/model/large/0105_1055_2_1.jpg,MU0105,48,Size,4/6,,1,,Color,Albastru deschis/Navy Blue,,1,,,,,,,,,,,,[34cm]·[48cm],8435782505252
variation,MU0105761055,,1,0,visible,,Dimensiuni: 40 * 55 cm,taxable,1,0,0,68.25,,,https://static.musaibrand.com/images/models/0105/model/large/0105_1055_2_1.jpg,MU0105,49,Size,8/10,,1,,Color,Albastru deschis/Navy Blue,,1,,,,,,,,,,,,[40cm]·[55cm],8435782505351
variation,MU0105771055,,1,0,visible,,Dimensiuni: 45 * 63 cm,taxable,1,0,0,68.25,,,https://static.musaibrand.com/images/models/0105/model/large/0105_1055_2_1.jpg,MU0105,50,Size,12/14,,1,,Color,Albastru deschis/Navy Blue,,1,,,,,,,,,,,,[45cm]·[63cm],8435782505450
variation,MU01050017655,,1,0,visible,,Dimensiuni: 47 * 68 cm,taxable,1,0,0,68.25,,,https://static.musaibrand.com/images/models/0105/model/large/0105_17655_2_1.jpg,MU0105,51,Size,XS,,1,,Color,Turcoaz fluor/Navy Blue,,1,,,,,,,,,,,,[47cm]·[68cm],8435782504569
variation,MU01050117655,,1,0,visible,,Dimensiuni: 50 * 70 cm,taxable,1,0,0,68.25,,,https://static.musaibrand.com/images/models/0105/model/large/0105_17655_2_1.jpg,MU0105,52,Size,S,,1,,Color,Turcoaz fluor/Navy Blue,,1,,,,,,,,,,,,[50cm]·[70cm],8435782504668
variation,MU01050217655,,1,0,visible,,Dimensiuni: 53 * 72 cm,taxable,1,0,0,68.25,,,https://static.musaibrand.com/images/models/0105/model/large/0105_17655_2_1.jpg,MU0105,53,Size,M,,1,,Color,Turcoaz fluor/Navy Blue,,1,,,,,,,,,,,,[53cm]·[72cm],8435782504767
variation,MU01050317655,,1,0,visible,,Dimensiuni: 56 * 73 cm,taxable,1,0,0,68.25,,,https://static.musaibrand.com/images/models/0105/model/large/0105_17655_2_1.jpg,MU0105,54,Size,L,,1,,Color,Turcoaz fluor/Navy Blue,,1,,,,,,,,,,,,[56cm]·[73cm],8435782504866
variation,MU01050417655,,1,0,visible,,Dimensiuni: 59 * 74 cm,taxable,1,0,0,68.25,,,https://static.musaibrand.com/images/models/0105/model/large/0105_17655_2_1.jpg,MU0105,55,Size,XL,,1,,Color,Turcoaz fluor/Navy Blue,,1,,,,,,,,,,,,[59cm]·[74cm],8435782504965
variation,MU01050517655,,1,0,visible,,Dimensiuni: 62 * 76 cm,taxable,1,0,0,68.25,,,https://static.musaibrand.com/images/models/0105/model/large/0105_17655_2_1.jpg,MU0105,56,Size,2XL,,1,,Color,Turcoaz fluor/Navy Blue,,1,,,,,,,,,,,,[62cm]·[76cm],8435782505061
variation,MU01050617655,,1,0,visible,,Dimensiuni: 65 * 79 cm,taxable,1,0,0,68.25,,,https://static.musaibrand.com/images/models/0105/model/large/0105_17655_2_1.jpg,MU0105,57,Size,3XL,,1,,Color,Turcoaz fluor/Navy Blue,,1,,,,,,,,,,,,[65cm]·[79cm],8435782505160
variation,MU01057517655,,1,0,visible,,Dimensiuni: 34 * 48 cm,taxable,1,0,0,68.25,,,https://static.musaibrand.com/images/models/0105/model/large/0105_17655_2_1.jpg,MU0105,58,Size,4/6,,1,,Color,Turcoaz fluor/Navy Blue,,1,,,,,,,,,,,,[34cm]·[48cm],8435782505269
variation,MU01057617655,,1,0,visible,,Dimensiuni: 40 * 55 cm,taxable,1,0,0,68.25,,,https://static.musaibrand.com/images/models/0105/model/large/0105_17655_2_1.jpg,MU0105,59,Size,8/10,,1,,Color,Turcoaz fluor/Navy Blue,,1,,,,,,,,,,,,[40cm]·[55cm],8435782505368
variation,MU01057717655,,1,0,visible,,Dimensiuni: 45 * 63 cm,taxable,1,0,0,68.25,,,https://static.musaibrand.com/images/models/0105/model/large/0105_17655_2_1.jpg,MU0105,60,Size,12/14,,1,,Color,Turcoaz fluor/Navy Blue,,1,,,,,,,,,,,,[45cm]·[63cm],8435782505467
variation,MU01050025801,,1,0,visible,,Dimensiuni: 47 * 68 cm,taxable,1,0,0,68.25,,,https://static.musaibrand.com/images/models/0105/model/large/0105_25801_2_1.jpg,MU0105,61,Size,XS,,1,,Color,Gri deschis/alb,,1,,,,,,,,,,,,[47cm]·[68cm],8435782504576
variation,MU01050125801,,1,0,visible,,Dimensiuni: 50 * 70 cm,taxable,1,0,0,68.25,,,https://static.musaibrand.com/images/models/0105/model/large/0105_25801_2_1.jpg,MU0105,62,Size,S,,1,,Color,Gri deschis/alb,,1,,,,,,,,,,,,[50cm]·[70cm],8435782504675
variation,MU01050225801,,1,0,visible,,Dimensiuni: 53 * 72 cm,taxable,1,0,0,68.25,,,https://static.musaibrand.com/images/models/0105/model/large/0105_25801_2_1.jpg,MU0105,63,Size,M,,1,,Color,Gri deschis/alb,,1,,,,,,,,,,,,[53cm]·[72cm],8435782504774
variation,MU01050325801,,1,0,visible,,Dimensiuni: 56 * 73 cm,taxable,1,0,0,68.25,,,https://static.musaibrand.com/images/models/0105/model/large/0105_25801_2_1.jpg,MU0105,64,Size,L,,1,,Color,Gri deschis/alb,,1,,,,,,,,,,,,[56cm]·[73cm],8435782504873
variation,MU01050425801,,1,0,visible,,Dimensiuni: 59 * 74 cm,taxable,1,0,0,68.25,,,https://static.musaibrand.com/images/models/0105/model/large/0105_25801_2_1.jpg,MU0105,65,Size,XL,,1,,Color,Gri deschis/alb,,1,,,,,,,,,,,,[59cm]·[74cm],8435782504972
variation,MU01050525801,,1,0,visible,,Dimensiuni: 62 * 76 cm,taxable,1,0,0,68.25,,,https://static.musaibrand.com/images/models/0105/model/large/0105_25801_2_1.jpg,MU0105,66,Size,2XL,,1,,Color,Gri deschis/alb,,1,,,,,,,,,,,,[62cm]·[76cm],8435782505078
variation,MU01050625801,,1,0,visible,,Dimensiuni: 65 * 79 cm,taxable,1,0,0,68.25,,,https://static.musaibrand.com/images/models/0105/model/large/0105_25801_2_1.jpg,MU0105,67,Size,3XL,,1,,Color,Gri deschis/alb,,1,,,,,,,,,,,,[65cm]·[79cm],8435782505177
variation,MU01057525801,,1,0,visible,,Dimensiuni: 34 * 48 cm,taxable,1,0,0,68.25,,,https://static.musaibrand.com/images/models/0105/model/large/0105_25801_2_1.jpg,MU0105,68,Size,4/6,,1,,Color,Gri deschis/alb,,1,,,,,,,,,,,,[34cm]·[48cm],8435782505276
variation,MU01057625801,,1,0,visible,,Dimensiuni: 40 * 55 cm,taxable,1,0,0,68.25,,,https://static.musaibrand.com/images/models/0105/model/large/0105_25801_2_1.jpg,MU0105,69,Size,8/10,,1,,Color,Gri deschis/alb,,1,,,,,,,,,,,,[40cm]·[55cm],8435782505375
variation,MU01057725801,,1,0,visible,,Dimensiuni: 45 * 63 cm,taxable,1,0,0,68.25,,,https://static.musaibrand.com/images/models/0105/model/large/0105_25801_2_1.jpg,MU0105,70,Size,12/14,,1,,Color,Gri deschis/alb,,1,,,,,,,,,,,,[45cm]·[63cm],8435782505474
variation,MU0105003455,,1,0,visible,,Dimensiuni: 47 * 68 cm,taxable,1,0,0,68.25,,,https://static.musaibrand.com/images/models/0105/model/large/0105_3455_2_1.jpg,MU0105,71,Size,XS,,1,,Color,Roz bubblegum/albastru marin,,1,,,,,,,,,,,,[47cm]·[68cm],8435782504583
variation,MU0105013455,,1,0,visible,,Dimensiuni: 50 * 70 cm,taxable,1,0,0,68.25,,,https://static.musaibrand.com/images/models/0105/model/large/0105_3455_2_1.jpg,MU0105,72,Size,S,,1,,Color,Roz bubblegum/albastru marin,,1,,,,,,,,,,,,[50cm]·[70cm],8435782504682
variation,MU0105023455,,1,0,visible,,Dimensiuni: 53 * 72 cm,taxable,1,0,0,68.25,,,https://static.musaibrand.com/images/models/0105/model/large/0105_3455_2_1.jpg,MU0105,73,Size,M,,1,,Color,Roz bubblegum/albastru marin,,1,,,,,,,,,,,,[53cm]·[72cm],8435782504781
variation,MU0105033455,,1,0,visible,,Dimensiuni: 56 * 73 cm,taxable,1,0,0,68.25,,,https://static.musaibrand.com/images/models/0105/model/large/0105_3455_2_1.jpg,MU0105,74,Size,L,,1,,Color,Roz bubblegum/albastru marin,,1,,,,,,,,,,,,[56cm]·[73cm],8435782504880
variation,MU0105043455,,1,0,visible,,Dimensiuni: 59 * 74 cm,taxable,1,0,0,68.25,,,https://static.musaibrand.com/images/models/0105/model/large/0105_3455_2_1.jpg,MU0105,75,Size,XL,,1,,Color,Roz bubblegum/albastru marin,,1,,,,,,,,,,,,[59cm]·[74cm],8435782504989
variation,MU0105053455,,1,0,visible,,Dimensiuni: 62 * 76 cm,taxable,1,0,0,68.25,,,https://static.musaibrand.com/images/models/0105/model/large/0105_3455_2_1.jpg,MU0105,76,Size,2XL,,1,,Color,Roz bubblegum/albastru marin,,1,,,,,,,,,,,,[62cm]·[76cm],8435782505085
variation,MU0105063455,,1,0,visible,,Dimensiuni: 65 * 79 cm,taxable,1,0,0,68.25,,,https://static.musaibrand.com/images/models/0105/model/large/0105_3455_2_1.jpg,MU0105,77,Size,3XL,,1,,Color,Roz bubblegum/albastru marin,,1,,,,,,,,,,,,[65cm]·[79cm],8435782505184
variation,MU0105753455,,1,0,visible,,Dimensiuni: 34 * 48 cm,taxable,1,0,0,68.25,,,https://static.musaibrand.com/images/models/0105/model/large/0105_3455_2_1.jpg,MU0105,78,Size,4/6,,1,,Color,Roz bubblegum/albastru marin,,1,,,,,,,,,,,,[34cm]·[48cm],8435782505283
variation,MU0105763455,,1,0,visible,,Dimensiuni: 40 * 55 cm,taxable,1,0,0,68.25,,,https://static.musaibrand.com/images/models/0105/model/large/0105_3455_2_1.jpg,MU0105,79,Size,8/10,,1,,Color,Roz bubblegum/albastru marin,,1,,,,,,,,,,,,[40cm]·[55cm],8435782505382
variation,MU0105773455,,1,0,visible,,Dimensiuni: 45 * 63 cm,taxable,1,0,0,68.25,,,https://static.musaibrand.com/images/models/0105/model/large/0105_3455_2_1.jpg,MU0105,80,Size,12/14,,1,,Color,Roz bubblegum/albastru marin,,1,,,,,,,,,,,,[45cm]·[63cm],8435782505481
variation,MU0105005501,,1,0,visible,,Dimensiuni: 47 * 68 cm,taxable,1,0,0,68.25,,,https://static.musaibrand.com/images/models/0105/model/large/0105_5501_2_1.jpg,MU0105,81,Size,XS,,1,,Color,Alb/marin,,1,,,,,,,,,,,,[47cm]·[68cm],8435782504590
variation,MU0105015501,,1,0,visible,,Dimensiuni: 50 * 70 cm,taxable,1,0,0,68.25,,,https://static.musaibrand.com/images/models/0105/model/large/0105_5501_2_1.jpg,MU0105,82,Size,S,,1,,Color,Alb/marin,,1,,,,,,,,,,,,[50cm]·[70cm],8435782504699
variation,MU0105025501,,1,0,visible,,Dimensiuni: 53 * 72 cm,taxable,1,0,0,68.25,,,https://static.musaibrand.com/images/models/0105/model/large/0105_5501_2_1.jpg,MU0105,83,Size,M,,1,,Color,Alb/marin,,1,,,,,,,,,,,,[53cm]·[72cm],8435782504798
variation,MU0105035501,,1,0,visible,,Dimensiuni: 56 * 73 cm,taxable,1,0,0,68.25,,,https://static.musaibrand.com/images/models/0105/model/large/0105_5501_2_1.jpg,MU0105,84,Size,L,,1,,Color,Alb/marin,,1,,,,,,,,,,,,[56cm]·[73cm],8435782504897
variation,MU0105045501,,1,0,visible,,Dimensiuni: 59 * 74 cm,taxable,1,0,0,68.25,,,https://static.musaibrand.com/images/models/0105/model/large/0105_5501_2_1.jpg,MU0105,85,Size,XL,,1,,Color,Alb/marin,,1,,,,,,,,,,,,[59cm]·[74cm],8435782504996
variation,MU0105055501,,1,0,visible,,Dimensiuni: 62 * 76 cm,taxable,1,0,0,68.25,,,https://static.musaibrand.com/images/models/0105/model/large/0105_5501_2_1.jpg,MU0105,86,Size,2XL,,1,,Color,Alb/marin,,1,,,,,,,,,,,,[62cm]·[76cm],8435782505092
variation,MU0105065501,,1,0,visible,,Dimensiuni: 65 * 79 cm,taxable,1,0,0,68.25,,,https://static.musaibrand.com/images/models/0105/model/large/0105_5501_2_1.jpg,MU0105,87,Size,3XL,,1,,Color,Alb/marin,,1,,,,,,,,,,,,[65cm]·[79cm],8435782505191
variation,MU0105755501,,1,0,visible,,Dimensiuni: 34 * 48 cm,taxable,1,0,0,68.25,,,https://static.musaibrand.com/images/models/0105/model/large/0105_5501_2_1.jpg,MU0105,88,Size,4/6,,1,,Color,Alb/marin,,1,,,,,,,,,,,,[34cm]·[48cm],8435782505290
variation,MU0105765501,,1,0,visible,,Dimensiuni: 40 * 55 cm,taxable,1,0,0,68.25,,,https://static.musaibrand.com/images/models/0105/model/large/0105_5501_2_1.jpg,MU0105,89,Size,8/10,,1,,Color,Alb/marin,,1,,,,,,,,,,,,[40cm]·[55cm],8435782505399
variation,MU0105775501,,1,0,visible,,Dimensiuni: 45 * 63 cm,taxable,1,0,0,68.25,,,https://static.musaibrand.com/images/models/0105/model/large/0105_5501_2_1.jpg,MU0105,90,Size,12/14,,1,,Color,Alb/marin,,1,,,,,,,,,,,,[45cm]·[63cm],8435782505498
variation,MU0105006055,,1,0,visible,,Dimensiuni: 47 * 68 cm,taxable,1,0,0,68.25,,,https://static.musaibrand.com/images/models/0105/model/large/0105_6055_2_1.jpg,MU0105,91,Size,XS,,1,,Color,Roșu/albastru marin,,1,,,,,,,,,,,,[47cm]·[68cm],8435782504606
variation,MU0105016055,,1,0,visible,,Dimensiuni: 50 * 70 cm,taxable,1,0,0,68.25,,,https://static.musaibrand.com/images/models/0105/model/large/0105_6055_2_1.jpg,MU0105,92,Size,S,,1,,Color,Roșu/albastru marin,,1,,,,,,,,,,,,[50cm]·[70cm],8435782504705
variation,MU0105026055,,1,0,visible,,Dimensiuni: 53 * 72 cm,taxable,1,0,0,68.25,,,https://static.musaibrand.com/images/models/0105/model/large/0105_6055_2_1.jpg,MU0105,93,Size,M,,1,,Color,Roșu/albastru marin,,1,,,,,,,,,,,,[53cm]·[72cm],8435782504804
variation,MU0105036055,,1,0,visible,,Dimensiuni: 56 * 73 cm,taxable,1,0,0,68.25,,,https://static.musaibrand.com/images/models/0105/model/large/0105_6055_2_1.jpg,MU0105,94,Size,L,,1,,Color,Roșu/albastru marin,,1,,,,,,,,,,,,[56cm]·[73cm],8435782504903
variation,MU0105046055,,1,0,visible,,Dimensiuni: 59 * 74 cm,taxable,1,0,0,68.25,,,https://static.musaibrand.com/images/models/0105/model/large/0105_6055_2_1.jpg,MU0105,95,Size,XL,,1,,Color,Roșu/albastru marin,,1,,,,,,,,,,,,[59cm]·[74cm],8435782505009
variation,MU0105056055,,1,0,visible,,Dimensiuni: 62 * 76 cm,taxable,1,0,0,68.25,,,https://static.musaibrand.com/images/models/0105/model/large/0105_6055_2_1.jpg,MU0105,96,Size,2XL,,1,,Color,Roșu/albastru marin,,1,,,,,,,,,,,,[62cm]·[76cm],8435782505108
variation,MU0105066055,,1,0,visible,,Dimensiuni: 65 * 79 cm,taxable,1,0,0,68.25,,,https://static.musaibrand.com/images/models/0105/model/large/0105_6055_2_1.jpg,MU0105,97,Size,3XL,,1,,Color,Roșu/albastru marin,,1,,,,,,,,,,,,[65cm]·[79cm],8435782505207
variation,MU0105756055,,1,0,visible,,Dimensiuni: 34 * 48 cm,taxable,1,0,0,68.25,,,https://static.musaibrand.com/images/models/0105/model/large/0105_6055_2_1.jpg,MU0105,98,Size,4/6,,1,,Color,Roșu/albastru marin,,1,,,,,,,,,,,,[34cm]·[48cm],8435782505306
variation,MU0105766055,,1,0,visible,,Dimensiuni: 40 * 55 cm,taxable,1,0,0,68.25,,,https://static.musaibrand.com/images/models/0105/model/large/0105_6055_2_1.jpg,MU0105,99,Size,8/10,,1,,Color,Roșu/albastru marin,,1,,,,,,,,,,,,[40cm]·[55cm],8435782505405
variation,MU0105776055,,1,0,visible,,Dimensiuni: 45 * 63 cm,taxable,1,0,0,68.25,,,https://static.musaibrand.com/images/models/0105/model/large/0105_6055_2_1.jpg,MU0105,100,Size,12/14,,1,,Color,Roșu/albastru marin,,1,,,,,,,,,,,,[45cm]·[63cm],8435782505504
