Type,SKU,Name,Published,Is featured?,Visibility in catalog,Short description,Description,Tax status,In stock?,Backorders allowed?,Sold individually?,Regular price,Categories,Tags,Images,Parent,Position,Attribute 1 name,Attribute 1 value(s),Attribute 1 visible,Attribute 1 global,Attribute 1 default,Attribute 2 name,Attribute 2 value(s),Attribute 2 visible,Attribute 2 global,Attribute 2 default,Attribute 3 name,Attribute 3 value(s),Attribute 3 visible,Attribute 3 global,Attribute 3 default,Attribute 4 name,Attribute 4 value(s),Attribute 4 visible,Attribute 4 global,Attribute 4 default,Meta: dimensions,Meta: ean
variable,MU0105-K,Tricou Ishi Copii,1,0,visible,,"<p>Tricou tehnic pentru copii cu mâneci scurte și decolteu în V, confecționat din poliester reciclat.                           <br>· Wicking <br>· Breathable</p><p><strong>Compoziție:</strong> 100% poliester interlock reciclat</p><p><br>· Guler cu decolteu  în V combinat în două culori fără cusături externe. <br>· Acoperire elastică a cusăturii de pe guler.<br>· Detalii vii pe mâneci din același material contrastant.<br>· Finisaje cu cusături plate.<br>· Detaliu cu logo imprimat pe mânecă.</p><h4>Dimensiuni</h4><table style='border-collapse:collapse;margin:8px 0'><tr><th style='padding:4px 12px;border:1px solid #ddd;text-align:left'>Mărime</th><th style='padding:4px 12px;border:1px solid #ddd;text-align:left'>Dimensiuni</th></tr><tr><td style='padding:4px 12px;border:1px solid #ddd'>XS</td><td style='padding:4px 12px;border:1px solid #ddd'>47 * 68 cm</td></tr><tr><td style='padding:4px 12px;border:1px solid #ddd'>S</td><td style='padding:4px 12px;border:1px solid #ddd'>50 * 70 cm</td></tr><tr><td style='padding:4px 12px;border:1px solid #ddd'>M</td><td style='padding:4px 12px;border:1px solid #ddd'>53 * 72 cm</td></tr><tr><td style='padding:4px 12px;border:1px solid #ddd'>L</td><td style='padding:4px 12px;border:1px solid #ddd'>56 * 73 cm</td></tr><tr><td style='padding:4px 12px;border:1px solid #ddd'>XL</td><td style='padding:4px 12px;border:1px solid #ddd'>59 * 74 cm</td></tr><tr><td style='padding:4px 12px;border:1px solid #ddd'>2XL</td><td style='padding:4px 12px;border:1px solid #ddd'>62 * 76 cm</td></tr><tr><td style='padding:4px 12px;border:1px solid #ddd'>3XL</td><td style='padding:4px 12px;border:1px solid #ddd'>65 * 79 cm</td></tr><tr><td style='padding:4px 12px;border:1px solid #ddd'>4/6</td><td style='padding:4px 12px;border:1px solid #ddd'>34 * 48 cm</td></tr><tr><td style='padding:4px 12px;border:1px solid #ddd'>8/10</td><td style='padding:4px 12px;border:1px solid #ddd'>40 * 55 cm</td></tr><tr><td style='padding:4px 12px;border:1px solid #ddd'>12/14</td><td style='padding:4px 12px;border:1px solid #ddd'>45 * 63 cm</td></tr></table>",taxable,1,0,0,,Tricouri și tricouri polo,MUSAI,"https://static.musaibrand.com/images/models/0105-K/model/large/0105-K_0102_1_1.jpg,https://static.musaibrand.com/images/models/0105-K/model/large/0105-K_0155_1_1.jpg,https://static.musaibrand.com/images/models/0105-K/model/large/0105-K_0355_1_1.jpg,https://static.musaibrand.com/images/models/0105-K/model/large/0105-K_0555_1_1.jpg,https://static.musaibrand.com/images/models/0105-K/model/large/0105-K_1055_1_1.jpg,https://static.musaibrand.com/images/models/0105-K/model/large/0105-K_17655_1_1.jpg,https://static.musaibrand.com/images/models/0105-K/model/large/0105-K_25801_1_1.jpg,https://static.musaibrand.com/images/models/0105-K/model/large/0105-K_3455_1_1.jpg,https://static.musaibrand.com/images/models/0105-K/model/large/0105-K_5501_1_1.jpg,https://static.musaibrand.com/images/models/0105-K/model/large/0105-K_6055_1_1.jpg,https://static.musaibrand.com/images/models/0105-K/model/large/0105-K_0102_2_1.jpg,https://static.musaibrand.com/images/models/0105-K/model/large/0105-K_0155_2_1.jpg,https://static.musaibrand.com/images/models/0105-K/model/large/0105-K_0355_2_1.jpg,https://static.musaibrand.com/images/models/0105-K/model/large/0105-K_0555_2_1.jpg,https://static.musaibrand.com/images/models/0105-K/model/large/0105-K_1055_2_1.jpg,https://static.musaibrand.com/images/models/0105-K/model/large/0105-K_17655_2_1.jpg,https://static.musaibrand.com/images/models/0105-K/model/large/0105-K_25801_2_1.jpg,https://static.musaibrand.com/images/models/0105-K/model/large/0105-K_3455_2_1.jpg,https://static.musaibrand.com/images/models/0105-K/model/large/0105-K_5501_2_1.jpg,https://static.musaibrand.com/images/models/0105-K/model/large/0105-K_6055_2_1.jpg",,0,Size,"XS, S, M, L, XL, 2XL, 3XL, 4/6, 8/10, 12/14",1,1,,Color,"Alb/negru, Alb/Navy Blue, Galben/Navy Blue, Albastru regal/albastru marin, Albastru deschis/Navy Blue, Turcoaz fluor/Navy Blue, Gri deschis/alb, Roz bubblegum/albastru marin, Alb/marin, Roșu/albastru marin",1,1,,Gender,Unisex,1,1,,Dimensiuni,"[47cm]·[68cm], [50cm]·[70cm], [53cm]·[72cm], [56cm]·[73cm], [59cm]·[74cm], [62cm]·[76cm], [65cm]·[79cm], [34cm]·[48cm], [40cm]·[55cm], [45cm]·[63cm]",1,0,,,
variation,MU0105000102-K,,1,0,visible,,Dimensiuni: 47 * 68 cm,taxable,1,0,0,68.25,,,https://static.musaibrand.com/images/models/0105-K/model/large/0105-K_0102_2_1.jpg,MU0105-K,1,Size,XS,,1,,Color,Alb/negru,,1,,,,,,,,,,,,[47cm]·[68cm],8435782504514
variation,MU0105010102-K,,1,0,visible,,Dimensiuni: 50 * 70 cm,taxable,1,0,0,68.25,,,https://static.musaibrand.com/images/models/0105-K/model/large/0105-K_0102_2_1.jpg,MU0105-K,2,Size,S,,1,,Color,Alb/negru,,1,,,,,,,,,,,,[50cm]·[70cm],8435782504613
variation,MU0105020102-K,,1,0,visible,,Dimensiuni: 53 * 72 cm,taxable,1,0,0,68.25,,,https://static.musaibrand.com/images/models/0105-K/model/large/0105-K_0102_2_1.jpg,MU0105-K,3,Size,M,,1,,Color,Alb/negru,,1,,,,,,,,,,,,[53cm]·[72cm],8435782504712
variation,MU0105030102-K,,1,0,visible,,Dimensiuni: 56 * 73 cm,taxable,1,0,0,68.25,,,https://static.musaibrand.com/images/models/0105-K/model/large/0105-K_0102_2_1.jpg,MU0105-K,4,Size,L,,1,,Color,Alb/negru,,1,,,,,,,,,,,,[56cm]·[73cm],8435782504811
variation,MU0105040102-K,,1,0,visible,,Dimensiuni: 59 * 74 cm,taxable,1,0,0,68.25,,,https://static.musaibrand.com/images/models/0105-K/model/large/0105-K_0102_2_1.jpg,MU0105-K,5,Size,XL,,1,,Color,Alb/negru,,1,,,,,,,,,,,,[59cm]·[74cm],8435782504910
variation,MU0105050102-K,,1,0,visible,,Dimensiuni: 62 * 76 cm,taxable,1,0,0,68.25,,,https://static.musaibrand.com/images/models/0105-K/model/large/0105-K_0102_2_1.jpg,MU0105-K,6,Size,2XL,,1,,Color,Alb/negru,,1,,,,,,,,,,,,[62cm]·[76cm],8435782505016
variation,MU0105060102-K,,1,0,visible,,Dimensiuni: 65 * 79 cm,taxable,1,0,0,68.25,,,https://static.musaibrand.com/images/models/0105-K/model/large/0105-K_0102_2_1.jpg,MU0105-K,7,Size,3XL,,1,,Color,Alb/negru,,1,,,,,,,,,,,,[65cm]·[79cm],8435782505115
variation,MU0105750102-K,,1,0,visible,,Dimensiuni: 34 * 48 cm,taxable,1,0,0,68.25,,,https://static.musaibrand.com/images/models/0105-K/model/large/0105-K_0102_2_1.jpg,MU0105-K,8,Size,4/6,,1,,Color,Alb/negru,,1,,,,,,,,,,,,[34cm]·[48cm],8435782505214
variation,MU0105760102-K,,1,0,visible,,Dimensiuni: 40 * 55 cm,taxable,1,0,0,68.25,,,https://static.musaibrand.com/images/models/0105-K/model/large/0105-K_0102_2_1.jpg,MU0105-K,9,Size,8/10,,1,,Color,Alb/negru,,1,,,,,,,,,,,,[40cm]·[55cm],8435782505313
variation,MU0105770102-K,,1,0,visible,,Dimensiuni: 45 * 63 cm,taxable,1,0,0,68.25,,,https://static.musaibrand.com/images/models/0105-K/model/large/0105-K_0102_2_1.jpg,MU0105-K,10,Size,12/14,,1,,Color,Alb/negru,,1,,,,,,,,,,,,[45cm]·[63cm],8435782505412
variation,MU0105000155-K,,1,0,visible,,Dimensiuni: 47 * 68 cm,taxable,1,0,0,68.25,,,https://static.musaibrand.com/images/models/0105-K/model/large/0105-K_0155_2_1.jpg,MU0105-K,11,Size,XS,,1,,Color,Alb/Navy Blue,,1,,,,,,,,,,,,[47cm]·[68cm],8435782504521
variation,MU0105010155-K,,1,0,visible,,Dimensiuni: 50 * 70 cm,taxable,1,0,0,68.25,,,https://static.musaibrand.com/images/models/0105-K/model/large/0105-K_0155_2_1.jpg,MU0105-K,12,Size,S,,1,,Color,Alb/Navy Blue,,1,,,,,,,,,,,,[50cm]·[70cm],8435782504620
variation,MU0105020155-K,,1,0,visible,,Dimensiuni: 53 * 72 cm,taxable,1,0,0,68.25,,,https://static.musaibrand.com/images/models/0105-K/model/large/0105-K_0155_2_1.jpg,MU0105-K,13,Size,M,,1,,Color,Alb/Navy Blue,,1,,,,,,,,,,,,[53cm]·[72cm],8435782504729
variation,MU0105030155-K,,1,0,visible,,Dimensiuni: 56 * 73 cm,taxable,1,0,0,68.25,,,https://static.musaibrand.com/images/models/0105-K/model/large/0105-K_0155_2_1.jpg,MU0105-K,14,Size,L,,1,,Color,Alb/Navy Blue,,1,,,,,,,,,,,,[56cm]·[73cm],8435782504828
variation,MU0105040155-K,,1,0,visible,,Dimensiuni: 59 * 74 cm,taxable,1,0,0,68.25,,,https://static.musaibrand.com/images/models/0105-K/model/large/0105-K_0155_2_1.jpg,MU0105-K,15,Size,XL,,1,,Color,Alb/Navy Blue,,1,,,,,,,,,,,,[59cm]·[74cm],8435782504927
variation,MU0105050155-K,,1,0,visible,,Dimensiuni: 62 * 76 cm,taxable,1,0,0,68.25,,,https://static.musaibrand.com/images/models/0105-K/model/large/0105-K_0155_2_1.jpg,MU0105-K,16,Size,2XL,,1,,Color,Alb/Navy Blue,,1,,,,,,,,,,,,[62cm]·[76cm],8435782505023
variation,MU0105060155-K,,1,0,visible,,Dimensiuni: 65 * 79 cm,taxable,1,0,0,68.25,,,https://static.musaibrand.com/images/models/0105-K/model/large/0105-K_0155_2_1.jpg,MU0105-K,17,Size,3XL,,1,,Color,Alb/Navy Blue,,1,,,,,,,,,,,,[65cm]·[79cm],8435782505122
variation,MU0105750155-K,,1,0,visible,,Dimensiuni: 34 * 48 cm,taxable,1,0,0,68.25,,,https://static.musaibrand.com/images/models/0105-K/model/large/0105-K_0155_2_1.jpg,MU0105-K,18,Size,4/6,,1,,Color,Alb/Navy Blue,,1,,,,,,,,,,,,[34cm]·[48cm],8435782505221
variation,MU0105760155-K,,1,0,visible,,Dimensiuni: 40 * 55 cm,taxable,1,0,0,68.25,,,https://static.musaibrand.com/images/models/0105-K/model/large/0105-K_0155_2_1.jpg,MU0105-K,19,Size,8/10,,1,,Color,Alb/Navy Blue,,1,,,,,,,,,,,,[40cm]·[55cm],8435782505320
variation,MU0105770155-K,,1,0,visible,,Dimensiuni: 45 * 63 cm,taxable,1,0,0,68.25,,,https://static.musaibrand.com/images/models/0105-K/model/large/0105-K_0155_2_1.jpg,MU0105-K,20,Size,12/14,,1,,Color,Alb/Navy Blue,,1,,,,,,,,,,,,[45cm]·[63cm],8435782505429
variation,MU0105000355-K,,1,0,visible,,Dimensiuni: 47 * 68 cm,taxable,1,0,0,68.25,,,https://static.musaibrand.com/images/models/0105-K/model/large/0105-K_0355_2_1.jpg,MU0105-K,21,Size,XS,,1,,Color,Galben/Navy Blue,,1,,,,,,,,,,,,[47cm]·[68cm],8435782504538
variation,MU0105010355-K,,1,0,visible,,Dimensiuni: 50 * 70 cm,taxable,1,0,0,68.25,,,https://static.musaibrand.com/images/models/0105-K/model/large/0105-K_0355_2_1.jpg,MU0105-K,22,Size,S,,1,,Color,Galben/Navy Blue,,1,,,,,,,,,,,,[50cm]·[70cm],8435782504637
variation,MU0105020355-K,,1,0,visible,,Dimensiuni: 53 * 72 cm,taxable,1,0,0,68.25,,,https://static.musaibrand.com/images/models/0105-K/model/large/0105-K_0355_2_1.jpg,MU0105-K,23,Size,M,,1,,Color,Galben/Navy Blue,,1,,,,,,,,,,,,[53cm]·[72cm],8435782504736
variation,MU0105030355-K,,1,0,visible,,Dimensiuni: 56 * 73 cm,taxable,1,0,0,68.25,,,https://static.musaibrand.com/images/models/0105-K/model/large/0105-K_0355_2_1.jpg,MU0105-K,24,Size,L,,1,,Color,Galben/Navy Blue,,1,,,,,,,,,,,,[56cm]·[73cm],8435782504835
variation,MU0105040355-K,,1,0,visible,,Dimensiuni: 59 * 74 cm,taxable,1,0,0,68.25,,,https://static.musaibrand.com/images/models/0105-K/model/large/0105-K_0355_2_1.jpg,MU0105-K,25,Size,XL,,1,,Color,Galben/Navy Blue,,1,,,,,,,,,,,,[59cm]·[74cm],8435782504934
variation,MU0105050355-K,,1,0,visible,,Dimensiuni: 62 * 76 cm,taxable,1,0,0,68.25,,,https://static.musaibrand.com/images/models/0105-K/model/large/0105-K_0355_2_1.jpg,MU0105-K,26,Size,2XL,,1,,Color,Galben/Navy Blue,,1,,,,,,,,,,,,[62cm]·[76cm],8435782505030
variation,MU0105060355-K,,1,0,visible,,Dimensiuni: 65 * 79 cm,taxable,1,0,0,68.25,,,https://static.musaibrand.com/images/models/0105-K/model/large/0105-K_0355_2_1.jpg,MU0105-K,27,Size,3XL,,1,,Color,Galben/Navy Blue,,1,,,,,,,,,,,,[65cm]·[79cm],8435782505139
variation,MU0105750355-K,,1,0,visible,,Dimensiuni: 34 * 48 cm,taxable,1,0,0,68.25,,,https://static.musaibrand.com/images/models/0105-K/model/large/0105-K_0355_2_1.jpg,MU0105-K,28,Size,4/6,,1,,Color,Galben/Navy Blue,,1,,,,,,,,,,,,[34cm]·[48cm],8435782505238
variation,MU0105760355-K,,1,0,visible,,Dimensiuni: 40 * 55 cm,taxable,1,0,0,68.25,,,https://static.musaibrand.com/images/models/0105-K/model/large/0105-K_0355_2_1.jpg,MU0105-K,29,Size,8/10,,1,,Color,Galben/Navy Blue,,1,,,,,,,,,,,,[40cm]·[55cm],8435782505337
variation,MU0105770355-K,,1,0,visible,,Dimensiuni: 45 * 63 cm,taxable,1,0,0,68.25,,,https://static.musaibrand.com/images/models/0105-K/model/large/0105-K_0355_2_1.jpg,MU0105-K,30,Size,12/14,,1,,Color,Galben/Navy Blue,,1,,,,,,,,,,,,[45cm]·[63cm],8435782505436
variation,MU0105000555-K,,1,0,visible,,Dimensiuni: 47 * 68 cm,taxable,1,0,0,68.25,,,https://static.musaibrand.com/images/models/0105-K/model/large/0105-K_0555_2_1.jpg,MU0105-K,31,Size,XS,,1,,Color,Albastru regal/albastru marin,,1,,,,,,,,,,,,[47cm]·[68cm],8435782504545
variation,MU0105010555-K,,1,0,visible,,Dimensiuni: 50 * 70 cm,taxable,1,0,0,68.25,,,https://static.musaibrand.com/images/models/0105-K/model/large/0105-K_0555_2_1.jpg,MU0105-K,32,Size,S,,1,,Color,Albastru regal/albastru marin,,1,,,,,,,,,,,,[50cm]·[70cm],8435782504644
variation,MU0105020555-K,,1,0,visible,,Dimensiuni: 53 * 72 cm,taxable,1,0,0,68.25,,,https://static.musaibrand.com/images/models/0105-K/model/large/0105-K_0555_2_1.jpg,MU0105-K,33,Size,M,,1,,Color,Albastru regal/albastru marin,,1,,,,,,,,,,,,[53cm]·[72cm],8435782504743
variation,MU0105030555-K,,1,0,visible,,Dimensiuni: 56 * 73 cm,taxable,1,0,0,68.25,,,https://static.musaibrand.com/images/models/0105-K/model/large/0105-K_0555_2_1.jpg,MU0105-K,34,Size,L,,1,,Color,Albastru regal/albastru marin,,1,,,,,,,,,,,,[56cm]·[73cm],8435782504842
variation,MU0105040555-K,,1,0,visible,,Dimensiuni: 59 * 74 cm,taxable,1,0,0,68.25,,,https://static.musaibrand.com/images/models/0105-K/model/large/0105-K_0555_2_1.jpg,MU0105-K,35,Size,XL,,1,,Color,Albastru regal/albastru marin,,1,,,,,,,,,,,,[59cm]·[74cm],8435782504941
variation,MU0105050555-K,,1,0,visible,,Dimensiuni: 62 * 76 cm,taxable,1,0,0,68.25,,,https://static.musaibrand.com/images/models/0105-K/model/large/0105-K_0555_2_1.jpg,MU0105-K,36,Size,2XL,,1,,Color,Albastru regal/albastru marin,,1,,,,,,,,,,,,[62cm]·[76cm],8435782505047
variation,MU0105060555-K,,1,0,visible,,Dimensiuni: 65 * 79 cm,taxable,1,0,0,68.25,,,https://static.musaibrand.com/images/models/0105-K/model/large/0105-K_0555_2_1.jpg,MU0105-K,37,Size,3XL,,1,,Color,Albastru regal/albastru marin,,1,,,,,,,,,,,,[65cm]·[79cm],8435782505146
variation,MU0105750555-K,,1,0,visible,,Dimensiuni: 34 * 48 cm,taxable,1,0,0,68.25,,,https://static.musaibrand.com/images/models/0105-K/model/large/0105-K_0555_2_1.jpg,MU0105-K,38,Size,4/6,,1,,Color,Albastru regal/albastru marin,,1,,,,,,,,,,,,[34cm]·[48cm],8435782505245
variation,MU0105760555-K,,1,0,visible,,Dimensiuni: 40 * 55 cm,taxable,1,0,0,68.25,,,https://static.musaibrand.com/images/models/0105-K/model/large/0105-K_0555_2_1.jpg,MU0105-K,39,Size,8/10,,1,,Color,Albastru regal/albastru marin,,1,,,,,,,,,,,,[40cm]·[55cm],8435782505344
variation,MU0105770555-K,,1,0,visible,,Dimensiuni: 45 * 63 cm,taxable,1,0,0,68.25,,,https://static.musaibrand.com/images/models/0105-K/model/large/0105-K_0555_2_1.jpg,MU0105-K,40,Size,12/14,,1,,Color,Albastru regal/albastru marin,,1,,,,,,,,,,,,[45cm]·[63cm],8435782505443
variation,MU0105001055-K,,1,0,visible,,Dimensiuni: 47 * 68 cm,taxable,1,0,0,68.25,,,https://static.musaibrand.com/images/models/0105-K/model/large/0105-K_1055_2_1.jpg,MU0105-K,41,Size,XS,,1,,Color,Albastru deschis/Navy Blue,,1,,,,,,,,,,,,[47cm]·[68cm],8435782504552
variation,MU0105011055-K,,1,0,visible,,Dimensiuni: 50 * 70 cm,taxable,1,0,0,68.25,,,https://static.musaibrand.com/images/models/0105-K/model/large/0105-K_1055_2_1.jpg,MU0105-K,42,Size,S,,1,,Color,Albastru deschis/Navy Blue,,1,,,,,,,,,,,,[50cm]·[70cm],8435782504651
variation,MU0105021055-K,,1,0,visible,,Dimensiuni: 53 * 72 cm,taxable,1,0,0,68.25,,,https://static.musaibrand.com/images/models/0105-K/model/large/0105-K_1055_2_1.jpg,MU0105-K,43,Size,M,,1,,Color,Albastru deschis/Navy Blue,,1,,,,,,,,,,,,[53cm]·[72cm],8435782504750
variation,MU0105031055-K,,1,0,visible,,Dimensiuni: 56 * 73 cm,taxable,1,0,0,68.25,,,https://static.musaibrand.com/images/models/0105-K/model/large/0105-K_1055_2_1.jpg,MU0105-K,44,Size,L,,1,,Color,Albastru deschis/Navy Blue,,1,,,,,,,,,,,,[56cm]·[73cm],8435782504859
variation,MU0105041055-K,,1,0,visible,,Dimensiuni: 59 * 74 cm,taxable,1,0,0,68.25,,,https://static.musaibrand.com/images/models/0105-K/model/large/0105-K_1055_2_1.jpg,MU0105-K,45,Size,XL,,1,,Color,Albastru deschis/Navy Blue,,1,,,,,,,,,,,,[59cm]·[74cm],8435782504958
variation,MU0105051055-K,,1,0,visible,,Dimensiuni: 62 * 76 cm,taxable,1,0,0,68.25,,,https://static.musaibrand.com/images/models/0105-K/model/large/0105-K_1055_2_1.jpg,MU0105-K,46,Size,2XL,,1,,Color,Albastru deschis/Navy Blue,,1,,,,,,,,,,,,[62cm]·[76cm],8435782505054
variation,MU0105061055-K,,1,0,visible,,Dimensiuni: 65 * 79 cm,taxable,1,0,0,68.25,,,https://static.musaibrand.com/images/models/0105-K/model/large/0105-K_1055_2_1.jpg,MU0105-K,47,Size,3XL,,1,,Color,Albastru deschis/Navy Blue,,1,,,,,,,,,,,,[65cm]·[79cm],8435782505153
variation,MU0105751055-K,,1,0,visible,,Dimensiuni: 34 * 48 cm,taxable,1,0,0,68.25,,,https://static.musaibrand.com/images/models/0105-K/model/large/0105-K_1055_2_1.jpg,MU0105-K,48,Size,4/6,,1,,Color,Albastru deschis/Navy Blue,,1,,,,,,,,,,,,[34cm]·[48cm],8435782505252
variation,MU0105761055-K,,1,0,visible,,Dimensiuni: 40 * 55 cm,taxable,1,0,0,68.25,,,https://static.musaibrand.com/images/models/0105-K/model/large/0105-K_1055_2_1.jpg,MU0105-K,49,Size,8/10,,1,,Color,Albastru deschis/Navy Blue,,1,,,,,,,,,,,,[40cm]·[55cm],8435782505351
variation,MU0105771055-K,,1,0,visible,,Dimensiuni: 45 * 63 cm,taxable,1,0,0,68.25,,,https://static.musaibrand.com/images/models/0105-K/model/large/0105-K_1055_2_1.jpg,MU0105-K,50,Size,12/14,,1,,Color,Albastru deschis/Navy Blue,,1,,,,,,,,,,,,[45cm]·[63cm],8435782505450
variation,MU01050017655-K,,1,0,visible,,Dimensiuni: 47 * 68 cm,taxable,1,0,0,68.25,,,https://static.musaibrand.com/images/models/0105-K/model/large/0105-K_17655_2_1.jpg,MU0105-K,51,Size,XS,,1,,Color,Turcoaz fluor/Navy Blue,,1,,,,,,,,,,,,[47cm]·[68cm],8435782504569
variation,MU01050117655-K,,1,0,visible,,Dimensiuni: 50 * 70 cm,taxable,1,0,0,68.25,,,https://static.musaibrand.com/images/models/0105-K/model/large/0105-K_17655_2_1.jpg,MU0105-K,52,Size,S,,1,,Color,Turcoaz fluor/Navy Blue,,1,,,,,,,,,,,,[50cm]·[70cm],8435782504668
variation,MU01050217655-K,,1,0,visible,,Dimensiuni: 53 * 72 cm,taxable,1,0,0,68.25,,,https://static.musaibrand.com/images/models/0105-K/model/large/0105-K_17655_2_1.jpg,MU0105-K,53,Size,M,,1,,Color,Turcoaz fluor/Navy Blue,,1,,,,,,,,,,,,[53cm]·[72cm],8435782504767
variation,MU01050317655-K,,1,0,visible,,Dimensiuni: 56 * 73 cm,taxable,1,0,0,68.25,,,https://static.musaibrand.com/images/models/0105-K/model/large/0105-K_17655_2_1.jpg,MU0105-K,54,Size,L,,1,,Color,Turcoaz fluor/Navy Blue,,1,,,,,,,,,,,,[56cm]·[73cm],8435782504866
variation,MU01050417655-K,,1,0,visible,,Dimensiuni: 59 * 74 cm,taxable,1,0,0,68.25,,,https://static.musaibrand.com/images/models/0105-K/model/large/0105-K_17655_2_1.jpg,MU0105-K,55,Size,XL,,1,,Color,Turcoaz fluor/Navy Blue,,1,,,,,,,,,,,,[59cm]·[74cm],8435782504965
variation,MU01050517655-K,,1,0,visible,,Dimensiuni: 62 * 76 cm,taxable,1,0,0,68.25,,,https://static.musaibrand.com/images/models/0105-K/model/large/0105-K_17655_2_1.jpg,MU0105-K,56,Size,2XL,,1,,Color,Turcoaz fluor/Navy Blue,,1,,,,,,,,,,,,[62cm]·[76cm],8435782505061
variation,MU01050617655-K,,1,0,visible,,Dimensiuni: 65 * 79 cm,taxable,1,0,0,68.25,,,https://static.musaibrand.com/images/models/0105-K/model/large/0105-K_17655_2_1.jpg,MU0105-K,57,Size,3XL,,1,,Color,Turcoaz fluor/Navy Blue,,1,,,,,,,,,,,,[65cm]·[79cm],8435782505160
variation,MU01057517655-K,,1,0,visible,,Dimensiuni: 34 * 48 cm,taxable,1,0,0,68.25,,,https://static.musaibrand.com/images/models/0105-K/model/large/0105-K_17655_2_1.jpg,MU0105-K,58,Size,4/6,,1,,Color,Turcoaz fluor/Navy Blue,,1,,,,,,,,,,,,[34cm]·[48cm],8435782505269
variation,MU01057617655-K,,1,0,visible,,Dimensiuni: 40 * 55 cm,taxable,1,0,0,68.25,,,https://static.musaibrand.com/images/models/0105-K/model/large/0105-K_17655_2_1.jpg,MU0105-K,59,Size,8/10,,1,,Color,Turcoaz fluor/Navy Blue,,1,,,,,,,,,,,,[40cm]·[55cm],8435782505368
variation,MU01057717655-K,,1,0,visible,,Dimensiuni: 45 * 63 cm,taxable,1,0,0,68.25,,,https://static.musaibrand.com/images/models/0105-K/model/large/0105-K_17655_2_1.jpg,MU0105-K,60,Size,12/14,,1,,Color,Turcoaz fluor/Navy Blue,,1,,,,,,,,,,,,[45cm]·[63cm],8435782505467
variation,MU01050025801-K,,1,0,visible,,Dimensiuni: 47 * 68 cm,taxable,1,0,0,68.25,,,https://static.musaibrand.com/images/models/0105-K/model/large/0105-K_25801_2_1.jpg,MU0105-K,61,Size,XS,,1,,Color,Gri deschis/alb,,1,,,,,,,,,,,,[47cm]·[68cm],8435782504576
variation,MU01050125801-K,,1,0,visible,,Dimensiuni: 50 * 70 cm,taxable,1,0,0,68.25,,,https://static.musaibrand.com/images/models/0105-K/model/large/0105-K_25801_2_1.jpg,MU0105-K,62,Size,S,,1,,Color,Gri deschis/alb,,1,,,,,,,,,,,,[50cm]·[70cm],8435782504675
variation,MU01050225801-K,,1,0,visible,,Dimensiuni: 53 * 72 cm,taxable,1,0,0,68.25,,,https://static.musaibrand.com/images/models/0105-K/model/large/0105-K_25801_2_1.jpg,MU0105-K,63,Size,M,,1,,Color,Gri deschis/alb,,1,,,,,,,,,,,,[53cm]·[72cm],8435782504774
variation,MU01050325801-K,,1,0,visible,,Dimensiuni: 56 * 73 cm,taxable,1,0,0,68.25,,,https://static.musaibrand.com/images/models/0105-K/model/large/0105-K_25801_2_1.jpg,MU0105-K,64,Size,L,,1,,Color,Gri deschis/alb,,1,,,,,,,,,,,,[56cm]·[73cm],8435782504873
variation,MU01050425801-K,,1,0,visible,,Dimensiuni: 59 * 74 cm,taxable,1,0,0,68.25,,,https://static.musaibrand.com/images/models/0105-K/model/large/0105-K_25801_2_1.jpg,MU0105-K,65,Size,XL,,1,,Color,Gri deschis/alb,,1,,,,,,,,,,,,[59cm]·[74cm],8435782504972
variation,MU01050525801-K,,1,0,visible,,Dimensiuni: 62 * 76 cm,taxable,1,0,0,68.25,,,https://static.musaibrand.com/images/models/0105-K/model/large/0105-K_25801_2_1.jpg,MU0105-K,66,Size,2XL,,1,,Color,Gri deschis/alb,,1,,,,,,,,,,,,[62cm]·[76cm],8435782505078
variation,MU01050625801-K,,1,0,visible,,Dimensiuni: 65 * 79 cm,taxable,1,0,0,68.25,,,https://static.musaibrand.com/images/models/0105-K/model/large/0105-K_25801_2_1.jpg,MU0105-K,67,Size,3XL,,1,,Color,Gri deschis/alb,,1,,,,,,,,,,,,[65cm]·[79cm],8435782505177
variation,MU01057525801-K,,1,0,visible,,Dimensiuni: 34 * 48 cm,taxable,1,0,0,68.25,,,https://static.musaibrand.com/images/models/0105-K/model/large/0105-K_25801_2_1.jpg,MU0105-K,68,Size,4/6,,1,,Color,Gri deschis/alb,,1,,,,,,,,,,,,[34cm]·[48cm],8435782505276
variation,MU01057625801-K,,1,0,visible,,Dimensiuni: 40 * 55 cm,taxable,1,0,0,68.25,,,https://static.musaibrand.com/images/models/0105-K/model/large/0105-K_25801_2_1.jpg,MU0105-K,69,Size,8/10,,1,,Color,Gri deschis/alb,,1,,,,,,,,,,,,[40cm]·[55cm],8435782505375
variation,MU01057725801-K,,1,0,visible,,Dimensiuni: 45 * 63 cm,taxable,1,0,0,68.25,,,https://static.musaibrand.com/images/models/0105-K/model/large/0105-K_25801_2_1.jpg,MU0105-K,70,Size,12/14,,1,,Color,Gri deschis/alb,,1,,,,,,,,,,,,[45cm]·[63cm],8435782505474
variation,MU0105003455-K,,1,0,visible,,Dimensiuni: 47 * 68 cm,taxable,1,0,0,68.25,,,https://static.musaibrand.com/images/models/0105-K/model/large/0105-K_3455_2_1.jpg,MU0105-K,71,Size,XS,,1,,Color,Roz bubblegum/albastru marin,,1,,,,,,,,,,,,[47cm]·[68cm],8435782504583
variation,MU0105013455-K,,1,0,visible,,Dimensiuni: 50 * 70 cm,taxable,1,0,0,68.25,,,https://static.musaibrand.com/images/models/0105-K/model/large/0105-K_3455_2_1.jpg,MU0105-K,72,Size,S,,1,,Color,Roz bubblegum/albastru marin,,1,,,,,,,,,,,,[50cm]·[70cm],8435782504682
variation,MU0105023455-K,,1,0,visible,,Dimensiuni: 53 * 72 cm,taxable,1,0,0,68.25,,,https://static.musaibrand.com/images/models/0105-K/model/large/0105-K_3455_2_1.jpg,MU0105-K,73,Size,M,,1,,Color,Roz bubblegum/albastru marin,,1,,,,,,,,,,,,[53cm]·[72cm],8435782504781
variation,MU0105033455-K,,1,0,visible,,Dimensiuni: 56 * 73 cm,taxable,1,0,0,68.25,,,https://static.musaibrand.com/images/models/0105-K/model/large/0105-K_3455_2_1.jpg,MU0105-K,74,Size,L,,1,,Color,Roz bubblegum/albastru marin,,1,,,,,,,,,,,,[56cm]·[73cm],8435782504880
variation,MU0105043455-K,,1,0,visible,,Dimensiuni: 59 * 74 cm,taxable,1,0,0,68.25,,,https://static.musaibrand.com/images/models/0105-K/model/large/0105-K_3455_2_1.jpg,MU0105-K,75,Size,XL,,1,,Color,Roz bubblegum/albastru marin,,1,,,,,,,,,,,,[59cm]·[74cm],8435782504989
variation,MU0105053455-K,,1,0,visible,,Dimensiuni: 62 * 76 cm,taxable,1,0,0,68.25,,,https://static.musaibrand.com/images/models/0105-K/model/large/0105-K_3455_2_1.jpg,MU0105-K,76,Size,2XL,,1,,Color,Roz bubblegum/albastru marin,,1,,,,,,,,,,,,[62cm]·[76cm],8435782505085
variation,MU0105063455-K,,1,0,visible,,Dimensiuni: 65 * 79 cm,taxable,1,0,0,68.25,,,https://static.musaibrand.com/images/models/0105-K/model/large/0105-K_3455_2_1.jpg,MU0105-K,77,Size,3XL,,1,,Color,Roz bubblegum/albastru marin,,1,,,,,,,,,,,,[65cm]·[79cm],8435782505184
variation,MU0105753455-K,,1,0,visible,,Dimensiuni: 34 * 48 cm,taxable,1,0,0,68.25,,,https://static.musaibrand.com/images/models/0105-K/model/large/0105-K_3455_2_1.jpg,MU0105-K,78,Size,4/6,,1,,Color,Roz bubblegum/albastru marin,,1,,,,,,,,,,,,[34cm]·[48cm],8435782505283
variation,MU0105763455-K,,1,0,visible,,Dimensiuni: 40 * 55 cm,taxable,1,0,0,68.25,,,https://static.musaibrand.com/images/models/0105-K/model/large/0105-K_3455_2_1.jpg,MU0105-K,79,Size,8/10,,1,,Color,Roz bubblegum/albastru marin,,1,,,,,,,,,,,,[40cm]·[55cm],8435782505382
variation,MU0105773455-K,,1,0,visible,,Dimensiuni: 45 * 63 cm,taxable,1,0,0,68.25,,,https://static.musaibrand.com/images/models/0105-K/model/large/0105-K_3455_2_1.jpg,MU0105-K,80,Size,12/14,,1,,Color,Roz bubblegum/albastru marin,,1,,,,,,,,,,,,[45cm]·[63cm],8435782505481
variation,MU0105005501-K,,1,0,visible,,Dimensiuni: 47 * 68 cm,taxable,1,0,0,68.25,,,https://static.musaibrand.com/images/models/0105-K/model/large/0105-K_5501_2_1.jpg,MU0105-K,81,Size,XS,,1,,Color,Alb/marin,,1,,,,,,,,,,,,[47cm]·[68cm],8435782504590
variation,MU0105015501-K,,1,0,visible,,Dimensiuni: 50 * 70 cm,taxable,1,0,0,68.25,,,https://static.musaibrand.com/images/models/0105-K/model/large/0105-K_5501_2_1.jpg,MU0105-K,82,Size,S,,1,,Color,Alb/marin,,1,,,,,,,,,,,,[50cm]·[70cm],8435782504699
variation,MU0105025501-K,,1,0,visible,,Dimensiuni: 53 * 72 cm,taxable,1,0,0,68.25,,,https://static.musaibrand.com/images/models/0105-K/model/large/0105-K_5501_2_1.jpg,MU0105-K,83,Size,M,,1,,Color,Alb/marin,,1,,,,,,,,,,,,[53cm]·[72cm],8435782504798
variation,MU0105035501-K,,1,0,visible,,Dimensiuni: 56 * 73 cm,taxable,1,0,0,68.25,,,https://static.musaibrand.com/images/models/0105-K/model/large/0105-K_5501_2_1.jpg,MU0105-K,84,Size,L,,1,,Color,Alb/marin,,1,,,,,,,,,,,,[56cm]·[73cm],8435782504897
variation,MU0105045501-K,,1,0,visible,,Dimensiuni: 59 * 74 cm,taxable,1,0,0,68.25,,,https://static.musaibrand.com/images/models/0105-K/model/large/0105-K_5501_2_1.jpg,MU0105-K,85,Size,XL,,1,,Color,Alb/marin,,1,,,,,,,,,,,,[59cm]·[74cm],8435782504996
variation,MU0105055501-K,,1,0,visible,,Dimensiuni: 62 * 76 cm,taxable,1,0,0,68.25,,,https://static.musaibrand.com/images/models/0105-K/model/large/0105-K_5501_2_1.jpg,MU0105-K,86,Size,2XL,,1,,Color,Alb/marin,,1,,,,,,,,,,,,[62cm]·[76cm],8435782505092
variation,MU0105065501-K,,1,0,visible,,Dimensiuni: 65 * 79 cm,taxable,1,0,0,68.25,,,https://static.musaibrand.com/images/models/0105-K/model/large/0105-K_5501_2_1.jpg,MU0105-K,87,Size,3XL,,1,,Color,Alb/marin,,1,,,,,,,,,,,,[65cm]·[79cm],8435782505191
variation,MU0105755501-K,,1,0,visible,,Dimensiuni: 34 * 48 cm,taxable,1,0,0,68.25,,,https://static.musaibrand.com/images/models/0105-K/model/large/0105-K_5501_2_1.jpg,MU0105-K,88,Size,4/6,,1,,Color,Alb/marin,,1,,,,,,,,,,,,[34cm]·[48cm],8435782505290
variation,MU0105765501-K,,1,0,visible,,Dimensiuni: 40 * 55 cm,taxable,1,0,0,68.25,,,https://static.musaibrand.com/images/models/0105-K/model/large/0105-K_5501_2_1.jpg,MU0105-K,89,Size,8/10,,1,,Color,Alb/marin,,1,,,,,,,,,,,,[40cm]·[55cm],8435782505399
variation,MU0105775501-K,,1,0,visible,,Dimensiuni: 45 * 63 cm,taxable,1,0,0,68.25,,,https://static.musaibrand.com/images/models/0105-K/model/large/0105-K_5501_2_1.jpg,MU0105-K,90,Size,12/14,,1,,Color,Alb/marin,,1,,,,,,,,,,,,[45cm]·[63cm],8435782505498
variation,MU0105006055-K,,1,0,visible,,Dimensiuni: 47 * 68 cm,taxable,1,0,0,68.25,,,https://static.musaibrand.com/images/models/0105-K/model/large/0105-K_6055_2_1.jpg,MU0105-K,91,Size,XS,,1,,Color,Roșu/albastru marin,,1,,,,,,,,,,,,[47cm]·[68cm],8435782504606
variation,MU0105016055-K,,1,0,visible,,Dimensiuni: 50 * 70 cm,taxable,1,0,0,68.25,,,https://static.musaibrand.com/images/models/0105-K/model/large/0105-K_6055_2_1.jpg,MU0105-K,92,Size,S,,1,,Color,Roșu/albastru marin,,1,,,,,,,,,,,,[50cm]·[70cm],8435782504705
variation,MU0105026055-K,,1,0,visible,,Dimensiuni: 53 * 72 cm,taxable,1,0,0,68.25,,,https://static.musaibrand.com/images/models/0105-K/model/large/0105-K_6055_2_1.jpg,MU0105-K,93,Size,M,,1,,Color,Roșu/albastru marin,,1,,,,,,,,,,,,[53cm]·[72cm],8435782504804
variation,MU0105036055-K,,1,0,visible,,Dimensiuni: 56 * 73 cm,taxable,1,0,0,68.25,,,https://static.musaibrand.com/images/models/0105-K/model/large/0105-K_6055_2_1.jpg,MU0105-K,94,Size,L,,1,,Color,Roșu/albastru marin,,1,,,,,,,,,,,,[56cm]·[73cm],8435782504903
variation,MU0105046055-K,,1,0,visible,,Dimensiuni: 59 * 74 cm,taxable,1,0,0,68.25,,,https://static.musaibrand.com/images/models/0105-K/model/large/0105-K_6055_2_1.jpg,MU0105-K,95,Size,XL,,1,,Color,Roșu/albastru marin,,1,,,,,,,,,,,,[59cm]·[74cm],8435782505009
variation,MU0105056055-K,,1,0,visible,,Dimensiuni: 62 * 76 cm,taxable,1,0,0,68.25,,,https://static.musaibrand.com/images/models/0105-K/model/large/0105-K_6055_2_1.jpg,MU0105-K,96,Size,2XL,,1,,Color,Roșu/albastru marin,,1,,,,,,,,,,,,[62cm]·[76cm],8435782505108
variation,MU0105066055-K,,1,0,visible,,Dimensiuni: 65 * 79 cm,taxable,1,0,0,68.25,,,https://static.musaibrand.com/images/models/0105-K/model/large/0105-K_6055_2_1.jpg,MU0105-K,97,Size,3XL,,1,,Color,Roșu/albastru marin,,1,,,,,,,,,,,,[65cm]·[79cm],8435782505207
variation,MU0105756055-K,,1,0,visible,,Dimensiuni: 34 * 48 cm,taxable,1,0,0,68.25,,,https://static.musaibrand.com/images/models/0105-K/model/large/0105-K_6055_2_1.jpg,MU0105-K,98,Size,4/6,,1,,Color,Roșu/albastru marin,,1,,,,,,,,,,,,[34cm]·[48cm],8435782505306
variation,MU0105766055-K,,1,0,visible,,Dimensiuni: 40 * 55 cm,taxable,1,0,0,68.25,,,https://static.musaibrand.com/images/models/0105-K/model/large/0105-K_6055_2_1.jpg,MU0105-K,99,Size,8/10,,1,,Color,Roșu/albastru marin,,1,,,,,,,,,,,,[40cm]·[55cm],8435782505405
variation,MU0105776055-K,,1,0,visible,,Dimensiuni: 45 * 63 cm,taxable,1,0,0,68.25,,,https://static.musaibrand.com/images/models/0105-K/model/large/0105-K_6055_2_1.jpg,MU0105-K,100,Size,12/14,,1,,Color,Roșu/albastru marin,,1,,,,,,,,,,,,[45cm]·[63cm],8435782505504
variable,MU0106,Tricou - Wata,1,0,visible,,"<p>Tricou tehnic unisex cu mânecă lungă și guler rotund, din poliester reciclat.                             <br>· Wicking   <br>· Breathable</p><p><strong>Compoziție:</strong> 100% poliester interlock reciclat</p><p><br>· Guler rotund cu mâneci și părți de culoare contrastantă din material textil asortat <br>· Acoperire elastică a cusăturii de pe guler.<br>· Mâneci lungi cu manșete tip rib.<br>· Finisaje cu cusături plate.<br>· Detaliu cu logo imprimat pe piept.</p><h4>Dimensiuni</h4><table style='border-collapse:collapse;margin:8px 0'><tr><th style='padding:4px 12px;border:1px solid #ddd;text-align:left'>Mărime</th><th style='padding:4px 12px;border:1px solid #ddd;text-align:left'>Dimensiuni</th></tr><tr><td style='padding:4px 12px;border:1px solid #ddd'>XS</td><td style='padding:4px 12px;border:1px solid #ddd'>47 * 68 cm</td></tr><tr><td style='padding:4px 12px;border:1px solid #ddd'>S</td><td style='padding:4px 12px;border:1px solid #ddd'>50 * 70 cm</td></tr><tr><td style='padding:4px 12px;border:1px solid #ddd'>M</td><td style='padding:4px 12px;border:1px solid #ddd'>53 * 72 cm</td></tr><tr><td style='padding:4px 12px;border:1px solid #ddd'>L</td><td style='padding:4px 12px;border:1px solid #ddd'>56 * 74 cm</td></tr><tr><td style='padding:4px 12px;border:1px solid #ddd'>XL</td><td style='padding:4px 12px;border:1px solid #ddd'>59 * 76 cm</td></tr><tr><td style='padding:4px 12px;border:1px solid #ddd'>2XL</td><td style='padding:4px 12px;border:1px solid #ddd'>62 * 79 cm</td></tr><tr><td style='padding:4px 12px;border:1px solid #ddd'>3XL</td><td style='padding:4px 12px;border:1px solid #ddd'>65 * 82 cm</td></tr><tr><td style='padding:4px 12px;border:1px solid #ddd'>4/6</td><td style='padding:4px 12px;border:1px solid #ddd'>34 * 48 cm</td></tr><tr><td style='padding:4px 12px;border:1px solid #ddd'>8/10</td><td style='padding:4px 12px;border:1px solid #ddd'>40 * 55 cm</td></tr><tr><td style='padding:4px 12px;border:1px solid #ddd'>12/14</td><td style='padding:4px 12px;border:1px solid #ddd'>45 * 63 cm</td></tr></table>",taxable,1,0,0,,Tricouri și tricouri polo,MUSAI,"https://static.musaibrand.com/images/models/0106/model/large/0106_17602_1_1.jpg,https://static.musaibrand.com/images/models/0106/model/large/0106_22202_1_1.jpg,https://static.musaibrand.com/images/models/0106/model/large/0106_22302_1_1.jpg,https://static.musaibrand.com/images/models/0106/model/large/0106_3402_1_1.jpg,https://static.musaibrand.com/images/models/0106/model/large/0106_17602_2_1.jpg,https://static.musaibrand.com/images/models/0106/model/large/0106_22202_2_1.jpg,https://static.musaibrand.com/images/models/0106/model/large/0106_22302_2_1.jpg,https://static.musaibrand.com/images/models/0106/model/large/0106_3402_2_1.jpg",,0,Size,"XS, S, M, L, XL, 2XL, 3XL, 4/6, 8/10, 12/14",1,1,,Color,"Turcoaz fluornegru, Fluor verde/negru, Fluor portocaliu/negru, Gum roz/negru",1,1,,Gender,Unisex,1,1,,Dimensiuni,"[47cm]·[68cm], [50cm]·[70cm], [53cm]·[72cm], [56cm]·[74cm], [59cm]·[76cm], [62cm]·[79cm], [65cm]·[82cm], [34cm]·[48cm], [40cm]·[55cm], [45cm]·[63cm]",1,0,,,
variation,MU01060017602,,1,0,visible,,Dimensiuni: 47 * 68 cm,taxable,1,0,0,78.75,,,https://static.musaibrand.com/images/models/0106/model/large/0106_17602_2_1.jpg,MU0106,1,Size,XS,,1,,Color,Turcoaz fluornegru,,1,,,,,,,,,,,,[47cm]·[68cm],8435782505511
variation,MU01060117602,,1,0,visible,,Dimensiuni: 50 * 70 cm,taxable,1,0,0,78.75,,,https://static.musaibrand.com/images/models/0106/model/large/0106_17602_2_1.jpg,MU0106,2,Size,S,,1,,Color,Turcoaz fluornegru,,1,,,,,,,,,,,,[50cm]·[70cm],8435782505559
variation,MU01060217602,,1,0,visible,,Dimensiuni: 53 * 72 cm,taxable,1,0,0,78.75,,,https://static.musaibrand.com/images/models/0106/model/large/0106_17602_2_1.jpg,MU0106,3,Size,M,,1,,Color,Turcoaz fluornegru,,1,,,,,,,,,,,,[53cm]·[72cm],8435782505597
variation,MU01060317602,,1,0,visible,,Dimensiuni: 56 * 74 cm,taxable,1,0,0,78.75,,,https://static.musaibrand.com/images/models/0106/model/large/0106_17602_2_1.jpg,MU0106,4,Size,L,,1,,Color,Turcoaz fluornegru,,1,,,,,,,,,,,,[56cm]·[74cm],8435782505634
variation,MU01060417602,,1,0,visible,,Dimensiuni: 59 * 76 cm,taxable,1,0,0,78.75,,,https://static.musaibrand.com/images/models/0106/model/large/0106_17602_2_1.jpg,MU0106,5,Size,XL,,1,,Color,Turcoaz fluornegru,,1,,,,,,,,,,,,[59cm]·[76cm],8435782505672
variation,MU01060517602,,1,0,visible,,Dimensiuni: 62 * 79 cm,taxable,1,0,0,78.75,,,https://static.musaibrand.com/images/models/0106/model/large/0106_17602_2_1.jpg,MU0106,6,Size,2XL,,1,,Color,Turcoaz fluornegru,,1,,,,,,,,,,,,[62cm]·[79cm],8435782505719
variation,MU01060617602,,1,0,visible,,Dimensiuni: 65 * 82 cm,taxable,1,0,0,78.75,,,https://static.musaibrand.com/images/models/0106/model/large/0106_17602_2_1.jpg,MU0106,7,Size,3XL,,1,,Color,Turcoaz fluornegru,,1,,,,,,,,,,,,[65cm]·[82cm],8435782505757
variation,MU01067517602,,1,0,visible,,Dimensiuni: 34 * 48 cm,taxable,1,0,0,78.75,,,https://static.musaibrand.com/images/models/0106/model/large/0106_17602_2_1.jpg,MU0106,8,Size,4/6,,1,,Color,Turcoaz fluornegru,,1,,,,,,,,,,,,[34cm]·[48cm],8435782505795
variation,MU01067617602,,1,0,visible,,Dimensiuni: 40 * 55 cm,taxable,1,0,0,78.75,,,https://static.musaibrand.com/images/models/0106/model/large/0106_17602_2_1.jpg,MU0106,9,Size,8/10,,1,,Color,Turcoaz fluornegru,,1,,,,,,,,,,,,[40cm]·[55cm],8435782505832
variation,MU01067717602,,1,0,visible,,Dimensiuni: 45 * 63 cm,taxable,1,0,0,78.75,,,https://static.musaibrand.com/images/models/0106/model/large/0106_17602_2_1.jpg,MU0106,10,Size,12/14,,1,,Color,Turcoaz fluornegru,,1,,,,,,,,,,,,[45cm]·[63cm],8435782505870
variation,MU01060022202,,1,0,visible,,Dimensiuni: 47 * 68 cm,taxable,1,0,0,78.75,,,https://static.musaibrand.com/images/models/0106/model/large/0106_22202_2_1.jpg,MU0106,11,Size,XS,,1,,Color,Fluor verde/negru,,1,,,,,,,,,,,,[47cm]·[68cm],8435782505528
variation,MU01060122202,,1,0,visible,,Dimensiuni: 50 * 70 cm,taxable,1,0,0,78.75,,,https://static.musaibrand.com/images/models/0106/model/large/0106_22202_2_1.jpg,MU0106,12,Size,S,,1,,Color,Fluor verde/negru,,1,,,,,,,,,,,,[50cm]·[70cm],8435782505566
variation,MU01060222202,,1,0,visible,,Dimensiuni: 53 * 72 cm,taxable,1,0,0,78.75,,,https://static.musaibrand.com/images/models/0106/model/large/0106_22202_2_1.jpg,MU0106,13,Size,M,,1,,Color,Fluor verde/negru,,1,,,,,,,,,,,,[53cm]·[72cm],8435782505603
variation,MU01060322202,,1,0,visible,,Dimensiuni: 56 * 74 cm,taxable,1,0,0,78.75,,,https://static.musaibrand.com/images/models/0106/model/large/0106_22202_2_1.jpg,MU0106,14,Size,L,,1,,Color,Fluor verde/negru,,1,,,,,,,,,,,,[56cm]·[74cm],8435782505641
variation,MU01060422202,,1,0,visible,,Dimensiuni: 59 * 76 cm,taxable,1,0,0,78.75,,,https://static.musaibrand.com/images/models/0106/model/large/0106_22202_2_1.jpg,MU0106,15,Size,XL,,1,,Color,Fluor verde/negru,,1,,,,,,,,,,,,[59cm]·[76cm],8435782505689
variation,MU01060522202,,1,0,visible,,Dimensiuni: 62 * 79 cm,taxable,1,0,0,78.75,,,https://static.musaibrand.com/images/models/0106/model/large/0106_22202_2_1.jpg,MU0106,16,Size,2XL,,1,,Color,Fluor verde/negru,,1,,,,,,,,,,,,[62cm]·[79cm],8435782505726
variation,MU01060622202,,1,0,visible,,Dimensiuni: 65 * 82 cm,taxable,1,0,0,78.75,,,https://static.musaibrand.com/images/models/0106/model/large/0106_22202_2_1.jpg,MU0106,17,Size,3XL,,1,,Color,Fluor verde/negru,,1,,,,,,,,,,,,[65cm]·[82cm],8435782505764
variation,MU01067522202,,1,0,visible,,Dimensiuni: 34 * 48 cm,taxable,1,0,0,78.75,,,https://static.musaibrand.com/images/models/0106/model/large/0106_22202_2_1.jpg,MU0106,18,Size,4/6,,1,,Color,Fluor verde/negru,,1,,,,,,,,,,,,[34cm]·[48cm],8435782505801
variation,MU01067622202,,1,0,visible,,Dimensiuni: 40 * 55 cm,taxable,1,0,0,78.75,,,https://static.musaibrand.com/images/models/0106/model/large/0106_22202_2_1.jpg,MU0106,19,Size,8/10,,1,,Color,Fluor verde/negru,,1,,,,,,,,,,,,[40cm]·[55cm],8435782505849
variation,MU01067722202,,1,0,visible,,Dimensiuni: 45 * 63 cm,taxable,1,0,0,78.75,,,https://static.musaibrand.com/images/models/0106/model/large/0106_22202_2_1.jpg,MU0106,20,Size,12/14,,1,,Color,Fluor verde/negru,,1,,,,,,,,,,,,[45cm]·[63cm],8435782505887
variation,MU01060022302,,1,0,visible,,Dimensiuni: 47 * 68 cm,taxable,1,0,0,78.75,,,https://static.musaibrand.com/images/models/0106/model/large/0106_22302_2_1.jpg,MU0106,21,Size,XS,,1,,Color,Fluor portocaliu/negru,,1,,,,,,,,,,,,[47cm]·[68cm],8435782505535
variation,MU01060122302,,1,0,visible,,Dimensiuni: 50 * 70 cm,taxable,1,0,0,78.75,,,https://static.musaibrand.com/images/models/0106/model/large/0106_22302_2_1.jpg,MU0106,22,Size,S,,1,,Color,Fluor portocaliu/negru,,1,,,,,,,,,,,,[50cm]·[70cm],8435782505573
variation,MU01060222302,,1,0,visible,,Dimensiuni: 53 * 72 cm,taxable,1,0,0,78.75,,,https://static.musaibrand.com/images/models/0106/model/large/0106_22302_2_1.jpg,MU0106,23,Size,M,,1,,Color,Fluor portocaliu/negru,,1,,,,,,,,,,,,[53cm]·[72cm],8435782505610
variation,MU01060322302,,1,0,visible,,Dimensiuni: 56 * 74 cm,taxable,1,0,0,78.75,,,https://static.musaibrand.com/images/models/0106/model/large/0106_22302_2_1.jpg,MU0106,24,Size,L,,1,,Color,Fluor portocaliu/negru,,1,,,,,,,,,,,,[56cm]·[74cm],8435782505658
variation,MU01060422302,,1,0,visible,,Dimensiuni: 59 * 76 cm,taxable,1,0,0,78.75,,,https://static.musaibrand.com/images/models/0106/model/large/0106_22302_2_1.jpg,MU0106,25,Size,XL,,1,,Color,Fluor portocaliu/negru,,1,,,,,,,,,,,,[59cm]·[76cm],8435782505696
variation,MU01060522302,,1,0,visible,,Dimensiuni: 62 * 79 cm,taxable,1,0,0,78.75,,,https://static.musaibrand.com/images/models/0106/model/large/0106_22302_2_1.jpg,MU0106,26,Size,2XL,,1,,Color,Fluor portocaliu/negru,,1,,,,,,,,,,,,[62cm]·[79cm],8435782505733
variation,MU01060622302,,1,0,visible,,Dimensiuni: 65 * 82 cm,taxable,1,0,0,78.75,,,https://static.musaibrand.com/images/models/0106/model/large/0106_22302_2_1.jpg,MU0106,27,Size,3XL,,1,,Color,Fluor portocaliu/negru,,1,,,,,,,,,,,,[65cm]·[82cm],8435782505771
variation,MU01067522302,,1,0,visible,,Dimensiuni: 34 * 48 cm,taxable,1,0,0,78.75,,,https://static.musaibrand.com/images/models/0106/model/large/0106_22302_2_1.jpg,MU0106,28,Size,4/6,,1,,Color,Fluor portocaliu/negru,,1,,,,,,,,,,,,[34cm]·[48cm],8435782505818
variation,MU01067622302,,1,0,visible,,Dimensiuni: 40 * 55 cm,taxable,1,0,0,78.75,,,https://static.musaibrand.com/images/models/0106/model/large/0106_22302_2_1.jpg,MU0106,29,Size,8/10,,1,,Color,Fluor portocaliu/negru,,1,,,,,,,,,,,,[40cm]·[55cm],8435782505856
variation,MU01067722302,,1,0,visible,,Dimensiuni: 45 * 63 cm,taxable,1,0,0,78.75,,,https://static.musaibrand.com/images/models/0106/model/large/0106_22302_2_1.jpg,MU0106,30,Size,12/14,,1,,Color,Fluor portocaliu/negru,,1,,,,,,,,,,,,[45cm]·[63cm],8435782505894
variation,MU0106003402,,1,0,visible,,Dimensiuni: 47 * 68 cm,taxable,1,0,0,78.75,,,https://static.musaibrand.com/images/models/0106/model/large/0106_3402_2_1.jpg,MU0106,31,Size,XS,,1,,Color,Gum roz/negru,,1,,,,,,,,,,,,[47cm]·[68cm],8435782505542
variation,MU0106013402,,1,0,visible,,Dimensiuni: 50 * 70 cm,taxable,1,0,0,78.75,,,https://static.musaibrand.com/images/models/0106/model/large/0106_3402_2_1.jpg,MU0106,32,Size,S,,1,,Color,Gum roz/negru,,1,,,,,,,,,,,,[50cm]·[70cm],8435782505580
variation,MU0106023402,,1,0,visible,,Dimensiuni: 53 * 72 cm,taxable,1,0,0,78.75,,,https://static.musaibrand.com/images/models/0106/model/large/0106_3402_2_1.jpg,MU0106,33,Size,M,,1,,Color,Gum roz/negru,,1,,,,,,,,,,,,[53cm]·[72cm],8435782505627
variation,MU0106033402,,1,0,visible,,Dimensiuni: 56 * 74 cm,taxable,1,0,0,78.75,,,https://static.musaibrand.com/images/models/0106/model/large/0106_3402_2_1.jpg,MU0106,34,Size,L,,1,,Color,Gum roz/negru,,1,,,,,,,,,,,,[56cm]·[74cm],8435782505665
variation,MU0106043402,,1,0,visible,,Dimensiuni: 59 * 76 cm,taxable,1,0,0,78.75,,,https://static.musaibrand.com/images/models/0106/model/large/0106_3402_2_1.jpg,MU0106,35,Size,XL,,1,,Color,Gum roz/negru,,1,,,,,,,,,,,,[59cm]·[76cm],8435782505702
variation,MU0106053402,,1,0,visible,,Dimensiuni: 62 * 79 cm,taxable,1,0,0,78.75,,,https://static.musaibrand.com/images/models/0106/model/large/0106_3402_2_1.jpg,MU0106,36,Size,2XL,,1,,Color,Gum roz/negru,,1,,,,,,,,,,,,[62cm]·[79cm],8435782505740
variation,MU0106063402,,1,0,visible,,Dimensiuni: 65 * 82 cm,taxable,1,0,0,78.75,,,https://static.musaibrand.com/images/models/0106/model/large/0106_3402_2_1.jpg,MU0106,37,Size,3XL,,1,,Color,Gum roz/negru,,1,,,,,,,,,,,,[65cm]·[82cm],8435782505788
variation,MU0106753402,,1,0,visible,,Dimensiuni: 34 * 48 cm,taxable,1,0,0,78.75,,,https://static.musaibrand.com/images/models/0106/model/large/0106_3402_2_1.jpg,MU0106,38,Size,4/6,,1,,Color,Gum roz/negru,,1,,,,,,,,,,,,[34cm]·[48cm],8435782505825
variation,MU0106763402,,1,0,visible,,Dimensiuni: 40 * 55 cm,taxable,1,0,0,78.75,,,https://static.musaibrand.com/images/models/0106/model/large/0106_3402_2_1.jpg,MU0106,39,Size,8/10,,1,,Color,Gum roz/negru,,1,,,,,,,,,,,,[40cm]·[55cm],8435782505863
variation,MU0106773402,,1,0,visible,,Dimensiuni: 45 * 63 cm,taxable,1,0,0,78.75,,,https://static.musaibrand.com/images/models/0106/model/large/0106_3402_2_1.jpg,MU0106,40,Size,12/14,,1,,Color,Gum roz/negru,,1,,,,,,,,,,,,[45cm]·[63cm],8435782505900
variable,MU0106-K,Tricou Wata Copii,1,0,visible,,"<p>Tricou tehnic pentru copii cu mânecă lungă și guler rotund, din poliester reciclat.                             <br>· Wicking   <br>· Breathable</p><p><strong>Compoziție:</strong> 100% poliester interlock reciclat</p><p><br>· Guler rotund cu mâneci și părți de culoare contrastantă din material textil asortat <br>· Acoperire elastică a cusăturii de pe guler.<br>· Mâneci lungi cu manșete tip rib.<br>· Finisaje cu cusături plate.<br>· Detaliu cu logo imprimat pe piept.</p><h4>Dimensiuni</h4><table style='border-collapse:collapse;margin:8px 0'><tr><th style='padding:4px 12px;border:1px solid #ddd;text-align:left'>Mărime</th><th style='padding:4px 12px;border:1px solid #ddd;text-align:left'>Dimensiuni</th></tr><tr><td style='padding:4px 12px;border:1px solid #ddd'>XS</td><td style='padding:4px 12px;border:1px solid #ddd'>47 * 68 cm</td></tr><tr><td style='padding:4px 12px;border:1px solid #ddd'>S</td><td style='padding:4px 12px;border:1px solid #ddd'>50 * 70 cm</td></tr><tr><td style='padding:4px 12px;border:1px solid #ddd'>M</td><td style='padding:4px 12px;border:1px solid #ddd'>53 * 72 cm</td></tr><tr><td style='padding:4px 12px;border:1px solid #ddd'>L</td><td style='padding:4px 12px;border:1px solid #ddd'>56 * 74 cm</td></tr><tr><td style='padding:4px 12px;border:1px solid #ddd'>XL</td><td style='padding:4px 12px;border:1px solid #ddd'>59 * 76 cm</td></tr><tr><td style='padding:4px 12px;border:1px solid #ddd'>2XL</td><td style='padding:4px 12px;border:1px solid #ddd'>62 * 79 cm</td></tr><tr><td style='padding:4px 12px;border:1px solid #ddd'>3XL</td><td style='padding:4px 12px;border:1px solid #ddd'>65 * 82 cm</td></tr><tr><td style='padding:4px 12px;border:1px solid #ddd'>4/6</td><td style='padding:4px 12px;border:1px solid #ddd'>34 * 48 cm</td></tr><tr><td style='padding:4px 12px;border:1px solid #ddd'>8/10</td><td style='padding:4px 12px;border:1px solid #ddd'>40 * 55 cm</td></tr><tr><td style='padding:4px 12px;border:1px solid #ddd'>12/14</td><td style='padding:4px 12px;border:1px solid #ddd'>45 * 63 cm</td></tr></table>",taxable,1,0,0,,Tricouri și tricouri polo,MUSAI,"https://static.musaibrand.com/images/models/0106-K/model/large/0106-K_17602_1_1.jpg,https://static.musaibrand.com/images/models/0106-K/model/large/0106-K_22202_1_1.jpg,https://static.musaibrand.com/images/models/0106-K/model/large/0106-K_22302_1_1.jpg,https://static.musaibrand.com/images/models/0106-K/model/large/0106-K_3402_1_1.jpg,https://static.musaibrand.com/images/models/0106-K/model/large/0106-K_17602_2_1.jpg,https://static.musaibrand.com/images/models/0106-K/model/large/0106-K_22202_2_1.jpg,https://static.musaibrand.com/images/models/0106-K/model/large/0106-K_22302_2_1.jpg,https://static.musaibrand.com/images/models/0106-K/model/large/0106-K_3402_2_1.jpg",,0,Size,"XS, S, M, L, XL, 2XL, 3XL, 4/6, 8/10, 12/14",1,1,,Color,"Turcoaz fluornegru, Fluor verde/negru, Fluor portocaliu/negru, Gum roz/negru",1,1,,Gender,Unisex,1,1,,Dimensiuni,"[47cm]·[68cm], [50cm]·[70cm], [53cm]·[72cm], [56cm]·[74cm], [59cm]·[76cm], [62cm]·[79cm], [65cm]·[82cm], [34cm]·[48cm], [40cm]·[55cm], [45cm]·[63cm]",1,0,,,
variation,MU01060017602-K,,1,0,visible,,Dimensiuni: 47 * 68 cm,taxable,1,0,0,78.75,,,https://static.musaibrand.com/images/models/0106-K/model/large/0106-K_17602_2_1.jpg,MU0106-K,1,Size,XS,,1,,Color,Turcoaz fluornegru,,1,,,,,,,,,,,,[47cm]·[68cm],8435782505511
variation,MU01060117602-K,,1,0,visible,,Dimensiuni: 50 * 70 cm,taxable,1,0,0,78.75,,,https://static.musaibrand.com/images/models/0106-K/model/large/0106-K_17602_2_1.jpg,MU0106-K,2,Size,S,,1,,Color,Turcoaz fluornegru,,1,,,,,,,,,,,,[50cm]·[70cm],8435782505559
variation,MU01060217602-K,,1,0,visible,,Dimensiuni: 53 * 72 cm,taxable,1,0,0,78.75,,,https://static.musaibrand.com/images/models/0106-K/model/large/0106-K_17602_2_1.jpg,MU0106-K,3,Size,M,,1,,Color,Turcoaz fluornegru,,1,,,,,,,,,,,,[53cm]·[72cm],8435782505597
variation,MU01060317602-K,,1,0,visible,,Dimensiuni: 56 * 74 cm,taxable,1,0,0,78.75,,,https://static.musaibrand.com/images/models/0106-K/model/large/0106-K_17602_2_1.jpg,MU0106-K,4,Size,L,,1,,Color,Turcoaz fluornegru,,1,,,,,,,,,,,,[56cm]·[74cm],8435782505634
variation,MU01060417602-K,,1,0,visible,,Dimensiuni: 59 * 76 cm,taxable,1,0,0,78.75,,,https://static.musaibrand.com/images/models/0106-K/model/large/0106-K_17602_2_1.jpg,MU0106-K,5,Size,XL,,1,,Color,Turcoaz fluornegru,,1,,,,,,,,,,,,[59cm]·[76cm],8435782505672
variation,MU01060517602-K,,1,0,visible,,Dimensiuni: 62 * 79 cm,taxable,1,0,0,78.75,,,https://static.musaibrand.com/images/models/0106-K/model/large/0106-K_17602_2_1.jpg,MU0106-K,6,Size,2XL,,1,,Color,Turcoaz fluornegru,,1,,,,,,,,,,,,[62cm]·[79cm],8435782505719
variation,MU01060617602-K,,1,0,visible,,Dimensiuni: 65 * 82 cm,taxable,1,0,0,78.75,,,https://static.musaibrand.com/images/models/0106-K/model/large/0106-K_17602_2_1.jpg,MU0106-K,7,Size,3XL,,1,,Color,Turcoaz fluornegru,,1,,,,,,,,,,,,[65cm]·[82cm],8435782505757
variation,MU01067517602-K,,1,0,visible,,Dimensiuni: 34 * 48 cm,taxable,1,0,0,78.75,,,https://static.musaibrand.com/images/models/0106-K/model/large/0106-K_17602_2_1.jpg,MU0106-K,8,Size,4/6,,1,,Color,Turcoaz fluornegru,,1,,,,,,,,,,,,[34cm]·[48cm],8435782505795
variation,MU01067617602-K,,1,0,visible,,Dimensiuni: 40 * 55 cm,taxable,1,0,0,78.75,,,https://static.musaibrand.com/images/models/0106-K/model/large/0106-K_17602_2_1.jpg,MU0106-K,9,Size,8/10,,1,,Color,Turcoaz fluornegru,,1,,,,,,,,,,,,[40cm]·[55cm],8435782505832
variation,MU01067717602-K,,1,0,visible,,Dimensiuni: 45 * 63 cm,taxable,1,0,0,78.75,,,https://static.musaibrand.com/images/models/0106-K/model/large/0106-K_17602_2_1.jpg,MU0106-K,10,Size,12/14,,1,,Color,Turcoaz fluornegru,,1,,,,,,,,,,,,[45cm]·[63cm],8435782505870
variation,MU01060022202-K,,1,0,visible,,Dimensiuni: 47 * 68 cm,taxable,1,0,0,78.75,,,https://static.musaibrand.com/images/models/0106-K/model/large/0106-K_22202_2_1.jpg,MU0106-K,11,Size,XS,,1,,Color,Fluor verde/negru,,1,,,,,,,,,,,,[47cm]·[68cm],8435782505528
variation,MU01060122202-K,,1,0,visible,,Dimensiuni: 50 * 70 cm,taxable,1,0,0,78.75,,,https://static.musaibrand.com/images/models/0106-K/model/large/0106-K_22202_2_1.jpg,MU0106-K,12,Size,S,,1,,Color,Fluor verde/negru,,1,,,,,,,,,,,,[50cm]·[70cm],8435782505566
variation,MU01060222202-K,,1,0,visible,,Dimensiuni: 53 * 72 cm,taxable,1,0,0,78.75,,,https://static.musaibrand.com/images/models/0106-K/model/large/0106-K_22202_2_1.jpg,MU0106-K,13,Size,M,,1,,Color,Fluor verde/negru,,1,,,,,,,,,,,,[53cm]·[72cm],8435782505603
variation,MU01060322202-K,,1,0,visible,,Dimensiuni: 56 * 74 cm,taxable,1,0,0,78.75,,,https://static.musaibrand.com/images/models/0106-K/model/large/0106-K_22202_2_1.jpg,MU0106-K,14,Size,L,,1,,Color,Fluor verde/negru,,1,,,,,,,,,,,,[56cm]·[74cm],8435782505641
variation,MU01060422202-K,,1,0,visible,,Dimensiuni: 59 * 76 cm,taxable,1,0,0,78.75,,,https://static.musaibrand.com/images/models/0106-K/model/large/0106-K_22202_2_1.jpg,MU0106-K,15,Size,XL,,1,,Color,Fluor verde/negru,,1,,,,,,,,,,,,[59cm]·[76cm],8435782505689
variation,MU01060522202-K,,1,0,visible,,Dimensiuni: 62 * 79 cm,taxable,1,0,0,78.75,,,https://static.musaibrand.com/images/models/0106-K/model/large/0106-K_22202_2_1.jpg,MU0106-K,16,Size,2XL,,1,,Color,Fluor verde/negru,,1,,,,,,,,,,,,[62cm]·[79cm],8435782505726
variation,MU01060622202-K,,1,0,visible,,Dimensiuni: 65 * 82 cm,taxable,1,0,0,78.75,,,https://static.musaibrand.com/images/models/0106-K/model/large/0106-K_22202_2_1.jpg,MU0106-K,17,Size,3XL,,1,,Color,Fluor verde/negru,,1,,,,,,,,,,,,[65cm]·[82cm],8435782505764
variation,MU01067522202-K,,1,0,visible,,Dimensiuni: 34 * 48 cm,taxable,1,0,0,78.75,,,https://static.musaibrand.com/images/models/0106-K/model/large/0106-K_22202_2_1.jpg,MU0106-K,18,Size,4/6,,1,,Color,Fluor verde/negru,,1,,,,,,,,,,,,[34cm]·[48cm],8435782505801
variation,MU01067622202-K,,1,0,visible,,Dimensiuni: 40 * 55 cm,taxable,1,0,0,78.75,,,https://static.musaibrand.com/images/models/0106-K/model/large/0106-K_22202_2_1.jpg,MU0106-K,19,Size,8/10,,1,,Color,Fluor verde/negru,,1,,,,,,,,,,,,[40cm]·[55cm],8435782505849
variation,MU01067722202-K,,1,0,visible,,Dimensiuni: 45 * 63 cm,taxable,1,0,0,78.75,,,https://static.musaibrand.com/images/models/0106-K/model/large/0106-K_22202_2_1.jpg,MU0106-K,20,Size,12/14,,1,,Color,Fluor verde/negru,,1,,,,,,,,,,,,[45cm]·[63cm],8435782505887
variation,MU01060022302-K,,1,0,visible,,Dimensiuni: 47 * 68 cm,taxable,1,0,0,78.75,,,https://static.musaibrand.com/images/models/0106-K/model/large/0106-K_22302_2_1.jpg,MU0106-K,21,Size,XS,,1,,Color,Fluor portocaliu/negru,,1,,,,,,,,,,,,[47cm]·[68cm],8435782505535
variation,MU01060122302-K,,1,0,visible,,Dimensiuni: 50 * 70 cm,taxable,1,0,0,78.75,,,https://static.musaibrand.com/images/models/0106-K/model/large/0106-K_22302_2_1.jpg,MU0106-K,22,Size,S,,1,,Color,Fluor portocaliu/negru,,1,,,,,,,,,,,,[50cm]·[70cm],8435782505573
variation,MU01060222302-K,,1,0,visible,,Dimensiuni: 53 * 72 cm,taxable,1,0,0,78.75,,,https://static.musaibrand.com/images/models/0106-K/model/large/0106-K_22302_2_1.jpg,MU0106-K,23,Size,M,,1,,Color,Fluor portocaliu/negru,,1,,,,,,,,,,,,[53cm]·[72cm],8435782505610
variation,MU01060322302-K,,1,0,visible,,Dimensiuni: 56 * 74 cm,taxable,1,0,0,78.75,,,https://static.musaibrand.com/images/models/0106-K/model/large/0106-K_22302_2_1.jpg,MU0106-K,24,Size,L,,1,,Color,Fluor portocaliu/negru,,1,,,,,,,,,,,,[56cm]·[74cm],8435782505658
variation,MU01060422302-K,,1,0,visible,,Dimensiuni: 59 * 76 cm,taxable,1,0,0,78.75,,,https://static.musaibrand.com/images/models/0106-K/model/large/0106-K_22302_2_1.jpg,MU0106-K,25,Size,XL,,1,,Color,Fluor portocaliu/negru,,1,,,,,,,,,,,,[59cm]·[76cm],8435782505696
variation,MU01060522302-K,,1,0,visible,,Dimensiuni: 62 * 79 cm,taxable,1,0,0,78.75,,,https://static.musaibrand.com/images/models/0106-K/model/large/0106-K_22302_2_1.jpg,MU0106-K,26,Size,2XL,,1,,Color,Fluor portocaliu/negru,,1,,,,,,,,,,,,[62cm]·[79cm],8435782505733
variation,MU01060622302-K,,1,0,visible,,Dimensiuni: 65 * 82 cm,taxable,1,0,0,78.75,,,https://static.musaibrand.com/images/models/0106-K/model/large/0106-K_22302_2_1.jpg,MU0106-K,27,Size,3XL,,1,,Color,Fluor portocaliu/negru,,1,,,,,,,,,,,,[65cm]·[82cm],8435782505771
variation,MU01067522302-K,,1,0,visible,,Dimensiuni: 34 * 48 cm,taxable,1,0,0,78.75,,,https://static.musaibrand.com/images/models/0106-K/model/large/0106-K_22302_2_1.jpg,MU0106-K,28,Size,4/6,,1,,Color,Fluor portocaliu/negru,,1,,,,,,,,,,,,[34cm]·[48cm],8435782505818
variation,MU01067622302-K,,1,0,visible,,Dimensiuni: 40 * 55 cm,taxable,1,0,0,78.75,,,https://static.musaibrand.com/images/models/0106-K/model/large/0106-K_22302_2_1.jpg,MU0106-K,29,Size,8/10,,1,,Color,Fluor portocaliu/negru,,1,,,,,,,,,,,,[40cm]·[55cm],8435782505856
variation,MU01067722302-K,,1,0,visible,,Dimensiuni: 45 * 63 cm,taxable,1,0,0,78.75,,,https://static.musaibrand.com/images/models/0106-K/model/large/0106-K_22302_2_1.jpg,MU0106-K,30,Size,12/14,,1,,Color,Fluor portocaliu/negru,,1,,,,,,,,,,,,[45cm]·[63cm],8435782505894
variation,MU0106003402-K,,1,0,visible,,Dimensiuni: 47 * 68 cm,taxable,1,0,0,78.75,,,https://static.musaibrand.com/images/models/0106-K/model/large/0106-K_3402_2_1.jpg,MU0106-K,31,Size,XS,,1,,Color,Gum roz/negru,,1,,,,,,,,,,,,[47cm]·[68cm],8435782505542
variation,MU0106013402-K,,1,0,visible,,Dimensiuni: 50 * 70 cm,taxable,1,0,0,78.75,,,https://static.musaibrand.com/images/models/0106-K/model/large/0106-K_3402_2_1.jpg,MU0106-K,32,Size,S,,1,,Color,Gum roz/negru,,1,,,,,,,,,,,,[50cm]·[70cm],8435782505580
variation,MU0106023402-K,,1,0,visible,,Dimensiuni: 53 * 72 cm,taxable,1,0,0,78.75,,,https://static.musaibrand.com/images/models/0106-K/model/large/0106-K_3402_2_1.jpg,MU0106-K,33,Size,M,,1,,Color,Gum roz/negru,,1,,,,,,,,,,,,[53cm]·[72cm],8435782505627
variation,MU0106033402-K,,1,0,visible,,Dimensiuni: 56 * 74 cm,taxable,1,0,0,78.75,,,https://static.musaibrand.com/images/models/0106-K/model/large/0106-K_3402_2_1.jpg,MU0106-K,34,Size,L,,1,,Color,Gum roz/negru,,1,,,,,,,,,,,,[56cm]·[74cm],8435782505665
variation,MU0106043402-K,,1,0,visible,,Dimensiuni: 59 * 76 cm,taxable,1,0,0,78.75,,,https://static.musaibrand.com/images/models/0106-K/model/large/0106-K_3402_2_1.jpg,MU0106-K,35,Size,XL,,1,,Color,Gum roz/negru,,1,,,,,,,,,,,,[59cm]·[76cm],8435782505702
variation,MU0106053402-K,,1,0,visible,,Dimensiuni: 62 * 79 cm,taxable,1,0,0,78.75,,,https://static.musaibrand.com/images/models/0106-K/model/large/0106-K_3402_2_1.jpg,MU0106-K,36,Size,2XL,,1,,Color,Gum roz/negru,,1,,,,,,,,,,,,[62cm]·[79cm],8435782505740
variation,MU0106063402-K,,1,0,visible,,Dimensiuni: 65 * 82 cm,taxable,1,0,0,78.75,,,https://static.musaibrand.com/images/models/0106-K/model/large/0106-K_3402_2_1.jpg,MU0106-K,37,Size,3XL,,1,,Color,Gum roz/negru,,1,,,,,,,,,,,,[65cm]·[82cm],8435782505788
variation,MU0106753402-K,,1,0,visible,,Dimensiuni: 34 * 48 cm,taxable,1,0,0,78.75,,,https://static.musaibrand.com/images/models/0106-K/model/large/0106-K_3402_2_1.jpg,MU0106-K,38,Size,4/6,,1,,Color,Gum roz/negru,,1,,,,,,,,,,,,[34cm]·[48cm],8435782505825
variation,MU0106763402-K,,1,0,visible,,Dimensiuni: 40 * 55 cm,taxable,1,0,0,78.75,,,https://static.musaibrand.com/images/models/0106-K/model/large/0106-K_3402_2_1.jpg,MU0106-K,39,Size,8/10,,1,,Color,Gum roz/negru,,1,,,,,,,,,,,,[40cm]·[55cm],8435782505863
variation,MU0106773402-K,,1,0,visible,,Dimensiuni: 45 * 63 cm,taxable,1,0,0,78.75,,,https://static.musaibrand.com/images/models/0106-K/model/large/0106-K_3402_2_1.jpg,MU0106-K,40,Size,12/14,,1,,Color,Gum roz/negru,,1,,,,,,,,,,,,[45cm]·[63cm],8435782505900
variable,MU0107,Tricou Tricou polo - Rangi,1,0,visible,,"<p>Tricou polo tehnic unisex cu mânecă scurtă, din poliester reciclat.<br>· Antibacterial</p><p><strong>Compoziție:</strong> 100% poliester reciclat</p><p><br>· Guler cu nervuri asortat 1x1.<br>· Bandă elastică pe marginea gulerului.<br>· Bandă de acoperire personalizată cu trei nasturi și design cu siglă.<br>· Deschideri laterale cu detalii de acoperire a cusăturii.<br>· Material respirabil, ușor de spălat și uscat, cu tratament antibacterian.<br>· Detaliu logo texturat asortat.</p><h4>Dimensiuni</h4><table style='border-collapse:collapse;margin:8px 0'><tr><th style='padding:4px 12px;border:1px solid #ddd;text-align:left'>Mărime</th><th style='padding:4px 12px;border:1px solid #ddd;text-align:left'>Dimensiuni</th></tr><tr><td style='padding:4px 12px;border:1px solid #ddd'>XS</td><td style='padding:4px 12px;border:1px solid #ddd'>49 * 69 cm</td></tr><tr><td style='padding:4px 12px;border:1px solid #ddd'>S</td><td style='padding:4px 12px;border:1px solid #ddd'>51 * 70 cm</td></tr><tr><td style='padding:4px 12px;border:1px solid #ddd'>M</td><td style='padding:4px 12px;border:1px solid #ddd'>53 * 71 cm</td></tr><tr><td style='padding:4px 12px;border:1px solid #ddd'>L</td><td style='padding:4px 12px;border:1px solid #ddd'>55 * 73 cm</td></tr><tr><td style='padding:4px 12px;border:1px solid #ddd'>XL</td><td style='padding:4px 12px;border:1px solid #ddd'>58 * 75 cm</td></tr><tr><td style='padding:4px 12px;border:1px solid #ddd'>2XL</td><td style='padding:4px 12px;border:1px solid #ddd'>62 * 77 cm</td></tr><tr><td style='padding:4px 12px;border:1px solid #ddd'>3XL</td><td style='padding:4px 12px;border:1px solid #ddd'>66 * 79 cm</td></tr><tr><td style='padding:4px 12px;border:1px solid #ddd'>4/6</td><td style='padding:4px 12px;border:1px solid #ddd'>36 * 46 cm</td></tr><tr><td style='padding:4px 12px;border:1px solid #ddd'>8/10</td><td style='padding:4px 12px;border:1px solid #ddd'>40 * 55 cm</td></tr><tr><td style='padding:4px 12px;border:1px solid #ddd'>12/14</td><td style='padding:4px 12px;border:1px solid #ddd'>44 * 59 cm</td></tr></table>",taxable,1,0,0,,Tricouri și tricouri polo,MUSAI,"https://static.musaibrand.com/images/models/0107/model/large/0107_01_1_1.jpg,https://static.musaibrand.com/images/models/0107/model/large/0107_02_1_1.jpg,https://static.musaibrand.com/images/models/0107/model/large/0107_03_1_1.jpg,https://static.musaibrand.com/images/models/0107/model/large/0107_05_1_1.jpg,https://static.musaibrand.com/images/models/0107/model/large/0107_10_1_1.jpg,https://static.musaibrand.com/images/models/0107/model/large/0107_176_1_1.jpg,https://static.musaibrand.com/images/models/0107/model/large/0107_221_1_1.jpg,https://static.musaibrand.com/images/models/0107/model/large/0107_222_1_1.jpg,https://static.musaibrand.com/images/models/0107/model/large/0107_223_1_1.jpg,https://static.musaibrand.com/images/models/0107/model/large/0107_226_1_1.jpg,https://static.musaibrand.com/images/models/0107/model/large/0107_258_1_1.jpg,https://static.musaibrand.com/images/models/0107/model/large/0107_34_1_1.jpg,https://static.musaibrand.com/images/models/0107/model/large/0107_55_1_1.jpg,https://static.musaibrand.com/images/models/0107/model/large/0107_60_1_1.jpg,https://static.musaibrand.com/images/models/0107/model/large/0107_64_1_1.jpg,https://static.musaibrand.com/images/models/0107/model/large/0107_01_2_1.jpg,https://static.musaibrand.com/images/models/0107/model/large/0107_02_2_1.jpg,https://static.musaibrand.com/images/models/0107/model/large/0107_03_2_1.jpg,https://static.musaibrand.com/images/models/0107/model/large/0107_05_2_1.jpg,https://static.musaibrand.com/images/models/0107/model/large/0107_10_2_1.jpg,https://static.musaibrand.com/images/models/0107/model/large/0107_176_2_1.jpg,https://static.musaibrand.com/images/models/0107/model/large/0107_221_2_1.jpg,https://static.musaibrand.com/images/models/0107/model/large/0107_222_2_1.jpg,https://static.musaibrand.com/images/models/0107/model/large/0107_223_2_1.jpg,https://static.musaibrand.com/images/models/0107/model/large/0107_226_2_1.jpg,https://static.musaibrand.com/images/models/0107/model/large/0107_258_2_1.jpg,https://static.musaibrand.com/images/models/0107/model/large/0107_34_2_1.jpg,https://static.musaibrand.com/images/models/0107/model/large/0107_55_2_1.jpg,https://static.musaibrand.com/images/models/0107/model/large/0107_60_2_1.jpg,https://static.musaibrand.com/images/models/0107/model/large/0107_64_2_1.jpg",,0,Size,"XS, S, M, L, XL, 2XL, 3XL, 4/6, 8/10, 12/14",1,1,,Color,"Alb, Negru, Galben, Albastru regal, Sky blue, Fluor turcoaz, Galben fluor, Fluor verde, Fluor portocaliu, Fern Green, Gri deschis, Gum Pink, Albastru marin, ROȘU, Burgundy",1,1,,Gender,Bărbat,1,1,,Dimensiuni,"[49cm]·[69cm], [51cm]·[70cm], [53cm]·[71cm], [55cm]·[73cm], [58cm]·[75cm], [62cm]·[77cm], [66cm]·[79cm], [36cm]·[46cm], [40cm]·[55cm], [44cm]·[59cm]",1,0,,,
variation,MU01070001,,1,0,visible,,Dimensiuni: 49 * 69 cm,taxable,1,0,0,99.75,,,https://static.musaibrand.com/images/models/0107/model/large/0107_01_2_1.jpg,MU0107,1,Size,XS,,1,,Color,Alb,,1,,,,,,,,,,,,[49cm]·[69cm],8435782505917
variation,MU01070101,,1,0,visible,,Dimensiuni: 51 * 70 cm,taxable,1,0,0,99.75,,,https://static.musaibrand.com/images/models/0107/model/large/0107_01_2_1.jpg,MU0107,2,Size,S,,1,,Color,Alb,,1,,,,,,,,,,,,[51cm]·[70cm],8435782506051
variation,MU01070201,,1,0,visible,,Dimensiuni: 53 * 71 cm,taxable,1,0,0,99.75,,,https://static.musaibrand.com/images/models/0107/model/large/0107_01_2_1.jpg,MU0107,3,Size,M,,1,,Color,Alb,,1,,,,,,,,,,,,[53cm]·[71cm],8435782506198
variation,MU01070301,,1,0,visible,,Dimensiuni: 55 * 73 cm,taxable,1,0,0,99.75,,,https://static.musaibrand.com/images/models/0107/model/large/0107_01_2_1.jpg,MU0107,4,Size,L,,1,,Color,Alb,,1,,,,,,,,,,,,[55cm]·[73cm],8435782506334
variation,MU01070401,,1,0,visible,,Dimensiuni: 58 * 75 cm,taxable,1,0,0,99.75,,,https://static.musaibrand.com/images/models/0107/model/large/0107_01_2_1.jpg,MU0107,5,Size,XL,,1,,Color,Alb,,1,,,,,,,,,,,,[58cm]·[75cm],8435782506471
variation,MU01070501,,1,0,visible,,Dimensiuni: 62 * 77 cm,taxable,1,0,0,99.75,,,https://static.musaibrand.com/images/models/0107/model/large/0107_01_2_1.jpg,MU0107,6,Size,2XL,,1,,Color,Alb,,1,,,,,,,,,,,,[62cm]·[77cm],8435782506617
variation,MU01070601,,1,0,visible,,Dimensiuni: 66 * 79 cm,taxable,1,0,0,99.75,,,https://static.musaibrand.com/images/models/0107/model/large/0107_01_2_1.jpg,MU0107,7,Size,3XL,,1,,Color,Alb,,1,,,,,,,,,,,,[66cm]·[79cm],8435782506754
variation,MU01077501,,1,0,visible,,Dimensiuni: 36 * 46 cm,taxable,1,0,0,99.75,,,https://static.musaibrand.com/images/models/0107/model/large/0107_01_2_1.jpg,MU0107,8,Size,4/6,,1,,Color,Alb,,1,,,,,,,,,,,,[36cm]·[46cm],8435782506891
variation,MU01077601,,1,0,visible,,Dimensiuni: 40 * 55 cm,taxable,1,0,0,99.75,,,https://static.musaibrand.com/images/models/0107/model/large/0107_01_2_1.jpg,MU0107,9,Size,8/10,,1,,Color,Alb,,1,,,,,,,,,,,,[40cm]·[55cm],8435782507034
variation,MU01077701,,1,0,visible,,Dimensiuni: 44 * 59 cm,taxable,1,0,0,99.75,,,https://static.musaibrand.com/images/models/0107/model/large/0107_01_2_1.jpg,MU0107,10,Size,12/14,,1,,Color,Alb,,1,,,,,,,,,,,,[44cm]·[59cm],8435782507171
variation,MU01070002,,1,0,visible,,Dimensiuni: 49 * 69 cm,taxable,1,0,0,99.75,,,https://static.musaibrand.com/images/models/0107/model/large/0107_02_2_1.jpg,MU0107,11,Size,XS,,1,,Color,Negru,,1,,,,,,,,,,,,[49cm]·[69cm],8435782505924
variation,MU01070102,,1,0,visible,,Dimensiuni: 51 * 70 cm,taxable,1,0,0,99.75,,,https://static.musaibrand.com/images/models/0107/model/large/0107_02_2_1.jpg,MU0107,12,Size,S,,1,,Color,Negru,,1,,,,,,,,,,,,[51cm]·[70cm],8435782506068
variation,MU01070202,,1,0,visible,,Dimensiuni: 53 * 71 cm,taxable,1,0,0,99.75,,,https://static.musaibrand.com/images/models/0107/model/large/0107_02_2_1.jpg,MU0107,13,Size,M,,1,,Color,Negru,,1,,,,,,,,,,,,[53cm]·[71cm],8435782506204
variation,MU01070302,,1,0,visible,,Dimensiuni: 55 * 73 cm,taxable,1,0,0,99.75,,,https://static.musaibrand.com/images/models/0107/model/large/0107_02_2_1.jpg,MU0107,14,Size,L,,1,,Color,Negru,,1,,,,,,,,,,,,[55cm]·[73cm],8435782506341
variation,MU01070402,,1,0,visible,,Dimensiuni: 58 * 75 cm,taxable,1,0,0,99.75,,,https://static.musaibrand.com/images/models/0107/model/large/0107_02_2_1.jpg,MU0107,15,Size,XL,,1,,Color,Negru,,1,,,,,,,,,,,,[58cm]·[75cm],8435782506488
variation,MU01070502,,1,0,visible,,Dimensiuni: 62 * 77 cm,taxable,1,0,0,99.75,,,https://static.musaibrand.com/images/models/0107/model/large/0107_02_2_1.jpg,MU0107,16,Size,2XL,,1,,Color,Negru,,1,,,,,,,,,,,,[62cm]·[77cm],8435782506624
variation,MU01070602,,1,0,visible,,Dimensiuni: 66 * 79 cm,taxable,1,0,0,99.75,,,https://static.musaibrand.com/images/models/0107/model/large/0107_02_2_1.jpg,MU0107,17,Size,3XL,,1,,Color,Negru,,1,,,,,,,,,,,,[66cm]·[79cm],8435782506761
variation,MU01077502,,1,0,visible,,Dimensiuni: 36 * 46 cm,taxable,1,0,0,99.75,,,https://static.musaibrand.com/images/models/0107/model/large/0107_02_2_1.jpg,MU0107,18,Size,4/6,,1,,Color,Negru,,1,,,,,,,,,,,,[36cm]·[46cm],8435782506907
variation,MU01077602,,1,0,visible,,Dimensiuni: 40 * 55 cm,taxable,1,0,0,99.75,,,https://static.musaibrand.com/images/models/0107/model/large/0107_02_2_1.jpg,MU0107,19,Size,8/10,,1,,Color,Negru,,1,,,,,,,,,,,,[40cm]·[55cm],8435782507041
variation,MU01077702,,1,0,visible,,Dimensiuni: 44 * 59 cm,taxable,1,0,0,99.75,,,https://static.musaibrand.com/images/models/0107/model/large/0107_02_2_1.jpg,MU0107,20,Size,12/14,,1,,Color,Negru,,1,,,,,,,,,,,,[44cm]·[59cm],8435782507188
variation,MU01070003,,1,0,visible,,Dimensiuni: 49 * 69 cm,taxable,1,0,0,99.75,,,https://static.musaibrand.com/images/models/0107/model/large/0107_03_2_1.jpg,MU0107,21,Size,XS,,1,,Color,Galben,,1,,,,,,,,,,,,[49cm]·[69cm],8435782505931
variation,MU01070103,,1,0,visible,,Dimensiuni: 51 * 70 cm,taxable,1,0,0,99.75,,,https://static.musaibrand.com/images/models/0107/model/large/0107_03_2_1.jpg,MU0107,22,Size,S,,1,,Color,Galben,,1,,,,,,,,,,,,[51cm]·[70cm],8435782506075
variation,MU01070203,,1,0,visible,,Dimensiuni: 53 * 71 cm,taxable,1,0,0,99.75,,,https://static.musaibrand.com/images/models/0107/model/large/0107_03_2_1.jpg,MU0107,23,Size,M,,1,,Color,Galben,,1,,,,,,,,,,,,[53cm]·[71cm],8435782506211
variation,MU01070303,,1,0,visible,,Dimensiuni: 55 * 73 cm,taxable,1,0,0,99.75,,,https://static.musaibrand.com/images/models/0107/model/large/0107_03_2_1.jpg,MU0107,24,Size,L,,1,,Color,Galben,,1,,,,,,,,,,,,[55cm]·[73cm],8435782506358
variation,MU01070403,,1,0,visible,,Dimensiuni: 58 * 75 cm,taxable,1,0,0,99.75,,,https://static.musaibrand.com/images/models/0107/model/large/0107_03_2_1.jpg,MU0107,25,Size,XL,,1,,Color,Galben,,1,,,,,,,,,,,,[58cm]·[75cm],8435782506495
variation,MU01070503,,1,0,visible,,Dimensiuni: 62 * 77 cm,taxable,1,0,0,99.75,,,https://static.musaibrand.com/images/models/0107/model/large/0107_03_2_1.jpg,MU0107,26,Size,2XL,,1,,Color,Galben,,1,,,,,,,,,,,,[62cm]·[77cm],8435782506631
variation,MU01070603,,1,0,visible,,Dimensiuni: 66 * 79 cm,taxable,1,0,0,99.75,,,https://static.musaibrand.com/images/models/0107/model/large/0107_03_2_1.jpg,MU0107,27,Size,3XL,,1,,Color,Galben,,1,,,,,,,,,,,,[66cm]·[79cm],8435782506778
variation,MU01077503,,1,0,visible,,Dimensiuni: 36 * 46 cm,taxable,1,0,0,99.75,,,https://static.musaibrand.com/images/models/0107/model/large/0107_03_2_1.jpg,MU0107,28,Size,4/6,,1,,Color,Galben,,1,,,,,,,,,,,,[36cm]·[46cm],8435782506914
variation,MU01077603,,1,0,visible,,Dimensiuni: 40 * 55 cm,taxable,1,0,0,99.75,,,https://static.musaibrand.com/images/models/0107/model/large/0107_03_2_1.jpg,MU0107,29,Size,8/10,,1,,Color,Galben,,1,,,,,,,,,,,,[40cm]·[55cm],8435782507058
variation,MU01077703,,1,0,visible,,Dimensiuni: 44 * 59 cm,taxable,1,0,0,99.75,,,https://static.musaibrand.com/images/models/0107/model/large/0107_03_2_1.jpg,MU0107,30,Size,12/14,,1,,Color,Galben,,1,,,,,,,,,,,,[44cm]·[59cm],8435782507195
variation,MU01070005,,1,0,visible,,Dimensiuni: 49 * 69 cm,taxable,1,0,0,99.75,,,https://static.musaibrand.com/images/models/0107/model/large/0107_05_2_1.jpg,MU0107,31,Size,XS,,1,,Color,Albastru regal,,1,,,,,,,,,,,,[49cm]·[69cm],8435782505948
variation,MU01070105,,1,0,visible,,Dimensiuni: 51 * 70 cm,taxable,1,0,0,99.75,,,https://static.musaibrand.com/images/models/0107/model/large/0107_05_2_1.jpg,MU0107,32,Size,S,,1,,Color,Albastru regal,,1,,,,,,,,,,,,[51cm]·[70cm],8435782506082
variation,MU01070205,,1,0,visible,,Dimensiuni: 53 * 71 cm,taxable,1,0,0,99.75,,,https://static.musaibrand.com/images/models/0107/model/large/0107_05_2_1.jpg,MU0107,33,Size,M,,1,,Color,Albastru regal,,1,,,,,,,,,,,,[53cm]·[71cm],8435782506228
variation,MU01070305,,1,0,visible,,Dimensiuni: 55 * 73 cm,taxable,1,0,0,99.75,,,https://static.musaibrand.com/images/models/0107/model/large/0107_05_2_1.jpg,MU0107,34,Size,L,,1,,Color,Albastru regal,,1,,,,,,,,,,,,[55cm]·[73cm],8435782506365
variation,MU01070405,,1,0,visible,,Dimensiuni: 58 * 75 cm,taxable,1,0,0,99.75,,,https://static.musaibrand.com/images/models/0107/model/large/0107_05_2_1.jpg,MU0107,35,Size,XL,,1,,Color,Albastru regal,,1,,,,,,,,,,,,[58cm]·[75cm],8435782506501
variation,MU01070505,,1,0,visible,,Dimensiuni: 62 * 77 cm,taxable,1,0,0,99.75,,,https://static.musaibrand.com/images/models/0107/model/large/0107_05_2_1.jpg,MU0107,36,Size,2XL,,1,,Color,Albastru regal,,1,,,,,,,,,,,,[62cm]·[77cm],8435782506648
variation,MU01070605,,1,0,visible,,Dimensiuni: 66 * 79 cm,taxable,1,0,0,99.75,,,https://static.musaibrand.com/images/models/0107/model/large/0107_05_2_1.jpg,MU0107,37,Size,3XL,,1,,Color,Albastru regal,,1,,,,,,,,,,,,[66cm]·[79cm],8435782506785
variation,MU01077505,,1,0,visible,,Dimensiuni: 36 * 46 cm,taxable,1,0,0,99.75,,,https://static.musaibrand.com/images/models/0107/model/large/0107_05_2_1.jpg,MU0107,38,Size,4/6,,1,,Color,Albastru regal,,1,,,,,,,,,,,,[36cm]·[46cm],8435782506921
variation,MU01077605,,1,0,visible,,Dimensiuni: 40 * 55 cm,taxable,1,0,0,99.75,,,https://static.musaibrand.com/images/models/0107/model/large/0107_05_2_1.jpg,MU0107,39,Size,8/10,,1,,Color,Albastru regal,,1,,,,,,,,,,,,[40cm]·[55cm],8435782507065
variation,MU01077705,,1,0,visible,,Dimensiuni: 44 * 59 cm,taxable,1,0,0,99.75,,,https://static.musaibrand.com/images/models/0107/model/large/0107_05_2_1.jpg,MU0107,40,Size,12/14,,1,,Color,Albastru regal,,1,,,,,,,,,,,,[44cm]·[59cm],8435782507201
variation,MU01070010,,1,0,visible,,Dimensiuni: 49 * 69 cm,taxable,1,0,0,99.75,,,https://static.musaibrand.com/images/models/0107/model/large/0107_10_2_1.jpg,MU0107,41,Size,XS,,1,,Color,Sky blue,,1,,,,,,,,,,,,[49cm]·[69cm],8435782505955
variation,MU01070110,,1,0,visible,,Dimensiuni: 51 * 70 cm,taxable,1,0,0,99.75,,,https://static.musaibrand.com/images/models/0107/model/large/0107_10_2_1.jpg,MU0107,42,Size,S,,1,,Color,Sky blue,,1,,,,,,,,,,,,[51cm]·[70cm],8435782506099
variation,MU01070210,,1,0,visible,,Dimensiuni: 53 * 71 cm,taxable,1,0,0,99.75,,,https://static.musaibrand.com/images/models/0107/model/large/0107_10_2_1.jpg,MU0107,43,Size,M,,1,,Color,Sky blue,,1,,,,,,,,,,,,[53cm]·[71cm],8435782506235
variation,MU01070310,,1,0,visible,,Dimensiuni: 55 * 73 cm,taxable,1,0,0,99.75,,,https://static.musaibrand.com/images/models/0107/model/large/0107_10_2_1.jpg,MU0107,44,Size,L,,1,,Color,Sky blue,,1,,,,,,,,,,,,[55cm]·[73cm],8435782506372
variation,MU01070410,,1,0,visible,,Dimensiuni: 58 * 75 cm,taxable,1,0,0,99.75,,,https://static.musaibrand.com/images/models/0107/model/large/0107_10_2_1.jpg,MU0107,45,Size,XL,,1,,Color,Sky blue,,1,,,,,,,,,,,,[58cm]·[75cm],8435782506518
variation,MU01070510,,1,0,visible,,Dimensiuni: 62 * 77 cm,taxable,1,0,0,99.75,,,https://static.musaibrand.com/images/models/0107/model/large/0107_10_2_1.jpg,MU0107,46,Size,2XL,,1,,Color,Sky blue,,1,,,,,,,,,,,,[62cm]·[77cm],8435782506655
variation,MU01070610,,1,0,visible,,Dimensiuni: 66 * 79 cm,taxable,1,0,0,99.75,,,https://static.musaibrand.com/images/models/0107/model/large/0107_10_2_1.jpg,MU0107,47,Size,3XL,,1,,Color,Sky blue,,1,,,,,,,,,,,,[66cm]·[79cm],8435782506792
variation,MU01077510,,1,0,visible,,Dimensiuni: 36 * 46 cm,taxable,1,0,0,99.75,,,https://static.musaibrand.com/images/models/0107/model/large/0107_10_2_1.jpg,MU0107,48,Size,4/6,,1,,Color,Sky blue,,1,,,,,,,,,,,,[36cm]·[46cm],8435782506938
variation,MU01077610,,1,0,visible,,Dimensiuni: 40 * 55 cm,taxable,1,0,0,99.75,,,https://static.musaibrand.com/images/models/0107/model/large/0107_10_2_1.jpg,MU0107,49,Size,8/10,,1,,Color,Sky blue,,1,,,,,,,,,,,,[40cm]·[55cm],8435782507072
variation,MU01077710,,1,0,visible,,Dimensiuni: 44 * 59 cm,taxable,1,0,0,99.75,,,https://static.musaibrand.com/images/models/0107/model/large/0107_10_2_1.jpg,MU0107,50,Size,12/14,,1,,Color,Sky blue,,1,,,,,,,,,,,,[44cm]·[59cm],8435782507218
variation,MU010700176,,1,0,visible,,Dimensiuni: 49 * 69 cm,taxable,1,0,0,99.75,,,https://static.musaibrand.com/images/models/0107/model/large/0107_176_2_1.jpg,MU0107,51,Size,XS,,1,,Color,Fluor turcoaz,,1,,,,,,,,,,,,[49cm]·[69cm],8435782505962
variation,MU010701176,,1,0,visible,,Dimensiuni: 51 * 70 cm,taxable,1,0,0,99.75,,,https://static.musaibrand.com/images/models/0107/model/large/0107_176_2_1.jpg,MU0107,52,Size,S,,1,,Color,Fluor turcoaz,,1,,,,,,,,,,,,[51cm]·[70cm],8435782506105
variation,MU010702176,,1,0,visible,,Dimensiuni: 53 * 71 cm,taxable,1,0,0,99.75,,,https://static.musaibrand.com/images/models/0107/model/large/0107_176_2_1.jpg,MU0107,53,Size,M,,1,,Color,Fluor turcoaz,,1,,,,,,,,,,,,[53cm]·[71cm],8435782506242
variation,MU010703176,,1,0,visible,,Dimensiuni: 55 * 73 cm,taxable,1,0,0,99.75,,,https://static.musaibrand.com/images/models/0107/model/large/0107_176_2_1.jpg,MU0107,54,Size,L,,1,,Color,Fluor turcoaz,,1,,,,,,,,,,,,[55cm]·[73cm],8435782506389
variation,MU010704176,,1,0,visible,,Dimensiuni: 58 * 75 cm,taxable,1,0,0,99.75,,,https://static.musaibrand.com/images/models/0107/model/large/0107_176_2_1.jpg,MU0107,55,Size,XL,,1,,Color,Fluor turcoaz,,1,,,,,,,,,,,,[58cm]·[75cm],8435782506525
variation,MU010705176,,1,0,visible,,Dimensiuni: 62 * 77 cm,taxable,1,0,0,99.75,,,https://static.musaibrand.com/images/models/0107/model/large/0107_176_2_1.jpg,MU0107,56,Size,2XL,,1,,Color,Fluor turcoaz,,1,,,,,,,,,,,,[62cm]·[77cm],8435782506662
variation,MU010706176,,1,0,visible,,Dimensiuni: 66 * 79 cm,taxable,1,0,0,99.75,,,https://static.musaibrand.com/images/models/0107/model/large/0107_176_2_1.jpg,MU0107,57,Size,3XL,,1,,Color,Fluor turcoaz,,1,,,,,,,,,,,,[66cm]·[79cm],8435782506808
variation,MU010775176,,1,0,visible,,Dimensiuni: 36 * 46 cm,taxable,1,0,0,99.75,,,https://static.musaibrand.com/images/models/0107/model/large/0107_176_2_1.jpg,MU0107,58,Size,4/6,,1,,Color,Fluor turcoaz,,1,,,,,,,,,,,,[36cm]·[46cm],8435782506945
variation,MU010776176,,1,0,visible,,Dimensiuni: 40 * 55 cm,taxable,1,0,0,99.75,,,https://static.musaibrand.com/images/models/0107/model/large/0107_176_2_1.jpg,MU0107,59,Size,8/10,,1,,Color,Fluor turcoaz,,1,,,,,,,,,,,,[40cm]·[55cm],8435782507089
variation,MU010777176,,1,0,visible,,Dimensiuni: 44 * 59 cm,taxable,1,0,0,99.75,,,https://static.musaibrand.com/images/models/0107/model/large/0107_176_2_1.jpg,MU0107,60,Size,12/14,,1,,Color,Fluor turcoaz,,1,,,,,,,,,,,,[44cm]·[59cm],8435782507225
variation,MU010700221,,1,0,visible,,Dimensiuni: 49 * 69 cm,taxable,1,0,0,99.75,,,https://static.musaibrand.com/images/models/0107/model/large/0107_221_2_1.jpg,MU0107,61,Size,XS,,1,,Color,Galben fluor,,1,,,,,,,,,,,,[49cm]·[69cm],8435782505979
variation,MU010701221,,1,0,visible,,Dimensiuni: 51 * 70 cm,taxable,1,0,0,99.75,,,https://static.musaibrand.com/images/models/0107/model/large/0107_221_2_1.jpg,MU0107,62,Size,S,,1,,Color,Galben fluor,,1,,,,,,,,,,,,[51cm]·[70cm],8435782506112
variation,MU010702221,,1,0,visible,,Dimensiuni: 53 * 71 cm,taxable,1,0,0,99.75,,,https://static.musaibrand.com/images/models/0107/model/large/0107_221_2_1.jpg,MU0107,63,Size,M,,1,,Color,Galben fluor,,1,,,,,,,,,,,,[53cm]·[71cm],8435782506259
variation,MU010703221,,1,0,visible,,Dimensiuni: 55 * 73 cm,taxable,1,0,0,99.75,,,https://static.musaibrand.com/images/models/0107/model/large/0107_221_2_1.jpg,MU0107,64,Size,L,,1,,Color,Galben fluor,,1,,,,,,,,,,,,[55cm]·[73cm],8435782506396
variation,MU010704221,,1,0,visible,,Dimensiuni: 58 * 75 cm,taxable,1,0,0,99.75,,,https://static.musaibrand.com/images/models/0107/model/large/0107_221_2_1.jpg,MU0107,65,Size,XL,,1,,Color,Galben fluor,,1,,,,,,,,,,,,[58cm]·[75cm],8435782506532
variation,MU010705221,,1,0,visible,,Dimensiuni: 62 * 77 cm,taxable,1,0,0,99.75,,,https://static.musaibrand.com/images/models/0107/model/large/0107_221_2_1.jpg,MU0107,66,Size,2XL,,1,,Color,Galben fluor,,1,,,,,,,,,,,,[62cm]·[77cm],8435782506679
variation,MU010706221,,1,0,visible,,Dimensiuni: 66 * 79 cm,taxable,1,0,0,99.75,,,https://static.musaibrand.com/images/models/0107/model/large/0107_221_2_1.jpg,MU0107,67,Size,3XL,,1,,Color,Galben fluor,,1,,,,,,,,,,,,[66cm]·[79cm],8435782506815
variation,MU010775221,,1,0,visible,,Dimensiuni: 36 * 46 cm,taxable,1,0,0,99.75,,,https://static.musaibrand.com/images/models/0107/model/large/0107_221_2_1.jpg,MU0107,68,Size,4/6,,1,,Color,Galben fluor,,1,,,,,,,,,,,,[36cm]·[46cm],8435782506952
variation,MU010776221,,1,0,visible,,Dimensiuni: 40 * 55 cm,taxable,1,0,0,99.75,,,https://static.musaibrand.com/images/models/0107/model/large/0107_221_2_1.jpg,MU0107,69,Size,8/10,,1,,Color,Galben fluor,,1,,,,,,,,,,,,[40cm]·[55cm],8435782507096
variation,MU010777221,,1,0,visible,,Dimensiuni: 44 * 59 cm,taxable,1,0,0,99.75,,,https://static.musaibrand.com/images/models/0107/model/large/0107_221_2_1.jpg,MU0107,70,Size,12/14,,1,,Color,Galben fluor,,1,,,,,,,,,,,,[44cm]·[59cm],8435782507232
variation,MU010700222,,1,0,visible,,Dimensiuni: 49 * 69 cm,taxable,1,0,0,99.75,,,https://static.musaibrand.com/images/models/0107/model/large/0107_222_2_1.jpg,MU0107,71,Size,XS,,1,,Color,Fluor verde,,1,,,,,,,,,,,,[49cm]·[69cm],8435782505986
variation,MU010701222,,1,0,visible,,Dimensiuni: 51 * 70 cm,taxable,1,0,0,99.75,,,https://static.musaibrand.com/images/models/0107/model/large/0107_222_2_1.jpg,MU0107,72,Size,S,,1,,Color,Fluor verde,,1,,,,,,,,,,,,[51cm]·[70cm],8435782506129
variation,MU010702222,,1,0,visible,,Dimensiuni: 53 * 71 cm,taxable,1,0,0,99.75,,,https://static.musaibrand.com/images/models/0107/model/large/0107_222_2_1.jpg,MU0107,73,Size,M,,1,,Color,Fluor verde,,1,,,,,,,,,,,,[53cm]·[71cm],8435782506266
variation,MU010703222,,1,0,visible,,Dimensiuni: 55 * 73 cm,taxable,1,0,0,99.75,,,https://static.musaibrand.com/images/models/0107/model/large/0107_222_2_1.jpg,MU0107,74,Size,L,,1,,Color,Fluor verde,,1,,,,,,,,,,,,[55cm]·[73cm],8435782506402
variation,MU010704222,,1,0,visible,,Dimensiuni: 58 * 75 cm,taxable,1,0,0,99.75,,,https://static.musaibrand.com/images/models/0107/model/large/0107_222_2_1.jpg,MU0107,75,Size,XL,,1,,Color,Fluor verde,,1,,,,,,,,,,,,[58cm]·[75cm],8435782506549
variation,MU010705222,,1,0,visible,,Dimensiuni: 62 * 77 cm,taxable,1,0,0,99.75,,,https://static.musaibrand.com/images/models/0107/model/large/0107_222_2_1.jpg,MU0107,76,Size,2XL,,1,,Color,Fluor verde,,1,,,,,,,,,,,,[62cm]·[77cm],8435782506686
variation,MU010706222,,1,0,visible,,Dimensiuni: 66 * 79 cm,taxable,1,0,0,99.75,,,https://static.musaibrand.com/images/models/0107/model/large/0107_222_2_1.jpg,MU0107,77,Size,3XL,,1,,Color,Fluor verde,,1,,,,,,,,,,,,[66cm]·[79cm],8435782506822
variation,MU010775222,,1,0,visible,,Dimensiuni: 36 * 46 cm,taxable,1,0,0,99.75,,,https://static.musaibrand.com/images/models/0107/model/large/0107_222_2_1.jpg,MU0107,78,Size,4/6,,1,,Color,Fluor verde,,1,,,,,,,,,,,,[36cm]·[46cm],8435782506969
variation,MU010776222,,1,0,visible,,Dimensiuni: 40 * 55 cm,taxable,1,0,0,99.75,,,https://static.musaibrand.com/images/models/0107/model/large/0107_222_2_1.jpg,MU0107,79,Size,8/10,,1,,Color,Fluor verde,,1,,,,,,,,,,,,[40cm]·[55cm],8435782507102
variation,MU010777222,,1,0,visible,,Dimensiuni: 44 * 59 cm,taxable,1,0,0,99.75,,,https://static.musaibrand.com/images/models/0107/model/large/0107_222_2_1.jpg,MU0107,80,Size,12/14,,1,,Color,Fluor verde,,1,,,,,,,,,,,,[44cm]·[59cm],8435782507249
variation,MU010700223,,1,0,visible,,Dimensiuni: 49 * 69 cm,taxable,1,0,0,99.75,,,https://static.musaibrand.com/images/models/0107/model/large/0107_223_2_1.jpg,MU0107,81,Size,XS,,1,,Color,Fluor portocaliu,,1,,,,,,,,,,,,[49cm]·[69cm],8435782505993
variation,MU010701223,,1,0,visible,,Dimensiuni: 51 * 70 cm,taxable,1,0,0,99.75,,,https://static.musaibrand.com/images/models/0107/model/large/0107_223_2_1.jpg,MU0107,82,Size,S,,1,,Color,Fluor portocaliu,,1,,,,,,,,,,,,[51cm]·[70cm],8435782506136
variation,MU010702223,,1,0,visible,,Dimensiuni: 53 * 71 cm,taxable,1,0,0,99.75,,,https://static.musaibrand.com/images/models/0107/model/large/0107_223_2_1.jpg,MU0107,83,Size,M,,1,,Color,Fluor portocaliu,,1,,,,,,,,,,,,[53cm]·[71cm],8435782506273
variation,MU010703223,,1,0,visible,,Dimensiuni: 55 * 73 cm,taxable,1,0,0,99.75,,,https://static.musaibrand.com/images/models/0107/model/large/0107_223_2_1.jpg,MU0107,84,Size,L,,1,,Color,Fluor portocaliu,,1,,,,,,,,,,,,[55cm]·[73cm],8435782506419
variation,MU010704223,,1,0,visible,,Dimensiuni: 58 * 75 cm,taxable,1,0,0,99.75,,,https://static.musaibrand.com/images/models/0107/model/large/0107_223_2_1.jpg,MU0107,85,Size,XL,,1,,Color,Fluor portocaliu,,1,,,,,,,,,,,,[58cm]·[75cm],8435782506556
variation,MU010705223,,1,0,visible,,Dimensiuni: 62 * 77 cm,taxable,1,0,0,99.75,,,https://static.musaibrand.com/images/models/0107/model/large/0107_223_2_1.jpg,MU0107,86,Size,2XL,,1,,Color,Fluor portocaliu,,1,,,,,,,,,,,,[62cm]·[77cm],8435782506693
variation,MU010706223,,1,0,visible,,Dimensiuni: 66 * 79 cm,taxable,1,0,0,99.75,,,https://static.musaibrand.com/images/models/0107/model/large/0107_223_2_1.jpg,MU0107,87,Size,3XL,,1,,Color,Fluor portocaliu,,1,,,,,,,,,,,,[66cm]·[79cm],8435782506839
variation,MU010775223,,1,0,visible,,Dimensiuni: 36 * 46 cm,taxable,1,0,0,99.75,,,https://static.musaibrand.com/images/models/0107/model/large/0107_223_2_1.jpg,MU0107,88,Size,4/6,,1,,Color,Fluor portocaliu,,1,,,,,,,,,,,,[36cm]·[46cm],8435782506976
variation,MU010776223,,1,0,visible,,Dimensiuni: 40 * 55 cm,taxable,1,0,0,99.75,,,https://static.musaibrand.com/images/models/0107/model/large/0107_223_2_1.jpg,MU0107,89,Size,8/10,,1,,Color,Fluor portocaliu,,1,,,,,,,,,,,,[40cm]·[55cm],8435782507119
variation,MU010777223,,1,0,visible,,Dimensiuni: 44 * 59 cm,taxable,1,0,0,99.75,,,https://static.musaibrand.com/images/models/0107/model/large/0107_223_2_1.jpg,MU0107,90,Size,12/14,,1,,Color,Fluor portocaliu,,1,,,,,,,,,,,,[44cm]·[59cm],8435782507256
variation,MU010700226,,1,0,visible,,Dimensiuni: 49 * 69 cm,taxable,1,0,0,99.75,,,https://static.musaibrand.com/images/models/0107/model/large/0107_226_2_1.jpg,MU0107,91,Size,XS,,1,,Color,Fern Green,,1,,,,,,,,,,,,[49cm]·[69cm],8435782528749
variation,MU010701226,,1,0,visible,,Dimensiuni: 51 * 70 cm,taxable,1,0,0,99.75,,,https://static.musaibrand.com/images/models/0107/model/large/0107_226_2_1.jpg,MU0107,92,Size,S,,1,,Color,Fern Green,,1,,,,,,,,,,,,[51cm]·[70cm],8435782528756
variation,MU010702226,,1,0,visible,,Dimensiuni: 53 * 71 cm,taxable,1,0,0,99.75,,,https://static.musaibrand.com/images/models/0107/model/large/0107_226_2_1.jpg,MU0107,93,Size,M,,1,,Color,Fern Green,,1,,,,,,,,,,,,[53cm]·[71cm],8435782528763
variation,MU010703226,,1,0,visible,,Dimensiuni: 55 * 73 cm,taxable,1,0,0,99.75,,,https://static.musaibrand.com/images/models/0107/model/large/0107_226_2_1.jpg,MU0107,94,Size,L,,1,,Color,Fern Green,,1,,,,,,,,,,,,[55cm]·[73cm],8435782528770
variation,MU010704226,,1,0,visible,,Dimensiuni: 58 * 75 cm,taxable,1,0,0,99.75,,,https://static.musaibrand.com/images/models/0107/model/large/0107_226_2_1.jpg,MU0107,95,Size,XL,,1,,Color,Fern Green,,1,,,,,,,,,,,,[58cm]·[75cm],8435782528787
variation,MU010705226,,1,0,visible,,Dimensiuni: 62 * 77 cm,taxable,1,0,0,99.75,,,https://static.musaibrand.com/images/models/0107/model/large/0107_226_2_1.jpg,MU0107,96,Size,2XL,,1,,Color,Fern Green,,1,,,,,,,,,,,,[62cm]·[77cm],8435782528794
variation,MU010706226,,1,0,visible,,Dimensiuni: 66 * 79 cm,taxable,1,0,0,99.75,,,https://static.musaibrand.com/images/models/0107/model/large/0107_226_2_1.jpg,MU0107,97,Size,3XL,,1,,Color,Fern Green,,1,,,,,,,,,,,,[66cm]·[79cm],8435782528800
variation,MU010775226,,1,0,visible,,Dimensiuni: 36 * 46 cm,taxable,1,0,0,99.75,,,https://static.musaibrand.com/images/models/0107/model/large/0107_226_2_1.jpg,MU0107,98,Size,4/6,,1,,Color,Fern Green,,1,,,,,,,,,,,,[36cm]·[46cm],8435782528817
variation,MU010776226,,1,0,visible,,Dimensiuni: 40 * 55 cm,taxable,1,0,0,99.75,,,https://static.musaibrand.com/images/models/0107/model/large/0107_226_2_1.jpg,MU0107,99,Size,8/10,,1,,Color,Fern Green,,1,,,,,,,,,,,,[40cm]·[55cm],8435782528824
variation,MU010777226,,1,0,visible,,Dimensiuni: 44 * 59 cm,taxable,1,0,0,99.75,,,https://static.musaibrand.com/images/models/0107/model/large/0107_226_2_1.jpg,MU0107,100,Size,12/14,,1,,Color,Fern Green,,1,,,,,,,,,,,,[44cm]·[59cm],8435782528831
variation,MU010700258,,1,0,visible,,Dimensiuni: 49 * 69 cm,taxable,1,0,0,99.75,,,https://static.musaibrand.com/images/models/0107/model/large/0107_258_2_1.jpg,MU0107,101,Size,XS,,1,,Color,Gri deschis,,1,,,,,,,,,,,,[49cm]·[69cm],8435782506006
variation,MU010701258,,1,0,visible,,Dimensiuni: 51 * 70 cm,taxable,1,0,0,99.75,,,https://static.musaibrand.com/images/models/0107/model/large/0107_258_2_1.jpg,MU0107,102,Size,S,,1,,Color,Gri deschis,,1,,,,,,,,,,,,[51cm]·[70cm],8435782506143
variation,MU010702258,,1,0,visible,,Dimensiuni: 53 * 71 cm,taxable,1,0,0,99.75,,,https://static.musaibrand.com/images/models/0107/model/large/0107_258_2_1.jpg,MU0107,103,Size,M,,1,,Color,Gri deschis,,1,,,,,,,,,,,,[53cm]·[71cm],8435782506280
variation,MU010703258,,1,0,visible,,Dimensiuni: 55 * 73 cm,taxable,1,0,0,99.75,,,https://static.musaibrand.com/images/models/0107/model/large/0107_258_2_1.jpg,MU0107,104,Size,L,,1,,Color,Gri deschis,,1,,,,,,,,,,,,[55cm]·[73cm],8435782506426
variation,MU010704258,,1,0,visible,,Dimensiuni: 58 * 75 cm,taxable,1,0,0,99.75,,,https://static.musaibrand.com/images/models/0107/model/large/0107_258_2_1.jpg,MU0107,105,Size,XL,,1,,Color,Gri deschis,,1,,,,,,,,,,,,[58cm]·[75cm],8435782506563
variation,MU010705258,,1,0,visible,,Dimensiuni: 62 * 77 cm,taxable,1,0,0,99.75,,,https://static.musaibrand.com/images/models/0107/model/large/0107_258_2_1.jpg,MU0107,106,Size,2XL,,1,,Color,Gri deschis,,1,,,,,,,,,,,,[62cm]·[77cm],8435782506709
variation,MU010706258,,1,0,visible,,Dimensiuni: 66 * 79 cm,taxable,1,0,0,99.75,,,https://static.musaibrand.com/images/models/0107/model/large/0107_258_2_1.jpg,MU0107,107,Size,3XL,,1,,Color,Gri deschis,,1,,,,,,,,,,,,[66cm]·[79cm],8435782506846
variation,MU010775258,,1,0,visible,,Dimensiuni: 36 * 46 cm,taxable,1,0,0,99.75,,,https://static.musaibrand.com/images/models/0107/model/large/0107_258_2_1.jpg,MU0107,108,Size,4/6,,1,,Color,Gri deschis,,1,,,,,,,,,,,,[36cm]·[46cm],8435782506983
variation,MU010776258,,1,0,visible,,Dimensiuni: 40 * 55 cm,taxable,1,0,0,99.75,,,https://static.musaibrand.com/images/models/0107/model/large/0107_258_2_1.jpg,MU0107,109,Size,8/10,,1,,Color,Gri deschis,,1,,,,,,,,,,,,[40cm]·[55cm],8435782507126
variation,MU010777258,,1,0,visible,,Dimensiuni: 44 * 59 cm,taxable,1,0,0,99.75,,,https://static.musaibrand.com/images/models/0107/model/large/0107_258_2_1.jpg,MU0107,110,Size,12/14,,1,,Color,Gri deschis,,1,,,,,,,,,,,,[44cm]·[59cm],8435782507263
variation,MU01070034,,1,0,visible,,Dimensiuni: 49 * 69 cm,taxable,1,0,0,99.75,,,https://static.musaibrand.com/images/models/0107/model/large/0107_34_2_1.jpg,MU0107,111,Size,XS,,1,,Color,Gum Pink,,1,,,,,,,,,,,,[49cm]·[69cm],8435782506013
variation,MU01070134,,1,0,visible,,Dimensiuni: 51 * 70 cm,taxable,1,0,0,99.75,,,https://static.musaibrand.com/images/models/0107/model/large/0107_34_2_1.jpg,MU0107,112,Size,S,,1,,Color,Gum Pink,,1,,,,,,,,,,,,[51cm]·[70cm],8435782506150
variation,MU01070234,,1,0,visible,,Dimensiuni: 53 * 71 cm,taxable,1,0,0,99.75,,,https://static.musaibrand.com/images/models/0107/model/large/0107_34_2_1.jpg,MU0107,113,Size,M,,1,,Color,Gum Pink,,1,,,,,,,,,,,,[53cm]·[71cm],8435782506297
variation,MU01070334,,1,0,visible,,Dimensiuni: 55 * 73 cm,taxable,1,0,0,99.75,,,https://static.musaibrand.com/images/models/0107/model/large/0107_34_2_1.jpg,MU0107,114,Size,L,,1,,Color,Gum Pink,,1,,,,,,,,,,,,[55cm]·[73cm],8435782506433
variation,MU01070434,,1,0,visible,,Dimensiuni: 58 * 75 cm,taxable,1,0,0,99.75,,,https://static.musaibrand.com/images/models/0107/model/large/0107_34_2_1.jpg,MU0107,115,Size,XL,,1,,Color,Gum Pink,,1,,,,,,,,,,,,[58cm]·[75cm],8435782506570
variation,MU01070534,,1,0,visible,,Dimensiuni: 62 * 77 cm,taxable,1,0,0,99.75,,,https://static.musaibrand.com/images/models/0107/model/large/0107_34_2_1.jpg,MU0107,116,Size,2XL,,1,,Color,Gum Pink,,1,,,,,,,,,,,,[62cm]·[77cm],8435782506716
variation,MU01070634,,1,0,visible,,Dimensiuni: 66 * 79 cm,taxable,1,0,0,99.75,,,https://static.musaibrand.com/images/models/0107/model/large/0107_34_2_1.jpg,MU0107,117,Size,3XL,,1,,Color,Gum Pink,,1,,,,,,,,,,,,[66cm]·[79cm],8435782506853
variation,MU01077534,,1,0,visible,,Dimensiuni: 36 * 46 cm,taxable,1,0,0,99.75,,,https://static.musaibrand.com/images/models/0107/model/large/0107_34_2_1.jpg,MU0107,118,Size,4/6,,1,,Color,Gum Pink,,1,,,,,,,,,,,,[36cm]·[46cm],8435782506990
variation,MU01077634,,1,0,visible,,Dimensiuni: 40 * 55 cm,taxable,1,0,0,99.75,,,https://static.musaibrand.com/images/models/0107/model/large/0107_34_2_1.jpg,MU0107,119,Size,8/10,,1,,Color,Gum Pink,,1,,,,,,,,,,,,[40cm]·[55cm],8435782507133
variation,MU01077734,,1,0,visible,,Dimensiuni: 44 * 59 cm,taxable,1,0,0,99.75,,,https://static.musaibrand.com/images/models/0107/model/large/0107_34_2_1.jpg,MU0107,120,Size,12/14,,1,,Color,Gum Pink,,1,,,,,,,,,,,,[44cm]·[59cm],8435782507270
variation,MU01070055,,1,0,visible,,Dimensiuni: 49 * 69 cm,taxable,1,0,0,99.75,,,https://static.musaibrand.com/images/models/0107/model/large/0107_55_2_1.jpg,MU0107,121,Size,XS,,1,,Color,Albastru marin,,1,,,,,,,,,,,,[49cm]·[69cm],8435782506020
variation,MU01070155,,1,0,visible,,Dimensiuni: 51 * 70 cm,taxable,1,0,0,99.75,,,https://static.musaibrand.com/images/models/0107/model/large/0107_55_2_1.jpg,MU0107,122,Size,S,,1,,Color,Albastru marin,,1,,,,,,,,,,,,[51cm]·[70cm],8435782506167
variation,MU01070255,,1,0,visible,,Dimensiuni: 53 * 71 cm,taxable,1,0,0,99.75,,,https://static.musaibrand.com/images/models/0107/model/large/0107_55_2_1.jpg,MU0107,123,Size,M,,1,,Color,Albastru marin,,1,,,,,,,,,,,,[53cm]·[71cm],8435782506303
variation,MU01070355,,1,0,visible,,Dimensiuni: 55 * 73 cm,taxable,1,0,0,99.75,,,https://static.musaibrand.com/images/models/0107/model/large/0107_55_2_1.jpg,MU0107,124,Size,L,,1,,Color,Albastru marin,,1,,,,,,,,,,,,[55cm]·[73cm],8435782506440
variation,MU01070455,,1,0,visible,,Dimensiuni: 58 * 75 cm,taxable,1,0,0,99.75,,,https://static.musaibrand.com/images/models/0107/model/large/0107_55_2_1.jpg,MU0107,125,Size,XL,,1,,Color,Albastru marin,,1,,,,,,,,,,,,[58cm]·[75cm],8435782506587
variation,MU01070555,,1,0,visible,,Dimensiuni: 62 * 77 cm,taxable,1,0,0,99.75,,,https://static.musaibrand.com/images/models/0107/model/large/0107_55_2_1.jpg,MU0107,126,Size,2XL,,1,,Color,Albastru marin,,1,,,,,,,,,,,,[62cm]·[77cm],8435782506723
variation,MU01070655,,1,0,visible,,Dimensiuni: 66 * 79 cm,taxable,1,0,0,99.75,,,https://static.musaibrand.com/images/models/0107/model/large/0107_55_2_1.jpg,MU0107,127,Size,3XL,,1,,Color,Albastru marin,,1,,,,,,,,,,,,[66cm]·[79cm],8435782506860
variation,MU01077555,,1,0,visible,,Dimensiuni: 36 * 46 cm,taxable,1,0,0,99.75,,,https://static.musaibrand.com/images/models/0107/model/large/0107_55_2_1.jpg,MU0107,128,Size,4/6,,1,,Color,Albastru marin,,1,,,,,,,,,,,,[36cm]·[46cm],8435782507003
variation,MU01077655,,1,0,visible,,Dimensiuni: 40 * 55 cm,taxable,1,0,0,99.75,,,https://static.musaibrand.com/images/models/0107/model/large/0107_55_2_1.jpg,MU0107,129,Size,8/10,,1,,Color,Albastru marin,,1,,,,,,,,,,,,[40cm]·[55cm],8435782507140
variation,MU01077755,,1,0,visible,,Dimensiuni: 44 * 59 cm,taxable,1,0,0,99.75,,,https://static.musaibrand.com/images/models/0107/model/large/0107_55_2_1.jpg,MU0107,130,Size,12/14,,1,,Color,Albastru marin,,1,,,,,,,,,,,,[44cm]·[59cm],8435782507287
variation,MU01070060,,1,0,visible,,Dimensiuni: 49 * 69 cm,taxable,1,0,0,99.75,,,https://static.musaibrand.com/images/models/0107/model/large/0107_60_2_1.jpg,MU0107,131,Size,XS,,1,,Color,ROȘU,,1,,,,,,,,,,,,[49cm]·[69cm],8435782506037
variation,MU01070160,,1,0,visible,,Dimensiuni: 51 * 70 cm,taxable,1,0,0,99.75,,,https://static.musaibrand.com/images/models/0107/model/large/0107_60_2_1.jpg,MU0107,132,Size,S,,1,,Color,ROȘU,,1,,,,,,,,,,,,[51cm]·[70cm],8435782506174
variation,MU01070260,,1,0,visible,,Dimensiuni: 53 * 71 cm,taxable,1,0,0,99.75,,,https://static.musaibrand.com/images/models/0107/model/large/0107_60_2_1.jpg,MU0107,133,Size,M,,1,,Color,ROȘU,,1,,,,,,,,,,,,[53cm]·[71cm],8435782506310
variation,MU01070360,,1,0,visible,,Dimensiuni: 55 * 73 cm,taxable,1,0,0,99.75,,,https://static.musaibrand.com/images/models/0107/model/large/0107_60_2_1.jpg,MU0107,134,Size,L,,1,,Color,ROȘU,,1,,,,,,,,,,,,[55cm]·[73cm],8435782506457
variation,MU01070460,,1,0,visible,,Dimensiuni: 58 * 75 cm,taxable,1,0,0,99.75,,,https://static.musaibrand.com/images/models/0107/model/large/0107_60_2_1.jpg,MU0107,135,Size,XL,,1,,Color,ROȘU,,1,,,,,,,,,,,,[58cm]·[75cm],8435782506594
variation,MU01070560,,1,0,visible,,Dimensiuni: 62 * 77 cm,taxable,1,0,0,99.75,,,https://static.musaibrand.com/images/models/0107/model/large/0107_60_2_1.jpg,MU0107,136,Size,2XL,,1,,Color,ROȘU,,1,,,,,,,,,,,,[62cm]·[77cm],8435782506730
variation,MU01070660,,1,0,visible,,Dimensiuni: 66 * 79 cm,taxable,1,0,0,99.75,,,https://static.musaibrand.com/images/models/0107/model/large/0107_60_2_1.jpg,MU0107,137,Size,3XL,,1,,Color,ROȘU,,1,,,,,,,,,,,,[66cm]·[79cm],8435782506877
variation,MU01077560,,1,0,visible,,Dimensiuni: 36 * 46 cm,taxable,1,0,0,99.75,,,https://static.musaibrand.com/images/models/0107/model/large/0107_60_2_1.jpg,MU0107,138,Size,4/6,,1,,Color,ROȘU,,1,,,,,,,,,,,,[36cm]·[46cm],8435782507010
variation,MU01077660,,1,0,visible,,Dimensiuni: 40 * 55 cm,taxable,1,0,0,99.75,,,https://static.musaibrand.com/images/models/0107/model/large/0107_60_2_1.jpg,MU0107,139,Size,8/10,,1,,Color,ROȘU,,1,,,,,,,,,,,,[40cm]·[55cm],8435782507157
variation,MU01077760,,1,0,visible,,Dimensiuni: 44 * 59 cm,taxable,1,0,0,99.75,,,https://static.musaibrand.com/images/models/0107/model/large/0107_60_2_1.jpg,MU0107,140,Size,12/14,,1,,Color,ROȘU,,1,,,,,,,,,,,,[44cm]·[59cm],8435782507294
variation,MU01070064,,1,0,visible,,Dimensiuni: 49 * 69 cm,taxable,1,0,0,99.75,,,https://static.musaibrand.com/images/models/0107/model/large/0107_64_2_1.jpg,MU0107,141,Size,XS,,1,,Color,Burgundy,,1,,,,,,,,,,,,[49cm]·[69cm],8435782506044
variation,MU01070164,,1,0,visible,,Dimensiuni: 51 * 70 cm,taxable,1,0,0,99.75,,,https://static.musaibrand.com/images/models/0107/model/large/0107_64_2_1.jpg,MU0107,142,Size,S,,1,,Color,Burgundy,,1,,,,,,,,,,,,[51cm]·[70cm],8435782506181
variation,MU01070264,,1,0,visible,,Dimensiuni: 53 * 71 cm,taxable,1,0,0,99.75,,,https://static.musaibrand.com/images/models/0107/model/large/0107_64_2_1.jpg,MU0107,143,Size,M,,1,,Color,Burgundy,,1,,,,,,,,,,,,[53cm]·[71cm],8435782506327
variation,MU01070364,,1,0,visible,,Dimensiuni: 55 * 73 cm,taxable,1,0,0,99.75,,,https://static.musaibrand.com/images/models/0107/model/large/0107_64_2_1.jpg,MU0107,144,Size,L,,1,,Color,Burgundy,,1,,,,,,,,,,,,[55cm]·[73cm],8435782506464
variation,MU01070464,,1,0,visible,,Dimensiuni: 58 * 75 cm,taxable,1,0,0,99.75,,,https://static.musaibrand.com/images/models/0107/model/large/0107_64_2_1.jpg,MU0107,145,Size,XL,,1,,Color,Burgundy,,1,,,,,,,,,,,,[58cm]·[75cm],8435782506600
variation,MU01070564,,1,0,visible,,Dimensiuni: 62 * 77 cm,taxable,1,0,0,99.75,,,https://static.musaibrand.com/images/models/0107/model/large/0107_64_2_1.jpg,MU0107,146,Size,2XL,,1,,Color,Burgundy,,1,,,,,,,,,,,,[62cm]·[77cm],8435782506747
variation,MU01070664,,1,0,visible,,Dimensiuni: 66 * 79 cm,taxable,1,0,0,99.75,,,https://static.musaibrand.com/images/models/0107/model/large/0107_64_2_1.jpg,MU0107,147,Size,3XL,,1,,Color,Burgundy,,1,,,,,,,,,,,,[66cm]·[79cm],8435782506884
variation,MU01077564,,1,0,visible,,Dimensiuni: 36 * 46 cm,taxable,1,0,0,99.75,,,https://static.musaibrand.com/images/models/0107/model/large/0107_64_2_1.jpg,MU0107,148,Size,4/6,,1,,Color,Burgundy,,1,,,,,,,,,,,,[36cm]·[46cm],8435782507027
variation,MU01077664,,1,0,visible,,Dimensiuni: 40 * 55 cm,taxable,1,0,0,99.75,,,https://static.musaibrand.com/images/models/0107/model/large/0107_64_2_1.jpg,MU0107,149,Size,8/10,,1,,Color,Burgundy,,1,,,,,,,,,,,,[40cm]·[55cm],8435782507164
variation,MU01077764,,1,0,visible,,Dimensiuni: 44 * 59 cm,taxable,1,0,0,99.75,,,https://static.musaibrand.com/images/models/0107/model/large/0107_64_2_1.jpg,MU0107,150,Size,12/14,,1,,Color,Burgundy,,1,,,,,,,,,,,,[44cm]·[59cm],8435782507300
variable,MU0107-K,Rangi Copii Tricou polo,1,0,visible,,"<p>Tricou polo tehnic pentru copii cu mânecă scurtă, din poliester reciclat.<br>· Antibacterial</p><p><strong>Compoziție:</strong> 100% poliester interlock reciclat</p><p><br>· Guler cu nervuri asortat 1x1.<br>· Bandă elastică pe marginea gulerului.<br>· Bandă de acoperire personalizată cu trei nasturi și design cu siglă.<br>· Deschideri laterale cu detalii de acoperire a cusăturii.<br>· Material respirabil, ușor de spălat și uscat, cu tratament antibacterian.<br>· Detaliu logo texturat asortat.</p><h4>Dimensiuni</h4><table style='border-collapse:collapse;margin:8px 0'><tr><th style='padding:4px 12px;border:1px solid #ddd;text-align:left'>Mărime</th><th style='padding:4px 12px;border:1px solid #ddd;text-align:left'>Dimensiuni</th></tr><tr><td style='padding:4px 12px;border:1px solid #ddd'>XS</td><td style='padding:4px 12px;border:1px solid #ddd'>49 * 69 cm</td></tr><tr><td style='padding:4px 12px;border:1px solid #ddd'>S</td><td style='padding:4px 12px;border:1px solid #ddd'>51 * 70 cm</td></tr><tr><td style='padding:4px 12px;border:1px solid #ddd'>M</td><td style='padding:4px 12px;border:1px solid #ddd'>53 * 71 cm</td></tr><tr><td style='padding:4px 12px;border:1px solid #ddd'>L</td><td style='padding:4px 12px;border:1px solid #ddd'>55 * 73 cm</td></tr><tr><td style='padding:4px 12px;border:1px solid #ddd'>XL</td><td style='padding:4px 12px;border:1px solid #ddd'>58 * 75 cm</td></tr><tr><td style='padding:4px 12px;border:1px solid #ddd'>2XL</td><td style='padding:4px 12px;border:1px solid #ddd'>62 * 77 cm</td></tr><tr><td style='padding:4px 12px;border:1px solid #ddd'>3XL</td><td style='padding:4px 12px;border:1px solid #ddd'>66 * 79 cm</td></tr><tr><td style='padding:4px 12px;border:1px solid #ddd'>4/6</td><td style='padding:4px 12px;border:1px solid #ddd'>36 * 46 cm</td></tr><tr><td style='padding:4px 12px;border:1px solid #ddd'>8/10</td><td style='padding:4px 12px;border:1px solid #ddd'>40 * 55 cm</td></tr><tr><td style='padding:4px 12px;border:1px solid #ddd'>12/14</td><td style='padding:4px 12px;border:1px solid #ddd'>44 * 59 cm</td></tr></table>",taxable,1,0,0,,Tricouri și tricouri polo,MUSAI,"https://static.musaibrand.com/images/models/0107-K/model/large/0107-K_01_1_1.jpg,https://static.musaibrand.com/images/models/0107-K/model/large/0107-K_02_1_1.jpg,https://static.musaibrand.com/images/models/0107-K/model/large/0107-K_03_1_1.jpg,https://static.musaibrand.com/images/models/0107-K/model/large/0107-K_05_1_1.jpg,https://static.musaibrand.com/images/models/0107-K/model/large/0107-K_10_1_1.jpg,https://static.musaibrand.com/images/models/0107-K/model/large/0107-K_176_1_1.jpg,https://static.musaibrand.com/images/models/0107-K/model/large/0107-K_221_1_1.jpg,https://static.musaibrand.com/images/models/0107-K/model/large/0107-K_222_1_1.jpg,https://static.musaibrand.com/images/models/0107-K/model/large/0107-K_223_1_1.jpg,https://static.musaibrand.com/images/models/0107-K/model/large/0107-K_226_1_1.jpg,https://static.musaibrand.com/images/models/0107-K/model/large/0107-K_258_1_1.jpg,https://static.musaibrand.com/images/models/0107-K/model/large/0107-K_34_1_1.jpg,https://static.musaibrand.com/images/models/0107-K/model/large/0107-K_55_1_1.jpg,https://static.musaibrand.com/images/models/0107-K/model/large/0107-K_60_1_1.jpg,https://static.musaibrand.com/images/models/0107-K/model/large/0107-K_64_1_1.jpg,https://static.musaibrand.com/images/models/0107-K/model/large/0107-K_01_2_1.jpg,https://static.musaibrand.com/images/models/0107-K/model/large/0107-K_02_2_1.jpg,https://static.musaibrand.com/images/models/0107-K/model/large/0107-K_03_2_1.jpg,https://static.musaibrand.com/images/models/0107-K/model/large/0107-K_05_2_1.jpg,https://static.musaibrand.com/images/models/0107-K/model/large/0107-K_10_2_1.jpg,https://static.musaibrand.com/images/models/0107-K/model/large/0107-K_176_2_1.jpg,https://static.musaibrand.com/images/models/0107-K/model/large/0107-K_221_2_1.jpg,https://static.musaibrand.com/images/models/0107-K/model/large/0107-K_222_2_1.jpg,https://static.musaibrand.com/images/models/0107-K/model/large/0107-K_223_2_1.jpg,https://static.musaibrand.com/images/models/0107-K/model/large/0107-K_226_2_1.jpg,https://static.musaibrand.com/images/models/0107-K/model/large/0107-K_258_2_1.jpg,https://static.musaibrand.com/images/models/0107-K/model/large/0107-K_34_2_1.jpg,https://static.musaibrand.com/images/models/0107-K/model/large/0107-K_55_2_1.jpg,https://static.musaibrand.com/images/models/0107-K/model/large/0107-K_60_2_1.jpg,https://static.musaibrand.com/images/models/0107-K/model/large/0107-K_64_2_1.jpg",,0,Size,"XS, S, M, L, XL, 2XL, 3XL, 4/6, 8/10, 12/14",1,1,,Color,"Alb, Negru, Galben, Albastru regal, Sky blue, Fluor turcoaz, Galben fluor, Fluor verde, Fluor portocaliu, Fern Green, Gri deschis, Gum Pink, Albastru marin, ROȘU, Burgundy",1,1,,Gender,Unisex,1,1,,Dimensiuni,"[49cm]·[69cm], [51cm]·[70cm], [53cm]·[71cm], [55cm]·[73cm], [58cm]·[75cm], [62cm]·[77cm], [66cm]·[79cm], [36cm]·[46cm], [40cm]·[55cm], [44cm]·[59cm]",1,0,,,
variation,MU01070001-K,,1,0,visible,,Dimensiuni: 49 * 69 cm,taxable,1,0,0,99.75,,,https://static.musaibrand.com/images/models/0107-K/model/large/0107-K_01_2_1.jpg,MU0107-K,1,Size,XS,,1,,Color,Alb,,1,,,,,,,,,,,,[49cm]·[69cm],8435782505917
variation,MU01070101-K,,1,0,visible,,Dimensiuni: 51 * 70 cm,taxable,1,0,0,99.75,,,https://static.musaibrand.com/images/models/0107-K/model/large/0107-K_01_2_1.jpg,MU0107-K,2,Size,S,,1,,Color,Alb,,1,,,,,,,,,,,,[51cm]·[70cm],8435782506051
variation,MU01070201-K,,1,0,visible,,Dimensiuni: 53 * 71 cm,taxable,1,0,0,99.75,,,https://static.musaibrand.com/images/models/0107-K/model/large/0107-K_01_2_1.jpg,MU0107-K,3,Size,M,,1,,Color,Alb,,1,,,,,,,,,,,,[53cm]·[71cm],8435782506198
variation,MU01070301-K,,1,0,visible,,Dimensiuni: 55 * 73 cm,taxable,1,0,0,99.75,,,https://static.musaibrand.com/images/models/0107-K/model/large/0107-K_01_2_1.jpg,MU0107-K,4,Size,L,,1,,Color,Alb,,1,,,,,,,,,,,,[55cm]·[73cm],8435782506334
variation,MU01070401-K,,1,0,visible,,Dimensiuni: 58 * 75 cm,taxable,1,0,0,99.75,,,https://static.musaibrand.com/images/models/0107-K/model/large/0107-K_01_2_1.jpg,MU0107-K,5,Size,XL,,1,,Color,Alb,,1,,,,,,,,,,,,[58cm]·[75cm],8435782506471
variation,MU01070501-K,,1,0,visible,,Dimensiuni: 62 * 77 cm,taxable,1,0,0,99.75,,,https://static.musaibrand.com/images/models/0107-K/model/large/0107-K_01_2_1.jpg,MU0107-K,6,Size,2XL,,1,,Color,Alb,,1,,,,,,,,,,,,[62cm]·[77cm],8435782506617
variation,MU01070601-K,,1,0,visible,,Dimensiuni: 66 * 79 cm,taxable,1,0,0,99.75,,,https://static.musaibrand.com/images/models/0107-K/model/large/0107-K_01_2_1.jpg,MU0107-K,7,Size,3XL,,1,,Color,Alb,,1,,,,,,,,,,,,[66cm]·[79cm],8435782506754
variation,MU01077501-K,,1,0,visible,,Dimensiuni: 36 * 46 cm,taxable,1,0,0,99.75,,,https://static.musaibrand.com/images/models/0107-K/model/large/0107-K_01_2_1.jpg,MU0107-K,8,Size,4/6,,1,,Color,Alb,,1,,,,,,,,,,,,[36cm]·[46cm],8435782506891
variation,MU01077601-K,,1,0,visible,,Dimensiuni: 40 * 55 cm,taxable,1,0,0,99.75,,,https://static.musaibrand.com/images/models/0107-K/model/large/0107-K_01_2_1.jpg,MU0107-K,9,Size,8/10,,1,,Color,Alb,,1,,,,,,,,,,,,[40cm]·[55cm],8435782507034
variation,MU01077701-K,,1,0,visible,,Dimensiuni: 44 * 59 cm,taxable,1,0,0,99.75,,,https://static.musaibrand.com/images/models/0107-K/model/large/0107-K_01_2_1.jpg,MU0107-K,10,Size,12/14,,1,,Color,Alb,,1,,,,,,,,,,,,[44cm]·[59cm],8435782507171
variation,MU01070002-K,,1,0,visible,,Dimensiuni: 49 * 69 cm,taxable,1,0,0,99.75,,,https://static.musaibrand.com/images/models/0107-K/model/large/0107-K_02_2_1.jpg,MU0107-K,11,Size,XS,,1,,Color,Negru,,1,,,,,,,,,,,,[49cm]·[69cm],8435782505924
variation,MU01070102-K,,1,0,visible,,Dimensiuni: 51 * 70 cm,taxable,1,0,0,99.75,,,https://static.musaibrand.com/images/models/0107-K/model/large/0107-K_02_2_1.jpg,MU0107-K,12,Size,S,,1,,Color,Negru,,1,,,,,,,,,,,,[51cm]·[70cm],8435782506068
variation,MU01070202-K,,1,0,visible,,Dimensiuni: 53 * 71 cm,taxable,1,0,0,99.75,,,https://static.musaibrand.com/images/models/0107-K/model/large/0107-K_02_2_1.jpg,MU0107-K,13,Size,M,,1,,Color,Negru,,1,,,,,,,,,,,,[53cm]·[71cm],8435782506204
variation,MU01070302-K,,1,0,visible,,Dimensiuni: 55 * 73 cm,taxable,1,0,0,99.75,,,https://static.musaibrand.com/images/models/0107-K/model/large/0107-K_02_2_1.jpg,MU0107-K,14,Size,L,,1,,Color,Negru,,1,,,,,,,,,,,,[55cm]·[73cm],8435782506341
variation,MU01070402-K,,1,0,visible,,Dimensiuni: 58 * 75 cm,taxable,1,0,0,99.75,,,https://static.musaibrand.com/images/models/0107-K/model/large/0107-K_02_2_1.jpg,MU0107-K,15,Size,XL,,1,,Color,Negru,,1,,,,,,,,,,,,[58cm]·[75cm],8435782506488
variation,MU01070502-K,,1,0,visible,,Dimensiuni: 62 * 77 cm,taxable,1,0,0,99.75,,,https://static.musaibrand.com/images/models/0107-K/model/large/0107-K_02_2_1.jpg,MU0107-K,16,Size,2XL,,1,,Color,Negru,,1,,,,,,,,,,,,[62cm]·[77cm],8435782506624
variation,MU01070602-K,,1,0,visible,,Dimensiuni: 66 * 79 cm,taxable,1,0,0,99.75,,,https://static.musaibrand.com/images/models/0107-K/model/large/0107-K_02_2_1.jpg,MU0107-K,17,Size,3XL,,1,,Color,Negru,,1,,,,,,,,,,,,[66cm]·[79cm],8435782506761
variation,MU01077502-K,,1,0,visible,,Dimensiuni: 36 * 46 cm,taxable,1,0,0,99.75,,,https://static.musaibrand.com/images/models/0107-K/model/large/0107-K_02_2_1.jpg,MU0107-K,18,Size,4/6,,1,,Color,Negru,,1,,,,,,,,,,,,[36cm]·[46cm],8435782506907
variation,MU01077602-K,,1,0,visible,,Dimensiuni: 40 * 55 cm,taxable,1,0,0,99.75,,,https://static.musaibrand.com/images/models/0107-K/model/large/0107-K_02_2_1.jpg,MU0107-K,19,Size,8/10,,1,,Color,Negru,,1,,,,,,,,,,,,[40cm]·[55cm],8435782507041
variation,MU01077702-K,,1,0,visible,,Dimensiuni: 44 * 59 cm,taxable,1,0,0,99.75,,,https://static.musaibrand.com/images/models/0107-K/model/large/0107-K_02_2_1.jpg,MU0107-K,20,Size,12/14,,1,,Color,Negru,,1,,,,,,,,,,,,[44cm]·[59cm],8435782507188
variation,MU01070003-K,,1,0,visible,,Dimensiuni: 49 * 69 cm,taxable,1,0,0,99.75,,,https://static.musaibrand.com/images/models/0107-K/model/large/0107-K_03_2_1.jpg,MU0107-K,21,Size,XS,,1,,Color,Galben,,1,,,,,,,,,,,,[49cm]·[69cm],8435782505931
variation,MU01070103-K,,1,0,visible,,Dimensiuni: 51 * 70 cm,taxable,1,0,0,99.75,,,https://static.musaibrand.com/images/models/0107-K/model/large/0107-K_03_2_1.jpg,MU0107-K,22,Size,S,,1,,Color,Galben,,1,,,,,,,,,,,,[51cm]·[70cm],8435782506075
variation,MU01070203-K,,1,0,visible,,Dimensiuni: 53 * 71 cm,taxable,1,0,0,99.75,,,https://static.musaibrand.com/images/models/0107-K/model/large/0107-K_03_2_1.jpg,MU0107-K,23,Size,M,,1,,Color,Galben,,1,,,,,,,,,,,,[53cm]·[71cm],8435782506211
variation,MU01070303-K,,1,0,visible,,Dimensiuni: 55 * 73 cm,taxable,1,0,0,99.75,,,https://static.musaibrand.com/images/models/0107-K/model/large/0107-K_03_2_1.jpg,MU0107-K,24,Size,L,,1,,Color,Galben,,1,,,,,,,,,,,,[55cm]·[73cm],8435782506358
variation,MU01070403-K,,1,0,visible,,Dimensiuni: 58 * 75 cm,taxable,1,0,0,99.75,,,https://static.musaibrand.com/images/models/0107-K/model/large/0107-K_03_2_1.jpg,MU0107-K,25,Size,XL,,1,,Color,Galben,,1,,,,,,,,,,,,[58cm]·[75cm],8435782506495
variation,MU01070503-K,,1,0,visible,,Dimensiuni: 62 * 77 cm,taxable,1,0,0,99.75,,,https://static.musaibrand.com/images/models/0107-K/model/large/0107-K_03_2_1.jpg,MU0107-K,26,Size,2XL,,1,,Color,Galben,,1,,,,,,,,,,,,[62cm]·[77cm],8435782506631
variation,MU01070603-K,,1,0,visible,,Dimensiuni: 66 * 79 cm,taxable,1,0,0,99.75,,,https://static.musaibrand.com/images/models/0107-K/model/large/0107-K_03_2_1.jpg,MU0107-K,27,Size,3XL,,1,,Color,Galben,,1,,,,,,,,,,,,[66cm]·[79cm],8435782506778
variation,MU01077503-K,,1,0,visible,,Dimensiuni: 36 * 46 cm,taxable,1,0,0,99.75,,,https://static.musaibrand.com/images/models/0107-K/model/large/0107-K_03_2_1.jpg,MU0107-K,28,Size,4/6,,1,,Color,Galben,,1,,,,,,,,,,,,[36cm]·[46cm],8435782506914
variation,MU01077603-K,,1,0,visible,,Dimensiuni: 40 * 55 cm,taxable,1,0,0,99.75,,,https://static.musaibrand.com/images/models/0107-K/model/large/0107-K_03_2_1.jpg,MU0107-K,29,Size,8/10,,1,,Color,Galben,,1,,,,,,,,,,,,[40cm]·[55cm],8435782507058
variation,MU01077703-K,,1,0,visible,,Dimensiuni: 44 * 59 cm,taxable,1,0,0,99.75,,,https://static.musaibrand.com/images/models/0107-K/model/large/0107-K_03_2_1.jpg,MU0107-K,30,Size,12/14,,1,,Color,Galben,,1,,,,,,,,,,,,[44cm]·[59cm],8435782507195
variation,MU01070005-K,,1,0,visible,,Dimensiuni: 49 * 69 cm,taxable,1,0,0,99.75,,,https://static.musaibrand.com/images/models/0107-K/model/large/0107-K_05_2_1.jpg,MU0107-K,31,Size,XS,,1,,Color,Albastru regal,,1,,,,,,,,,,,,[49cm]·[69cm],8435782505948
variation,MU01070105-K,,1,0,visible,,Dimensiuni: 51 * 70 cm,taxable,1,0,0,99.75,,,https://static.musaibrand.com/images/models/0107-K/model/large/0107-K_05_2_1.jpg,MU0107-K,32,Size,S,,1,,Color,Albastru regal,,1,,,,,,,,,,,,[51cm]·[70cm],8435782506082
variation,MU01070205-K,,1,0,visible,,Dimensiuni: 53 * 71 cm,taxable,1,0,0,99.75,,,https://static.musaibrand.com/images/models/0107-K/model/large/0107-K_05_2_1.jpg,MU0107-K,33,Size,M,,1,,Color,Albastru regal,,1,,,,,,,,,,,,[53cm]·[71cm],8435782506228
variation,MU01070305-K,,1,0,visible,,Dimensiuni: 55 * 73 cm,taxable,1,0,0,99.75,,,https://static.musaibrand.com/images/models/0107-K/model/large/0107-K_05_2_1.jpg,MU0107-K,34,Size,L,,1,,Color,Albastru regal,,1,,,,,,,,,,,,[55cm]·[73cm],8435782506365
variation,MU01070405-K,,1,0,visible,,Dimensiuni: 58 * 75 cm,taxable,1,0,0,99.75,,,https://static.musaibrand.com/images/models/0107-K/model/large/0107-K_05_2_1.jpg,MU0107-K,35,Size,XL,,1,,Color,Albastru regal,,1,,,,,,,,,,,,[58cm]·[75cm],8435782506501
variation,MU01070505-K,,1,0,visible,,Dimensiuni: 62 * 77 cm,taxable,1,0,0,99.75,,,https://static.musaibrand.com/images/models/0107-K/model/large/0107-K_05_2_1.jpg,MU0107-K,36,Size,2XL,,1,,Color,Albastru regal,,1,,,,,,,,,,,,[62cm]·[77cm],8435782506648
variation,MU01070605-K,,1,0,visible,,Dimensiuni: 66 * 79 cm,taxable,1,0,0,99.75,,,https://static.musaibrand.com/images/models/0107-K/model/large/0107-K_05_2_1.jpg,MU0107-K,37,Size,3XL,,1,,Color,Albastru regal,,1,,,,,,,,,,,,[66cm]·[79cm],8435782506785
variation,MU01077505-K,,1,0,visible,,Dimensiuni: 36 * 46 cm,taxable,1,0,0,99.75,,,https://static.musaibrand.com/images/models/0107-K/model/large/0107-K_05_2_1.jpg,MU0107-K,38,Size,4/6,,1,,Color,Albastru regal,,1,,,,,,,,,,,,[36cm]·[46cm],8435782506921
variation,MU01077605-K,,1,0,visible,,Dimensiuni: 40 * 55 cm,taxable,1,0,0,99.75,,,https://static.musaibrand.com/images/models/0107-K/model/large/0107-K_05_2_1.jpg,MU0107-K,39,Size,8/10,,1,,Color,Albastru regal,,1,,,,,,,,,,,,[40cm]·[55cm],8435782507065
variation,MU01077705-K,,1,0,visible,,Dimensiuni: 44 * 59 cm,taxable,1,0,0,99.75,,,https://static.musaibrand.com/images/models/0107-K/model/large/0107-K_05_2_1.jpg,MU0107-K,40,Size,12/14,,1,,Color,Albastru regal,,1,,,,,,,,,,,,[44cm]·[59cm],8435782507201
variation,MU01070010-K,,1,0,visible,,Dimensiuni: 49 * 69 cm,taxable,1,0,0,99.75,,,https://static.musaibrand.com/images/models/0107-K/model/large/0107-K_10_2_1.jpg,MU0107-K,41,Size,XS,,1,,Color,Sky blue,,1,,,,,,,,,,,,[49cm]·[69cm],8435782505955
variation,MU01070110-K,,1,0,visible,,Dimensiuni: 51 * 70 cm,taxable,1,0,0,99.75,,,https://static.musaibrand.com/images/models/0107-K/model/large/0107-K_10_2_1.jpg,MU0107-K,42,Size,S,,1,,Color,Sky blue,,1,,,,,,,,,,,,[51cm]·[70cm],8435782506099
variation,MU01070210-K,,1,0,visible,,Dimensiuni: 53 * 71 cm,taxable,1,0,0,99.75,,,https://static.musaibrand.com/images/models/0107-K/model/large/0107-K_10_2_1.jpg,MU0107-K,43,Size,M,,1,,Color,Sky blue,,1,,,,,,,,,,,,[53cm]·[71cm],8435782506235
variation,MU01070310-K,,1,0,visible,,Dimensiuni: 55 * 73 cm,taxable,1,0,0,99.75,,,https://static.musaibrand.com/images/models/0107-K/model/large/0107-K_10_2_1.jpg,MU0107-K,44,Size,L,,1,,Color,Sky blue,,1,,,,,,,,,,,,[55cm]·[73cm],8435782506372
variation,MU01070410-K,,1,0,visible,,Dimensiuni: 58 * 75 cm,taxable,1,0,0,99.75,,,https://static.musaibrand.com/images/models/0107-K/model/large/0107-K_10_2_1.jpg,MU0107-K,45,Size,XL,,1,,Color,Sky blue,,1,,,,,,,,,,,,[58cm]·[75cm],8435782506518
variation,MU01070510-K,,1,0,visible,,Dimensiuni: 62 * 77 cm,taxable,1,0,0,99.75,,,https://static.musaibrand.com/images/models/0107-K/model/large/0107-K_10_2_1.jpg,MU0107-K,46,Size,2XL,,1,,Color,Sky blue,,1,,,,,,,,,,,,[62cm]·[77cm],8435782506655
variation,MU01070610-K,,1,0,visible,,Dimensiuni: 66 * 79 cm,taxable,1,0,0,99.75,,,https://static.musaibrand.com/images/models/0107-K/model/large/0107-K_10_2_1.jpg,MU0107-K,47,Size,3XL,,1,,Color,Sky blue,,1,,,,,,,,,,,,[66cm]·[79cm],8435782506792
variation,MU01077510-K,,1,0,visible,,Dimensiuni: 36 * 46 cm,taxable,1,0,0,99.75,,,https://static.musaibrand.com/images/models/0107-K/model/large/0107-K_10_2_1.jpg,MU0107-K,48,Size,4/6,,1,,Color,Sky blue,,1,,,,,,,,,,,,[36cm]·[46cm],8435782506938
variation,MU01077610-K,,1,0,visible,,Dimensiuni: 40 * 55 cm,taxable,1,0,0,99.75,,,https://static.musaibrand.com/images/models/0107-K/model/large/0107-K_10_2_1.jpg,MU0107-K,49,Size,8/10,,1,,Color,Sky blue,,1,,,,,,,,,,,,[40cm]·[55cm],8435782507072
variation,MU01077710-K,,1,0,visible,,Dimensiuni: 44 * 59 cm,taxable,1,0,0,99.75,,,https://static.musaibrand.com/images/models/0107-K/model/large/0107-K_10_2_1.jpg,MU0107-K,50,Size,12/14,,1,,Color,Sky blue,,1,,,,,,,,,,,,[44cm]·[59cm],8435782507218
variation,MU010700176-K,,1,0,visible,,Dimensiuni: 49 * 69 cm,taxable,1,0,0,99.75,,,https://static.musaibrand.com/images/models/0107-K/model/large/0107-K_176_2_1.jpg,MU0107-K,51,Size,XS,,1,,Color,Fluor turcoaz,,1,,,,,,,,,,,,[49cm]·[69cm],8435782505962
variation,MU010701176-K,,1,0,visible,,Dimensiuni: 51 * 70 cm,taxable,1,0,0,99.75,,,https://static.musaibrand.com/images/models/0107-K/model/large/0107-K_176_2_1.jpg,MU0107-K,52,Size,S,,1,,Color,Fluor turcoaz,,1,,,,,,,,,,,,[51cm]·[70cm],8435782506105
variation,MU010702176-K,,1,0,visible,,Dimensiuni: 53 * 71 cm,taxable,1,0,0,99.75,,,https://static.musaibrand.com/images/models/0107-K/model/large/0107-K_176_2_1.jpg,MU0107-K,53,Size,M,,1,,Color,Fluor turcoaz,,1,,,,,,,,,,,,[53cm]·[71cm],8435782506242
variation,MU010703176-K,,1,0,visible,,Dimensiuni: 55 * 73 cm,taxable,1,0,0,99.75,,,https://static.musaibrand.com/images/models/0107-K/model/large/0107-K_176_2_1.jpg,MU0107-K,54,Size,L,,1,,Color,Fluor turcoaz,,1,,,,,,,,,,,,[55cm]·[73cm],8435782506389
variation,MU010704176-K,,1,0,visible,,Dimensiuni: 58 * 75 cm,taxable,1,0,0,99.75,,,https://static.musaibrand.com/images/models/0107-K/model/large/0107-K_176_2_1.jpg,MU0107-K,55,Size,XL,,1,,Color,Fluor turcoaz,,1,,,,,,,,,,,,[58cm]·[75cm],8435782506525
variation,MU010705176-K,,1,0,visible,,Dimensiuni: 62 * 77 cm,taxable,1,0,0,99.75,,,https://static.musaibrand.com/images/models/0107-K/model/large/0107-K_176_2_1.jpg,MU0107-K,56,Size,2XL,,1,,Color,Fluor turcoaz,,1,,,,,,,,,,,,[62cm]·[77cm],8435782506662
variation,MU010706176-K,,1,0,visible,,Dimensiuni: 66 * 79 cm,taxable,1,0,0,99.75,,,https://static.musaibrand.com/images/models/0107-K/model/large/0107-K_176_2_1.jpg,MU0107-K,57,Size,3XL,,1,,Color,Fluor turcoaz,,1,,,,,,,,,,,,[66cm]·[79cm],8435782506808
variation,MU010775176-K,,1,0,visible,,Dimensiuni: 36 * 46 cm,taxable,1,0,0,99.75,,,https://static.musaibrand.com/images/models/0107-K/model/large/0107-K_176_2_1.jpg,MU0107-K,58,Size,4/6,,1,,Color,Fluor turcoaz,,1,,,,,,,,,,,,[36cm]·[46cm],8435782506945
variation,MU010776176-K,,1,0,visible,,Dimensiuni: 40 * 55 cm,taxable,1,0,0,99.75,,,https://static.musaibrand.com/images/models/0107-K/model/large/0107-K_176_2_1.jpg,MU0107-K,59,Size,8/10,,1,,Color,Fluor turcoaz,,1,,,,,,,,,,,,[40cm]·[55cm],8435782507089
variation,MU010777176-K,,1,0,visible,,Dimensiuni: 44 * 59 cm,taxable,1,0,0,99.75,,,https://static.musaibrand.com/images/models/0107-K/model/large/0107-K_176_2_1.jpg,MU0107-K,60,Size,12/14,,1,,Color,Fluor turcoaz,,1,,,,,,,,,,,,[44cm]·[59cm],8435782507225
variation,MU010700221-K,,1,0,visible,,Dimensiuni: 49 * 69 cm,taxable,1,0,0,99.75,,,https://static.musaibrand.com/images/models/0107-K/model/large/0107-K_221_2_1.jpg,MU0107-K,61,Size,XS,,1,,Color,Galben fluor,,1,,,,,,,,,,,,[49cm]·[69cm],8435782505979
variation,MU010701221-K,,1,0,visible,,Dimensiuni: 51 * 70 cm,taxable,1,0,0,99.75,,,https://static.musaibrand.com/images/models/0107-K/model/large/0107-K_221_2_1.jpg,MU0107-K,62,Size,S,,1,,Color,Galben fluor,,1,,,,,,,,,,,,[51cm]·[70cm],8435782506112
variation,MU010702221-K,,1,0,visible,,Dimensiuni: 53 * 71 cm,taxable,1,0,0,99.75,,,https://static.musaibrand.com/images/models/0107-K/model/large/0107-K_221_2_1.jpg,MU0107-K,63,Size,M,,1,,Color,Galben fluor,,1,,,,,,,,,,,,[53cm]·[71cm],8435782506259
variation,MU010703221-K,,1,0,visible,,Dimensiuni: 55 * 73 cm,taxable,1,0,0,99.75,,,https://static.musaibrand.com/images/models/0107-K/model/large/0107-K_221_2_1.jpg,MU0107-K,64,Size,L,,1,,Color,Galben fluor,,1,,,,,,,,,,,,[55cm]·[73cm],8435782506396
variation,MU010704221-K,,1,0,visible,,Dimensiuni: 58 * 75 cm,taxable,1,0,0,99.75,,,https://static.musaibrand.com/images/models/0107-K/model/large/0107-K_221_2_1.jpg,MU0107-K,65,Size,XL,,1,,Color,Galben fluor,,1,,,,,,,,,,,,[58cm]·[75cm],8435782506532
variation,MU010705221-K,,1,0,visible,,Dimensiuni: 62 * 77 cm,taxable,1,0,0,99.75,,,https://static.musaibrand.com/images/models/0107-K/model/large/0107-K_221_2_1.jpg,MU0107-K,66,Size,2XL,,1,,Color,Galben fluor,,1,,,,,,,,,,,,[62cm]·[77cm],8435782506679
variation,MU010706221-K,,1,0,visible,,Dimensiuni: 66 * 79 cm,taxable,1,0,0,99.75,,,https://static.musaibrand.com/images/models/0107-K/model/large/0107-K_221_2_1.jpg,MU0107-K,67,Size,3XL,,1,,Color,Galben fluor,,1,,,,,,,,,,,,[66cm]·[79cm],8435782506815
variation,MU010775221-K,,1,0,visible,,Dimensiuni: 36 * 46 cm,taxable,1,0,0,99.75,,,https://static.musaibrand.com/images/models/0107-K/model/large/0107-K_221_2_1.jpg,MU0107-K,68,Size,4/6,,1,,Color,Galben fluor,,1,,,,,,,,,,,,[36cm]·[46cm],8435782506952
variation,MU010776221-K,,1,0,visible,,Dimensiuni: 40 * 55 cm,taxable,1,0,0,99.75,,,https://static.musaibrand.com/images/models/0107-K/model/large/0107-K_221_2_1.jpg,MU0107-K,69,Size,8/10,,1,,Color,Galben fluor,,1,,,,,,,,,,,,[40cm]·[55cm],8435782507096
variation,MU010777221-K,,1,0,visible,,Dimensiuni: 44 * 59 cm,taxable,1,0,0,99.75,,,https://static.musaibrand.com/images/models/0107-K/model/large/0107-K_221_2_1.jpg,MU0107-K,70,Size,12/14,,1,,Color,Galben fluor,,1,,,,,,,,,,,,[44cm]·[59cm],8435782507232
variation,MU010700222-K,,1,0,visible,,Dimensiuni: 49 * 69 cm,taxable,1,0,0,99.75,,,https://static.musaibrand.com/images/models/0107-K/model/large/0107-K_222_2_1.jpg,MU0107-K,71,Size,XS,,1,,Color,Fluor verde,,1,,,,,,,,,,,,[49cm]·[69cm],8435782505986
variation,MU010701222-K,,1,0,visible,,Dimensiuni: 51 * 70 cm,taxable,1,0,0,99.75,,,https://static.musaibrand.com/images/models/0107-K/model/large/0107-K_222_2_1.jpg,MU0107-K,72,Size,S,,1,,Color,Fluor verde,,1,,,,,,,,,,,,[51cm]·[70cm],8435782506129
variation,MU010702222-K,,1,0,visible,,Dimensiuni: 53 * 71 cm,taxable,1,0,0,99.75,,,https://static.musaibrand.com/images/models/0107-K/model/large/0107-K_222_2_1.jpg,MU0107-K,73,Size,M,,1,,Color,Fluor verde,,1,,,,,,,,,,,,[53cm]·[71cm],8435782506266
variation,MU010703222-K,,1,0,visible,,Dimensiuni: 55 * 73 cm,taxable,1,0,0,99.75,,,https://static.musaibrand.com/images/models/0107-K/model/large/0107-K_222_2_1.jpg,MU0107-K,74,Size,L,,1,,Color,Fluor verde,,1,,,,,,,,,,,,[55cm]·[73cm],8435782506402
variation,MU010704222-K,,1,0,visible,,Dimensiuni: 58 * 75 cm,taxable,1,0,0,99.75,,,https://static.musaibrand.com/images/models/0107-K/model/large/0107-K_222_2_1.jpg,MU0107-K,75,Size,XL,,1,,Color,Fluor verde,,1,,,,,,,,,,,,[58cm]·[75cm],8435782506549
variation,MU010705222-K,,1,0,visible,,Dimensiuni: 62 * 77 cm,taxable,1,0,0,99.75,,,https://static.musaibrand.com/images/models/0107-K/model/large/0107-K_222_2_1.jpg,MU0107-K,76,Size,2XL,,1,,Color,Fluor verde,,1,,,,,,,,,,,,[62cm]·[77cm],8435782506686
variation,MU010706222-K,,1,0,visible,,Dimensiuni: 66 * 79 cm,taxable,1,0,0,99.75,,,https://static.musaibrand.com/images/models/0107-K/model/large/0107-K_222_2_1.jpg,MU0107-K,77,Size,3XL,,1,,Color,Fluor verde,,1,,,,,,,,,,,,[66cm]·[79cm],8435782506822
variation,MU010775222-K,,1,0,visible,,Dimensiuni: 36 * 46 cm,taxable,1,0,0,99.75,,,https://static.musaibrand.com/images/models/0107-K/model/large/0107-K_222_2_1.jpg,MU0107-K,78,Size,4/6,,1,,Color,Fluor verde,,1,,,,,,,,,,,,[36cm]·[46cm],8435782506969
variation,MU010776222-K,,1,0,visible,,Dimensiuni: 40 * 55 cm,taxable,1,0,0,99.75,,,https://static.musaibrand.com/images/models/0107-K/model/large/0107-K_222_2_1.jpg,MU0107-K,79,Size,8/10,,1,,Color,Fluor verde,,1,,,,,,,,,,,,[40cm]·[55cm],8435782507102
variation,MU010777222-K,,1,0,visible,,Dimensiuni: 44 * 59 cm,taxable,1,0,0,99.75,,,https://static.musaibrand.com/images/models/0107-K/model/large/0107-K_222_2_1.jpg,MU0107-K,80,Size,12/14,,1,,Color,Fluor verde,,1,,,,,,,,,,,,[44cm]·[59cm],8435782507249
variation,MU010700223-K,,1,0,visible,,Dimensiuni: 49 * 69 cm,taxable,1,0,0,99.75,,,https://static.musaibrand.com/images/models/0107-K/model/large/0107-K_223_2_1.jpg,MU0107-K,81,Size,XS,,1,,Color,Fluor portocaliu,,1,,,,,,,,,,,,[49cm]·[69cm],8435782505993
variation,MU010701223-K,,1,0,visible,,Dimensiuni: 51 * 70 cm,taxable,1,0,0,99.75,,,https://static.musaibrand.com/images/models/0107-K/model/large/0107-K_223_2_1.jpg,MU0107-K,82,Size,S,,1,,Color,Fluor portocaliu,,1,,,,,,,,,,,,[51cm]·[70cm],8435782506136
variation,MU010702223-K,,1,0,visible,,Dimensiuni: 53 * 71 cm,taxable,1,0,0,99.75,,,https://static.musaibrand.com/images/models/0107-K/model/large/0107-K_223_2_1.jpg,MU0107-K,83,Size,M,,1,,Color,Fluor portocaliu,,1,,,,,,,,,,,,[53cm]·[71cm],8435782506273
variation,MU010703223-K,,1,0,visible,,Dimensiuni: 55 * 73 cm,taxable,1,0,0,99.75,,,https://static.musaibrand.com/images/models/0107-K/model/large/0107-K_223_2_1.jpg,MU0107-K,84,Size,L,,1,,Color,Fluor portocaliu,,1,,,,,,,,,,,,[55cm]·[73cm],8435782506419
variation,MU010704223-K,,1,0,visible,,Dimensiuni: 58 * 75 cm,taxable,1,0,0,99.75,,,https://static.musaibrand.com/images/models/0107-K/model/large/0107-K_223_2_1.jpg,MU0107-K,85,Size,XL,,1,,Color,Fluor portocaliu,,1,,,,,,,,,,,,[58cm]·[75cm],8435782506556
variation,MU010705223-K,,1,0,visible,,Dimensiuni: 62 * 77 cm,taxable,1,0,0,99.75,,,https://static.musaibrand.com/images/models/0107-K/model/large/0107-K_223_2_1.jpg,MU0107-K,86,Size,2XL,,1,,Color,Fluor portocaliu,,1,,,,,,,,,,,,[62cm]·[77cm],8435782506693
variation,MU010706223-K,,1,0,visible,,Dimensiuni: 66 * 79 cm,taxable,1,0,0,99.75,,,https://static.musaibrand.com/images/models/0107-K/model/large/0107-K_223_2_1.jpg,MU0107-K,87,Size,3XL,,1,,Color,Fluor portocaliu,,1,,,,,,,,,,,,[66cm]·[79cm],8435782506839
variation,MU010775223-K,,1,0,visible,,Dimensiuni: 36 * 46 cm,taxable,1,0,0,99.75,,,https://static.musaibrand.com/images/models/0107-K/model/large/0107-K_223_2_1.jpg,MU0107-K,88,Size,4/6,,1,,Color,Fluor portocaliu,,1,,,,,,,,,,,,[36cm]·[46cm],8435782506976
variation,MU010776223-K,,1,0,visible,,Dimensiuni: 40 * 55 cm,taxable,1,0,0,99.75,,,https://static.musaibrand.com/images/models/0107-K/model/large/0107-K_223_2_1.jpg,MU0107-K,89,Size,8/10,,1,,Color,Fluor portocaliu,,1,,,,,,,,,,,,[40cm]·[55cm],8435782507119
variation,MU010777223-K,,1,0,visible,,Dimensiuni: 44 * 59 cm,taxable,1,0,0,99.75,,,https://static.musaibrand.com/images/models/0107-K/model/large/0107-K_223_2_1.jpg,MU0107-K,90,Size,12/14,,1,,Color,Fluor portocaliu,,1,,,,,,,,,,,,[44cm]·[59cm],8435782507256
variation,MU010700226-K,,1,0,visible,,Dimensiuni: 49 * 69 cm,taxable,1,0,0,99.75,,,https://static.musaibrand.com/images/models/0107-K/model/large/0107-K_226_2_1.jpg,MU0107-K,91,Size,XS,,1,,Color,Fern Green,,1,,,,,,,,,,,,[49cm]·[69cm],8435782528749
variation,MU010701226-K,,1,0,visible,,Dimensiuni: 51 * 70 cm,taxable,1,0,0,99.75,,,https://static.musaibrand.com/images/models/0107-K/model/large/0107-K_226_2_1.jpg,MU0107-K,92,Size,S,,1,,Color,Fern Green,,1,,,,,,,,,,,,[51cm]·[70cm],8435782528756
variation,MU010702226-K,,1,0,visible,,Dimensiuni: 53 * 71 cm,taxable,1,0,0,99.75,,,https://static.musaibrand.com/images/models/0107-K/model/large/0107-K_226_2_1.jpg,MU0107-K,93,Size,M,,1,,Color,Fern Green,,1,,,,,,,,,,,,[53cm]·[71cm],8435782528763
variation,MU010703226-K,,1,0,visible,,Dimensiuni: 55 * 73 cm,taxable,1,0,0,99.75,,,https://static.musaibrand.com/images/models/0107-K/model/large/0107-K_226_2_1.jpg,MU0107-K,94,Size,L,,1,,Color,Fern Green,,1,,,,,,,,,,,,[55cm]·[73cm],8435782528770
variation,MU010704226-K,,1,0,visible,,Dimensiuni: 58 * 75 cm,taxable,1,0,0,99.75,,,https://static.musaibrand.com/images/models/0107-K/model/large/0107-K_226_2_1.jpg,MU0107-K,95,Size,XL,,1,,Color,Fern Green,,1,,,,,,,,,,,,[58cm]·[75cm],8435782528787
variation,MU010705226-K,,1,0,visible,,Dimensiuni: 62 * 77 cm,taxable,1,0,0,99.75,,,https://static.musaibrand.com/images/models/0107-K/model/large/0107-K_226_2_1.jpg,MU0107-K,96,Size,2XL,,1,,Color,Fern Green,,1,,,,,,,,,,,,[62cm]·[77cm],8435782528794
variation,MU010706226-K,,1,0,visible,,Dimensiuni: 66 * 79 cm,taxable,1,0,0,99.75,,,https://static.musaibrand.com/images/models/0107-K/model/large/0107-K_226_2_1.jpg,MU0107-K,97,Size,3XL,,1,,Color,Fern Green,,1,,,,,,,,,,,,[66cm]·[79cm],8435782528800
variation,MU010775226-K,,1,0,visible,,Dimensiuni: 36 * 46 cm,taxable,1,0,0,99.75,,,https://static.musaibrand.com/images/models/0107-K/model/large/0107-K_226_2_1.jpg,MU0107-K,98,Size,4/6,,1,,Color,Fern Green,,1,,,,,,,,,,,,[36cm]·[46cm],8435782528817
variation,MU010776226-K,,1,0,visible,,Dimensiuni: 40 * 55 cm,taxable,1,0,0,99.75,,,https://static.musaibrand.com/images/models/0107-K/model/large/0107-K_226_2_1.jpg,MU0107-K,99,Size,8/10,,1,,Color,Fern Green,,1,,,,,,,,,,,,[40cm]·[55cm],8435782528824
variation,MU010777226-K,,1,0,visible,,Dimensiuni: 44 * 59 cm,taxable,1,0,0,99.75,,,https://static.musaibrand.com/images/models/0107-K/model/large/0107-K_226_2_1.jpg,MU0107-K,100,Size,12/14,,1,,Color,Fern Green,,1,,,,,,,,,,,,[44cm]·[59cm],8435782528831
variation,MU010700258-K,,1,0,visible,,Dimensiuni: 49 * 69 cm,taxable,1,0,0,99.75,,,https://static.musaibrand.com/images/models/0107-K/model/large/0107-K_258_2_1.jpg,MU0107-K,101,Size,XS,,1,,Color,Gri deschis,,1,,,,,,,,,,,,[49cm]·[69cm],8435782506006
variation,MU010701258-K,,1,0,visible,,Dimensiuni: 51 * 70 cm,taxable,1,0,0,99.75,,,https://static.musaibrand.com/images/models/0107-K/model/large/0107-K_258_2_1.jpg,MU0107-K,102,Size,S,,1,,Color,Gri deschis,,1,,,,,,,,,,,,[51cm]·[70cm],8435782506143
variation,MU010702258-K,,1,0,visible,,Dimensiuni: 53 * 71 cm,taxable,1,0,0,99.75,,,https://static.musaibrand.com/images/models/0107-K/model/large/0107-K_258_2_1.jpg,MU0107-K,103,Size,M,,1,,Color,Gri deschis,,1,,,,,,,,,,,,[53cm]·[71cm],8435782506280
variation,MU010703258-K,,1,0,visible,,Dimensiuni: 55 * 73 cm,taxable,1,0,0,99.75,,,https://static.musaibrand.com/images/models/0107-K/model/large/0107-K_258_2_1.jpg,MU0107-K,104,Size,L,,1,,Color,Gri deschis,,1,,,,,,,,,,,,[55cm]·[73cm],8435782506426
variation,MU010704258-K,,1,0,visible,,Dimensiuni: 58 * 75 cm,taxable,1,0,0,99.75,,,https://static.musaibrand.com/images/models/0107-K/model/large/0107-K_258_2_1.jpg,MU0107-K,105,Size,XL,,1,,Color,Gri deschis,,1,,,,,,,,,,,,[58cm]·[75cm],8435782506563
variation,MU010705258-K,,1,0,visible,,Dimensiuni: 62 * 77 cm,taxable,1,0,0,99.75,,,https://static.musaibrand.com/images/models/0107-K/model/large/0107-K_258_2_1.jpg,MU0107-K,106,Size,2XL,,1,,Color,Gri deschis,,1,,,,,,,,,,,,[62cm]·[77cm],8435782506709
variation,MU010706258-K,,1,0,visible,,Dimensiuni: 66 * 79 cm,taxable,1,0,0,99.75,,,https://static.musaibrand.com/images/models/0107-K/model/large/0107-K_258_2_1.jpg,MU0107-K,107,Size,3XL,,1,,Color,Gri deschis,,1,,,,,,,,,,,,[66cm]·[79cm],8435782506846
variation,MU010775258-K,,1,0,visible,,Dimensiuni: 36 * 46 cm,taxable,1,0,0,99.75,,,https://static.musaibrand.com/images/models/0107-K/model/large/0107-K_258_2_1.jpg,MU0107-K,108,Size,4/6,,1,,Color,Gri deschis,,1,,,,,,,,,,,,[36cm]·[46cm],8435782506983
variation,MU010776258-K,,1,0,visible,,Dimensiuni: 40 * 55 cm,taxable,1,0,0,99.75,,,https://static.musaibrand.com/images/models/0107-K/model/large/0107-K_258_2_1.jpg,MU0107-K,109,Size,8/10,,1,,Color,Gri deschis,,1,,,,,,,,,,,,[40cm]·[55cm],8435782507126
variation,MU010777258-K,,1,0,visible,,Dimensiuni: 44 * 59 cm,taxable,1,0,0,99.75,,,https://static.musaibrand.com/images/models/0107-K/model/large/0107-K_258_2_1.jpg,MU0107-K,110,Size,12/14,,1,,Color,Gri deschis,,1,,,,,,,,,,,,[44cm]·[59cm],8435782507263
variation,MU01070034-K,,1,0,visible,,Dimensiuni: 49 * 69 cm,taxable,1,0,0,99.75,,,https://static.musaibrand.com/images/models/0107-K/model/large/0107-K_34_2_1.jpg,MU0107-K,111,Size,XS,,1,,Color,Gum Pink,,1,,,,,,,,,,,,[49cm]·[69cm],8435782506013
variation,MU01070134-K,,1,0,visible,,Dimensiuni: 51 * 70 cm,taxable,1,0,0,99.75,,,https://static.musaibrand.com/images/models/0107-K/model/large/0107-K_34_2_1.jpg,MU0107-K,112,Size,S,,1,,Color,Gum Pink,,1,,,,,,,,,,,,[51cm]·[70cm],8435782506150
variation,MU01070234-K,,1,0,visible,,Dimensiuni: 53 * 71 cm,taxable,1,0,0,99.75,,,https://static.musaibrand.com/images/models/0107-K/model/large/0107-K_34_2_1.jpg,MU0107-K,113,Size,M,,1,,Color,Gum Pink,,1,,,,,,,,,,,,[53cm]·[71cm],8435782506297
variation,MU01070334-K,,1,0,visible,,Dimensiuni: 55 * 73 cm,taxable,1,0,0,99.75,,,https://static.musaibrand.com/images/models/0107-K/model/large/0107-K_34_2_1.jpg,MU0107-K,114,Size,L,,1,,Color,Gum Pink,,1,,,,,,,,,,,,[55cm]·[73cm],8435782506433
variation,MU01070434-K,,1,0,visible,,Dimensiuni: 58 * 75 cm,taxable,1,0,0,99.75,,,https://static.musaibrand.com/images/models/0107-K/model/large/0107-K_34_2_1.jpg,MU0107-K,115,Size,XL,,1,,Color,Gum Pink,,1,,,,,,,,,,,,[58cm]·[75cm],8435782506570
variation,MU01070534-K,,1,0,visible,,Dimensiuni: 62 * 77 cm,taxable,1,0,0,99.75,,,https://static.musaibrand.com/images/models/0107-K/model/large/0107-K_34_2_1.jpg,MU0107-K,116,Size,2XL,,1,,Color,Gum Pink,,1,,,,,,,,,,,,[62cm]·[77cm],8435782506716
variation,MU01070634-K,,1,0,visible,,Dimensiuni: 66 * 79 cm,taxable,1,0,0,99.75,,,https://static.musaibrand.com/images/models/0107-K/model/large/0107-K_34_2_1.jpg,MU0107-K,117,Size,3XL,,1,,Color,Gum Pink,,1,,,,,,,,,,,,[66cm]·[79cm],8435782506853
variation,MU01077534-K,,1,0,visible,,Dimensiuni: 36 * 46 cm,taxable,1,0,0,99.75,,,https://static.musaibrand.com/images/models/0107-K/model/large/0107-K_34_2_1.jpg,MU0107-K,118,Size,4/6,,1,,Color,Gum Pink,,1,,,,,,,,,,,,[36cm]·[46cm],8435782506990
variation,MU01077634-K,,1,0,visible,,Dimensiuni: 40 * 55 cm,taxable,1,0,0,99.75,,,https://static.musaibrand.com/images/models/0107-K/model/large/0107-K_34_2_1.jpg,MU0107-K,119,Size,8/10,,1,,Color,Gum Pink,,1,,,,,,,,,,,,[40cm]·[55cm],8435782507133
variation,MU01077734-K,,1,0,visible,,Dimensiuni: 44 * 59 cm,taxable,1,0,0,99.75,,,https://static.musaibrand.com/images/models/0107-K/model/large/0107-K_34_2_1.jpg,MU0107-K,120,Size,12/14,,1,,Color,Gum Pink,,1,,,,,,,,,,,,[44cm]·[59cm],8435782507270
variation,MU01070055-K,,1,0,visible,,Dimensiuni: 49 * 69 cm,taxable,1,0,0,99.75,,,https://static.musaibrand.com/images/models/0107-K/model/large/0107-K_55_2_1.jpg,MU0107-K,121,Size,XS,,1,,Color,Albastru marin,,1,,,,,,,,,,,,[49cm]·[69cm],8435782506020
variation,MU01070155-K,,1,0,visible,,Dimensiuni: 51 * 70 cm,taxable,1,0,0,99.75,,,https://static.musaibrand.com/images/models/0107-K/model/large/0107-K_55_2_1.jpg,MU0107-K,122,Size,S,,1,,Color,Albastru marin,,1,,,,,,,,,,,,[51cm]·[70cm],8435782506167
variation,MU01070255-K,,1,0,visible,,Dimensiuni: 53 * 71 cm,taxable,1,0,0,99.75,,,https://static.musaibrand.com/images/models/0107-K/model/large/0107-K_55_2_1.jpg,MU0107-K,123,Size,M,,1,,Color,Albastru marin,,1,,,,,,,,,,,,[53cm]·[71cm],8435782506303
variation,MU01070355-K,,1,0,visible,,Dimensiuni: 55 * 73 cm,taxable,1,0,0,99.75,,,https://static.musaibrand.com/images/models/0107-K/model/large/0107-K_55_2_1.jpg,MU0107-K,124,Size,L,,1,,Color,Albastru marin,,1,,,,,,,,,,,,[55cm]·[73cm],8435782506440
variation,MU01070455-K,,1,0,visible,,Dimensiuni: 58 * 75 cm,taxable,1,0,0,99.75,,,https://static.musaibrand.com/images/models/0107-K/model/large/0107-K_55_2_1.jpg,MU0107-K,125,Size,XL,,1,,Color,Albastru marin,,1,,,,,,,,,,,,[58cm]·[75cm],8435782506587
variation,MU01070555-K,,1,0,visible,,Dimensiuni: 62 * 77 cm,taxable,1,0,0,99.75,,,https://static.musaibrand.com/images/models/0107-K/model/large/0107-K_55_2_1.jpg,MU0107-K,126,Size,2XL,,1,,Color,Albastru marin,,1,,,,,,,,,,,,[62cm]·[77cm],8435782506723
variation,MU01070655-K,,1,0,visible,,Dimensiuni: 66 * 79 cm,taxable,1,0,0,99.75,,,https://static.musaibrand.com/images/models/0107-K/model/large/0107-K_55_2_1.jpg,MU0107-K,127,Size,3XL,,1,,Color,Albastru marin,,1,,,,,,,,,,,,[66cm]·[79cm],8435782506860
variation,MU01077555-K,,1,0,visible,,Dimensiuni: 36 * 46 cm,taxable,1,0,0,99.75,,,https://static.musaibrand.com/images/models/0107-K/model/large/0107-K_55_2_1.jpg,MU0107-K,128,Size,4/6,,1,,Color,Albastru marin,,1,,,,,,,,,,,,[36cm]·[46cm],8435782507003
variation,MU01077655-K,,1,0,visible,,Dimensiuni: 40 * 55 cm,taxable,1,0,0,99.75,,,https://static.musaibrand.com/images/models/0107-K/model/large/0107-K_55_2_1.jpg,MU0107-K,129,Size,8/10,,1,,Color,Albastru marin,,1,,,,,,,,,,,,[40cm]·[55cm],8435782507140
variation,MU01077755-K,,1,0,visible,,Dimensiuni: 44 * 59 cm,taxable,1,0,0,99.75,,,https://static.musaibrand.com/images/models/0107-K/model/large/0107-K_55_2_1.jpg,MU0107-K,130,Size,12/14,,1,,Color,Albastru marin,,1,,,,,,,,,,,,[44cm]·[59cm],8435782507287
variation,MU01070060-K,,1,0,visible,,Dimensiuni: 49 * 69 cm,taxable,1,0,0,99.75,,,https://static.musaibrand.com/images/models/0107-K/model/large/0107-K_60_2_1.jpg,MU0107-K,131,Size,XS,,1,,Color,ROȘU,,1,,,,,,,,,,,,[49cm]·[69cm],8435782506037
variation,MU01070160-K,,1,0,visible,,Dimensiuni: 51 * 70 cm,taxable,1,0,0,99.75,,,https://static.musaibrand.com/images/models/0107-K/model/large/0107-K_60_2_1.jpg,MU0107-K,132,Size,S,,1,,Color,ROȘU,,1,,,,,,,,,,,,[51cm]·[70cm],8435782506174
variation,MU01070260-K,,1,0,visible,,Dimensiuni: 53 * 71 cm,taxable,1,0,0,99.75,,,https://static.musaibrand.com/images/models/0107-K/model/large/0107-K_60_2_1.jpg,MU0107-K,133,Size,M,,1,,Color,ROȘU,,1,,,,,,,,,,,,[53cm]·[71cm],8435782506310
variation,MU01070360-K,,1,0,visible,,Dimensiuni: 55 * 73 cm,taxable,1,0,0,99.75,,,https://static.musaibrand.com/images/models/0107-K/model/large/0107-K_60_2_1.jpg,MU0107-K,134,Size,L,,1,,Color,ROȘU,,1,,,,,,,,,,,,[55cm]·[73cm],8435782506457
variation,MU01070460-K,,1,0,visible,,Dimensiuni: 58 * 75 cm,taxable,1,0,0,99.75,,,https://static.musaibrand.com/images/models/0107-K/model/large/0107-K_60_2_1.jpg,MU0107-K,135,Size,XL,,1,,Color,ROȘU,,1,,,,,,,,,,,,[58cm]·[75cm],8435782506594
variation,MU01070560-K,,1,0,visible,,Dimensiuni: 62 * 77 cm,taxable,1,0,0,99.75,,,https://static.musaibrand.com/images/models/0107-K/model/large/0107-K_60_2_1.jpg,MU0107-K,136,Size,2XL,,1,,Color,ROȘU,,1,,,,,,,,,,,,[62cm]·[77cm],8435782506730
variation,MU01070660-K,,1,0,visible,,Dimensiuni: 66 * 79 cm,taxable,1,0,0,99.75,,,https://static.musaibrand.com/images/models/0107-K/model/large/0107-K_60_2_1.jpg,MU0107-K,137,Size,3XL,,1,,Color,ROȘU,,1,,,,,,,,,,,,[66cm]·[79cm],8435782506877
variation,MU01077560-K,,1,0,visible,,Dimensiuni: 36 * 46 cm,taxable,1,0,0,99.75,,,https://static.musaibrand.com/images/models/0107-K/model/large/0107-K_60_2_1.jpg,MU0107-K,138,Size,4/6,,1,,Color,ROȘU,,1,,,,,,,,,,,,[36cm]·[46cm],8435782507010
variation,MU01077660-K,,1,0,visible,,Dimensiuni: 40 * 55 cm,taxable,1,0,0,99.75,,,https://static.musaibrand.com/images/models/0107-K/model/large/0107-K_60_2_1.jpg,MU0107-K,139,Size,8/10,,1,,Color,ROȘU,,1,,,,,,,,,,,,[40cm]·[55cm],8435782507157
variation,MU01077760-K,,1,0,visible,,Dimensiuni: 44 * 59 cm,taxable,1,0,0,99.75,,,https://static.musaibrand.com/images/models/0107-K/model/large/0107-K_60_2_1.jpg,MU0107-K,140,Size,12/14,,1,,Color,ROȘU,,1,,,,,,,,,,,,[44cm]·[59cm],8435782507294
variation,MU01070064-K,,1,0,visible,,Dimensiuni: 49 * 69 cm,taxable,1,0,0,99.75,,,https://static.musaibrand.com/images/models/0107-K/model/large/0107-K_64_2_1.jpg,MU0107-K,141,Size,XS,,1,,Color,Burgundy,,1,,,,,,,,,,,,[49cm]·[69cm],8435782506044
variation,MU01070164-K,,1,0,visible,,Dimensiuni: 51 * 70 cm,taxable,1,0,0,99.75,,,https://static.musaibrand.com/images/models/0107-K/model/large/0107-K_64_2_1.jpg,MU0107-K,142,Size,S,,1,,Color,Burgundy,,1,,,,,,,,,,,,[51cm]·[70cm],8435782506181
variation,MU01070264-K,,1,0,visible,,Dimensiuni: 53 * 71 cm,taxable,1,0,0,99.75,,,https://static.musaibrand.com/images/models/0107-K/model/large/0107-K_64_2_1.jpg,MU0107-K,143,Size,M,,1,,Color,Burgundy,,1,,,,,,,,,,,,[53cm]·[71cm],8435782506327
variation,MU01070364-K,,1,0,visible,,Dimensiuni: 55 * 73 cm,taxable,1,0,0,99.75,,,https://static.musaibrand.com/images/models/0107-K/model/large/0107-K_64_2_1.jpg,MU0107-K,144,Size,L,,1,,Color,Burgundy,,1,,,,,,,,,,,,[55cm]·[73cm],8435782506464
variation,MU01070464-K,,1,0,visible,,Dimensiuni: 58 * 75 cm,taxable,1,0,0,99.75,,,https://static.musaibrand.com/images/models/0107-K/model/large/0107-K_64_2_1.jpg,MU0107-K,145,Size,XL,,1,,Color,Burgundy,,1,,,,,,,,,,,,[58cm]·[75cm],8435782506600
variation,MU01070564-K,,1,0,visible,,Dimensiuni: 62 * 77 cm,taxable,1,0,0,99.75,,,https://static.musaibrand.com/images/models/0107-K/model/large/0107-K_64_2_1.jpg,MU0107-K,146,Size,2XL,,1,,Color,Burgundy,,1,,,,,,,,,,,,[62cm]·[77cm],8435782506747
variation,MU01070664-K,,1,0,visible,,Dimensiuni: 66 * 79 cm,taxable,1,0,0,99.75,,,https://static.musaibrand.com/images/models/0107-K/model/large/0107-K_64_2_1.jpg,MU0107-K,147,Size,3XL,,1,,Color,Burgundy,,1,,,,,,,,,,,,[66cm]·[79cm],8435782506884
variation,MU01077564-K,,1,0,visible,,Dimensiuni: 36 * 46 cm,taxable,1,0,0,99.75,,,https://static.musaibrand.com/images/models/0107-K/model/large/0107-K_64_2_1.jpg,MU0107-K,148,Size,4/6,,1,,Color,Burgundy,,1,,,,,,,,,,,,[36cm]·[46cm],8435782507027
variation,MU01077664-K,,1,0,visible,,Dimensiuni: 40 * 55 cm,taxable,1,0,0,99.75,,,https://static.musaibrand.com/images/models/0107-K/model/large/0107-K_64_2_1.jpg,MU0107-K,149,Size,8/10,,1,,Color,Burgundy,,1,,,,,,,,,,,,[40cm]·[55cm],8435782507164
variation,MU01077764-K,,1,0,visible,,Dimensiuni: 44 * 59 cm,taxable,1,0,0,99.75,,,https://static.musaibrand.com/images/models/0107-K/model/large/0107-K_64_2_1.jpg,MU0107-K,150,Size,12/14,,1,,Color,Burgundy,,1,,,,,,,,,,,,[44cm]·[59cm],8435782507300
variable,MU0108,Tricou Tricou polo - Rangi Femeie,1,0,visible,,"<p>Tricou polo tehnic slim-fit cu mânecă scurtă pentru femei din poliester reciclat.<br>· Antibacterial</p><p><strong>Compoziție:</strong> 100% poliester reciclat</p><p><br>· Guler cu nervuri asortat 1x1.<br>· Bandă elastică pe marginea gulerului.<br>· Bandă de acoperire personalizată cu trei nasturi și design cu siglă.<br>· Deschideri laterale cu detalii de acoperire a cusăturii.<br>· Material respirabil, ușor de spălat și uscat, cu tratament antibacterian.<br>· Detaliu logo texturat asortat.</p><h4>Dimensiuni</h4><table style='border-collapse:collapse;margin:8px 0'><tr><th style='padding:4px 12px;border:1px solid #ddd;text-align:left'>Mărime</th><th style='padding:4px 12px;border:1px solid #ddd;text-align:left'>Dimensiuni</th></tr><tr><td style='padding:4px 12px;border:1px solid #ddd'>XS</td><td style='padding:4px 12px;border:1px solid #ddd'>42 * 58 cm</td></tr><tr><td style='padding:4px 12px;border:1px solid #ddd'>S</td><td style='padding:4px 12px;border:1px solid #ddd'>44 * 60 cm</td></tr><tr><td style='padding:4px 12px;border:1px solid #ddd'>M</td><td style='padding:4px 12px;border:1px solid #ddd'>46 * 64,5 cm</td></tr><tr><td style='padding:4px 12px;border:1px solid #ddd'>L</td><td style='padding:4px 12px;border:1px solid #ddd'>48 * 64,5 cm</td></tr><tr><td style='padding:4px 12px;border:1px solid #ddd'>XL</td><td style='padding:4px 12px;border:1px solid #ddd'>50 * 66,5 cm</td></tr><tr><td style='padding:4px 12px;border:1px solid #ddd'>2XL</td><td style='padding:4px 12px;border:1px solid #ddd'>53 * 68,5 cm</td></tr></table>",taxable,1,0,0,,Tricouri și tricouri polo,MUSAI,"https://static.musaibrand.com/images/models/0108/model/large/0108_01_1_1.jpg,https://static.musaibrand.com/images/models/0108/model/large/0108_02_1_1.jpg,https://static.musaibrand.com/images/models/0108/model/large/0108_03_1_1.jpg,https://static.musaibrand.com/images/models/0108/model/large/0108_05_1_1.jpg,https://static.musaibrand.com/images/models/0108/model/large/0108_10_1_1.jpg,https://static.musaibrand.com/images/models/0108/model/large/0108_176_1_1.jpg,https://static.musaibrand.com/images/models/0108/model/large/0108_258_1_1.jpg,https://static.musaibrand.com/images/models/0108/model/large/0108_34_1_1.jpg,https://static.musaibrand.com/images/models/0108/model/large/0108_55_1_1.jpg,https://static.musaibrand.com/images/models/0108/model/large/0108_60_1_1.jpg,https://static.musaibrand.com/images/models/0108/model/large/0108_64_1_1.jpg,https://static.musaibrand.com/images/models/0108/model/large/0108_01_2_1.jpg,https://static.musaibrand.com/images/models/0108/model/large/0108_02_2_1.jpg,https://static.musaibrand.com/images/models/0108/model/large/0108_03_2_1.jpg,https://static.musaibrand.com/images/models/0108/model/large/0108_05_2_1.jpg,https://static.musaibrand.com/images/models/0108/model/large/0108_10_2_1.jpg,https://static.musaibrand.com/images/models/0108/model/large/0108_176_2_1.jpg,https://static.musaibrand.com/images/models/0108/model/large/0108_258_2_1.jpg,https://static.musaibrand.com/images/models/0108/model/large/0108_34_2_1.jpg,https://static.musaibrand.com/images/models/0108/model/large/0108_55_2_1.jpg,https://static.musaibrand.com/images/models/0108/model/large/0108_60_2_1.jpg,https://static.musaibrand.com/images/models/0108/model/large/0108_64_2_1.jpg",,0,Size,"XS, S, M, L, XL, 2XL",1,1,,Color,"Alb, Negru, Galben, Albastru regal, Sky blue, Fluor turcoaz, Gri deschis, Gum Pink, Albastru marin, ROȘU, Burgundy",1,1,,Gender,Femeie,1,1,,Dimensiuni,"[42cm]·[58cm], [44cm]·[60cm], [46cm]·[64.5cm], [48cm]·[64.5cm], [50cm]·[66.5cm], [53cm]·[68.5cm]",1,0,,,
variation,MU01080001,,1,0,visible,,Dimensiuni: 42 * 58 cm,taxable,1,0,0,99.75,,,https://static.musaibrand.com/images/models/0108/model/large/0108_01_2_1.jpg,MU0108,1,Size,XS,,1,,Color,Alb,,1,,,,,,,,,,,,[42cm]·[58cm],8435782507317
variation,MU01080101,,1,0,visible,,Dimensiuni: 44 * 60 cm,taxable,1,0,0,99.75,,,https://static.musaibrand.com/images/models/0108/model/large/0108_01_2_1.jpg,MU0108,2,Size,S,,1,,Color,Alb,,1,,,,,,,,,,,,[44cm]·[60cm],8435782507423
variation,MU01080201,,1,0,visible,,"Dimensiuni: 46 * 64,5 cm",taxable,1,0,0,99.75,,,https://static.musaibrand.com/images/models/0108/model/large/0108_01_2_1.jpg,MU0108,3,Size,M,,1,,Color,Alb,,1,,,,,,,,,,,,"[46cm]·[64,5cm]",8435782507539
variation,MU01080301,,1,0,visible,,"Dimensiuni: 48 * 64,5 cm",taxable,1,0,0,99.75,,,https://static.musaibrand.com/images/models/0108/model/large/0108_01_2_1.jpg,MU0108,4,Size,L,,1,,Color,Alb,,1,,,,,,,,,,,,"[48cm]·[64,5cm]",8435782507645
variation,MU01080401,,1,0,visible,,"Dimensiuni: 50 * 66,5 cm",taxable,1,0,0,99.75,,,https://static.musaibrand.com/images/models/0108/model/large/0108_01_2_1.jpg,MU0108,5,Size,XL,,1,,Color,Alb,,1,,,,,,,,,,,,"[50cm]·[66,5cm]",8435782507751
variation,MU01080501,,1,0,visible,,"Dimensiuni: 53 * 68,5 cm",taxable,1,0,0,99.75,,,https://static.musaibrand.com/images/models/0108/model/large/0108_01_2_1.jpg,MU0108,6,Size,2XL,,1,,Color,Alb,,1,,,,,,,,,,,,"[53cm]·[68,5cm]",8435782507867
variation,MU01080002,,1,0,visible,,Dimensiuni: 42 * 58 cm,taxable,1,0,0,99.75,,,https://static.musaibrand.com/images/models/0108/model/large/0108_02_2_1.jpg,MU0108,7,Size,XS,,1,,Color,Negru,,1,,,,,,,,,,,,[42cm]·[58cm],8435782507324
variation,MU01080102,,1,0,visible,,Dimensiuni: 44 * 60 cm,taxable,1,0,0,99.75,,,https://static.musaibrand.com/images/models/0108/model/large/0108_02_2_1.jpg,MU0108,8,Size,S,,1,,Color,Negru,,1,,,,,,,,,,,,[44cm]·[60cm],8435782507430
variation,MU01080202,,1,0,visible,,"Dimensiuni: 46 * 64,5 cm",taxable,1,0,0,99.75,,,https://static.musaibrand.com/images/models/0108/model/large/0108_02_2_1.jpg,MU0108,9,Size,M,,1,,Color,Negru,,1,,,,,,,,,,,,"[46cm]·[64,5cm]",8435782507546
variation,MU01080302,,1,0,visible,,"Dimensiuni: 48 * 64,5 cm",taxable,1,0,0,99.75,,,https://static.musaibrand.com/images/models/0108/model/large/0108_02_2_1.jpg,MU0108,10,Size,L,,1,,Color,Negru,,1,,,,,,,,,,,,"[48cm]·[64,5cm]",8435782507652
variation,MU01080402,,1,0,visible,,"Dimensiuni: 50 * 66,5 cm",taxable,1,0,0,99.75,,,https://static.musaibrand.com/images/models/0108/model/large/0108_02_2_1.jpg,MU0108,11,Size,XL,,1,,Color,Negru,,1,,,,,,,,,,,,"[50cm]·[66,5cm]",8435782507768
variation,MU01080502,,1,0,visible,,"Dimensiuni: 53 * 68,5 cm",taxable,1,0,0,99.75,,,https://static.musaibrand.com/images/models/0108/model/large/0108_02_2_1.jpg,MU0108,12,Size,2XL,,1,,Color,Negru,,1,,,,,,,,,,,,"[53cm]·[68,5cm]",8435782507874
variation,MU01080003,,1,0,visible,,Dimensiuni: 42 * 58 cm,taxable,1,0,0,99.75,,,https://static.musaibrand.com/images/models/0108/model/large/0108_03_2_1.jpg,MU0108,13,Size,XS,,1,,Color,Galben,,1,,,,,,,,,,,,[42cm]·[58cm],8435782507331
variation,MU01080103,,1,0,visible,,Dimensiuni: 44 * 60 cm,taxable,1,0,0,99.75,,,https://static.musaibrand.com/images/models/0108/model/large/0108_03_2_1.jpg,MU0108,14,Size,S,,1,,Color,Galben,,1,,,,,,,,,,,,[44cm]·[60cm],8435782507447
variation,MU01080203,,1,0,visible,,"Dimensiuni: 46 * 64,5 cm",taxable,1,0,0,99.75,,,https://static.musaibrand.com/images/models/0108/model/large/0108_03_2_1.jpg,MU0108,15,Size,M,,1,,Color,Galben,,1,,,,,,,,,,,,"[46cm]·[64,5cm]",8435782507553
variation,MU01080303,,1,0,visible,,"Dimensiuni: 48 * 64,5 cm",taxable,1,0,0,99.75,,,https://static.musaibrand.com/images/models/0108/model/large/0108_03_2_1.jpg,MU0108,16,Size,L,,1,,Color,Galben,,1,,,,,,,,,,,,"[48cm]·[64,5cm]",8435782507669
variation,MU01080403,,1,0,visible,,"Dimensiuni: 50 * 66,5 cm",taxable,1,0,0,99.75,,,https://static.musaibrand.com/images/models/0108/model/large/0108_03_2_1.jpg,MU0108,17,Size,XL,,1,,Color,Galben,,1,,,,,,,,,,,,"[50cm]·[66,5cm]",8435782507775
variation,MU01080503,,1,0,visible,,"Dimensiuni: 53 * 68,5 cm",taxable,1,0,0,99.75,,,https://static.musaibrand.com/images/models/0108/model/large/0108_03_2_1.jpg,MU0108,18,Size,2XL,,1,,Color,Galben,,1,,,,,,,,,,,,"[53cm]·[68,5cm]",8435782507881
variation,MU01080005,,1,0,visible,,Dimensiuni: 42 * 58 cm,taxable,1,0,0,99.75,,,https://static.musaibrand.com/images/models/0108/model/large/0108_05_2_1.jpg,MU0108,19,Size,XS,,1,,Color,Albastru regal,,1,,,,,,,,,,,,[42cm]·[58cm],8435782507348
variation,MU01080105,,1,0,visible,,Dimensiuni: 44 * 60 cm,taxable,1,0,0,99.75,,,https://static.musaibrand.com/images/models/0108/model/large/0108_05_2_1.jpg,MU0108,20,Size,S,,1,,Color,Albastru regal,,1,,,,,,,,,,,,[44cm]·[60cm],8435782507454
variation,MU01080205,,1,0,visible,,"Dimensiuni: 46 * 64,5 cm",taxable,1,0,0,99.75,,,https://static.musaibrand.com/images/models/0108/model/large/0108_05_2_1.jpg,MU0108,21,Size,M,,1,,Color,Albastru regal,,1,,,,,,,,,,,,"[46cm]·[64,5cm]",8435782507560
variation,MU01080305,,1,0,visible,,"Dimensiuni: 48 * 64,5 cm",taxable,1,0,0,99.75,,,https://static.musaibrand.com/images/models/0108/model/large/0108_05_2_1.jpg,MU0108,22,Size,L,,1,,Color,Albastru regal,,1,,,,,,,,,,,,"[48cm]·[64,5cm]",8435782507676
variation,MU01080405,,1,0,visible,,"Dimensiuni: 50 * 66,5 cm",taxable,1,0,0,99.75,,,https://static.musaibrand.com/images/models/0108/model/large/0108_05_2_1.jpg,MU0108,23,Size,XL,,1,,Color,Albastru regal,,1,,,,,,,,,,,,"[50cm]·[66,5cm]",8435782507782
variation,MU01080505,,1,0,visible,,"Dimensiuni: 53 * 68,5 cm",taxable,1,0,0,99.75,,,https://static.musaibrand.com/images/models/0108/model/large/0108_05_2_1.jpg,MU0108,24,Size,2XL,,1,,Color,Albastru regal,,1,,,,,,,,,,,,"[53cm]·[68,5cm]",8435782507898
variation,MU01080010,,1,0,visible,,Dimensiuni: 42 * 58 cm,taxable,1,0,0,99.75,,,https://static.musaibrand.com/images/models/0108/model/large/0108_10_2_1.jpg,MU0108,25,Size,XS,,1,,Color,Sky blue,,1,,,,,,,,,,,,[42cm]·[58cm],8435782507355
variation,MU01080110,,1,0,visible,,Dimensiuni: 44 * 60 cm,taxable,1,0,0,99.75,,,https://static.musaibrand.com/images/models/0108/model/large/0108_10_2_1.jpg,MU0108,26,Size,S,,1,,Color,Sky blue,,1,,,,,,,,,,,,[44cm]·[60cm],8435782507461
variation,MU01080210,,1,0,visible,,"Dimensiuni: 46 * 64,5 cm",taxable,1,0,0,99.75,,,https://static.musaibrand.com/images/models/0108/model/large/0108_10_2_1.jpg,MU0108,27,Size,M,,1,,Color,Sky blue,,1,,,,,,,,,,,,"[46cm]·[64,5cm]",8435782507577
variation,MU01080310,,1,0,visible,,"Dimensiuni: 48 * 64,5 cm",taxable,1,0,0,99.75,,,https://static.musaibrand.com/images/models/0108/model/large/0108_10_2_1.jpg,MU0108,28,Size,L,,1,,Color,Sky blue,,1,,,,,,,,,,,,"[48cm]·[64,5cm]",8435782507683
variation,MU01080410,,1,0,visible,,"Dimensiuni: 50 * 66,5 cm",taxable,1,0,0,99.75,,,https://static.musaibrand.com/images/models/0108/model/large/0108_10_2_1.jpg,MU0108,29,Size,XL,,1,,Color,Sky blue,,1,,,,,,,,,,,,"[50cm]·[66,5cm]",8435782507799
variation,MU01080510,,1,0,visible,,"Dimensiuni: 53 * 68,5 cm",taxable,1,0,0,99.75,,,https://static.musaibrand.com/images/models/0108/model/large/0108_10_2_1.jpg,MU0108,30,Size,2XL,,1,,Color,Sky blue,,1,,,,,,,,,,,,"[53cm]·[68,5cm]",8435782507904
variation,MU010800176,,1,0,visible,,Dimensiuni: 42 * 58 cm,taxable,1,0,0,99.75,,,https://static.musaibrand.com/images/models/0108/model/large/0108_176_2_1.jpg,MU0108,31,Size,XS,,1,,Color,Fluor turcoaz,,1,,,,,,,,,,,,[42cm]·[58cm],8435782507362
variation,MU010801176,,1,0,visible,,Dimensiuni: 44 * 60 cm,taxable,1,0,0,99.75,,,https://static.musaibrand.com/images/models/0108/model/large/0108_176_2_1.jpg,MU0108,32,Size,S,,1,,Color,Fluor turcoaz,,1,,,,,,,,,,,,[44cm]·[60cm],8435782507478
variation,MU010802176,,1,0,visible,,"Dimensiuni: 46 * 64,5 cm",taxable,1,0,0,99.75,,,https://static.musaibrand.com/images/models/0108/model/large/0108_176_2_1.jpg,MU0108,33,Size,M,,1,,Color,Fluor turcoaz,,1,,,,,,,,,,,,"[46cm]·[64,5cm]",8435782507584
variation,MU010803176,,1,0,visible,,"Dimensiuni: 48 * 64,5 cm",taxable,1,0,0,99.75,,,https://static.musaibrand.com/images/models/0108/model/large/0108_176_2_1.jpg,MU0108,34,Size,L,,1,,Color,Fluor turcoaz,,1,,,,,,,,,,,,"[48cm]·[64,5cm]",8435782507690
variation,MU010804176,,1,0,visible,,"Dimensiuni: 50 * 66,5 cm",taxable,1,0,0,99.75,,,https://static.musaibrand.com/images/models/0108/model/large/0108_176_2_1.jpg,MU0108,35,Size,XL,,1,,Color,Fluor turcoaz,,1,,,,,,,,,,,,"[50cm]·[66,5cm]",8435782507805
variation,MU010805176,,1,0,visible,,"Dimensiuni: 53 * 68,5 cm",taxable,1,0,0,99.75,,,https://static.musaibrand.com/images/models/0108/model/large/0108_176_2_1.jpg,MU0108,36,Size,2XL,,1,,Color,Fluor turcoaz,,1,,,,,,,,,,,,"[53cm]·[68,5cm]",8435782507911
variation,MU010800258,,1,0,visible,,Dimensiuni: 42 * 58 cm,taxable,1,0,0,99.75,,,https://static.musaibrand.com/images/models/0108/model/large/0108_258_2_1.jpg,MU0108,37,Size,XS,,1,,Color,Gri deschis,,1,,,,,,,,,,,,[42cm]·[58cm],8435782507379
variation,MU010801258,,1,0,visible,,Dimensiuni: 44 * 60 cm,taxable,1,0,0,99.75,,,https://static.musaibrand.com/images/models/0108/model/large/0108_258_2_1.jpg,MU0108,38,Size,S,,1,,Color,Gri deschis,,1,,,,,,,,,,,,[44cm]·[60cm],8435782507485
variation,MU010802258,,1,0,visible,,"Dimensiuni: 46 * 64,5 cm",taxable,1,0,0,99.75,,,https://static.musaibrand.com/images/models/0108/model/large/0108_258_2_1.jpg,MU0108,39,Size,M,,1,,Color,Gri deschis,,1,,,,,,,,,,,,"[46cm]·[64,5cm]",8435782507591
variation,MU010803258,,1,0,visible,,"Dimensiuni: 48 * 64,5 cm",taxable,1,0,0,99.75,,,https://static.musaibrand.com/images/models/0108/model/large/0108_258_2_1.jpg,MU0108,40,Size,L,,1,,Color,Gri deschis,,1,,,,,,,,,,,,"[48cm]·[64,5cm]",8435782507706
variation,MU010804258,,1,0,visible,,"Dimensiuni: 50 * 66,5 cm",taxable,1,0,0,99.75,,,https://static.musaibrand.com/images/models/0108/model/large/0108_258_2_1.jpg,MU0108,41,Size,XL,,1,,Color,Gri deschis,,1,,,,,,,,,,,,"[50cm]·[66,5cm]",8435782507812
variation,MU010805258,,1,0,visible,,"Dimensiuni: 53 * 68,5 cm",taxable,1,0,0,99.75,,,https://static.musaibrand.com/images/models/0108/model/large/0108_258_2_1.jpg,MU0108,42,Size,2XL,,1,,Color,Gri deschis,,1,,,,,,,,,,,,"[53cm]·[68,5cm]",8435782507928
variation,MU01080034,,1,0,visible,,Dimensiuni: 42 * 58 cm,taxable,1,0,0,99.75,,,https://static.musaibrand.com/images/models/0108/model/large/0108_34_2_1.jpg,MU0108,43,Size,XS,,1,,Color,Gum Pink,,1,,,,,,,,,,,,[42cm]·[58cm],8435782507386
variation,MU01080134,,1,0,visible,,Dimensiuni: 44 * 60 cm,taxable,1,0,0,99.75,,,https://static.musaibrand.com/images/models/0108/model/large/0108_34_2_1.jpg,MU0108,44,Size,S,,1,,Color,Gum Pink,,1,,,,,,,,,,,,[44cm]·[60cm],8435782507492
variation,MU01080234,,1,0,visible,,"Dimensiuni: 46 * 64,5 cm",taxable,1,0,0,99.75,,,https://static.musaibrand.com/images/models/0108/model/large/0108_34_2_1.jpg,MU0108,45,Size,M,,1,,Color,Gum Pink,,1,,,,,,,,,,,,"[46cm]·[64,5cm]",8435782507607
variation,MU01080334,,1,0,visible,,"Dimensiuni: 48 * 64,5 cm",taxable,1,0,0,99.75,,,https://static.musaibrand.com/images/models/0108/model/large/0108_34_2_1.jpg,MU0108,46,Size,L,,1,,Color,Gum Pink,,1,,,,,,,,,,,,"[48cm]·[64,5cm]",8435782507713
variation,MU01080434,,1,0,visible,,"Dimensiuni: 50 * 66,5 cm",taxable,1,0,0,99.75,,,https://static.musaibrand.com/images/models/0108/model/large/0108_34_2_1.jpg,MU0108,47,Size,XL,,1,,Color,Gum Pink,,1,,,,,,,,,,,,"[50cm]·[66,5cm]",8435782507829
variation,MU01080534,,1,0,visible,,"Dimensiuni: 53 * 68,5 cm",taxable,1,0,0,99.75,,,https://static.musaibrand.com/images/models/0108/model/large/0108_34_2_1.jpg,MU0108,48,Size,2XL,,1,,Color,Gum Pink,,1,,,,,,,,,,,,"[53cm]·[68,5cm]",8435782507935
variation,MU01080055,,1,0,visible,,Dimensiuni: 42 * 58 cm,taxable,1,0,0,99.75,,,https://static.musaibrand.com/images/models/0108/model/large/0108_55_2_1.jpg,MU0108,49,Size,XS,,1,,Color,Albastru marin,,1,,,,,,,,,,,,[42cm]·[58cm],8435782507393
variation,MU01080155,,1,0,visible,,Dimensiuni: 44 * 60 cm,taxable,1,0,0,99.75,,,https://static.musaibrand.com/images/models/0108/model/large/0108_55_2_1.jpg,MU0108,50,Size,S,,1,,Color,Albastru marin,,1,,,,,,,,,,,,[44cm]·[60cm],8435782507508
variation,MU01080255,,1,0,visible,,"Dimensiuni: 46 * 64,5 cm",taxable,1,0,0,99.75,,,https://static.musaibrand.com/images/models/0108/model/large/0108_55_2_1.jpg,MU0108,51,Size,M,,1,,Color,Albastru marin,,1,,,,,,,,,,,,"[46cm]·[64,5cm]",8435782507614
variation,MU01080355,,1,0,visible,,"Dimensiuni: 48 * 64,5 cm",taxable,1,0,0,99.75,,,https://static.musaibrand.com/images/models/0108/model/large/0108_55_2_1.jpg,MU0108,52,Size,L,,1,,Color,Albastru marin,,1,,,,,,,,,,,,"[48cm]·[64,5cm]",8435782507720
variation,MU01080455,,1,0,visible,,"Dimensiuni: 50 * 66,5 cm",taxable,1,0,0,99.75,,,https://static.musaibrand.com/images/models/0108/model/large/0108_55_2_1.jpg,MU0108,53,Size,XL,,1,,Color,Albastru marin,,1,,,,,,,,,,,,"[50cm]·[66,5cm]",8435782507836
variation,MU01080555,,1,0,visible,,"Dimensiuni: 53 * 68,5 cm",taxable,1,0,0,99.75,,,https://static.musaibrand.com/images/models/0108/model/large/0108_55_2_1.jpg,MU0108,54,Size,2XL,,1,,Color,Albastru marin,,1,,,,,,,,,,,,"[53cm]·[68,5cm]",8435782507942
variation,MU01080060,,1,0,visible,,Dimensiuni: 42 * 58 cm,taxable,1,0,0,99.75,,,https://static.musaibrand.com/images/models/0108/model/large/0108_60_2_1.jpg,MU0108,55,Size,XS,,1,,Color,ROȘU,,1,,,,,,,,,,,,[42cm]·[58cm],8435782507409
variation,MU01080160,,1,0,visible,,Dimensiuni: 44 * 60 cm,taxable,1,0,0,99.75,,,https://static.musaibrand.com/images/models/0108/model/large/0108_60_2_1.jpg,MU0108,56,Size,S,,1,,Color,ROȘU,,1,,,,,,,,,,,,[44cm]·[60cm],8435782507515
variation,MU01080260,,1,0,visible,,"Dimensiuni: 46 * 64,5 cm",taxable,1,0,0,99.75,,,https://static.musaibrand.com/images/models/0108/model/large/0108_60_2_1.jpg,MU0108,57,Size,M,,1,,Color,ROȘU,,1,,,,,,,,,,,,"[46cm]·[64,5cm]",8435782507621
variation,MU01080360,,1,0,visible,,"Dimensiuni: 48 * 64,5 cm",taxable,1,0,0,99.75,,,https://static.musaibrand.com/images/models/0108/model/large/0108_60_2_1.jpg,MU0108,58,Size,L,,1,,Color,ROȘU,,1,,,,,,,,,,,,"[48cm]·[64,5cm]",8435782507737
variation,MU01080460,,1,0,visible,,"Dimensiuni: 50 * 66,5 cm",taxable,1,0,0,99.75,,,https://static.musaibrand.com/images/models/0108/model/large/0108_60_2_1.jpg,MU0108,59,Size,XL,,1,,Color,ROȘU,,1,,,,,,,,,,,,"[50cm]·[66,5cm]",8435782507843
variation,MU01080560,,1,0,visible,,"Dimensiuni: 53 * 68,5 cm",taxable,1,0,0,99.75,,,https://static.musaibrand.com/images/models/0108/model/large/0108_60_2_1.jpg,MU0108,60,Size,2XL,,1,,Color,ROȘU,,1,,,,,,,,,,,,"[53cm]·[68,5cm]",8435782507959
variation,MU01080064,,1,0,visible,,Dimensiuni: 42 * 58 cm,taxable,1,0,0,99.75,,,https://static.musaibrand.com/images/models/0108/model/large/0108_64_2_1.jpg,MU0108,61,Size,XS,,1,,Color,Burgundy,,1,,,,,,,,,,,,[42cm]·[58cm],8435782507416
variation,MU01080164,,1,0,visible,,Dimensiuni: 44 * 60 cm,taxable,1,0,0,99.75,,,https://static.musaibrand.com/images/models/0108/model/large/0108_64_2_1.jpg,MU0108,62,Size,S,,1,,Color,Burgundy,,1,,,,,,,,,,,,[44cm]·[60cm],8435782507522
variation,MU01080264,,1,0,visible,,"Dimensiuni: 46 * 64,5 cm",taxable,1,0,0,99.75,,,https://static.musaibrand.com/images/models/0108/model/large/0108_64_2_1.jpg,MU0108,63,Size,M,,1,,Color,Burgundy,,1,,,,,,,,,,,,"[46cm]·[64,5cm]",8435782507638
variation,MU01080364,,1,0,visible,,"Dimensiuni: 48 * 64,5 cm",taxable,1,0,0,99.75,,,https://static.musaibrand.com/images/models/0108/model/large/0108_64_2_1.jpg,MU0108,64,Size,L,,1,,Color,Burgundy,,1,,,,,,,,,,,,"[48cm]·[64,5cm]",8435782507744
variation,MU01080464,,1,0,visible,,"Dimensiuni: 50 * 66,5 cm",taxable,1,0,0,99.75,,,https://static.musaibrand.com/images/models/0108/model/large/0108_64_2_1.jpg,MU0108,65,Size,XL,,1,,Color,Burgundy,,1,,,,,,,,,,,,"[50cm]·[66,5cm]",8435782507850
variation,MU01080564,,1,0,visible,,"Dimensiuni: 53 * 68,5 cm",taxable,1,0,0,99.75,,,https://static.musaibrand.com/images/models/0108/model/large/0108_64_2_1.jpg,MU0108,66,Size,2XL,,1,,Color,Burgundy,,1,,,,,,,,,,,,"[53cm]·[68,5cm]",8435782507966
variable,MU0109,Tricou termic - Joto,1,0,visible,,"<p>Tricou termic unisex confecționat din poliester reciclat cu poliamidă și elastan.<br>· 2ND Skin.<br>· Stretch</p><p><strong>Compoziție:</strong> 65% poliamidă reciclată· 26% poliamidă· 9% elastan</p><p><br>· Guler rotund. <br>· Design anatomic tubular, extra-confortabil.<br>· Design de marcă în jacquard pe piept și pe spate.</p><h4>Dimensiuni</h4><table style='border-collapse:collapse;margin:8px 0'><tr><th style='padding:4px 12px;border:1px solid #ddd;text-align:left'>Mărime</th><th style='padding:4px 12px;border:1px solid #ddd;text-align:left'>Dimensiuni</th></tr><tr><td style='padding:4px 12px;border:1px solid #ddd'>XS-S</td><td style='padding:4px 12px;border:1px solid #ddd'>34,5 * 66 cm</td></tr><tr><td style='padding:4px 12px;border:1px solid #ddd'>M-L</td><td style='padding:4px 12px;border:1px solid #ddd'>37 * 68 cm</td></tr><tr><td style='padding:4px 12px;border:1px solid #ddd'>XL-XXL</td><td style='padding:4px 12px;border:1px solid #ddd'>39,5 * 70 cm</td></tr><tr><td style='padding:4px 12px;border:1px solid #ddd'>4/6</td><td style='padding:4px 12px;border:1px solid #ddd'>29,5 * 43 cm</td></tr><tr><td style='padding:4px 12px;border:1px solid #ddd'>8/10</td><td style='padding:4px 12px;border:1px solid #ddd'>32 * 53 cm</td></tr><tr><td style='padding:4px 12px;border:1px solid #ddd'>12/14</td><td style='padding:4px 12px;border:1px solid #ddd'>34,5 * 64 cm</td></tr></table>",taxable,1,0,0,,Tricouri și tricouri polo,MUSAI,"https://static.musaibrand.com/images/models/0109/model/large/0109_01_1_1.jpg,https://static.musaibrand.com/images/models/0109/model/large/0109_02_1_1.jpg,https://static.musaibrand.com/images/models/0109/model/large/0109_03_1_1.jpg,https://static.musaibrand.com/images/models/0109/model/large/0109_05_1_1.jpg,https://static.musaibrand.com/images/models/0109/model/large/0109_10_1_1.jpg,https://static.musaibrand.com/images/models/0109/model/large/0109_176_1_1.jpg,https://static.musaibrand.com/images/models/0109/model/large/0109_221_1_1.jpg,https://static.musaibrand.com/images/models/0109/model/large/0109_222_1_1.jpg,https://static.musaibrand.com/images/models/0109/model/large/0109_223_1_1.jpg,https://static.musaibrand.com/images/models/0109/model/large/0109_226_1_1.jpg,https://static.musaibrand.com/images/models/0109/model/large/0109_258_1_1.jpg,https://static.musaibrand.com/images/models/0109/model/large/0109_34_1_1.jpg,https://static.musaibrand.com/images/models/0109/model/large/0109_55_1_1.jpg,https://static.musaibrand.com/images/models/0109/model/large/0109_60_1_1.jpg,https://static.musaibrand.com/images/models/0109/model/large/0109_64_1_1.jpg,https://static.musaibrand.com/images/models/0109/model/large/0109_01_2_1.jpg,https://static.musaibrand.com/images/models/0109/model/large/0109_02_2_1.jpg,https://static.musaibrand.com/images/models/0109/model/large/0109_03_2_1.jpg,https://static.musaibrand.com/images/models/0109/model/large/0109_05_2_1.jpg,https://static.musaibrand.com/images/models/0109/model/large/0109_10_2_1.jpg,https://static.musaibrand.com/images/models/0109/model/large/0109_176_2_1.jpg,https://static.musaibrand.com/images/models/0109/model/large/0109_221_2_1.jpg,https://static.musaibrand.com/images/models/0109/model/large/0109_222_2_1.jpg,https://static.musaibrand.com/images/models/0109/model/large/0109_223_2_1.jpg,https://static.musaibrand.com/images/models/0109/model/large/0109_226_2_1.jpg,https://static.musaibrand.com/images/models/0109/model/large/0109_258_2_1.jpg,https://static.musaibrand.com/images/models/0109/model/large/0109_34_2_1.jpg,https://static.musaibrand.com/images/models/0109/model/large/0109_55_2_1.jpg,https://static.musaibrand.com/images/models/0109/model/large/0109_60_2_1.jpg,https://static.musaibrand.com/images/models/0109/model/large/0109_64_2_1.jpg",,0,Size,"XS-S, M-L, XL-XXL, 4/6, 8/10, 12/14",1,1,,Color,"Alb, Negru, Galben, Albastru regal, Sky blue, Fluor turcoaz, Galben fluor, Fluor verde, Fluor portocaliu, Fern Green, Gri deschis, Gum Pink, Albastru marin, ROȘU, Burgundy",1,1,,Gender,Unisex,1,1,,Dimensiuni,"[34.5cm]·[66cm], [37cm]·[68cm], [39.5cm]·[70cm], [29.5cm]·[43cm], [32cm]·[53cm], [34.5cm]·[64cm]",1,0,,,
variation,MU01097001,,1,0,visible,,"Dimensiuni: 34,5 * 66 cm",taxable,1,0,0,84,,,https://static.musaibrand.com/images/models/0109/model/large/0109_01_2_1.jpg,MU0109,1,Size,XS-S,,1,,Color,Alb,,1,,,,,,,,,,,,"[34,5cm]·[66cm]",8435782507973
variation,MU01097101,,1,0,visible,,Dimensiuni: 37 * 68 cm,taxable,1,0,0,84,,,https://static.musaibrand.com/images/models/0109/model/large/0109_01_2_1.jpg,MU0109,2,Size,M-L,,1,,Color,Alb,,1,,,,,,,,,,,,[37cm]·[68cm],8435782508116
variation,MU01097201,,1,0,visible,,"Dimensiuni: 39,5 * 70 cm",taxable,1,0,0,84,,,https://static.musaibrand.com/images/models/0109/model/large/0109_01_2_1.jpg,MU0109,3,Size,XL-XXL,,1,,Color,Alb,,1,,,,,,,,,,,,"[39,5cm]·[70cm]",8435782508253
variation,MU01097501,,1,0,visible,,"Dimensiuni: 29,5 * 43 cm",taxable,1,0,0,84,,,https://static.musaibrand.com/images/models/0109/model/large/0109_01_2_1.jpg,MU0109,4,Size,4/6,,1,,Color,Alb,,1,,,,,,,,,,,,"[29,5cm]·[43cm]",8435782508390
variation,MU01097601,,1,0,visible,,Dimensiuni: 32 * 53 cm,taxable,1,0,0,84,,,https://static.musaibrand.com/images/models/0109/model/large/0109_01_2_1.jpg,MU0109,5,Size,8/10,,1,,Color,Alb,,1,,,,,,,,,,,,[32cm]·[53cm],8435782508536
variation,MU01097701,,1,0,visible,,"Dimensiuni: 34,5 * 64 cm",taxable,1,0,0,84,,,https://static.musaibrand.com/images/models/0109/model/large/0109_01_2_1.jpg,MU0109,6,Size,12/14,,1,,Color,Alb,,1,,,,,,,,,,,,"[34,5cm]·[64cm]",8435782508673
variation,MU01097002,,1,0,visible,,"Dimensiuni: 34,5 * 66 cm",taxable,1,0,0,84,,,https://static.musaibrand.com/images/models/0109/model/large/0109_02_2_1.jpg,MU0109,7,Size,XS-S,,1,,Color,Negru,,1,,,,,,,,,,,,"[34,5cm]·[66cm]",8435782507980
variation,MU01097102,,1,0,visible,,Dimensiuni: 37 * 68 cm,taxable,1,0,0,84,,,https://static.musaibrand.com/images/models/0109/model/large/0109_02_2_1.jpg,MU0109,8,Size,M-L,,1,,Color,Negru,,1,,,,,,,,,,,,[37cm]·[68cm],8435782508123
variation,MU01097202,,1,0,visible,,"Dimensiuni: 39,5 * 70 cm",taxable,1,0,0,84,,,https://static.musaibrand.com/images/models/0109/model/large/0109_02_2_1.jpg,MU0109,9,Size,XL-XXL,,1,,Color,Negru,,1,,,,,,,,,,,,"[39,5cm]·[70cm]",8435782508260
variation,MU01097502,,1,0,visible,,"Dimensiuni: 29,5 * 43 cm",taxable,1,0,0,84,,,https://static.musaibrand.com/images/models/0109/model/large/0109_02_2_1.jpg,MU0109,10,Size,4/6,,1,,Color,Negru,,1,,,,,,,,,,,,"[29,5cm]·[43cm]",8435782508406
variation,MU01097602,,1,0,visible,,Dimensiuni: 32 * 53 cm,taxable,1,0,0,84,,,https://static.musaibrand.com/images/models/0109/model/large/0109_02_2_1.jpg,MU0109,11,Size,8/10,,1,,Color,Negru,,1,,,,,,,,,,,,[32cm]·[53cm],8435782508543
variation,MU01097702,,1,0,visible,,"Dimensiuni: 34,5 * 64 cm",taxable,1,0,0,84,,,https://static.musaibrand.com/images/models/0109/model/large/0109_02_2_1.jpg,MU0109,12,Size,12/14,,1,,Color,Negru,,1,,,,,,,,,,,,"[34,5cm]·[64cm]",8435782508680
variation,MU01097003,,1,0,visible,,"Dimensiuni: 34,5 * 66 cm",taxable,1,0,0,84,,,https://static.musaibrand.com/images/models/0109/model/large/0109_03_2_1.jpg,MU0109,13,Size,XS-S,,1,,Color,Galben,,1,,,,,,,,,,,,"[34,5cm]·[66cm]",8435782507997
variation,MU01097103,,1,0,visible,,Dimensiuni: 37 * 68 cm,taxable,1,0,0,84,,,https://static.musaibrand.com/images/models/0109/model/large/0109_03_2_1.jpg,MU0109,14,Size,M-L,,1,,Color,Galben,,1,,,,,,,,,,,,[37cm]·[68cm],8435782508130
variation,MU01097203,,1,0,visible,,"Dimensiuni: 39,5 * 70 cm",taxable,1,0,0,84,,,https://static.musaibrand.com/images/models/0109/model/large/0109_03_2_1.jpg,MU0109,15,Size,XL-XXL,,1,,Color,Galben,,1,,,,,,,,,,,,"[39,5cm]·[70cm]",8435782508277
variation,MU01097503,,1,0,visible,,"Dimensiuni: 29,5 * 43 cm",taxable,1,0,0,84,,,https://static.musaibrand.com/images/models/0109/model/large/0109_03_2_1.jpg,MU0109,16,Size,4/6,,1,,Color,Galben,,1,,,,,,,,,,,,"[29,5cm]·[43cm]",8435782508413
variation,MU01097603,,1,0,visible,,Dimensiuni: 32 * 53 cm,taxable,1,0,0,84,,,https://static.musaibrand.com/images/models/0109/model/large/0109_03_2_1.jpg,MU0109,17,Size,8/10,,1,,Color,Galben,,1,,,,,,,,,,,,[32cm]·[53cm],8435782508550
variation,MU01097703,,1,0,visible,,"Dimensiuni: 34,5 * 64 cm",taxable,1,0,0,84,,,https://static.musaibrand.com/images/models/0109/model/large/0109_03_2_1.jpg,MU0109,18,Size,12/14,,1,,Color,Galben,,1,,,,,,,,,,,,"[34,5cm]·[64cm]",8435782508697
variation,MU01097005,,1,0,visible,,"Dimensiuni: 34,5 * 66 cm",taxable,1,0,0,84,,,https://static.musaibrand.com/images/models/0109/model/large/0109_05_2_1.jpg,MU0109,19,Size,XS-S,,1,,Color,Albastru regal,,1,,,,,,,,,,,,"[34,5cm]·[66cm]",8435782508000
variation,MU01097105,,1,0,visible,,Dimensiuni: 37 * 68 cm,taxable,1,0,0,84,,,https://static.musaibrand.com/images/models/0109/model/large/0109_05_2_1.jpg,MU0109,20,Size,M-L,,1,,Color,Albastru regal,,1,,,,,,,,,,,,[37cm]·[68cm],8435782508147
variation,MU01097205,,1,0,visible,,"Dimensiuni: 39,5 * 70 cm",taxable,1,0,0,84,,,https://static.musaibrand.com/images/models/0109/model/large/0109_05_2_1.jpg,MU0109,21,Size,XL-XXL,,1,,Color,Albastru regal,,1,,,,,,,,,,,,"[39,5cm]·[70cm]",8435782508284
variation,MU01097505,,1,0,visible,,"Dimensiuni: 29,5 * 43 cm",taxable,1,0,0,84,,,https://static.musaibrand.com/images/models/0109/model/large/0109_05_2_1.jpg,MU0109,22,Size,4/6,,1,,Color,Albastru regal,,1,,,,,,,,,,,,"[29,5cm]·[43cm]",8435782508420
variation,MU01097605,,1,0,visible,,Dimensiuni: 32 * 53 cm,taxable,1,0,0,84,,,https://static.musaibrand.com/images/models/0109/model/large/0109_05_2_1.jpg,MU0109,23,Size,8/10,,1,,Color,Albastru regal,,1,,,,,,,,,,,,[32cm]·[53cm],8435782508567
variation,MU01097705,,1,0,visible,,"Dimensiuni: 34,5 * 64 cm",taxable,1,0,0,84,,,https://static.musaibrand.com/images/models/0109/model/large/0109_05_2_1.jpg,MU0109,24,Size,12/14,,1,,Color,Albastru regal,,1,,,,,,,,,,,,"[34,5cm]·[64cm]",8435782508703
variation,MU01097010,,1,0,visible,,"Dimensiuni: 34,5 * 66 cm",taxable,1,0,0,84,,,https://static.musaibrand.com/images/models/0109/model/large/0109_10_2_1.jpg,MU0109,25,Size,XS-S,,1,,Color,Sky blue,,1,,,,,,,,,,,,"[34,5cm]·[66cm]",8435782508017
variation,MU01097110,,1,0,visible,,Dimensiuni: 37 * 68 cm,taxable,1,0,0,84,,,https://static.musaibrand.com/images/models/0109/model/large/0109_10_2_1.jpg,MU0109,26,Size,M-L,,1,,Color,Sky blue,,1,,,,,,,,,,,,[37cm]·[68cm],8435782508154
variation,MU01097210,,1,0,visible,,"Dimensiuni: 39,5 * 70 cm",taxable,1,0,0,84,,,https://static.musaibrand.com/images/models/0109/model/large/0109_10_2_1.jpg,MU0109,27,Size,XL-XXL,,1,,Color,Sky blue,,1,,,,,,,,,,,,"[39,5cm]·[70cm]",8435782508291
variation,MU01097510,,1,0,visible,,"Dimensiuni: 29,5 * 43 cm",taxable,1,0,0,84,,,https://static.musaibrand.com/images/models/0109/model/large/0109_10_2_1.jpg,MU0109,28,Size,4/6,,1,,Color,Sky blue,,1,,,,,,,,,,,,"[29,5cm]·[43cm]",8435782508437
variation,MU01097610,,1,0,visible,,Dimensiuni: 32 * 53 cm,taxable,1,0,0,84,,,https://static.musaibrand.com/images/models/0109/model/large/0109_10_2_1.jpg,MU0109,29,Size,8/10,,1,,Color,Sky blue,,1,,,,,,,,,,,,[32cm]·[53cm],8435782508574
variation,MU01097710,,1,0,visible,,"Dimensiuni: 34,5 * 64 cm",taxable,1,0,0,84,,,https://static.musaibrand.com/images/models/0109/model/large/0109_10_2_1.jpg,MU0109,30,Size,12/14,,1,,Color,Sky blue,,1,,,,,,,,,,,,"[34,5cm]·[64cm]",8435782508710
variation,MU010970176,,1,0,visible,,"Dimensiuni: 34,5 * 66 cm",taxable,1,0,0,84,,,https://static.musaibrand.com/images/models/0109/model/large/0109_176_2_1.jpg,MU0109,31,Size,XS-S,,1,,Color,Fluor turcoaz,,1,,,,,,,,,,,,"[34,5cm]·[66cm]",8435782508024
variation,MU010971176,,1,0,visible,,Dimensiuni: 37 * 68 cm,taxable,1,0,0,84,,,https://static.musaibrand.com/images/models/0109/model/large/0109_176_2_1.jpg,MU0109,32,Size,M-L,,1,,Color,Fluor turcoaz,,1,,,,,,,,,,,,[37cm]·[68cm],8435782508161
variation,MU010972176,,1,0,visible,,"Dimensiuni: 39,5 * 70 cm",taxable,1,0,0,84,,,https://static.musaibrand.com/images/models/0109/model/large/0109_176_2_1.jpg,MU0109,33,Size,XL-XXL,,1,,Color,Fluor turcoaz,,1,,,,,,,,,,,,"[39,5cm]·[70cm]",8435782508307
variation,MU010975176,,1,0,visible,,"Dimensiuni: 29,5 * 43 cm",taxable,1,0,0,84,,,https://static.musaibrand.com/images/models/0109/model/large/0109_176_2_1.jpg,MU0109,34,Size,4/6,,1,,Color,Fluor turcoaz,,1,,,,,,,,,,,,"[29,5cm]·[43cm]",8435782508444
variation,MU010976176,,1,0,visible,,Dimensiuni: 32 * 53 cm,taxable,1,0,0,84,,,https://static.musaibrand.com/images/models/0109/model/large/0109_176_2_1.jpg,MU0109,35,Size,8/10,,1,,Color,Fluor turcoaz,,1,,,,,,,,,,,,[32cm]·[53cm],8435782508581
variation,MU010977176,,1,0,visible,,"Dimensiuni: 34,5 * 64 cm",taxable,1,0,0,84,,,https://static.musaibrand.com/images/models/0109/model/large/0109_176_2_1.jpg,MU0109,36,Size,12/14,,1,,Color,Fluor turcoaz,,1,,,,,,,,,,,,"[34,5cm]·[64cm]",8435782508727
variation,MU010970221,,1,0,visible,,"Dimensiuni: 34,5 * 66 cm",taxable,1,0,0,84,,,https://static.musaibrand.com/images/models/0109/model/large/0109_221_2_1.jpg,MU0109,37,Size,XS-S,,1,,Color,Galben fluor,,1,,,,,,,,,,,,"[34,5cm]·[66cm]",8435782508031
variation,MU010971221,,1,0,visible,,Dimensiuni: 37 * 68 cm,taxable,1,0,0,84,,,https://static.musaibrand.com/images/models/0109/model/large/0109_221_2_1.jpg,MU0109,38,Size,M-L,,1,,Color,Galben fluor,,1,,,,,,,,,,,,[37cm]·[68cm],8435782508178
variation,MU010972221,,1,0,visible,,"Dimensiuni: 39,5 * 70 cm",taxable,1,0,0,84,,,https://static.musaibrand.com/images/models/0109/model/large/0109_221_2_1.jpg,MU0109,39,Size,XL-XXL,,1,,Color,Galben fluor,,1,,,,,,,,,,,,"[39,5cm]·[70cm]",8435782508314
variation,MU010975221,,1,0,visible,,"Dimensiuni: 29,5 * 43 cm",taxable,1,0,0,84,,,https://static.musaibrand.com/images/models/0109/model/large/0109_221_2_1.jpg,MU0109,40,Size,4/6,,1,,Color,Galben fluor,,1,,,,,,,,,,,,"[29,5cm]·[43cm]",8435782508451
variation,MU010976221,,1,0,visible,,Dimensiuni: 32 * 53 cm,taxable,1,0,0,84,,,https://static.musaibrand.com/images/models/0109/model/large/0109_221_2_1.jpg,MU0109,41,Size,8/10,,1,,Color,Galben fluor,,1,,,,,,,,,,,,[32cm]·[53cm],8435782508598
variation,MU010977221,,1,0,visible,,"Dimensiuni: 34,5 * 64 cm",taxable,1,0,0,84,,,https://static.musaibrand.com/images/models/0109/model/large/0109_221_2_1.jpg,MU0109,42,Size,12/14,,1,,Color,Galben fluor,,1,,,,,,,,,,,,"[34,5cm]·[64cm]",8435782508734
variation,MU010970222,,1,0,visible,,"Dimensiuni: 34,5 * 66 cm",taxable,1,0,0,84,,,https://static.musaibrand.com/images/models/0109/model/large/0109_222_2_1.jpg,MU0109,43,Size,XS-S,,1,,Color,Fluor verde,,1,,,,,,,,,,,,"[34,5cm]·[66cm]",8435782508048
variation,MU010971222,,1,0,visible,,Dimensiuni: 37 * 68 cm,taxable,1,0,0,84,,,https://static.musaibrand.com/images/models/0109/model/large/0109_222_2_1.jpg,MU0109,44,Size,M-L,,1,,Color,Fluor verde,,1,,,,,,,,,,,,[37cm]·[68cm],8435782508185
variation,MU010972222,,1,0,visible,,"Dimensiuni: 39,5 * 70 cm",taxable,1,0,0,84,,,https://static.musaibrand.com/images/models/0109/model/large/0109_222_2_1.jpg,MU0109,45,Size,XL-XXL,,1,,Color,Fluor verde,,1,,,,,,,,,,,,"[39,5cm]·[70cm]",8435782508321
variation,MU010975222,,1,0,visible,,"Dimensiuni: 29,5 * 43 cm",taxable,1,0,0,84,,,https://static.musaibrand.com/images/models/0109/model/large/0109_222_2_1.jpg,MU0109,46,Size,4/6,,1,,Color,Fluor verde,,1,,,,,,,,,,,,"[29,5cm]·[43cm]",8435782508468
variation,MU010976222,,1,0,visible,,Dimensiuni: 32 * 53 cm,taxable,1,0,0,84,,,https://static.musaibrand.com/images/models/0109/model/large/0109_222_2_1.jpg,MU0109,47,Size,8/10,,1,,Color,Fluor verde,,1,,,,,,,,,,,,[32cm]·[53cm],8435782508604
variation,MU010977222,,1,0,visible,,"Dimensiuni: 34,5 * 64 cm",taxable,1,0,0,84,,,https://static.musaibrand.com/images/models/0109/model/large/0109_222_2_1.jpg,MU0109,48,Size,12/14,,1,,Color,Fluor verde,,1,,,,,,,,,,,,"[34,5cm]·[64cm]",8435782508741
variation,MU010970223,,1,0,visible,,"Dimensiuni: 34,5 * 66 cm",taxable,1,0,0,84,,,https://static.musaibrand.com/images/models/0109/model/large/0109_223_2_1.jpg,MU0109,49,Size,XS-S,,1,,Color,Fluor portocaliu,,1,,,,,,,,,,,,"[34,5cm]·[66cm]",8435782508055
variation,MU010971223,,1,0,visible,,Dimensiuni: 37 * 68 cm,taxable,1,0,0,84,,,https://static.musaibrand.com/images/models/0109/model/large/0109_223_2_1.jpg,MU0109,50,Size,M-L,,1,,Color,Fluor portocaliu,,1,,,,,,,,,,,,[37cm]·[68cm],8435782508192
variation,MU010972223,,1,0,visible,,"Dimensiuni: 39,5 * 70 cm",taxable,1,0,0,84,,,https://static.musaibrand.com/images/models/0109/model/large/0109_223_2_1.jpg,MU0109,51,Size,XL-XXL,,1,,Color,Fluor portocaliu,,1,,,,,,,,,,,,"[39,5cm]·[70cm]",8435782508338
variation,MU010975223,,1,0,visible,,"Dimensiuni: 29,5 * 43 cm",taxable,1,0,0,84,,,https://static.musaibrand.com/images/models/0109/model/large/0109_223_2_1.jpg,MU0109,52,Size,4/6,,1,,Color,Fluor portocaliu,,1,,,,,,,,,,,,"[29,5cm]·[43cm]",8435782508475
variation,MU010976223,,1,0,visible,,Dimensiuni: 32 * 53 cm,taxable,1,0,0,84,,,https://static.musaibrand.com/images/models/0109/model/large/0109_223_2_1.jpg,MU0109,53,Size,8/10,,1,,Color,Fluor portocaliu,,1,,,,,,,,,,,,[32cm]·[53cm],8435782508611
variation,MU010977223,,1,0,visible,,"Dimensiuni: 34,5 * 64 cm",taxable,1,0,0,84,,,https://static.musaibrand.com/images/models/0109/model/large/0109_223_2_1.jpg,MU0109,54,Size,12/14,,1,,Color,Fluor portocaliu,,1,,,,,,,,,,,,"[34,5cm]·[64cm]",8435782508758
variation,MU010970226,,1,0,visible,,"Dimensiuni: 34,5 * 66 cm",taxable,1,0,0,84,,,https://static.musaibrand.com/images/models/0109/model/large/0109_226_2_1.jpg,MU0109,55,Size,XS-S,,1,,Color,Fern Green,,1,,,,,,,,,,,,"[34,5cm]·[66cm]",8435782528909
variation,MU010971226,,1,0,visible,,Dimensiuni: 37 * 68 cm,taxable,1,0,0,84,,,https://static.musaibrand.com/images/models/0109/model/large/0109_226_2_1.jpg,MU0109,56,Size,M-L,,1,,Color,Fern Green,,1,,,,,,,,,,,,[37cm]·[68cm],8435782528916
variation,MU010972226,,1,0,visible,,"Dimensiuni: 39,5 * 70 cm",taxable,1,0,0,84,,,https://static.musaibrand.com/images/models/0109/model/large/0109_226_2_1.jpg,MU0109,57,Size,XL-XXL,,1,,Color,Fern Green,,1,,,,,,,,,,,,"[39,5cm]·[70cm]",8435782528923
variation,MU010975226,,1,0,visible,,"Dimensiuni: 29,5 * 43 cm",taxable,1,0,0,84,,,https://static.musaibrand.com/images/models/0109/model/large/0109_226_2_1.jpg,MU0109,58,Size,4/6,,1,,Color,Fern Green,,1,,,,,,,,,,,,"[29,5cm]·[43cm]",8435782528930
variation,MU010976226,,1,0,visible,,Dimensiuni: 32 * 53 cm,taxable,1,0,0,84,,,https://static.musaibrand.com/images/models/0109/model/large/0109_226_2_1.jpg,MU0109,59,Size,8/10,,1,,Color,Fern Green,,1,,,,,,,,,,,,[32cm]·[53cm],8435782528947
variation,MU010977226,,1,0,visible,,"Dimensiuni: 34,5 * 64 cm",taxable,1,0,0,84,,,https://static.musaibrand.com/images/models/0109/model/large/0109_226_2_1.jpg,MU0109,60,Size,12/14,,1,,Color,Fern Green,,1,,,,,,,,,,,,"[34,5cm]·[64cm]",8435782528954
variation,MU010970258,,1,0,visible,,"Dimensiuni: 34,5 * 66 cm",taxable,1,0,0,84,,,https://static.musaibrand.com/images/models/0109/model/large/0109_258_2_1.jpg,MU0109,61,Size,XS-S,,1,,Color,Gri deschis,,1,,,,,,,,,,,,"[34,5cm]·[66cm]",8435782508062
variation,MU010971258,,1,0,visible,,Dimensiuni: 37 * 68 cm,taxable,1,0,0,84,,,https://static.musaibrand.com/images/models/0109/model/large/0109_258_2_1.jpg,MU0109,62,Size,M-L,,1,,Color,Gri deschis,,1,,,,,,,,,,,,[37cm]·[68cm],8435782508208
variation,MU010972258,,1,0,visible,,"Dimensiuni: 39,5 * 70 cm",taxable,1,0,0,84,,,https://static.musaibrand.com/images/models/0109/model/large/0109_258_2_1.jpg,MU0109,63,Size,XL-XXL,,1,,Color,Gri deschis,,1,,,,,,,,,,,,"[39,5cm]·[70cm]",8435782508345
variation,MU010975258,,1,0,visible,,"Dimensiuni: 29,5 * 43 cm",taxable,1,0,0,84,,,https://static.musaibrand.com/images/models/0109/model/large/0109_258_2_1.jpg,MU0109,64,Size,4/6,,1,,Color,Gri deschis,,1,,,,,,,,,,,,"[29,5cm]·[43cm]",8435782508482
variation,MU010976258,,1,0,visible,,Dimensiuni: 32 * 53 cm,taxable,1,0,0,84,,,https://static.musaibrand.com/images/models/0109/model/large/0109_258_2_1.jpg,MU0109,65,Size,8/10,,1,,Color,Gri deschis,,1,,,,,,,,,,,,[32cm]·[53cm],8435782508628
variation,MU010977258,,1,0,visible,,"Dimensiuni: 34,5 * 64 cm",taxable,1,0,0,84,,,https://static.musaibrand.com/images/models/0109/model/large/0109_258_2_1.jpg,MU0109,66,Size,12/14,,1,,Color,Gri deschis,,1,,,,,,,,,,,,"[34,5cm]·[64cm]",8435782508765
variation,MU01097034,,1,0,visible,,"Dimensiuni: 34,5 * 66 cm",taxable,1,0,0,84,,,https://static.musaibrand.com/images/models/0109/model/large/0109_34_2_1.jpg,MU0109,67,Size,XS-S,,1,,Color,Gum Pink,,1,,,,,,,,,,,,"[34,5cm]·[66cm]",8435782508079
variation,MU01097134,,1,0,visible,,Dimensiuni: 37 * 68 cm,taxable,1,0,0,84,,,https://static.musaibrand.com/images/models/0109/model/large/0109_34_2_1.jpg,MU0109,68,Size,M-L,,1,,Color,Gum Pink,,1,,,,,,,,,,,,[37cm]·[68cm],8435782508215
variation,MU01097234,,1,0,visible,,"Dimensiuni: 39,5 * 70 cm",taxable,1,0,0,84,,,https://static.musaibrand.com/images/models/0109/model/large/0109_34_2_1.jpg,MU0109,69,Size,XL-XXL,,1,,Color,Gum Pink,,1,,,,,,,,,,,,"[39,5cm]·[70cm]",8435782508352
variation,MU01097534,,1,0,visible,,"Dimensiuni: 29,5 * 43 cm",taxable,1,0,0,84,,,https://static.musaibrand.com/images/models/0109/model/large/0109_34_2_1.jpg,MU0109,70,Size,4/6,,1,,Color,Gum Pink,,1,,,,,,,,,,,,"[29,5cm]·[43cm]",8435782508499
variation,MU01097634,,1,0,visible,,Dimensiuni: 32 * 53 cm,taxable,1,0,0,84,,,https://static.musaibrand.com/images/models/0109/model/large/0109_34_2_1.jpg,MU0109,71,Size,8/10,,1,,Color,Gum Pink,,1,,,,,,,,,,,,[32cm]·[53cm],8435782508635
variation,MU01097734,,1,0,visible,,"Dimensiuni: 34,5 * 64 cm",taxable,1,0,0,84,,,https://static.musaibrand.com/images/models/0109/model/large/0109_34_2_1.jpg,MU0109,72,Size,12/14,,1,,Color,Gum Pink,,1,,,,,,,,,,,,"[34,5cm]·[64cm]",8435782508772
variation,MU01097055,,1,0,visible,,"Dimensiuni: 34,5 * 66 cm",taxable,1,0,0,84,,,https://static.musaibrand.com/images/models/0109/model/large/0109_55_2_1.jpg,MU0109,73,Size,XS-S,,1,,Color,Albastru marin,,1,,,,,,,,,,,,"[34,5cm]·[66cm]",8435782508086
variation,MU01097155,,1,0,visible,,Dimensiuni: 37 * 68 cm,taxable,1,0,0,84,,,https://static.musaibrand.com/images/models/0109/model/large/0109_55_2_1.jpg,MU0109,74,Size,M-L,,1,,Color,Albastru marin,,1,,,,,,,,,,,,[37cm]·[68cm],8435782508222
variation,MU01097255,,1,0,visible,,"Dimensiuni: 39,5 * 70 cm",taxable,1,0,0,84,,,https://static.musaibrand.com/images/models/0109/model/large/0109_55_2_1.jpg,MU0109,75,Size,XL-XXL,,1,,Color,Albastru marin,,1,,,,,,,,,,,,"[39,5cm]·[70cm]",8435782508369
variation,MU01097555,,1,0,visible,,"Dimensiuni: 29,5 * 43 cm",taxable,1,0,0,84,,,https://static.musaibrand.com/images/models/0109/model/large/0109_55_2_1.jpg,MU0109,76,Size,4/6,,1,,Color,Albastru marin,,1,,,,,,,,,,,,"[29,5cm]·[43cm]",8435782508505
variation,MU01097655,,1,0,visible,,Dimensiuni: 32 * 53 cm,taxable,1,0,0,84,,,https://static.musaibrand.com/images/models/0109/model/large/0109_55_2_1.jpg,MU0109,77,Size,8/10,,1,,Color,Albastru marin,,1,,,,,,,,,,,,[32cm]·[53cm],8435782508642
variation,MU01097755,,1,0,visible,,"Dimensiuni: 34,5 * 64 cm",taxable,1,0,0,84,,,https://static.musaibrand.com/images/models/0109/model/large/0109_55_2_1.jpg,MU0109,78,Size,12/14,,1,,Color,Albastru marin,,1,,,,,,,,,,,,"[34,5cm]·[64cm]",8435782508789
variation,MU01097060,,1,0,visible,,"Dimensiuni: 34,5 * 66 cm",taxable,1,0,0,84,,,https://static.musaibrand.com/images/models/0109/model/large/0109_60_2_1.jpg,MU0109,79,Size,XS-S,,1,,Color,ROȘU,,1,,,,,,,,,,,,"[34,5cm]·[66cm]",8435782508093
variation,MU01097160,,1,0,visible,,Dimensiuni: 37 * 68 cm,taxable,1,0,0,84,,,https://static.musaibrand.com/images/models/0109/model/large/0109_60_2_1.jpg,MU0109,80,Size,M-L,,1,,Color,ROȘU,,1,,,,,,,,,,,,[37cm]·[68cm],8435782508239
variation,MU01097260,,1,0,visible,,"Dimensiuni: 39,5 * 70 cm",taxable,1,0,0,84,,,https://static.musaibrand.com/images/models/0109/model/large/0109_60_2_1.jpg,MU0109,81,Size,XL-XXL,,1,,Color,ROȘU,,1,,,,,,,,,,,,"[39,5cm]·[70cm]",8435782508376
variation,MU01097560,,1,0,visible,,"Dimensiuni: 29,5 * 43 cm",taxable,1,0,0,84,,,https://static.musaibrand.com/images/models/0109/model/large/0109_60_2_1.jpg,MU0109,82,Size,4/6,,1,,Color,ROȘU,,1,,,,,,,,,,,,"[29,5cm]·[43cm]",8435782508512
variation,MU01097660,,1,0,visible,,Dimensiuni: 32 * 53 cm,taxable,1,0,0,84,,,https://static.musaibrand.com/images/models/0109/model/large/0109_60_2_1.jpg,MU0109,83,Size,8/10,,1,,Color,ROȘU,,1,,,,,,,,,,,,[32cm]·[53cm],8435782508659
variation,MU01097760,,1,0,visible,,"Dimensiuni: 34,5 * 64 cm",taxable,1,0,0,84,,,https://static.musaibrand.com/images/models/0109/model/large/0109_60_2_1.jpg,MU0109,84,Size,12/14,,1,,Color,ROȘU,,1,,,,,,,,,,,,"[34,5cm]·[64cm]",8435782508796
variation,MU01097064,,1,0,visible,,"Dimensiuni: 34,5 * 66 cm",taxable,1,0,0,84,,,https://static.musaibrand.com/images/models/0109/model/large/0109_64_2_1.jpg,MU0109,85,Size,XS-S,,1,,Color,Burgundy,,1,,,,,,,,,,,,"[34,5cm]·[66cm]",8435782508109
variation,MU01097164,,1,0,visible,,Dimensiuni: 37 * 68 cm,taxable,1,0,0,84,,,https://static.musaibrand.com/images/models/0109/model/large/0109_64_2_1.jpg,MU0109,86,Size,M-L,,1,,Color,Burgundy,,1,,,,,,,,,,,,[37cm]·[68cm],8435782508246
variation,MU01097264,,1,0,visible,,"Dimensiuni: 39,5 * 70 cm",taxable,1,0,0,84,,,https://static.musaibrand.com/images/models/0109/model/large/0109_64_2_1.jpg,MU0109,87,Size,XL-XXL,,1,,Color,Burgundy,,1,,,,,,,,,,,,"[39,5cm]·[70cm]",8435782508383
variation,MU01097564,,1,0,visible,,"Dimensiuni: 29,5 * 43 cm",taxable,1,0,0,84,,,https://static.musaibrand.com/images/models/0109/model/large/0109_64_2_1.jpg,MU0109,88,Size,4/6,,1,,Color,Burgundy,,1,,,,,,,,,,,,"[29,5cm]·[43cm]",8435782508529
variation,MU01097664,,1,0,visible,,Dimensiuni: 32 * 53 cm,taxable,1,0,0,84,,,https://static.musaibrand.com/images/models/0109/model/large/0109_64_2_1.jpg,MU0109,89,Size,8/10,,1,,Color,Burgundy,,1,,,,,,,,,,,,[32cm]·[53cm],8435782508666
variation,MU01097764,,1,0,visible,,"Dimensiuni: 34,5 * 64 cm",taxable,1,0,0,84,,,https://static.musaibrand.com/images/models/0109/model/large/0109_64_2_1.jpg,MU0109,90,Size,12/14,,1,,Color,Burgundy,,1,,,,,,,,,,,,"[34,5cm]·[64cm]",8435782508802
variable,MU0109-K,Camsieta  Térmica Joto Copii,1,0,visible,,"<p>Tricou termic pentru copii confecționat din poliester reciclat cu poliamidă și elastan.<br>· 2ND Skin.<br>· Stretch</p><p><strong>Compoziție:</strong> 65% poliamidă reciclată· 26% poliamidă· 9% elastan</p><p><br>· Guler rotund. <br>· Design anatomic tubular, extra-confortabil.<br>· Design de marcă în jacquard pe piept și pe spate.</p><h4>Dimensiuni</h4><table style='border-collapse:collapse;margin:8px 0'><tr><th style='padding:4px 12px;border:1px solid #ddd;text-align:left'>Mărime</th><th style='padding:4px 12px;border:1px solid #ddd;text-align:left'>Dimensiuni</th></tr><tr><td style='padding:4px 12px;border:1px solid #ddd'>XS-S</td><td style='padding:4px 12px;border:1px solid #ddd'>34,5 * 66 cm</td></tr><tr><td style='padding:4px 12px;border:1px solid #ddd'>M-L</td><td style='padding:4px 12px;border:1px solid #ddd'>37 * 68 cm</td></tr><tr><td style='padding:4px 12px;border:1px solid #ddd'>XL-XXL</td><td style='padding:4px 12px;border:1px solid #ddd'>39,5 * 70 cm</td></tr><tr><td style='padding:4px 12px;border:1px solid #ddd'>4/6</td><td style='padding:4px 12px;border:1px solid #ddd'>29,5 * 43 cm</td></tr><tr><td style='padding:4px 12px;border:1px solid #ddd'>8/10</td><td style='padding:4px 12px;border:1px solid #ddd'>32 * 53 cm</td></tr><tr><td style='padding:4px 12px;border:1px solid #ddd'>12/14</td><td style='padding:4px 12px;border:1px solid #ddd'>34,5 * 64 cm</td></tr></table>",taxable,1,0,0,,Tricouri și tricouri polo,MUSAI,"https://static.musaibrand.com/images/models/0109-K/model/large/0109-K_01_1_1.jpg,https://static.musaibrand.com/images/models/0109-K/model/large/0109-K_02_1_1.jpg,https://static.musaibrand.com/images/models/0109-K/model/large/0109-K_03_1_1.jpg,https://static.musaibrand.com/images/models/0109-K/model/large/0109-K_05_1_1.jpg,https://static.musaibrand.com/images/models/0109-K/model/large/0109-K_10_1_1.jpg,https://static.musaibrand.com/images/models/0109-K/model/large/0109-K_176_1_1.jpg,https://static.musaibrand.com/images/models/0109-K/model/large/0109-K_221_1_1.jpg,https://static.musaibrand.com/images/models/0109-K/model/large/0109-K_222_1_1.jpg,https://static.musaibrand.com/images/models/0109-K/model/large/0109-K_223_1_1.jpg,https://static.musaibrand.com/images/models/0109-K/model/large/0109-K_226_1_1.jpg,https://static.musaibrand.com/images/models/0109-K/model/large/0109-K_258_1_1.jpg,https://static.musaibrand.com/images/models/0109-K/model/large/0109-K_34_1_1.jpg,https://static.musaibrand.com/images/models/0109-K/model/large/0109-K_55_1_1.jpg,https://static.musaibrand.com/images/models/0109-K/model/large/0109-K_60_1_1.jpg,https://static.musaibrand.com/images/models/0109-K/model/large/0109-K_64_1_1.jpg,https://static.musaibrand.com/images/models/0109-K/model/large/0109-K_01_2_1.jpg,https://static.musaibrand.com/images/models/0109-K/model/large/0109-K_02_2_1.jpg,https://static.musaibrand.com/images/models/0109-K/model/large/0109-K_03_2_1.jpg,https://static.musaibrand.com/images/models/0109-K/model/large/0109-K_05_2_1.jpg,https://static.musaibrand.com/images/models/0109-K/model/large/0109-K_10_2_1.jpg,https://static.musaibrand.com/images/models/0109-K/model/large/0109-K_176_2_1.jpg,https://static.musaibrand.com/images/models/0109-K/model/large/0109-K_221_2_1.jpg,https://static.musaibrand.com/images/models/0109-K/model/large/0109-K_222_2_1.jpg,https://static.musaibrand.com/images/models/0109-K/model/large/0109-K_223_2_1.jpg,https://static.musaibrand.com/images/models/0109-K/model/large/0109-K_226_2_1.jpg,https://static.musaibrand.com/images/models/0109-K/model/large/0109-K_258_2_1.jpg,https://static.musaibrand.com/images/models/0109-K/model/large/0109-K_34_2_1.jpg,https://static.musaibrand.com/images/models/0109-K/model/large/0109-K_55_2_1.jpg,https://static.musaibrand.com/images/models/0109-K/model/large/0109-K_60_2_1.jpg,https://static.musaibrand.com/images/models/0109-K/model/large/0109-K_64_2_1.jpg",,0,Size,"XS-S, M-L, XL-XXL, 4/6, 8/10, 12/14",1,1,,Color,"Alb, Negru, Galben, Albastru regal, Sky blue, Fluor turcoaz, Galben fluor, Fluor verde, Fluor portocaliu, Fern Green, Gri deschis, Gum Pink, Albastru marin, ROȘU, Burgundy",1,1,,Gender,Unisex,1,1,,Dimensiuni,"[34.5cm]·[66cm], [37cm]·[68cm], [39.5cm]·[70cm], [29.5cm]·[43cm], [32cm]·[53cm], [34.5cm]·[64cm]",1,0,,,
variation,MU01097001-K,,1,0,visible,,"Dimensiuni: 34,5 * 66 cm",taxable,1,0,0,84,,,https://static.musaibrand.com/images/models/0109-K/model/large/0109-K_01_2_1.jpg,MU0109-K,1,Size,XS-S,,1,,Color,Alb,,1,,,,,,,,,,,,"[34,5cm]·[66cm]",8435782507973
variation,MU01097101-K,,1,0,visible,,Dimensiuni: 37 * 68 cm,taxable,1,0,0,84,,,https://static.musaibrand.com/images/models/0109-K/model/large/0109-K_01_2_1.jpg,MU0109-K,2,Size,M-L,,1,,Color,Alb,,1,,,,,,,,,,,,[37cm]·[68cm],8435782508116
variation,MU01097201-K,,1,0,visible,,"Dimensiuni: 39,5 * 70 cm",taxable,1,0,0,84,,,https://static.musaibrand.com/images/models/0109-K/model/large/0109-K_01_2_1.jpg,MU0109-K,3,Size,XL-XXL,,1,,Color,Alb,,1,,,,,,,,,,,,"[39,5cm]·[70cm]",8435782508253
variation,MU01097501-K,,1,0,visible,,"Dimensiuni: 29,5 * 43 cm",taxable,1,0,0,84,,,https://static.musaibrand.com/images/models/0109-K/model/large/0109-K_01_2_1.jpg,MU0109-K,4,Size,4/6,,1,,Color,Alb,,1,,,,,,,,,,,,"[29,5cm]·[43cm]",8435782508390
variation,MU01097601-K,,1,0,visible,,Dimensiuni: 32 * 53 cm,taxable,1,0,0,84,,,https://static.musaibrand.com/images/models/0109-K/model/large/0109-K_01_2_1.jpg,MU0109-K,5,Size,8/10,,1,,Color,Alb,,1,,,,,,,,,,,,[32cm]·[53cm],8435782508536
variation,MU01097701-K,,1,0,visible,,"Dimensiuni: 34,5 * 64 cm",taxable,1,0,0,84,,,https://static.musaibrand.com/images/models/0109-K/model/large/0109-K_01_2_1.jpg,MU0109-K,6,Size,12/14,,1,,Color,Alb,,1,,,,,,,,,,,,"[34,5cm]·[64cm]",8435782508673
variation,MU01097002-K,,1,0,visible,,"Dimensiuni: 34,5 * 66 cm",taxable,1,0,0,84,,,https://static.musaibrand.com/images/models/0109-K/model/large/0109-K_02_2_1.jpg,MU0109-K,7,Size,XS-S,,1,,Color,Negru,,1,,,,,,,,,,,,"[34,5cm]·[66cm]",8435782507980
variation,MU01097102-K,,1,0,visible,,Dimensiuni: 37 * 68 cm,taxable,1,0,0,84,,,https://static.musaibrand.com/images/models/0109-K/model/large/0109-K_02_2_1.jpg,MU0109-K,8,Size,M-L,,1,,Color,Negru,,1,,,,,,,,,,,,[37cm]·[68cm],8435782508123
variation,MU01097202-K,,1,0,visible,,"Dimensiuni: 39,5 * 70 cm",taxable,1,0,0,84,,,https://static.musaibrand.com/images/models/0109-K/model/large/0109-K_02_2_1.jpg,MU0109-K,9,Size,XL-XXL,,1,,Color,Negru,,1,,,,,,,,,,,,"[39,5cm]·[70cm]",8435782508260
variation,MU01097502-K,,1,0,visible,,"Dimensiuni: 29,5 * 43 cm",taxable,1,0,0,84,,,https://static.musaibrand.com/images/models/0109-K/model/large/0109-K_02_2_1.jpg,MU0109-K,10,Size,4/6,,1,,Color,Negru,,1,,,,,,,,,,,,"[29,5cm]·[43cm]",8435782508406
variation,MU01097602-K,,1,0,visible,,Dimensiuni: 32 * 53 cm,taxable,1,0,0,84,,,https://static.musaibrand.com/images/models/0109-K/model/large/0109-K_02_2_1.jpg,MU0109-K,11,Size,8/10,,1,,Color,Negru,,1,,,,,,,,,,,,[32cm]·[53cm],8435782508543
variation,MU01097702-K,,1,0,visible,,"Dimensiuni: 34,5 * 64 cm",taxable,1,0,0,84,,,https://static.musaibrand.com/images/models/0109-K/model/large/0109-K_02_2_1.jpg,MU0109-K,12,Size,12/14,,1,,Color,Negru,,1,,,,,,,,,,,,"[34,5cm]·[64cm]",8435782508680
variation,MU01097003-K,,1,0,visible,,"Dimensiuni: 34,5 * 66 cm",taxable,1,0,0,84,,,https://static.musaibrand.com/images/models/0109-K/model/large/0109-K_03_2_1.jpg,MU0109-K,13,Size,XS-S,,1,,Color,Galben,,1,,,,,,,,,,,,"[34,5cm]·[66cm]",8435782507997
variation,MU01097103-K,,1,0,visible,,Dimensiuni: 37 * 68 cm,taxable,1,0,0,84,,,https://static.musaibrand.com/images/models/0109-K/model/large/0109-K_03_2_1.jpg,MU0109-K,14,Size,M-L,,1,,Color,Galben,,1,,,,,,,,,,,,[37cm]·[68cm],8435782508130
variation,MU01097203-K,,1,0,visible,,"Dimensiuni: 39,5 * 70 cm",taxable,1,0,0,84,,,https://static.musaibrand.com/images/models/0109-K/model/large/0109-K_03_2_1.jpg,MU0109-K,15,Size,XL-XXL,,1,,Color,Galben,,1,,,,,,,,,,,,"[39,5cm]·[70cm]",8435782508277
variation,MU01097503-K,,1,0,visible,,"Dimensiuni: 29,5 * 43 cm",taxable,1,0,0,84,,,https://static.musaibrand.com/images/models/0109-K/model/large/0109-K_03_2_1.jpg,MU0109-K,16,Size,4/6,,1,,Color,Galben,,1,,,,,,,,,,,,"[29,5cm]·[43cm]",8435782508413
variation,MU01097603-K,,1,0,visible,,Dimensiuni: 32 * 53 cm,taxable,1,0,0,84,,,https://static.musaibrand.com/images/models/0109-K/model/large/0109-K_03_2_1.jpg,MU0109-K,17,Size,8/10,,1,,Color,Galben,,1,,,,,,,,,,,,[32cm]·[53cm],8435782508550
variation,MU01097703-K,,1,0,visible,,"Dimensiuni: 34,5 * 64 cm",taxable,1,0,0,84,,,https://static.musaibrand.com/images/models/0109-K/model/large/0109-K_03_2_1.jpg,MU0109-K,18,Size,12/14,,1,,Color,Galben,,1,,,,,,,,,,,,"[34,5cm]·[64cm]",8435782508697
variation,MU01097005-K,,1,0,visible,,"Dimensiuni: 34,5 * 66 cm",taxable,1,0,0,84,,,https://static.musaibrand.com/images/models/0109-K/model/large/0109-K_05_2_1.jpg,MU0109-K,19,Size,XS-S,,1,,Color,Albastru regal,,1,,,,,,,,,,,,"[34,5cm]·[66cm]",8435782508000
variation,MU01097105-K,,1,0,visible,,Dimensiuni: 37 * 68 cm,taxable,1,0,0,84,,,https://static.musaibrand.com/images/models/0109-K/model/large/0109-K_05_2_1.jpg,MU0109-K,20,Size,M-L,,1,,Color,Albastru regal,,1,,,,,,,,,,,,[37cm]·[68cm],8435782508147
variation,MU01097205-K,,1,0,visible,,"Dimensiuni: 39,5 * 70 cm",taxable,1,0,0,84,,,https://static.musaibrand.com/images/models/0109-K/model/large/0109-K_05_2_1.jpg,MU0109-K,21,Size,XL-XXL,,1,,Color,Albastru regal,,1,,,,,,,,,,,,"[39,5cm]·[70cm]",8435782508284
variation,MU01097505-K,,1,0,visible,,"Dimensiuni: 29,5 * 43 cm",taxable,1,0,0,84,,,https://static.musaibrand.com/images/models/0109-K/model/large/0109-K_05_2_1.jpg,MU0109-K,22,Size,4/6,,1,,Color,Albastru regal,,1,,,,,,,,,,,,"[29,5cm]·[43cm]",8435782508420
variation,MU01097605-K,,1,0,visible,,Dimensiuni: 32 * 53 cm,taxable,1,0,0,84,,,https://static.musaibrand.com/images/models/0109-K/model/large/0109-K_05_2_1.jpg,MU0109-K,23,Size,8/10,,1,,Color,Albastru regal,,1,,,,,,,,,,,,[32cm]·[53cm],8435782508567
variation,MU01097705-K,,1,0,visible,,"Dimensiuni: 34,5 * 64 cm",taxable,1,0,0,84,,,https://static.musaibrand.com/images/models/0109-K/model/large/0109-K_05_2_1.jpg,MU0109-K,24,Size,12/14,,1,,Color,Albastru regal,,1,,,,,,,,,,,,"[34,5cm]·[64cm]",8435782508703
variation,MU01097010-K,,1,0,visible,,"Dimensiuni: 34,5 * 66 cm",taxable,1,0,0,84,,,https://static.musaibrand.com/images/models/0109-K/model/large/0109-K_10_2_1.jpg,MU0109-K,25,Size,XS-S,,1,,Color,Sky blue,,1,,,,,,,,,,,,"[34,5cm]·[66cm]",8435782508017
variation,MU01097110-K,,1,0,visible,,Dimensiuni: 37 * 68 cm,taxable,1,0,0,84,,,https://static.musaibrand.com/images/models/0109-K/model/large/0109-K_10_2_1.jpg,MU0109-K,26,Size,M-L,,1,,Color,Sky blue,,1,,,,,,,,,,,,[37cm]·[68cm],8435782508154
variation,MU01097210-K,,1,0,visible,,"Dimensiuni: 39,5 * 70 cm",taxable,1,0,0,84,,,https://static.musaibrand.com/images/models/0109-K/model/large/0109-K_10_2_1.jpg,MU0109-K,27,Size,XL-XXL,,1,,Color,Sky blue,,1,,,,,,,,,,,,"[39,5cm]·[70cm]",8435782508291
variation,MU01097510-K,,1,0,visible,,"Dimensiuni: 29,5 * 43 cm",taxable,1,0,0,84,,,https://static.musaibrand.com/images/models/0109-K/model/large/0109-K_10_2_1.jpg,MU0109-K,28,Size,4/6,,1,,Color,Sky blue,,1,,,,,,,,,,,,"[29,5cm]·[43cm]",8435782508437
variation,MU01097610-K,,1,0,visible,,Dimensiuni: 32 * 53 cm,taxable,1,0,0,84,,,https://static.musaibrand.com/images/models/0109-K/model/large/0109-K_10_2_1.jpg,MU0109-K,29,Size,8/10,,1,,Color,Sky blue,,1,,,,,,,,,,,,[32cm]·[53cm],8435782508574
variation,MU01097710-K,,1,0,visible,,"Dimensiuni: 34,5 * 64 cm",taxable,1,0,0,84,,,https://static.musaibrand.com/images/models/0109-K/model/large/0109-K_10_2_1.jpg,MU0109-K,30,Size,12/14,,1,,Color,Sky blue,,1,,,,,,,,,,,,"[34,5cm]·[64cm]",8435782508710
variation,MU010970176-K,,1,0,visible,,"Dimensiuni: 34,5 * 66 cm",taxable,1,0,0,84,,,https://static.musaibrand.com/images/models/0109-K/model/large/0109-K_176_2_1.jpg,MU0109-K,31,Size,XS-S,,1,,Color,Fluor turcoaz,,1,,,,,,,,,,,,"[34,5cm]·[66cm]",8435782508024
variation,MU010971176-K,,1,0,visible,,Dimensiuni: 37 * 68 cm,taxable,1,0,0,84,,,https://static.musaibrand.com/images/models/0109-K/model/large/0109-K_176_2_1.jpg,MU0109-K,32,Size,M-L,,1,,Color,Fluor turcoaz,,1,,,,,,,,,,,,[37cm]·[68cm],8435782508161
variation,MU010972176-K,,1,0,visible,,"Dimensiuni: 39,5 * 70 cm",taxable,1,0,0,84,,,https://static.musaibrand.com/images/models/0109-K/model/large/0109-K_176_2_1.jpg,MU0109-K,33,Size,XL-XXL,,1,,Color,Fluor turcoaz,,1,,,,,,,,,,,,"[39,5cm]·[70cm]",8435782508307
variation,MU010975176-K,,1,0,visible,,"Dimensiuni: 29,5 * 43 cm",taxable,1,0,0,84,,,https://static.musaibrand.com/images/models/0109-K/model/large/0109-K_176_2_1.jpg,MU0109-K,34,Size,4/6,,1,,Color,Fluor turcoaz,,1,,,,,,,,,,,,"[29,5cm]·[43cm]",8435782508444
variation,MU010976176-K,,1,0,visible,,Dimensiuni: 32 * 53 cm,taxable,1,0,0,84,,,https://static.musaibrand.com/images/models/0109-K/model/large/0109-K_176_2_1.jpg,MU0109-K,35,Size,8/10,,1,,Color,Fluor turcoaz,,1,,,,,,,,,,,,[32cm]·[53cm],8435782508581
variation,MU010977176-K,,1,0,visible,,"Dimensiuni: 34,5 * 64 cm",taxable,1,0,0,84,,,https://static.musaibrand.com/images/models/0109-K/model/large/0109-K_176_2_1.jpg,MU0109-K,36,Size,12/14,,1,,Color,Fluor turcoaz,,1,,,,,,,,,,,,"[34,5cm]·[64cm]",8435782508727
variation,MU010970221-K,,1,0,visible,,"Dimensiuni: 34,5 * 66 cm",taxable,1,0,0,84,,,https://static.musaibrand.com/images/models/0109-K/model/large/0109-K_221_2_1.jpg,MU0109-K,37,Size,XS-S,,1,,Color,Galben fluor,,1,,,,,,,,,,,,"[34,5cm]·[66cm]",8435782508031
variation,MU010971221-K,,1,0,visible,,Dimensiuni: 37 * 68 cm,taxable,1,0,0,84,,,https://static.musaibrand.com/images/models/0109-K/model/large/0109-K_221_2_1.jpg,MU0109-K,38,Size,M-L,,1,,Color,Galben fluor,,1,,,,,,,,,,,,[37cm]·[68cm],8435782508178
variation,MU010972221-K,,1,0,visible,,"Dimensiuni: 39,5 * 70 cm",taxable,1,0,0,84,,,https://static.musaibrand.com/images/models/0109-K/model/large/0109-K_221_2_1.jpg,MU0109-K,39,Size,XL-XXL,,1,,Color,Galben fluor,,1,,,,,,,,,,,,"[39,5cm]·[70cm]",8435782508314
variation,MU010975221-K,,1,0,visible,,"Dimensiuni: 29,5 * 43 cm",taxable,1,0,0,84,,,https://static.musaibrand.com/images/models/0109-K/model/large/0109-K_221_2_1.jpg,MU0109-K,40,Size,4/6,,1,,Color,Galben fluor,,1,,,,,,,,,,,,"[29,5cm]·[43cm]",8435782508451
variation,MU010976221-K,,1,0,visible,,Dimensiuni: 32 * 53 cm,taxable,1,0,0,84,,,https://static.musaibrand.com/images/models/0109-K/model/large/0109-K_221_2_1.jpg,MU0109-K,41,Size,8/10,,1,,Color,Galben fluor,,1,,,,,,,,,,,,[32cm]·[53cm],8435782508598
variation,MU010977221-K,,1,0,visible,,"Dimensiuni: 34,5 * 64 cm",taxable,1,0,0,84,,,https://static.musaibrand.com/images/models/0109-K/model/large/0109-K_221_2_1.jpg,MU0109-K,42,Size,12/14,,1,,Color,Galben fluor,,1,,,,,,,,,,,,"[34,5cm]·[64cm]",8435782508734
variation,MU010970222-K,,1,0,visible,,"Dimensiuni: 34,5 * 66 cm",taxable,1,0,0,84,,,https://static.musaibrand.com/images/models/0109-K/model/large/0109-K_222_2_1.jpg,MU0109-K,43,Size,XS-S,,1,,Color,Fluor verde,,1,,,,,,,,,,,,"[34,5cm]·[66cm]",8435782508048
variation,MU010971222-K,,1,0,visible,,Dimensiuni: 37 * 68 cm,taxable,1,0,0,84,,,https://static.musaibrand.com/images/models/0109-K/model/large/0109-K_222_2_1.jpg,MU0109-K,44,Size,M-L,,1,,Color,Fluor verde,,1,,,,,,,,,,,,[37cm]·[68cm],8435782508185
variation,MU010972222-K,,1,0,visible,,"Dimensiuni: 39,5 * 70 cm",taxable,1,0,0,84,,,https://static.musaibrand.com/images/models/0109-K/model/large/0109-K_222_2_1.jpg,MU0109-K,45,Size,XL-XXL,,1,,Color,Fluor verde,,1,,,,,,,,,,,,"[39,5cm]·[70cm]",8435782508321
variation,MU010975222-K,,1,0,visible,,"Dimensiuni: 29,5 * 43 cm",taxable,1,0,0,84,,,https://static.musaibrand.com/images/models/0109-K/model/large/0109-K_222_2_1.jpg,MU0109-K,46,Size,4/6,,1,,Color,Fluor verde,,1,,,,,,,,,,,,"[29,5cm]·[43cm]",8435782508468
variation,MU010976222-K,,1,0,visible,,Dimensiuni: 32 * 53 cm,taxable,1,0,0,84,,,https://static.musaibrand.com/images/models/0109-K/model/large/0109-K_222_2_1.jpg,MU0109-K,47,Size,8/10,,1,,Color,Fluor verde,,1,,,,,,,,,,,,[32cm]·[53cm],8435782508604
variation,MU010977222-K,,1,0,visible,,"Dimensiuni: 34,5 * 64 cm",taxable,1,0,0,84,,,https://static.musaibrand.com/images/models/0109-K/model/large/0109-K_222_2_1.jpg,MU0109-K,48,Size,12/14,,1,,Color,Fluor verde,,1,,,,,,,,,,,,"[34,5cm]·[64cm]",8435782508741
variation,MU010970223-K,,1,0,visible,,"Dimensiuni: 34,5 * 66 cm",taxable,1,0,0,84,,,https://static.musaibrand.com/images/models/0109-K/model/large/0109-K_223_2_1.jpg,MU0109-K,49,Size,XS-S,,1,,Color,Fluor portocaliu,,1,,,,,,,,,,,,"[34,5cm]·[66cm]",8435782508055
variation,MU010971223-K,,1,0,visible,,Dimensiuni: 37 * 68 cm,taxable,1,0,0,84,,,https://static.musaibrand.com/images/models/0109-K/model/large/0109-K_223_2_1.jpg,MU0109-K,50,Size,M-L,,1,,Color,Fluor portocaliu,,1,,,,,,,,,,,,[37cm]·[68cm],8435782508192
variation,MU010972223-K,,1,0,visible,,"Dimensiuni: 39,5 * 70 cm",taxable,1,0,0,84,,,https://static.musaibrand.com/images/models/0109-K/model/large/0109-K_223_2_1.jpg,MU0109-K,51,Size,XL-XXL,,1,,Color,Fluor portocaliu,,1,,,,,,,,,,,,"[39,5cm]·[70cm]",8435782508338
variation,MU010975223-K,,1,0,visible,,"Dimensiuni: 29,5 * 43 cm",taxable,1,0,0,84,,,https://static.musaibrand.com/images/models/0109-K/model/large/0109-K_223_2_1.jpg,MU0109-K,52,Size,4/6,,1,,Color,Fluor portocaliu,,1,,,,,,,,,,,,"[29,5cm]·[43cm]",8435782508475
variation,MU010976223-K,,1,0,visible,,Dimensiuni: 32 * 53 cm,taxable,1,0,0,84,,,https://static.musaibrand.com/images/models/0109-K/model/large/0109-K_223_2_1.jpg,MU0109-K,53,Size,8/10,,1,,Color,Fluor portocaliu,,1,,,,,,,,,,,,[32cm]·[53cm],8435782508611
variation,MU010977223-K,,1,0,visible,,"Dimensiuni: 34,5 * 64 cm",taxable,1,0,0,84,,,https://static.musaibrand.com/images/models/0109-K/model/large/0109-K_223_2_1.jpg,MU0109-K,54,Size,12/14,,1,,Color,Fluor portocaliu,,1,,,,,,,,,,,,"[34,5cm]·[64cm]",8435782508758
variation,MU010970226-K,,1,0,visible,,"Dimensiuni: 34,5 * 66 cm",taxable,1,0,0,84,,,https://static.musaibrand.com/images/models/0109-K/model/large/0109-K_226_2_1.jpg,MU0109-K,55,Size,XS-S,,1,,Color,Fern Green,,1,,,,,,,,,,,,"[34,5cm]·[66cm]",8435782528909
variation,MU010971226-K,,1,0,visible,,Dimensiuni: 37 * 68 cm,taxable,1,0,0,84,,,https://static.musaibrand.com/images/models/0109-K/model/large/0109-K_226_2_1.jpg,MU0109-K,56,Size,M-L,,1,,Color,Fern Green,,1,,,,,,,,,,,,[37cm]·[68cm],8435782528916
variation,MU010972226-K,,1,0,visible,,"Dimensiuni: 39,5 * 70 cm",taxable,1,0,0,84,,,https://static.musaibrand.com/images/models/0109-K/model/large/0109-K_226_2_1.jpg,MU0109-K,57,Size,XL-XXL,,1,,Color,Fern Green,,1,,,,,,,,,,,,"[39,5cm]·[70cm]",8435782528923
variation,MU010975226-K,,1,0,visible,,"Dimensiuni: 29,5 * 43 cm",taxable,1,0,0,84,,,https://static.musaibrand.com/images/models/0109-K/model/large/0109-K_226_2_1.jpg,MU0109-K,58,Size,4/6,,1,,Color,Fern Green,,1,,,,,,,,,,,,"[29,5cm]·[43cm]",8435782528930
variation,MU010976226-K,,1,0,visible,,Dimensiuni: 32 * 53 cm,taxable,1,0,0,84,,,https://static.musaibrand.com/images/models/0109-K/model/large/0109-K_226_2_1.jpg,MU0109-K,59,Size,8/10,,1,,Color,Fern Green,,1,,,,,,,,,,,,[32cm]·[53cm],8435782528947
variation,MU010977226-K,,1,0,visible,,"Dimensiuni: 34,5 * 64 cm",taxable,1,0,0,84,,,https://static.musaibrand.com/images/models/0109-K/model/large/0109-K_226_2_1.jpg,MU0109-K,60,Size,12/14,,1,,Color,Fern Green,,1,,,,,,,,,,,,"[34,5cm]·[64cm]",8435782528954
variation,MU010970258-K,,1,0,visible,,"Dimensiuni: 34,5 * 66 cm",taxable,1,0,0,84,,,https://static.musaibrand.com/images/models/0109-K/model/large/0109-K_258_2_1.jpg,MU0109-K,61,Size,XS-S,,1,,Color,Gri deschis,,1,,,,,,,,,,,,"[34,5cm]·[66cm]",8435782508062
variation,MU010971258-K,,1,0,visible,,Dimensiuni: 37 * 68 cm,taxable,1,0,0,84,,,https://static.musaibrand.com/images/models/0109-K/model/large/0109-K_258_2_1.jpg,MU0109-K,62,Size,M-L,,1,,Color,Gri deschis,,1,,,,,,,,,,,,[37cm]·[68cm],8435782508208
variation,MU010972258-K,,1,0,visible,,"Dimensiuni: 39,5 * 70 cm",taxable,1,0,0,84,,,https://static.musaibrand.com/images/models/0109-K/model/large/0109-K_258_2_1.jpg,MU0109-K,63,Size,XL-XXL,,1,,Color,Gri deschis,,1,,,,,,,,,,,,"[39,5cm]·[70cm]",8435782508345
variation,MU010975258-K,,1,0,visible,,"Dimensiuni: 29,5 * 43 cm",taxable,1,0,0,84,,,https://static.musaibrand.com/images/models/0109-K/model/large/0109-K_258_2_1.jpg,MU0109-K,64,Size,4/6,,1,,Color,Gri deschis,,1,,,,,,,,,,,,"[29,5cm]·[43cm]",8435782508482
variation,MU010976258-K,,1,0,visible,,Dimensiuni: 32 * 53 cm,taxable,1,0,0,84,,,https://static.musaibrand.com/images/models/0109-K/model/large/0109-K_258_2_1.jpg,MU0109-K,65,Size,8/10,,1,,Color,Gri deschis,,1,,,,,,,,,,,,[32cm]·[53cm],8435782508628
variation,MU010977258-K,,1,0,visible,,"Dimensiuni: 34,5 * 64 cm",taxable,1,0,0,84,,,https://static.musaibrand.com/images/models/0109-K/model/large/0109-K_258_2_1.jpg,MU0109-K,66,Size,12/14,,1,,Color,Gri deschis,,1,,,,,,,,,,,,"[34,5cm]·[64cm]",8435782508765
variation,MU01097034-K,,1,0,visible,,"Dimensiuni: 34,5 * 66 cm",taxable,1,0,0,84,,,https://static.musaibrand.com/images/models/0109-K/model/large/0109-K_34_2_1.jpg,MU0109-K,67,Size,XS-S,,1,,Color,Gum Pink,,1,,,,,,,,,,,,"[34,5cm]·[66cm]",8435782508079
variation,MU01097134-K,,1,0,visible,,Dimensiuni: 37 * 68 cm,taxable,1,0,0,84,,,https://static.musaibrand.com/images/models/0109-K/model/large/0109-K_34_2_1.jpg,MU0109-K,68,Size,M-L,,1,,Color,Gum Pink,,1,,,,,,,,,,,,[37cm]·[68cm],8435782508215
variation,MU01097234-K,,1,0,visible,,"Dimensiuni: 39,5 * 70 cm",taxable,1,0,0,84,,,https://static.musaibrand.com/images/models/0109-K/model/large/0109-K_34_2_1.jpg,MU0109-K,69,Size,XL-XXL,,1,,Color,Gum Pink,,1,,,,,,,,,,,,"[39,5cm]·[70cm]",8435782508352
variation,MU01097534-K,,1,0,visible,,"Dimensiuni: 29,5 * 43 cm",taxable,1,0,0,84,,,https://static.musaibrand.com/images/models/0109-K/model/large/0109-K_34_2_1.jpg,MU0109-K,70,Size,4/6,,1,,Color,Gum Pink,,1,,,,,,,,,,,,"[29,5cm]·[43cm]",8435782508499
variation,MU01097634-K,,1,0,visible,,Dimensiuni: 32 * 53 cm,taxable,1,0,0,84,,,https://static.musaibrand.com/images/models/0109-K/model/large/0109-K_34_2_1.jpg,MU0109-K,71,Size,8/10,,1,,Color,Gum Pink,,1,,,,,,,,,,,,[32cm]·[53cm],8435782508635
variation,MU01097734-K,,1,0,visible,,"Dimensiuni: 34,5 * 64 cm",taxable,1,0,0,84,,,https://static.musaibrand.com/images/models/0109-K/model/large/0109-K_34_2_1.jpg,MU0109-K,72,Size,12/14,,1,,Color,Gum Pink,,1,,,,,,,,,,,,"[34,5cm]·[64cm]",8435782508772
variation,MU01097055-K,,1,0,visible,,"Dimensiuni: 34,5 * 66 cm",taxable,1,0,0,84,,,https://static.musaibrand.com/images/models/0109-K/model/large/0109-K_55_2_1.jpg,MU0109-K,73,Size,XS-S,,1,,Color,Albastru marin,,1,,,,,,,,,,,,"[34,5cm]·[66cm]",8435782508086
variation,MU01097155-K,,1,0,visible,,Dimensiuni: 37 * 68 cm,taxable,1,0,0,84,,,https://static.musaibrand.com/images/models/0109-K/model/large/0109-K_55_2_1.jpg,MU0109-K,74,Size,M-L,,1,,Color,Albastru marin,,1,,,,,,,,,,,,[37cm]·[68cm],8435782508222
variation,MU01097255-K,,1,0,visible,,"Dimensiuni: 39,5 * 70 cm",taxable,1,0,0,84,,,https://static.musaibrand.com/images/models/0109-K/model/large/0109-K_55_2_1.jpg,MU0109-K,75,Size,XL-XXL,,1,,Color,Albastru marin,,1,,,,,,,,,,,,"[39,5cm]·[70cm]",8435782508369
variation,MU01097555-K,,1,0,visible,,"Dimensiuni: 29,5 * 43 cm",taxable,1,0,0,84,,,https://static.musaibrand.com/images/models/0109-K/model/large/0109-K_55_2_1.jpg,MU0109-K,76,Size,4/6,,1,,Color,Albastru marin,,1,,,,,,,,,,,,"[29,5cm]·[43cm]",8435782508505
variation,MU01097655-K,,1,0,visible,,Dimensiuni: 32 * 53 cm,taxable,1,0,0,84,,,https://static.musaibrand.com/images/models/0109-K/model/large/0109-K_55_2_1.jpg,MU0109-K,77,Size,8/10,,1,,Color,Albastru marin,,1,,,,,,,,,,,,[32cm]·[53cm],8435782508642
variation,MU01097755-K,,1,0,visible,,"Dimensiuni: 34,5 * 64 cm",taxable,1,0,0,84,,,https://static.musaibrand.com/images/models/0109-K/model/large/0109-K_55_2_1.jpg,MU0109-K,78,Size,12/14,,1,,Color,Albastru marin,,1,,,,,,,,,,,,"[34,5cm]·[64cm]",8435782508789
variation,MU01097060-K,,1,0,visible,,"Dimensiuni: 34,5 * 66 cm",taxable,1,0,0,84,,,https://static.musaibrand.com/images/models/0109-K/model/large/0109-K_60_2_1.jpg,MU0109-K,79,Size,XS-S,,1,,Color,ROȘU,,1,,,,,,,,,,,,"[34,5cm]·[66cm]",8435782508093
variation,MU01097160-K,,1,0,visible,,Dimensiuni: 37 * 68 cm,taxable,1,0,0,84,,,https://static.musaibrand.com/images/models/0109-K/model/large/0109-K_60_2_1.jpg,MU0109-K,80,Size,M-L,,1,,Color,ROȘU,,1,,,,,,,,,,,,[37cm]·[68cm],8435782508239
variation,MU01097260-K,,1,0,visible,,"Dimensiuni: 39,5 * 70 cm",taxable,1,0,0,84,,,https://static.musaibrand.com/images/models/0109-K/model/large/0109-K_60_2_1.jpg,MU0109-K,81,Size,XL-XXL,,1,,Color,ROȘU,,1,,,,,,,,,,,,"[39,5cm]·[70cm]",8435782508376
variation,MU01097560-K,,1,0,visible,,"Dimensiuni: 29,5 * 43 cm",taxable,1,0,0,84,,,https://static.musaibrand.com/images/models/0109-K/model/large/0109-K_60_2_1.jpg,MU0109-K,82,Size,4/6,,1,,Color,ROȘU,,1,,,,,,,,,,,,"[29,5cm]·[43cm]",8435782508512
variation,MU01097660-K,,1,0,visible,,Dimensiuni: 32 * 53 cm,taxable,1,0,0,84,,,https://static.musaibrand.com/images/models/0109-K/model/large/0109-K_60_2_1.jpg,MU0109-K,83,Size,8/10,,1,,Color,ROȘU,,1,,,,,,,,,,,,[32cm]·[53cm],8435782508659
variation,MU01097760-K,,1,0,visible,,"Dimensiuni: 34,5 * 64 cm",taxable,1,0,0,84,,,https://static.musaibrand.com/images/models/0109-K/model/large/0109-K_60_2_1.jpg,MU0109-K,84,Size,12/14,,1,,Color,ROȘU,,1,,,,,,,,,,,,"[34,5cm]·[64cm]",8435782508796
variation,MU01097064-K,,1,0,visible,,"Dimensiuni: 34,5 * 66 cm",taxable,1,0,0,84,,,https://static.musaibrand.com/images/models/0109-K/model/large/0109-K_64_2_1.jpg,MU0109-K,85,Size,XS-S,,1,,Color,Burgundy,,1,,,,,,,,,,,,"[34,5cm]·[66cm]",8435782508109
variation,MU01097164-K,,1,0,visible,,Dimensiuni: 37 * 68 cm,taxable,1,0,0,84,,,https://static.musaibrand.com/images/models/0109-K/model/large/0109-K_64_2_1.jpg,MU0109-K,86,Size,M-L,,1,,Color,Burgundy,,1,,,,,,,,,,,,[37cm]·[68cm],8435782508246
variation,MU01097264-K,,1,0,visible,,"Dimensiuni: 39,5 * 70 cm",taxable,1,0,0,84,,,https://static.musaibrand.com/images/models/0109-K/model/large/0109-K_64_2_1.jpg,MU0109-K,87,Size,XL-XXL,,1,,Color,Burgundy,,1,,,,,,,,,,,,"[39,5cm]·[70cm]",8435782508383
variation,MU01097564-K,,1,0,visible,,"Dimensiuni: 29,5 * 43 cm",taxable,1,0,0,84,,,https://static.musaibrand.com/images/models/0109-K/model/large/0109-K_64_2_1.jpg,MU0109-K,88,Size,4/6,,1,,Color,Burgundy,,1,,,,,,,,,,,,"[29,5cm]·[43cm]",8435782508529
variation,MU01097664-K,,1,0,visible,,Dimensiuni: 32 * 53 cm,taxable,1,0,0,84,,,https://static.musaibrand.com/images/models/0109-K/model/large/0109-K_64_2_1.jpg,MU0109-K,89,Size,8/10,,1,,Color,Burgundy,,1,,,,,,,,,,,,[32cm]·[53cm],8435782508666
variation,MU01097764-K,,1,0,visible,,"Dimensiuni: 34,5 * 64 cm",taxable,1,0,0,84,,,https://static.musaibrand.com/images/models/0109-K/model/large/0109-K_64_2_1.jpg,MU0109-K,90,Size,12/14,,1,,Color,Burgundy,,1,,,,,,,,,,,,"[34,5cm]·[64cm]",8435782508802
variable,MU0110,Tricou - Ubora 2,1,0,visible,,"<p>Tricou tehnic unisex cu mânecă scurtă, model raglan, din poliester reciclat. Design în două nuanțe.                                     <br>· Wicking.    <br>· Transpirable.</p><p><strong>Compoziție:</strong> 100% poliester interlock reciclat</p><p><br>· Guler realizat din țesătură proprie  de 1,5 cm în culoare contrastantă. <br>· Acoperire elastică a cusăturii de pe guler.<br>· Partea corpului în culoare albă cu mâneci și guler contrastante.<br>· Finisaje cu cusături plate.<br>· Detaliu cu logo imprimat pe mânecă.</p><h4>Dimensiuni</h4><table style='border-collapse:collapse;margin:8px 0'><tr><th style='padding:4px 12px;border:1px solid #ddd;text-align:left'>Mărime</th><th style='padding:4px 12px;border:1px solid #ddd;text-align:left'>Dimensiuni</th></tr><tr><td style='padding:4px 12px;border:1px solid #ddd'>XS</td><td style='padding:4px 12px;border:1px solid #ddd'>47 * 68 cm</td></tr><tr><td style='padding:4px 12px;border:1px solid #ddd'>S</td><td style='padding:4px 12px;border:1px solid #ddd'>50 * 70 cm</td></tr><tr><td style='padding:4px 12px;border:1px solid #ddd'>M</td><td style='padding:4px 12px;border:1px solid #ddd'>53 * 72 cm</td></tr><tr><td style='padding:4px 12px;border:1px solid #ddd'>L</td><td style='padding:4px 12px;border:1px solid #ddd'>56 * 74 cm</td></tr><tr><td style='padding:4px 12px;border:1px solid #ddd'>XL</td><td style='padding:4px 12px;border:1px solid #ddd'>59 * 76 cm</td></tr><tr><td style='padding:4px 12px;border:1px solid #ddd'>2XL</td><td style='padding:4px 12px;border:1px solid #ddd'>62 * 79 cm</td></tr><tr><td style='padding:4px 12px;border:1px solid #ddd'>3XL</td><td style='padding:4px 12px;border:1px solid #ddd'>65 * 82 cm</td></tr><tr><td style='padding:4px 12px;border:1px solid #ddd'>4/6</td><td style='padding:4px 12px;border:1px solid #ddd'>34 * 48 cm</td></tr><tr><td style='padding:4px 12px;border:1px solid #ddd'>8/10</td><td style='padding:4px 12px;border:1px solid #ddd'>40 * 55 cm</td></tr><tr><td style='padding:4px 12px;border:1px solid #ddd'>12/14</td><td style='padding:4px 12px;border:1px solid #ddd'>45 * 63 cm</td></tr></table>",taxable,1,0,0,,Tricouri și tricouri polo,MUSAI,"https://static.musaibrand.com/images/models/0110/model/large/0110_01_1_1.jpg,https://static.musaibrand.com/images/models/0110/model/large/0110_0102_1_1.jpg,https://static.musaibrand.com/images/models/0110/model/large/0110_0105_1_1.jpg,https://static.musaibrand.com/images/models/0110/model/large/0110_01226_1_1.jpg,https://static.musaibrand.com/images/models/0110/model/large/0110_0160_1_1.jpg,https://static.musaibrand.com/images/models/0110/model/large/0110_01_2_1.jpg,https://static.musaibrand.com/images/models/0110/model/large/0110_0102_2_1.jpg,https://static.musaibrand.com/images/models/0110/model/large/0110_0105_2_1.jpg,https://static.musaibrand.com/images/models/0110/model/large/0110_01226_2_1.jpg,https://static.musaibrand.com/images/models/0110/model/large/0110_0160_2_1.jpg",,0,Size,"XS, S, M, L, XL, 2XL, 3XL, 4/6, 8/10, 12/14",1,1,,Color,"Alb, Alb/negru, Alb/ Albastru regal, Alb/Fern verde, Alb/roșu",1,1,,Gender,Unisex,1,1,,Dimensiuni,"[47cm]·[68cm], [50cm]·[70cm], [53cm]·[72cm], [56cm]·[74cm], [59cm]·[76cm], [62cm]·[79cm], [65cm]·[82cm], [34cm]·[48cm], [40cm]·[55cm], [45cm]·[63cm]",1,0,,,
variation,MU01100001,,1,0,visible,,Dimensiuni: 47 * 68 cm,taxable,1,0,0,57.75,,,https://static.musaibrand.com/images/models/0110/model/large/0110_01_2_1.jpg,MU0110,1,Size,XS,,1,,Color,Alb,,1,,,,,,,,,,,,[47cm]·[68cm],8435782527568
variation,MU01100101,,1,0,visible,,Dimensiuni: 50 * 70 cm,taxable,1,0,0,57.75,,,https://static.musaibrand.com/images/models/0110/model/large/0110_01_2_1.jpg,MU0110,2,Size,S,,1,,Color,Alb,,1,,,,,,,,,,,,[50cm]·[70cm],8435782527070
variation,MU01100201,,1,0,visible,,Dimensiuni: 53 * 72 cm,taxable,1,0,0,57.75,,,https://static.musaibrand.com/images/models/0110/model/large/0110_01_2_1.jpg,MU0110,3,Size,M,,1,,Color,Alb,,1,,,,,,,,,,,,[53cm]·[72cm],8435782527087
variation,MU01100301,,1,0,visible,,Dimensiuni: 56 * 74 cm,taxable,1,0,0,57.75,,,https://static.musaibrand.com/images/models/0110/model/large/0110_01_2_1.jpg,MU0110,4,Size,L,,1,,Color,Alb,,1,,,,,,,,,,,,[56cm]·[74cm],8435782527094
variation,MU01100401,,1,0,visible,,Dimensiuni: 59 * 76 cm,taxable,1,0,0,57.75,,,https://static.musaibrand.com/images/models/0110/model/large/0110_01_2_1.jpg,MU0110,5,Size,XL,,1,,Color,Alb,,1,,,,,,,,,,,,[59cm]·[76cm],8435782527100
variation,MU01100501,,1,0,visible,,Dimensiuni: 62 * 79 cm,taxable,1,0,0,57.75,,,https://static.musaibrand.com/images/models/0110/model/large/0110_01_2_1.jpg,MU0110,6,Size,2XL,,1,,Color,Alb,,1,,,,,,,,,,,,[62cm]·[79cm],8435782527117
variation,MU01100601,,1,0,visible,,Dimensiuni: 65 * 82 cm,taxable,1,0,0,57.75,,,https://static.musaibrand.com/images/models/0110/model/large/0110_01_2_1.jpg,MU0110,7,Size,3XL,,1,,Color,Alb,,1,,,,,,,,,,,,[65cm]·[82cm],8435782527124
variation,MU01107501,,1,0,visible,,Dimensiuni: 34 * 48 cm,taxable,1,0,0,57.75,,,https://static.musaibrand.com/images/models/0110/model/large/0110_01_2_1.jpg,MU0110,8,Size,4/6,,1,,Color,Alb,,1,,,,,,,,,,,,[34cm]·[48cm],8435782527131
variation,MU01107601,,1,0,visible,,Dimensiuni: 40 * 55 cm,taxable,1,0,0,57.75,,,https://static.musaibrand.com/images/models/0110/model/large/0110_01_2_1.jpg,MU0110,9,Size,8/10,,1,,Color,Alb,,1,,,,,,,,,,,,[40cm]·[55cm],8435782527148
variation,MU01107701,,1,0,visible,,Dimensiuni: 45 * 63 cm,taxable,1,0,0,57.75,,,https://static.musaibrand.com/images/models/0110/model/large/0110_01_2_1.jpg,MU0110,10,Size,12/14,,1,,Color,Alb,,1,,,,,,,,,,,,[45cm]·[63cm],8435782527155
variation,MU0110000102,,1,0,visible,,Dimensiuni: 47 * 68 cm,taxable,1,0,0,57.75,,,https://static.musaibrand.com/images/models/0110/model/large/0110_0102_2_1.jpg,MU0110,11,Size,XS,,1,,Color,Alb/negru,,1,,,,,,,,,,,,[47cm]·[68cm],8435782527360
variation,MU0110010102,,1,0,visible,,Dimensiuni: 50 * 70 cm,taxable,1,0,0,57.75,,,https://static.musaibrand.com/images/models/0110/model/large/0110_0102_2_1.jpg,MU0110,12,Size,S,,1,,Color,Alb/negru,,1,,,,,,,,,,,,[50cm]·[70cm],8435782527377
variation,MU0110020102,,1,0,visible,,Dimensiuni: 53 * 72 cm,taxable,1,0,0,57.75,,,https://static.musaibrand.com/images/models/0110/model/large/0110_0102_2_1.jpg,MU0110,13,Size,M,,1,,Color,Alb/negru,,1,,,,,,,,,,,,[53cm]·[72cm],8435782527384
variation,MU0110030102,,1,0,visible,,Dimensiuni: 56 * 74 cm,taxable,1,0,0,57.75,,,https://static.musaibrand.com/images/models/0110/model/large/0110_0102_2_1.jpg,MU0110,14,Size,L,,1,,Color,Alb/negru,,1,,,,,,,,,,,,[56cm]·[74cm],8435782527391
variation,MU0110040102,,1,0,visible,,Dimensiuni: 59 * 76 cm,taxable,1,0,0,57.75,,,https://static.musaibrand.com/images/models/0110/model/large/0110_0102_2_1.jpg,MU0110,15,Size,XL,,1,,Color,Alb/negru,,1,,,,,,,,,,,,[59cm]·[76cm],8435782527407
variation,MU0110050102,,1,0,visible,,Dimensiuni: 62 * 79 cm,taxable,1,0,0,57.75,,,https://static.musaibrand.com/images/models/0110/model/large/0110_0102_2_1.jpg,MU0110,16,Size,2XL,,1,,Color,Alb/negru,,1,,,,,,,,,,,,[62cm]·[79cm],8435782527414
variation,MU0110060102,,1,0,visible,,Dimensiuni: 65 * 82 cm,taxable,1,0,0,57.75,,,https://static.musaibrand.com/images/models/0110/model/large/0110_0102_2_1.jpg,MU0110,17,Size,3XL,,1,,Color,Alb/negru,,1,,,,,,,,,,,,[65cm]·[82cm],8435782527421
variation,MU0110750102,,1,0,visible,,Dimensiuni: 34 * 48 cm,taxable,1,0,0,57.75,,,https://static.musaibrand.com/images/models/0110/model/large/0110_0102_2_1.jpg,MU0110,18,Size,4/6,,1,,Color,Alb/negru,,1,,,,,,,,,,,,[34cm]·[48cm],8435782527438
variation,MU0110760102,,1,0,visible,,Dimensiuni: 40 * 55 cm,taxable,1,0,0,57.75,,,https://static.musaibrand.com/images/models/0110/model/large/0110_0102_2_1.jpg,MU0110,19,Size,8/10,,1,,Color,Alb/negru,,1,,,,,,,,,,,,[40cm]·[55cm],8435782527445
variation,MU0110770102,,1,0,visible,,Dimensiuni: 45 * 63 cm,taxable,1,0,0,57.75,,,https://static.musaibrand.com/images/models/0110/model/large/0110_0102_2_1.jpg,MU0110,20,Size,12/14,,1,,Color,Alb/negru,,1,,,,,,,,,,,,[45cm]·[63cm],8435782527452
variation,MU0110000105,,1,0,visible,,Dimensiuni: 47 * 68 cm,taxable,1,0,0,57.75,,,https://static.musaibrand.com/images/models/0110/model/large/0110_0105_2_1.jpg,MU0110,21,Size,XS,,1,,Color,Alb/ Albastru regal,,1,,,,,,,,,,,,[47cm]·[68cm],8435782527261
variation,MU0110010105,,1,0,visible,,Dimensiuni: 50 * 70 cm,taxable,1,0,0,57.75,,,https://static.musaibrand.com/images/models/0110/model/large/0110_0105_2_1.jpg,MU0110,22,Size,S,,1,,Color,Alb/ Albastru regal,,1,,,,,,,,,,,,[50cm]·[70cm],8435782527278
variation,MU0110020105,,1,0,visible,,Dimensiuni: 53 * 72 cm,taxable,1,0,0,57.75,,,https://static.musaibrand.com/images/models/0110/model/large/0110_0105_2_1.jpg,MU0110,23,Size,M,,1,,Color,Alb/ Albastru regal,,1,,,,,,,,,,,,[53cm]·[72cm],8435782527285
variation,MU0110030105,,1,0,visible,,Dimensiuni: 56 * 74 cm,taxable,1,0,0,57.75,,,https://static.musaibrand.com/images/models/0110/model/large/0110_0105_2_1.jpg,MU0110,24,Size,L,,1,,Color,Alb/ Albastru regal,,1,,,,,,,,,,,,[56cm]·[74cm],8435782527292
variation,MU0110040105,,1,0,visible,,Dimensiuni: 59 * 76 cm,taxable,1,0,0,57.75,,,https://static.musaibrand.com/images/models/0110/model/large/0110_0105_2_1.jpg,MU0110,25,Size,XL,,1,,Color,Alb/ Albastru regal,,1,,,,,,,,,,,,[59cm]·[76cm],8435782527308
variation,MU0110050105,,1,0,visible,,Dimensiuni: 62 * 79 cm,taxable,1,0,0,57.75,,,https://static.musaibrand.com/images/models/0110/model/large/0110_0105_2_1.jpg,MU0110,26,Size,2XL,,1,,Color,Alb/ Albastru regal,,1,,,,,,,,,,,,[62cm]·[79cm],8435782527315
variation,MU0110060105,,1,0,visible,,Dimensiuni: 65 * 82 cm,taxable,1,0,0,57.75,,,https://static.musaibrand.com/images/models/0110/model/large/0110_0105_2_1.jpg,MU0110,27,Size,3XL,,1,,Color,Alb/ Albastru regal,,1,,,,,,,,,,,,[65cm]·[82cm],8435782527322
variation,MU0110750105,,1,0,visible,,Dimensiuni: 34 * 48 cm,taxable,1,0,0,57.75,,,https://static.musaibrand.com/images/models/0110/model/large/0110_0105_2_1.jpg,MU0110,28,Size,4/6,,1,,Color,Alb/ Albastru regal,,1,,,,,,,,,,,,[34cm]·[48cm],8435782527339
variation,MU0110760105,,1,0,visible,,Dimensiuni: 40 * 55 cm,taxable,1,0,0,57.75,,,https://static.musaibrand.com/images/models/0110/model/large/0110_0105_2_1.jpg,MU0110,29,Size,8/10,,1,,Color,Alb/ Albastru regal,,1,,,,,,,,,,,,[40cm]·[55cm],8435782527346
variation,MU0110770105,,1,0,visible,,Dimensiuni: 45 * 63 cm,taxable,1,0,0,57.75,,,https://static.musaibrand.com/images/models/0110/model/large/0110_0105_2_1.jpg,MU0110,30,Size,12/14,,1,,Color,Alb/ Albastru regal,,1,,,,,,,,,,,,[45cm]·[63cm],8435782527353
variation,MU01100001226,,1,0,visible,,Dimensiuni: 47 * 68 cm,taxable,1,0,0,57.75,,,https://static.musaibrand.com/images/models/0110/model/large/0110_01226_2_1.jpg,MU0110,31,Size,XS,,1,,Color,Alb/Fern verde,,1,,,,,,,,,,,,[47cm]·[68cm],8435782527469
variation,MU01100101226,,1,0,visible,,Dimensiuni: 50 * 70 cm,taxable,1,0,0,57.75,,,https://static.musaibrand.com/images/models/0110/model/large/0110_01226_2_1.jpg,MU0110,32,Size,S,,1,,Color,Alb/Fern verde,,1,,,,,,,,,,,,[50cm]·[70cm],8435782527476
variation,MU01100201226,,1,0,visible,,Dimensiuni: 53 * 72 cm,taxable,1,0,0,57.75,,,https://static.musaibrand.com/images/models/0110/model/large/0110_01226_2_1.jpg,MU0110,33,Size,M,,1,,Color,Alb/Fern verde,,1,,,,,,,,,,,,[53cm]·[72cm],8435782527483
variation,MU01100301226,,1,0,visible,,Dimensiuni: 56 * 74 cm,taxable,1,0,0,57.75,,,https://static.musaibrand.com/images/models/0110/model/large/0110_01226_2_1.jpg,MU0110,34,Size,L,,1,,Color,Alb/Fern verde,,1,,,,,,,,,,,,[56cm]·[74cm],8435782527490
variation,MU01100401226,,1,0,visible,,Dimensiuni: 59 * 76 cm,taxable,1,0,0,57.75,,,https://static.musaibrand.com/images/models/0110/model/large/0110_01226_2_1.jpg,MU0110,35,Size,XL,,1,,Color,Alb/Fern verde,,1,,,,,,,,,,,,[59cm]·[76cm],8435782527506
variation,MU01100501226,,1,0,visible,,Dimensiuni: 62 * 79 cm,taxable,1,0,0,57.75,,,https://static.musaibrand.com/images/models/0110/model/large/0110_01226_2_1.jpg,MU0110,36,Size,2XL,,1,,Color,Alb/Fern verde,,1,,,,,,,,,,,,[62cm]·[79cm],8435782527513
variation,MU01100601226,,1,0,visible,,Dimensiuni: 65 * 82 cm,taxable,1,0,0,57.75,,,https://static.musaibrand.com/images/models/0110/model/large/0110_01226_2_1.jpg,MU0110,37,Size,3XL,,1,,Color,Alb/Fern verde,,1,,,,,,,,,,,,[65cm]·[82cm],8435782527520
variation,MU01107501226,,1,0,visible,,Dimensiuni: 34 * 48 cm,taxable,1,0,0,57.75,,,https://static.musaibrand.com/images/models/0110/model/large/0110_01226_2_1.jpg,MU0110,38,Size,4/6,,1,,Color,Alb/Fern verde,,1,,,,,,,,,,,,[34cm]·[48cm],8435782527537
variation,MU01107601226,,1,0,visible,,Dimensiuni: 40 * 55 cm,taxable,1,0,0,57.75,,,https://static.musaibrand.com/images/models/0110/model/large/0110_01226_2_1.jpg,MU0110,39,Size,8/10,,1,,Color,Alb/Fern verde,,1,,,,,,,,,,,,[40cm]·[55cm],8435782527544
variation,MU01107701226,,1,0,visible,,Dimensiuni: 45 * 63 cm,taxable,1,0,0,57.75,,,https://static.musaibrand.com/images/models/0110/model/large/0110_01226_2_1.jpg,MU0110,40,Size,12/14,,1,,Color,Alb/Fern verde,,1,,,,,,,,,,,,[45cm]·[63cm],8435782527551
variation,MU0110000160,,1,0,visible,,Dimensiuni: 47 * 68 cm,taxable,1,0,0,57.75,,,https://static.musaibrand.com/images/models/0110/model/large/0110_0160_2_1.jpg,MU0110,41,Size,XS,,1,,Color,Alb/roșu,,1,,,,,,,,,,,,[47cm]·[68cm],8435782527162
variation,MU0110010160,,1,0,visible,,Dimensiuni: 50 * 70 cm,taxable,1,0,0,57.75,,,https://static.musaibrand.com/images/models/0110/model/large/0110_0160_2_1.jpg,MU0110,42,Size,S,,1,,Color,Alb/roșu,,1,,,,,,,,,,,,[50cm]·[70cm],8435782527179
variation,MU0110020160,,1,0,visible,,Dimensiuni: 53 * 72 cm,taxable,1,0,0,57.75,,,https://static.musaibrand.com/images/models/0110/model/large/0110_0160_2_1.jpg,MU0110,43,Size,M,,1,,Color,Alb/roșu,,1,,,,,,,,,,,,[53cm]·[72cm],8435782527186
variation,MU0110030160,,1,0,visible,,Dimensiuni: 56 * 74 cm,taxable,1,0,0,57.75,,,https://static.musaibrand.com/images/models/0110/model/large/0110_0160_2_1.jpg,MU0110,44,Size,L,,1,,Color,Alb/roșu,,1,,,,,,,,,,,,[56cm]·[74cm],8435782527193
variation,MU0110040160,,1,0,visible,,Dimensiuni: 59 * 76 cm,taxable,1,0,0,57.75,,,https://static.musaibrand.com/images/models/0110/model/large/0110_0160_2_1.jpg,MU0110,45,Size,XL,,1,,Color,Alb/roșu,,1,,,,,,,,,,,,[59cm]·[76cm],8435782527209
variation,MU0110050160,,1,0,visible,,Dimensiuni: 62 * 79 cm,taxable,1,0,0,57.75,,,https://static.musaibrand.com/images/models/0110/model/large/0110_0160_2_1.jpg,MU0110,46,Size,2XL,,1,,Color,Alb/roșu,,1,,,,,,,,,,,,[62cm]·[79cm],8435782527216
variation,MU0110060160,,1,0,visible,,Dimensiuni: 65 * 82 cm,taxable,1,0,0,57.75,,,https://static.musaibrand.com/images/models/0110/model/large/0110_0160_2_1.jpg,MU0110,47,Size,3XL,,1,,Color,Alb/roșu,,1,,,,,,,,,,,,[65cm]·[82cm],8435782527223
variation,MU0110750160,,1,0,visible,,Dimensiuni: 34 * 48 cm,taxable,1,0,0,57.75,,,https://static.musaibrand.com/images/models/0110/model/large/0110_0160_2_1.jpg,MU0110,48,Size,4/6,,1,,Color,Alb/roșu,,1,,,,,,,,,,,,[34cm]·[48cm],8435782527230
variation,MU0110760160,,1,0,visible,,Dimensiuni: 40 * 55 cm,taxable,1,0,0,57.75,,,https://static.musaibrand.com/images/models/0110/model/large/0110_0160_2_1.jpg,MU0110,49,Size,8/10,,1,,Color,Alb/roșu,,1,,,,,,,,,,,,[40cm]·[55cm],8435782527247
variation,MU0110770160,,1,0,visible,,Dimensiuni: 45 * 63 cm,taxable,1,0,0,57.75,,,https://static.musaibrand.com/images/models/0110/model/large/0110_0160_2_1.jpg,MU0110,50,Size,12/14,,1,,Color,Alb/roșu,,1,,,,,,,,,,,,[45cm]·[63cm],8435782527254
variable,MU0110-K,Tricou Ubora 2 Copii,1,0,visible,,"<p>Tricou tehnic pentru copii cu mânecă scurtă, model raglan, din poliester reciclat. Design în două nuanțe.                                     <br>· Wicking.    <br>· Transpirable.</p><p><strong>Compoziție:</strong> 100% poliester interlock reciclat</p><p><br>· Guler realizat din țesătură proprie  de 1,5 cm în culoare contrastantă. <br>· Acoperire elastică a cusăturii de pe guler.<br>· Partea corpului în culoare albă cu mâneci și guler contrastante.<br>· Finisaje cu cusături plate.<br>· Detaliu cu logo imprimat pe mânecă.</p><h4>Dimensiuni</h4><table style='border-collapse:collapse;margin:8px 0'><tr><th style='padding:4px 12px;border:1px solid #ddd;text-align:left'>Mărime</th><th style='padding:4px 12px;border:1px solid #ddd;text-align:left'>Dimensiuni</th></tr><tr><td style='padding:4px 12px;border:1px solid #ddd'>XS</td><td style='padding:4px 12px;border:1px solid #ddd'>47 * 68 cm</td></tr><tr><td style='padding:4px 12px;border:1px solid #ddd'>S</td><td style='padding:4px 12px;border:1px solid #ddd'>50 * 70 cm</td></tr><tr><td style='padding:4px 12px;border:1px solid #ddd'>M</td><td style='padding:4px 12px;border:1px solid #ddd'>53 * 72 cm</td></tr><tr><td style='padding:4px 12px;border:1px solid #ddd'>L</td><td style='padding:4px 12px;border:1px solid #ddd'>56 * 74 cm</td></tr><tr><td style='padding:4px 12px;border:1px solid #ddd'>XL</td><td style='padding:4px 12px;border:1px solid #ddd'>59 * 76 cm</td></tr><tr><td style='padding:4px 12px;border:1px solid #ddd'>2XL</td><td style='padding:4px 12px;border:1px solid #ddd'>62 * 79 cm</td></tr><tr><td style='padding:4px 12px;border:1px solid #ddd'>3XL</td><td style='padding:4px 12px;border:1px solid #ddd'>65 * 82 cm</td></tr><tr><td style='padding:4px 12px;border:1px solid #ddd'>4/6</td><td style='padding:4px 12px;border:1px solid #ddd'>34 * 48 cm</td></tr><tr><td style='padding:4px 12px;border:1px solid #ddd'>8/10</td><td style='padding:4px 12px;border:1px solid #ddd'>40 * 55 cm</td></tr><tr><td style='padding:4px 12px;border:1px solid #ddd'>12/14</td><td style='padding:4px 12px;border:1px solid #ddd'>45 * 63 cm</td></tr></table>",taxable,1,0,0,,Tricouri și tricouri polo,MUSAI,"https://static.musaibrand.com/images/models/0110-K/model/large/0110-K_01_1_1.jpg,https://static.musaibrand.com/images/models/0110-K/model/large/0110-K_0102_1_1.jpg,https://static.musaibrand.com/images/models/0110-K/model/large/0110-K_0105_1_1.jpg,https://static.musaibrand.com/images/models/0110-K/model/large/0110-K_01226_1_1.jpg,https://static.musaibrand.com/images/models/0110-K/model/large/0110-K_0160_1_1.jpg,https://static.musaibrand.com/images/models/0110-K/model/large/0110-K_01_2_1.jpg,https://static.musaibrand.com/images/models/0110-K/model/large/0110-K_0102_2_1.jpg,https://static.musaibrand.com/images/models/0110-K/model/large/0110-K_0105_2_1.jpg,https://static.musaibrand.com/images/models/0110-K/model/large/0110-K_01226_2_1.jpg,https://static.musaibrand.com/images/models/0110-K/model/large/0110-K_0160_2_1.jpg",,0,Size,"XS, S, M, L, XL, 2XL, 3XL, 4/6, 8/10, 12/14",1,1,,Color,"Alb, Alb/negru, Alb/ Albastru regal, Alb/Fern verde, Alb/roșu",1,1,,Gender,Unisex,1,1,,Dimensiuni,"[47cm]·[68cm], [50cm]·[70cm], [53cm]·[72cm], [56cm]·[74cm], [59cm]·[76cm], [62cm]·[79cm], [65cm]·[82cm], [34cm]·[48cm], [40cm]·[55cm], [45cm]·[63cm]",1,0,,,
variation,MU01100001-K,,1,0,visible,,Dimensiuni: 47 * 68 cm,taxable,1,0,0,57.75,,,https://static.musaibrand.com/images/models/0110-K/model/large/0110-K_01_2_1.jpg,MU0110-K,1,Size,XS,,1,,Color,Alb,,1,,,,,,,,,,,,[47cm]·[68cm],8435782527568
variation,MU01100101-K,,1,0,visible,,Dimensiuni: 50 * 70 cm,taxable,1,0,0,57.75,,,https://static.musaibrand.com/images/models/0110-K/model/large/0110-K_01_2_1.jpg,MU0110-K,2,Size,S,,1,,Color,Alb,,1,,,,,,,,,,,,[50cm]·[70cm],8435782527070
variation,MU01100201-K,,1,0,visible,,Dimensiuni: 53 * 72 cm,taxable,1,0,0,57.75,,,https://static.musaibrand.com/images/models/0110-K/model/large/0110-K_01_2_1.jpg,MU0110-K,3,Size,M,,1,,Color,Alb,,1,,,,,,,,,,,,[53cm]·[72cm],8435782527087
variation,MU01100301-K,,1,0,visible,,Dimensiuni: 56 * 74 cm,taxable,1,0,0,57.75,,,https://static.musaibrand.com/images/models/0110-K/model/large/0110-K_01_2_1.jpg,MU0110-K,4,Size,L,,1,,Color,Alb,,1,,,,,,,,,,,,[56cm]·[74cm],8435782527094
variation,MU01100401-K,,1,0,visible,,Dimensiuni: 59 * 76 cm,taxable,1,0,0,57.75,,,https://static.musaibrand.com/images/models/0110-K/model/large/0110-K_01_2_1.jpg,MU0110-K,5,Size,XL,,1,,Color,Alb,,1,,,,,,,,,,,,[59cm]·[76cm],8435782527100
variation,MU01100501-K,,1,0,visible,,Dimensiuni: 62 * 79 cm,taxable,1,0,0,57.75,,,https://static.musaibrand.com/images/models/0110-K/model/large/0110-K_01_2_1.jpg,MU0110-K,6,Size,2XL,,1,,Color,Alb,,1,,,,,,,,,,,,[62cm]·[79cm],8435782527117
variation,MU01100601-K,,1,0,visible,,Dimensiuni: 65 * 82 cm,taxable,1,0,0,57.75,,,https://static.musaibrand.com/images/models/0110-K/model/large/0110-K_01_2_1.jpg,MU0110-K,7,Size,3XL,,1,,Color,Alb,,1,,,,,,,,,,,,[65cm]·[82cm],8435782527124
variation,MU01107501-K,,1,0,visible,,Dimensiuni: 34 * 48 cm,taxable,1,0,0,57.75,,,https://static.musaibrand.com/images/models/0110-K/model/large/0110-K_01_2_1.jpg,MU0110-K,8,Size,4/6,,1,,Color,Alb,,1,,,,,,,,,,,,[34cm]·[48cm],8435782527131
variation,MU01107601-K,,1,0,visible,,Dimensiuni: 40 * 55 cm,taxable,1,0,0,57.75,,,https://static.musaibrand.com/images/models/0110-K/model/large/0110-K_01_2_1.jpg,MU0110-K,9,Size,8/10,,1,,Color,Alb,,1,,,,,,,,,,,,[40cm]·[55cm],8435782527148
variation,MU01107701-K,,1,0,visible,,Dimensiuni: 45 * 63 cm,taxable,1,0,0,57.75,,,https://static.musaibrand.com/images/models/0110-K/model/large/0110-K_01_2_1.jpg,MU0110-K,10,Size,12/14,,1,,Color,Alb,,1,,,,,,,,,,,,[45cm]·[63cm],8435782527155
variation,MU0110000102-K,,1,0,visible,,Dimensiuni: 47 * 68 cm,taxable,1,0,0,57.75,,,https://static.musaibrand.com/images/models/0110-K/model/large/0110-K_0102_2_1.jpg,MU0110-K,11,Size,XS,,1,,Color,Alb/negru,,1,,,,,,,,,,,,[47cm]·[68cm],8435782527360
variation,MU0110010102-K,,1,0,visible,,Dimensiuni: 50 * 70 cm,taxable,1,0,0,57.75,,,https://static.musaibrand.com/images/models/0110-K/model/large/0110-K_0102_2_1.jpg,MU0110-K,12,Size,S,,1,,Color,Alb/negru,,1,,,,,,,,,,,,[50cm]·[70cm],8435782527377
variation,MU0110020102-K,,1,0,visible,,Dimensiuni: 53 * 72 cm,taxable,1,0,0,57.75,,,https://static.musaibrand.com/images/models/0110-K/model/large/0110-K_0102_2_1.jpg,MU0110-K,13,Size,M,,1,,Color,Alb/negru,,1,,,,,,,,,,,,[53cm]·[72cm],8435782527384
variation,MU0110030102-K,,1,0,visible,,Dimensiuni: 56 * 74 cm,taxable,1,0,0,57.75,,,https://static.musaibrand.com/images/models/0110-K/model/large/0110-K_0102_2_1.jpg,MU0110-K,14,Size,L,,1,,Color,Alb/negru,,1,,,,,,,,,,,,[56cm]·[74cm],8435782527391
variation,MU0110040102-K,,1,0,visible,,Dimensiuni: 59 * 76 cm,taxable,1,0,0,57.75,,,https://static.musaibrand.com/images/models/0110-K/model/large/0110-K_0102_2_1.jpg,MU0110-K,15,Size,XL,,1,,Color,Alb/negru,,1,,,,,,,,,,,,[59cm]·[76cm],8435782527407
variation,MU0110050102-K,,1,0,visible,,Dimensiuni: 62 * 79 cm,taxable,1,0,0,57.75,,,https://static.musaibrand.com/images/models/0110-K/model/large/0110-K_0102_2_1.jpg,MU0110-K,16,Size,2XL,,1,,Color,Alb/negru,,1,,,,,,,,,,,,[62cm]·[79cm],8435782527414
variation,MU0110060102-K,,1,0,visible,,Dimensiuni: 65 * 82 cm,taxable,1,0,0,57.75,,,https://static.musaibrand.com/images/models/0110-K/model/large/0110-K_0102_2_1.jpg,MU0110-K,17,Size,3XL,,1,,Color,Alb/negru,,1,,,,,,,,,,,,[65cm]·[82cm],8435782527421
variation,MU0110750102-K,,1,0,visible,,Dimensiuni: 34 * 48 cm,taxable,1,0,0,57.75,,,https://static.musaibrand.com/images/models/0110-K/model/large/0110-K_0102_2_1.jpg,MU0110-K,18,Size,4/6,,1,,Color,Alb/negru,,1,,,,,,,,,,,,[34cm]·[48cm],8435782527438
variation,MU0110760102-K,,1,0,visible,,Dimensiuni: 40 * 55 cm,taxable,1,0,0,57.75,,,https://static.musaibrand.com/images/models/0110-K/model/large/0110-K_0102_2_1.jpg,MU0110-K,19,Size,8/10,,1,,Color,Alb/negru,,1,,,,,,,,,,,,[40cm]·[55cm],8435782527445
variation,MU0110770102-K,,1,0,visible,,Dimensiuni: 45 * 63 cm,taxable,1,0,0,57.75,,,https://static.musaibrand.com/images/models/0110-K/model/large/0110-K_0102_2_1.jpg,MU0110-K,20,Size,12/14,,1,,Color,Alb/negru,,1,,,,,,,,,,,,[45cm]·[63cm],8435782527452
variation,MU0110000105-K,,1,0,visible,,Dimensiuni: 47 * 68 cm,taxable,1,0,0,57.75,,,https://static.musaibrand.com/images/models/0110-K/model/large/0110-K_0105_2_1.jpg,MU0110-K,21,Size,XS,,1,,Color,Alb/ Albastru regal,,1,,,,,,,,,,,,[47cm]·[68cm],8435782527261
variation,MU0110010105-K,,1,0,visible,,Dimensiuni: 50 * 70 cm,taxable,1,0,0,57.75,,,https://static.musaibrand.com/images/models/0110-K/model/large/0110-K_0105_2_1.jpg,MU0110-K,22,Size,S,,1,,Color,Alb/ Albastru regal,,1,,,,,,,,,,,,[50cm]·[70cm],8435782527278
variation,MU0110020105-K,,1,0,visible,,Dimensiuni: 53 * 72 cm,taxable,1,0,0,57.75,,,https://static.musaibrand.com/images/models/0110-K/model/large/0110-K_0105_2_1.jpg,MU0110-K,23,Size,M,,1,,Color,Alb/ Albastru regal,,1,,,,,,,,,,,,[53cm]·[72cm],8435782527285
variation,MU0110030105-K,,1,0,visible,,Dimensiuni: 56 * 74 cm,taxable,1,0,0,57.75,,,https://static.musaibrand.com/images/models/0110-K/model/large/0110-K_0105_2_1.jpg,MU0110-K,24,Size,L,,1,,Color,Alb/ Albastru regal,,1,,,,,,,,,,,,[56cm]·[74cm],8435782527292
variation,MU0110040105-K,,1,0,visible,,Dimensiuni: 59 * 76 cm,taxable,1,0,0,57.75,,,https://static.musaibrand.com/images/models/0110-K/model/large/0110-K_0105_2_1.jpg,MU0110-K,25,Size,XL,,1,,Color,Alb/ Albastru regal,,1,,,,,,,,,,,,[59cm]·[76cm],8435782527308
variation,MU0110050105-K,,1,0,visible,,Dimensiuni: 62 * 79 cm,taxable,1,0,0,57.75,,,https://static.musaibrand.com/images/models/0110-K/model/large/0110-K_0105_2_1.jpg,MU0110-K,26,Size,2XL,,1,,Color,Alb/ Albastru regal,,1,,,,,,,,,,,,[62cm]·[79cm],8435782527315
variation,MU0110060105-K,,1,0,visible,,Dimensiuni: 65 * 82 cm,taxable,1,0,0,57.75,,,https://static.musaibrand.com/images/models/0110-K/model/large/0110-K_0105_2_1.jpg,MU0110-K,27,Size,3XL,,1,,Color,Alb/ Albastru regal,,1,,,,,,,,,,,,[65cm]·[82cm],8435782527322
variation,MU0110750105-K,,1,0,visible,,Dimensiuni: 34 * 48 cm,taxable,1,0,0,57.75,,,https://static.musaibrand.com/images/models/0110-K/model/large/0110-K_0105_2_1.jpg,MU0110-K,28,Size,4/6,,1,,Color,Alb/ Albastru regal,,1,,,,,,,,,,,,[34cm]·[48cm],8435782527339
variation,MU0110760105-K,,1,0,visible,,Dimensiuni: 40 * 55 cm,taxable,1,0,0,57.75,,,https://static.musaibrand.com/images/models/0110-K/model/large/0110-K_0105_2_1.jpg,MU0110-K,29,Size,8/10,,1,,Color,Alb/ Albastru regal,,1,,,,,,,,,,,,[40cm]·[55cm],8435782527346
variation,MU0110770105-K,,1,0,visible,,Dimensiuni: 45 * 63 cm,taxable,1,0,0,57.75,,,https://static.musaibrand.com/images/models/0110-K/model/large/0110-K_0105_2_1.jpg,MU0110-K,30,Size,12/14,,1,,Color,Alb/ Albastru regal,,1,,,,,,,,,,,,[45cm]·[63cm],8435782527353
variation,MU01100001226-K,,1,0,visible,,Dimensiuni: 47 * 68 cm,taxable,1,0,0,57.75,,,https://static.musaibrand.com/images/models/0110-K/model/large/0110-K_01226_2_1.jpg,MU0110-K,31,Size,XS,,1,,Color,Alb/Fern verde,,1,,,,,,,,,,,,[47cm]·[68cm],8435782527469
variation,MU01100101226-K,,1,0,visible,,Dimensiuni: 50 * 70 cm,taxable,1,0,0,57.75,,,https://static.musaibrand.com/images/models/0110-K/model/large/0110-K_01226_2_1.jpg,MU0110-K,32,Size,S,,1,,Color,Alb/Fern verde,,1,,,,,,,,,,,,[50cm]·[70cm],8435782527476
variation,MU01100201226-K,,1,0,visible,,Dimensiuni: 53 * 72 cm,taxable,1,0,0,57.75,,,https://static.musaibrand.com/images/models/0110-K/model/large/0110-K_01226_2_1.jpg,MU0110-K,33,Size,M,,1,,Color,Alb/Fern verde,,1,,,,,,,,,,,,[53cm]·[72cm],8435782527483
variation,MU01100301226-K,,1,0,visible,,Dimensiuni: 56 * 74 cm,taxable,1,0,0,57.75,,,https://static.musaibrand.com/images/models/0110-K/model/large/0110-K_01226_2_1.jpg,MU0110-K,34,Size,L,,1,,Color,Alb/Fern verde,,1,,,,,,,,,,,,[56cm]·[74cm],8435782527490
variation,MU01100401226-K,,1,0,visible,,Dimensiuni: 59 * 76 cm,taxable,1,0,0,57.75,,,https://static.musaibrand.com/images/models/0110-K/model/large/0110-K_01226_2_1.jpg,MU0110-K,35,Size,XL,,1,,Color,Alb/Fern verde,,1,,,,,,,,,,,,[59cm]·[76cm],8435782527506
variation,MU01100501226-K,,1,0,visible,,Dimensiuni: 62 * 79 cm,taxable,1,0,0,57.75,,,https://static.musaibrand.com/images/models/0110-K/model/large/0110-K_01226_2_1.jpg,MU0110-K,36,Size,2XL,,1,,Color,Alb/Fern verde,,1,,,,,,,,,,,,[62cm]·[79cm],8435782527513
variation,MU01100601226-K,,1,0,visible,,Dimensiuni: 65 * 82 cm,taxable,1,0,0,57.75,,,https://static.musaibrand.com/images/models/0110-K/model/large/0110-K_01226_2_1.jpg,MU0110-K,37,Size,3XL,,1,,Color,Alb/Fern verde,,1,,,,,,,,,,,,[65cm]·[82cm],8435782527520
variation,MU01107501226-K,,1,0,visible,,Dimensiuni: 34 * 48 cm,taxable,1,0,0,57.75,,,https://static.musaibrand.com/images/models/0110-K/model/large/0110-K_01226_2_1.jpg,MU0110-K,38,Size,4/6,,1,,Color,Alb/Fern verde,,1,,,,,,,,,,,,[34cm]·[48cm],8435782527537
variation,MU01107601226-K,,1,0,visible,,Dimensiuni: 40 * 55 cm,taxable,1,0,0,57.75,,,https://static.musaibrand.com/images/models/0110-K/model/large/0110-K_01226_2_1.jpg,MU0110-K,39,Size,8/10,,1,,Color,Alb/Fern verde,,1,,,,,,,,,,,,[40cm]·[55cm],8435782527544
variation,MU01107701226-K,,1,0,visible,,Dimensiuni: 45 * 63 cm,taxable,1,0,0,57.75,,,https://static.musaibrand.com/images/models/0110-K/model/large/0110-K_01226_2_1.jpg,MU0110-K,40,Size,12/14,,1,,Color,Alb/Fern verde,,1,,,,,,,,,,,,[45cm]·[63cm],8435782527551
variation,MU0110000160-K,,1,0,visible,,Dimensiuni: 47 * 68 cm,taxable,1,0,0,57.75,,,https://static.musaibrand.com/images/models/0110-K/model/large/0110-K_0160_2_1.jpg,MU0110-K,41,Size,XS,,1,,Color,Alb/roșu,,1,,,,,,,,,,,,[47cm]·[68cm],8435782527162
variation,MU0110010160-K,,1,0,visible,,Dimensiuni: 50 * 70 cm,taxable,1,0,0,57.75,,,https://static.musaibrand.com/images/models/0110-K/model/large/0110-K_0160_2_1.jpg,MU0110-K,42,Size,S,,1,,Color,Alb/roșu,,1,,,,,,,,,,,,[50cm]·[70cm],8435782527179
variation,MU0110020160-K,,1,0,visible,,Dimensiuni: 53 * 72 cm,taxable,1,0,0,57.75,,,https://static.musaibrand.com/images/models/0110-K/model/large/0110-K_0160_2_1.jpg,MU0110-K,43,Size,M,,1,,Color,Alb/roșu,,1,,,,,,,,,,,,[53cm]·[72cm],8435782527186
variation,MU0110030160-K,,1,0,visible,,Dimensiuni: 56 * 74 cm,taxable,1,0,0,57.75,,,https://static.musaibrand.com/images/models/0110-K/model/large/0110-K_0160_2_1.jpg,MU0110-K,44,Size,L,,1,,Color,Alb/roșu,,1,,,,,,,,,,,,[56cm]·[74cm],8435782527193
variation,MU0110040160-K,,1,0,visible,,Dimensiuni: 59 * 76 cm,taxable,1,0,0,57.75,,,https://static.musaibrand.com/images/models/0110-K/model/large/0110-K_0160_2_1.jpg,MU0110-K,45,Size,XL,,1,,Color,Alb/roșu,,1,,,,,,,,,,,,[59cm]·[76cm],8435782527209
variation,MU0110050160-K,,1,0,visible,,Dimensiuni: 62 * 79 cm,taxable,1,0,0,57.75,,,https://static.musaibrand.com/images/models/0110-K/model/large/0110-K_0160_2_1.jpg,MU0110-K,46,Size,2XL,,1,,Color,Alb/roșu,,1,,,,,,,,,,,,[62cm]·[79cm],8435782527216
variation,MU0110060160-K,,1,0,visible,,Dimensiuni: 65 * 82 cm,taxable,1,0,0,57.75,,,https://static.musaibrand.com/images/models/0110-K/model/large/0110-K_0160_2_1.jpg,MU0110-K,47,Size,3XL,,1,,Color,Alb/roșu,,1,,,,,,,,,,,,[65cm]·[82cm],8435782527223
variation,MU0110750160-K,,1,0,visible,,Dimensiuni: 34 * 48 cm,taxable,1,0,0,57.75,,,https://static.musaibrand.com/images/models/0110-K/model/large/0110-K_0160_2_1.jpg,MU0110-K,48,Size,4/6,,1,,Color,Alb/roșu,,1,,,,,,,,,,,,[34cm]·[48cm],8435782527230
variation,MU0110760160-K,,1,0,visible,,Dimensiuni: 40 * 55 cm,taxable,1,0,0,57.75,,,https://static.musaibrand.com/images/models/0110-K/model/large/0110-K_0160_2_1.jpg,MU0110-K,49,Size,8/10,,1,,Color,Alb/roșu,,1,,,,,,,,,,,,[40cm]·[55cm],8435782527247
variation,MU0110770160-K,,1,0,visible,,Dimensiuni: 45 * 63 cm,taxable,1,0,0,57.75,,,https://static.musaibrand.com/images/models/0110-K/model/large/0110-K_0160_2_1.jpg,MU0110-K,50,Size,12/14,,1,,Color,Alb/roșu,,1,,,,,,,,,,,,[45cm]·[63cm],8435782527254
