Type,SKU,Name,Published,Is featured?,Visibility in catalog,Short description,Description,Tax status,In stock?,Backorders allowed?,Sold individually?,Regular price,Categories,Tags,Images,Parent,Position,Attribute 1 name,Attribute 1 value(s),Attribute 1 visible,Attribute 1 global,Attribute 1 default,Attribute 2 name,Attribute 2 value(s),Attribute 2 visible,Attribute 2 global,Attribute 2 default,Attribute 3 name,Attribute 3 value(s),Attribute 3 visible,Attribute 3 global,Attribute 3 default,Attribute 4 name,Attribute 4 value(s),Attribute 4 visible,Attribute 4 global,Attribute 4 default,Meta: dimensions,Meta: ean
variable,MU0306-K,Hanorac Mawi Copii,1,0,visible,,"<p>Hanorac tehnic pentru copii cu fermoar până la jumătate, mâneci raglan și guler mediu, realizat din poliester piqué reciclat, cu căptușeală moale periată.</p><p><strong>Compoziție:</strong> 100% poliester pique reciclat</p><p><br>· Partea frontală a gulerului integrată în față într-o singură bucată; jumătate din partea din spate cu nervuri 1x1.<br>· Acoperire elastică a cusăturii la guler.<br>· Clapetă interioară și apărătoare de bărbie pe toată lungimea.<br>· Fermoar personalizat cu imagine marcă.<br>· Buzunare laterale mari cu fermoar și bandă de acoperire.<br>· Detaliu cu logo brodat pe piept.</p><h4>Dimensiuni</h4><table style='border-collapse:collapse;margin:8px 0'><tr><th style='padding:4px 12px;border:1px solid #ddd;text-align:left'>Mărime</th><th style='padding:4px 12px;border:1px solid #ddd;text-align:left'>Dimensiuni</th></tr><tr><td style='padding:4px 12px;border:1px solid #ddd'>XS</td><td style='padding:4px 12px;border:1px solid #ddd'>54 * 67 cm</td></tr><tr><td style='padding:4px 12px;border:1px solid #ddd'>S</td><td style='padding:4px 12px;border:1px solid #ddd'>56 * 68,5 cm</td></tr><tr><td style='padding:4px 12px;border:1px solid #ddd'>M</td><td style='padding:4px 12px;border:1px solid #ddd'>58 * 70 cm</td></tr><tr><td style='padding:4px 12px;border:1px solid #ddd'>L</td><td style='padding:4px 12px;border:1px solid #ddd'>60 * 72 cm</td></tr><tr><td style='padding:4px 12px;border:1px solid #ddd'>XL</td><td style='padding:4px 12px;border:1px solid #ddd'>63 * 73 cm</td></tr><tr><td style='padding:4px 12px;border:1px solid #ddd'>2XL</td><td style='padding:4px 12px;border:1px solid #ddd'>66 * 75 cm</td></tr><tr><td style='padding:4px 12px;border:1px solid #ddd'>3XL</td><td style='padding:4px 12px;border:1px solid #ddd'>69 * 76 cm</td></tr><tr><td style='padding:4px 12px;border:1px solid #ddd'>4</td><td style='padding:4px 12px;border:1px solid #ddd'>37 * 44 cm</td></tr><tr><td style='padding:4px 12px;border:1px solid #ddd'>6</td><td style='padding:4px 12px;border:1px solid #ddd'>40 * 48 cm</td></tr><tr><td style='padding:4px 12px;border:1px solid #ddd'>8</td><td style='padding:4px 12px;border:1px solid #ddd'>43 * 50 cm</td></tr><tr><td style='padding:4px 12px;border:1px solid #ddd'>10</td><td style='padding:4px 12px;border:1px solid #ddd'>45 * 56 cm</td></tr><tr><td style='padding:4px 12px;border:1px solid #ddd'>12</td><td style='padding:4px 12px;border:1px solid #ddd'>47 * 49 cm</td></tr><tr><td style='padding:4px 12px;border:1px solid #ddd'>14</td><td style='padding:4px 12px;border:1px solid #ddd'>49 * 64 cm</td></tr></table>",taxable,1,0,0,,Hanorace,MUSAI,"https://static.musaibrand.com/images/models/0306-K/model/large/0306-K_01_1_1.jpg,https://static.musaibrand.com/images/models/0306-K/model/large/0306-K_02_1_1.jpg,https://static.musaibrand.com/images/models/0306-K/model/large/0306-K_03_1_1.jpg,https://static.musaibrand.com/images/models/0306-K/model/large/0306-K_05_1_1.jpg,https://static.musaibrand.com/images/models/0306-K/model/large/0306-K_10_1_1.jpg,https://static.musaibrand.com/images/models/0306-K/model/large/0306-K_176_1_1.jpg,https://static.musaibrand.com/images/models/0306-K/model/large/0306-K_221_1_1.jpg,https://static.musaibrand.com/images/models/0306-K/model/large/0306-K_222_1_1.jpg,https://static.musaibrand.com/images/models/0306-K/model/large/0306-K_223_1_1.jpg,https://static.musaibrand.com/images/models/0306-K/model/large/0306-K_226_1_1.jpg,https://static.musaibrand.com/images/models/0306-K/model/large/0306-K_258_1_1.jpg,https://static.musaibrand.com/images/models/0306-K/model/large/0306-K_55_1_1.jpg,https://static.musaibrand.com/images/models/0306-K/model/large/0306-K_60_1_1.jpg,https://static.musaibrand.com/images/models/0306-K/model/large/0306-K_64_1_1.jpg,https://static.musaibrand.com/images/models/0306-K/model/large/0306-K_01_2_1.jpg,https://static.musaibrand.com/images/models/0306-K/model/large/0306-K_02_2_1.jpg,https://static.musaibrand.com/images/models/0306-K/model/large/0306-K_03_2_1.jpg,https://static.musaibrand.com/images/models/0306-K/model/large/0306-K_05_2_1.jpg,https://static.musaibrand.com/images/models/0306-K/model/large/0306-K_10_2_1.jpg,https://static.musaibrand.com/images/models/0306-K/model/large/0306-K_176_2_1.jpg,https://static.musaibrand.com/images/models/0306-K/model/large/0306-K_221_2_1.jpg,https://static.musaibrand.com/images/models/0306-K/model/large/0306-K_222_2_1.jpg,https://static.musaibrand.com/images/models/0306-K/model/large/0306-K_223_2_1.jpg,https://static.musaibrand.com/images/models/0306-K/model/large/0306-K_226_2_1.jpg,https://static.musaibrand.com/images/models/0306-K/model/large/0306-K_258_2_1.jpg,https://static.musaibrand.com/images/models/0306-K/model/large/0306-K_55_2_1.jpg,https://static.musaibrand.com/images/models/0306-K/model/large/0306-K_60_2_1.jpg,https://static.musaibrand.com/images/models/0306-K/model/large/0306-K_64_2_1.jpg",,0,Size,"XS, S, M, L, XL, 2XL, 3XL, 4, 6, 8, 10, 12, 14",1,1,,Color,"Alb, Negru, Galben, Albastru regal, Sky blue, Fluor turcoaz, Galben fluor, Fluor verde, Fluor portocaliu, Fern Green, Gri deschis, Albastru marin, ROȘU, Burgundy",1,1,,Gender,Unisex,1,1,,Dimensiuni,"[54cm]·[67cm], [56cm]·[68.5cm], [58cm]·[70cm], [60cm]·[72cm], [63cm]·[73cm], [66cm]·[75cm], [69cm]·[76cm], [37cm]·[44cm], [40cm]·[48cm], [43cm]·[50cm], [45cm]·[56cm], [47cm]·[49cm], [49cm]·[64cm]",1,0,,,
variation,MU03060001-K,,1,0,visible,,Dimensiuni: 54 * 67 cm,taxable,1,0,0,99.75,,,https://static.musaibrand.com/images/models/0306-K/model/large/0306-K_01_2_1.jpg,MU0306-K,1,Size,XS,,1,,Color,Alb,,1,,,,,,,,,,,,[54cm]·[67cm],8435782518757
variation,MU03060101-K,,1,0,visible,,"Dimensiuni: 56 * 68,5 cm",taxable,1,0,0,99.75,,,https://static.musaibrand.com/images/models/0306-K/model/large/0306-K_01_2_1.jpg,MU0306-K,2,Size,S,,1,,Color,Alb,,1,,,,,,,,,,,,"[56cm]·[68,5cm]",8435782518887
variation,MU03060201-K,,1,0,visible,,Dimensiuni: 58 * 70 cm,taxable,1,0,0,99.75,,,https://static.musaibrand.com/images/models/0306-K/model/large/0306-K_01_2_1.jpg,MU0306-K,3,Size,M,,1,,Color,Alb,,1,,,,,,,,,,,,[58cm]·[70cm],8435782519013
variation,MU03060301-K,,1,0,visible,,Dimensiuni: 60 * 72 cm,taxable,1,0,0,99.75,,,https://static.musaibrand.com/images/models/0306-K/model/large/0306-K_01_2_1.jpg,MU0306-K,4,Size,L,,1,,Color,Alb,,1,,,,,,,,,,,,[60cm]·[72cm],8435782519143
variation,MU03060401-K,,1,0,visible,,Dimensiuni: 63 * 73 cm,taxable,1,0,0,99.75,,,https://static.musaibrand.com/images/models/0306-K/model/large/0306-K_01_2_1.jpg,MU0306-K,5,Size,XL,,1,,Color,Alb,,1,,,,,,,,,,,,[63cm]·[73cm],8435782519273
variation,MU03060501-K,,1,0,visible,,Dimensiuni: 66 * 75 cm,taxable,1,0,0,99.75,,,https://static.musaibrand.com/images/models/0306-K/model/large/0306-K_01_2_1.jpg,MU0306-K,6,Size,2XL,,1,,Color,Alb,,1,,,,,,,,,,,,[66cm]·[75cm],8435782519402
variation,MU03060601-K,,1,0,visible,,Dimensiuni: 69 * 76 cm,taxable,1,0,0,99.75,,,https://static.musaibrand.com/images/models/0306-K/model/large/0306-K_01_2_1.jpg,MU0306-K,7,Size,3XL,,1,,Color,Alb,,1,,,,,,,,,,,,[69cm]·[76cm],8435782519532
variation,MU03062201-K,,1,0,visible,,Dimensiuni: 37 * 44 cm,taxable,1,0,0,99.75,,,https://static.musaibrand.com/images/models/0306-K/model/large/0306-K_01_2_1.jpg,MU0306-K,8,Size,4,,1,,Color,Alb,,1,,,,,,,,,,,,[37cm]·[44cm],8435782519662
variation,MU03062401-K,,1,0,visible,,Dimensiuni: 40 * 48 cm,taxable,1,0,0,99.75,,,https://static.musaibrand.com/images/models/0306-K/model/large/0306-K_01_2_1.jpg,MU0306-K,9,Size,6,,1,,Color,Alb,,1,,,,,,,,,,,,[40cm]·[48cm],8435782519792
variation,MU03062501-K,,1,0,visible,,Dimensiuni: 43 * 50 cm,taxable,1,0,0,99.75,,,https://static.musaibrand.com/images/models/0306-K/model/large/0306-K_01_2_1.jpg,MU0306-K,10,Size,8,,1,,Color,Alb,,1,,,,,,,,,,,,[43cm]·[50cm],8435782519921
variation,MU03062601-K,,1,0,visible,,Dimensiuni: 45 * 56 cm,taxable,1,0,0,99.75,,,https://static.musaibrand.com/images/models/0306-K/model/large/0306-K_01_2_1.jpg,MU0306-K,11,Size,10,,1,,Color,Alb,,1,,,,,,,,,,,,[45cm]·[56cm],8435782520057
variation,MU03062701-K,,1,0,visible,,Dimensiuni: 47 * 49 cm,taxable,1,0,0,99.75,,,https://static.musaibrand.com/images/models/0306-K/model/large/0306-K_01_2_1.jpg,MU0306-K,12,Size,12,,1,,Color,Alb,,1,,,,,,,,,,,,[47cm]·[49cm],8435782520187
variation,MU03062801-K,,1,0,visible,,Dimensiuni: 49 * 64 cm,taxable,1,0,0,99.75,,,https://static.musaibrand.com/images/models/0306-K/model/large/0306-K_01_2_1.jpg,MU0306-K,13,Size,14,,1,,Color,Alb,,1,,,,,,,,,,,,[49cm]·[64cm],8435782520316
variation,MU03060002-K,,1,0,visible,,Dimensiuni: 54 * 67 cm,taxable,1,0,0,99.75,,,https://static.musaibrand.com/images/models/0306-K/model/large/0306-K_02_2_1.jpg,MU0306-K,14,Size,XS,,1,,Color,Negru,,1,,,,,,,,,,,,[54cm]·[67cm],8435782518764
variation,MU03060102-K,,1,0,visible,,"Dimensiuni: 56 * 68,5 cm",taxable,1,0,0,99.75,,,https://static.musaibrand.com/images/models/0306-K/model/large/0306-K_02_2_1.jpg,MU0306-K,15,Size,S,,1,,Color,Negru,,1,,,,,,,,,,,,"[56cm]·[68,5cm]",8435782518894
variation,MU03060202-K,,1,0,visible,,Dimensiuni: 58 * 70 cm,taxable,1,0,0,99.75,,,https://static.musaibrand.com/images/models/0306-K/model/large/0306-K_02_2_1.jpg,MU0306-K,16,Size,M,,1,,Color,Negru,,1,,,,,,,,,,,,[58cm]·[70cm],8435782519020
variation,MU03060302-K,,1,0,visible,,Dimensiuni: 60 * 72 cm,taxable,1,0,0,99.75,,,https://static.musaibrand.com/images/models/0306-K/model/large/0306-K_02_2_1.jpg,MU0306-K,17,Size,L,,1,,Color,Negru,,1,,,,,,,,,,,,[60cm]·[72cm],8435782519150
variation,MU03060402-K,,1,0,visible,,Dimensiuni: 63 * 73 cm,taxable,1,0,0,99.75,,,https://static.musaibrand.com/images/models/0306-K/model/large/0306-K_02_2_1.jpg,MU0306-K,18,Size,XL,,1,,Color,Negru,,1,,,,,,,,,,,,[63cm]·[73cm],8435782519280
variation,MU03060502-K,,1,0,visible,,Dimensiuni: 66 * 75 cm,taxable,1,0,0,99.75,,,https://static.musaibrand.com/images/models/0306-K/model/large/0306-K_02_2_1.jpg,MU0306-K,19,Size,2XL,,1,,Color,Negru,,1,,,,,,,,,,,,[66cm]·[75cm],8435782519419
variation,MU03060602-K,,1,0,visible,,Dimensiuni: 69 * 76 cm,taxable,1,0,0,99.75,,,https://static.musaibrand.com/images/models/0306-K/model/large/0306-K_02_2_1.jpg,MU0306-K,20,Size,3XL,,1,,Color,Negru,,1,,,,,,,,,,,,[69cm]·[76cm],8435782519549
variation,MU03062202-K,,1,0,visible,,Dimensiuni: 37 * 44 cm,taxable,1,0,0,99.75,,,https://static.musaibrand.com/images/models/0306-K/model/large/0306-K_02_2_1.jpg,MU0306-K,21,Size,4,,1,,Color,Negru,,1,,,,,,,,,,,,[37cm]·[44cm],8435782519679
variation,MU03062402-K,,1,0,visible,,Dimensiuni: 40 * 48 cm,taxable,1,0,0,99.75,,,https://static.musaibrand.com/images/models/0306-K/model/large/0306-K_02_2_1.jpg,MU0306-K,22,Size,6,,1,,Color,Negru,,1,,,,,,,,,,,,[40cm]·[48cm],8435782519808
variation,MU03062502-K,,1,0,visible,,Dimensiuni: 43 * 50 cm,taxable,1,0,0,99.75,,,https://static.musaibrand.com/images/models/0306-K/model/large/0306-K_02_2_1.jpg,MU0306-K,23,Size,8,,1,,Color,Negru,,1,,,,,,,,,,,,[43cm]·[50cm],8435782519938
variation,MU03062602-K,,1,0,visible,,Dimensiuni: 45 * 56 cm,taxable,1,0,0,99.75,,,https://static.musaibrand.com/images/models/0306-K/model/large/0306-K_02_2_1.jpg,MU0306-K,24,Size,10,,1,,Color,Negru,,1,,,,,,,,,,,,[45cm]·[56cm],8435782520064
variation,MU03062702-K,,1,0,visible,,Dimensiuni: 47 * 49 cm,taxable,1,0,0,99.75,,,https://static.musaibrand.com/images/models/0306-K/model/large/0306-K_02_2_1.jpg,MU0306-K,25,Size,12,,1,,Color,Negru,,1,,,,,,,,,,,,[47cm]·[49cm],8435782520194
variation,MU03062802-K,,1,0,visible,,Dimensiuni: 49 * 64 cm,taxable,1,0,0,99.75,,,https://static.musaibrand.com/images/models/0306-K/model/large/0306-K_02_2_1.jpg,MU0306-K,26,Size,14,,1,,Color,Negru,,1,,,,,,,,,,,,[49cm]·[64cm],8435782520323
variation,MU03060003-K,,1,0,visible,,Dimensiuni: 54 * 67 cm,taxable,1,0,0,99.75,,,https://static.musaibrand.com/images/models/0306-K/model/large/0306-K_03_2_1.jpg,MU0306-K,27,Size,XS,,1,,Color,Galben,,1,,,,,,,,,,,,[54cm]·[67cm],8435782518771
variation,MU03060103-K,,1,0,visible,,"Dimensiuni: 56 * 68,5 cm",taxable,1,0,0,99.75,,,https://static.musaibrand.com/images/models/0306-K/model/large/0306-K_03_2_1.jpg,MU0306-K,28,Size,S,,1,,Color,Galben,,1,,,,,,,,,,,,"[56cm]·[68,5cm]",8435782518900
variation,MU03060203-K,,1,0,visible,,Dimensiuni: 58 * 70 cm,taxable,1,0,0,99.75,,,https://static.musaibrand.com/images/models/0306-K/model/large/0306-K_03_2_1.jpg,MU0306-K,29,Size,M,,1,,Color,Galben,,1,,,,,,,,,,,,[58cm]·[70cm],8435782519037
variation,MU03060303-K,,1,0,visible,,Dimensiuni: 60 * 72 cm,taxable,1,0,0,99.75,,,https://static.musaibrand.com/images/models/0306-K/model/large/0306-K_03_2_1.jpg,MU0306-K,30,Size,L,,1,,Color,Galben,,1,,,,,,,,,,,,[60cm]·[72cm],8435782519167
variation,MU03060403-K,,1,0,visible,,Dimensiuni: 63 * 73 cm,taxable,1,0,0,99.75,,,https://static.musaibrand.com/images/models/0306-K/model/large/0306-K_03_2_1.jpg,MU0306-K,31,Size,XL,,1,,Color,Galben,,1,,,,,,,,,,,,[63cm]·[73cm],8435782519297
variation,MU03060503-K,,1,0,visible,,Dimensiuni: 66 * 75 cm,taxable,1,0,0,99.75,,,https://static.musaibrand.com/images/models/0306-K/model/large/0306-K_03_2_1.jpg,MU0306-K,32,Size,2XL,,1,,Color,Galben,,1,,,,,,,,,,,,[66cm]·[75cm],8435782519426
variation,MU03060603-K,,1,0,visible,,Dimensiuni: 69 * 76 cm,taxable,1,0,0,99.75,,,https://static.musaibrand.com/images/models/0306-K/model/large/0306-K_03_2_1.jpg,MU0306-K,33,Size,3XL,,1,,Color,Galben,,1,,,,,,,,,,,,[69cm]·[76cm],8435782519556
variation,MU03062203-K,,1,0,visible,,Dimensiuni: 37 * 44 cm,taxable,1,0,0,99.75,,,https://static.musaibrand.com/images/models/0306-K/model/large/0306-K_03_2_1.jpg,MU0306-K,34,Size,4,,1,,Color,Galben,,1,,,,,,,,,,,,[37cm]·[44cm],8435782519686
variation,MU03062403-K,,1,0,visible,,Dimensiuni: 40 * 48 cm,taxable,1,0,0,99.75,,,https://static.musaibrand.com/images/models/0306-K/model/large/0306-K_03_2_1.jpg,MU0306-K,35,Size,6,,1,,Color,Galben,,1,,,,,,,,,,,,[40cm]·[48cm],8435782519815
variation,MU03062503-K,,1,0,visible,,Dimensiuni: 43 * 50 cm,taxable,1,0,0,99.75,,,https://static.musaibrand.com/images/models/0306-K/model/large/0306-K_03_2_1.jpg,MU0306-K,36,Size,8,,1,,Color,Galben,,1,,,,,,,,,,,,[43cm]·[50cm],8435782519945
variation,MU03062603-K,,1,0,visible,,Dimensiuni: 45 * 56 cm,taxable,1,0,0,99.75,,,https://static.musaibrand.com/images/models/0306-K/model/large/0306-K_03_2_1.jpg,MU0306-K,37,Size,10,,1,,Color,Galben,,1,,,,,,,,,,,,[45cm]·[56cm],8435782520071
variation,MU03062703-K,,1,0,visible,,Dimensiuni: 47 * 49 cm,taxable,1,0,0,99.75,,,https://static.musaibrand.com/images/models/0306-K/model/large/0306-K_03_2_1.jpg,MU0306-K,38,Size,12,,1,,Color,Galben,,1,,,,,,,,,,,,[47cm]·[49cm],8435782520200
variation,MU03062803-K,,1,0,visible,,Dimensiuni: 49 * 64 cm,taxable,1,0,0,99.75,,,https://static.musaibrand.com/images/models/0306-K/model/large/0306-K_03_2_1.jpg,MU0306-K,39,Size,14,,1,,Color,Galben,,1,,,,,,,,,,,,[49cm]·[64cm],8435782520330
variation,MU03060005-K,,1,0,visible,,Dimensiuni: 54 * 67 cm,taxable,1,0,0,99.75,,,https://static.musaibrand.com/images/models/0306-K/model/large/0306-K_05_2_1.jpg,MU0306-K,40,Size,XS,,1,,Color,Albastru regal,,1,,,,,,,,,,,,[54cm]·[67cm],8435782518788
variation,MU03060105-K,,1,0,visible,,"Dimensiuni: 56 * 68,5 cm",taxable,1,0,0,99.75,,,https://static.musaibrand.com/images/models/0306-K/model/large/0306-K_05_2_1.jpg,MU0306-K,41,Size,S,,1,,Color,Albastru regal,,1,,,,,,,,,,,,"[56cm]·[68,5cm]",8435782518917
variation,MU03060205-K,,1,0,visible,,Dimensiuni: 58 * 70 cm,taxable,1,0,0,99.75,,,https://static.musaibrand.com/images/models/0306-K/model/large/0306-K_05_2_1.jpg,MU0306-K,42,Size,M,,1,,Color,Albastru regal,,1,,,,,,,,,,,,[58cm]·[70cm],8435782519044
variation,MU03060305-K,,1,0,visible,,Dimensiuni: 60 * 72 cm,taxable,1,0,0,99.75,,,https://static.musaibrand.com/images/models/0306-K/model/large/0306-K_05_2_1.jpg,MU0306-K,43,Size,L,,1,,Color,Albastru regal,,1,,,,,,,,,,,,[60cm]·[72cm],8435782519174
variation,MU03060405-K,,1,0,visible,,Dimensiuni: 63 * 73 cm,taxable,1,0,0,99.75,,,https://static.musaibrand.com/images/models/0306-K/model/large/0306-K_05_2_1.jpg,MU0306-K,44,Size,XL,,1,,Color,Albastru regal,,1,,,,,,,,,,,,[63cm]·[73cm],8435782519303
variation,MU03060505-K,,1,0,visible,,Dimensiuni: 66 * 75 cm,taxable,1,0,0,99.75,,,https://static.musaibrand.com/images/models/0306-K/model/large/0306-K_05_2_1.jpg,MU0306-K,45,Size,2XL,,1,,Color,Albastru regal,,1,,,,,,,,,,,,[66cm]·[75cm],8435782519433
variation,MU03060605-K,,1,0,visible,,Dimensiuni: 69 * 76 cm,taxable,1,0,0,99.75,,,https://static.musaibrand.com/images/models/0306-K/model/large/0306-K_05_2_1.jpg,MU0306-K,46,Size,3XL,,1,,Color,Albastru regal,,1,,,,,,,,,,,,[69cm]·[76cm],8435782519563
variation,MU03062205-K,,1,0,visible,,Dimensiuni: 37 * 44 cm,taxable,1,0,0,99.75,,,https://static.musaibrand.com/images/models/0306-K/model/large/0306-K_05_2_1.jpg,MU0306-K,47,Size,4,,1,,Color,Albastru regal,,1,,,,,,,,,,,,[37cm]·[44cm],8435782519693
variation,MU03062405-K,,1,0,visible,,Dimensiuni: 40 * 48 cm,taxable,1,0,0,99.75,,,https://static.musaibrand.com/images/models/0306-K/model/large/0306-K_05_2_1.jpg,MU0306-K,48,Size,6,,1,,Color,Albastru regal,,1,,,,,,,,,,,,[40cm]·[48cm],8435782519822
variation,MU03062505-K,,1,0,visible,,Dimensiuni: 43 * 50 cm,taxable,1,0,0,99.75,,,https://static.musaibrand.com/images/models/0306-K/model/large/0306-K_05_2_1.jpg,MU0306-K,49,Size,8,,1,,Color,Albastru regal,,1,,,,,,,,,,,,[43cm]·[50cm],8435782519952
variation,MU03062605-K,,1,0,visible,,Dimensiuni: 45 * 56 cm,taxable,1,0,0,99.75,,,https://static.musaibrand.com/images/models/0306-K/model/large/0306-K_05_2_1.jpg,MU0306-K,50,Size,10,,1,,Color,Albastru regal,,1,,,,,,,,,,,,[45cm]·[56cm],8435782520088
variation,MU03062705-K,,1,0,visible,,Dimensiuni: 47 * 49 cm,taxable,1,0,0,99.75,,,https://static.musaibrand.com/images/models/0306-K/model/large/0306-K_05_2_1.jpg,MU0306-K,51,Size,12,,1,,Color,Albastru regal,,1,,,,,,,,,,,,[47cm]·[49cm],8435782520217
variation,MU03062805-K,,1,0,visible,,Dimensiuni: 49 * 64 cm,taxable,1,0,0,99.75,,,https://static.musaibrand.com/images/models/0306-K/model/large/0306-K_05_2_1.jpg,MU0306-K,52,Size,14,,1,,Color,Albastru regal,,1,,,,,,,,,,,,[49cm]·[64cm],8435782520347
variation,MU03060010-K,,1,0,visible,,Dimensiuni: 54 * 67 cm,taxable,1,0,0,99.75,,,https://static.musaibrand.com/images/models/0306-K/model/large/0306-K_10_2_1.jpg,MU0306-K,53,Size,XS,,1,,Color,Sky blue,,1,,,,,,,,,,,,[54cm]·[67cm],8435782518795
variation,MU03060110-K,,1,0,visible,,"Dimensiuni: 56 * 68,5 cm",taxable,1,0,0,99.75,,,https://static.musaibrand.com/images/models/0306-K/model/large/0306-K_10_2_1.jpg,MU0306-K,54,Size,S,,1,,Color,Sky blue,,1,,,,,,,,,,,,"[56cm]·[68,5cm]",8435782518924
variation,MU03060210-K,,1,0,visible,,Dimensiuni: 58 * 70 cm,taxable,1,0,0,99.75,,,https://static.musaibrand.com/images/models/0306-K/model/large/0306-K_10_2_1.jpg,MU0306-K,55,Size,M,,1,,Color,Sky blue,,1,,,,,,,,,,,,[58cm]·[70cm],8435782519051
variation,MU03060310-K,,1,0,visible,,Dimensiuni: 60 * 72 cm,taxable,1,0,0,99.75,,,https://static.musaibrand.com/images/models/0306-K/model/large/0306-K_10_2_1.jpg,MU0306-K,56,Size,L,,1,,Color,Sky blue,,1,,,,,,,,,,,,[60cm]·[72cm],8435782519181
variation,MU03060410-K,,1,0,visible,,Dimensiuni: 63 * 73 cm,taxable,1,0,0,99.75,,,https://static.musaibrand.com/images/models/0306-K/model/large/0306-K_10_2_1.jpg,MU0306-K,57,Size,XL,,1,,Color,Sky blue,,1,,,,,,,,,,,,[63cm]·[73cm],8435782519310
variation,MU03060510-K,,1,0,visible,,Dimensiuni: 66 * 75 cm,taxable,1,0,0,99.75,,,https://static.musaibrand.com/images/models/0306-K/model/large/0306-K_10_2_1.jpg,MU0306-K,58,Size,2XL,,1,,Color,Sky blue,,1,,,,,,,,,,,,[66cm]·[75cm],8435782519440
variation,MU03060610-K,,1,0,visible,,Dimensiuni: 69 * 76 cm,taxable,1,0,0,99.75,,,https://static.musaibrand.com/images/models/0306-K/model/large/0306-K_10_2_1.jpg,MU0306-K,59,Size,3XL,,1,,Color,Sky blue,,1,,,,,,,,,,,,[69cm]·[76cm],8435782519570
variation,MU03062210-K,,1,0,visible,,Dimensiuni: 37 * 44 cm,taxable,1,0,0,99.75,,,https://static.musaibrand.com/images/models/0306-K/model/large/0306-K_10_2_1.jpg,MU0306-K,60,Size,4,,1,,Color,Sky blue,,1,,,,,,,,,,,,[37cm]·[44cm],8435782519709
variation,MU03062410-K,,1,0,visible,,Dimensiuni: 40 * 48 cm,taxable,1,0,0,99.75,,,https://static.musaibrand.com/images/models/0306-K/model/large/0306-K_10_2_1.jpg,MU0306-K,61,Size,6,,1,,Color,Sky blue,,1,,,,,,,,,,,,[40cm]·[48cm],8435782519839
variation,MU03062510-K,,1,0,visible,,Dimensiuni: 43 * 50 cm,taxable,1,0,0,99.75,,,https://static.musaibrand.com/images/models/0306-K/model/large/0306-K_10_2_1.jpg,MU0306-K,62,Size,8,,1,,Color,Sky blue,,1,,,,,,,,,,,,[43cm]·[50cm],8435782519969
variation,MU03062610-K,,1,0,visible,,Dimensiuni: 45 * 56 cm,taxable,1,0,0,99.75,,,https://static.musaibrand.com/images/models/0306-K/model/large/0306-K_10_2_1.jpg,MU0306-K,63,Size,10,,1,,Color,Sky blue,,1,,,,,,,,,,,,[45cm]·[56cm],8435782520095
variation,MU03062710-K,,1,0,visible,,Dimensiuni: 47 * 49 cm,taxable,1,0,0,99.75,,,https://static.musaibrand.com/images/models/0306-K/model/large/0306-K_10_2_1.jpg,MU0306-K,64,Size,12,,1,,Color,Sky blue,,1,,,,,,,,,,,,[47cm]·[49cm],8435782520224
variation,MU03062810-K,,1,0,visible,,Dimensiuni: 49 * 64 cm,taxable,1,0,0,99.75,,,https://static.musaibrand.com/images/models/0306-K/model/large/0306-K_10_2_1.jpg,MU0306-K,65,Size,14,,1,,Color,Sky blue,,1,,,,,,,,,,,,[49cm]·[64cm],8435782520354
variation,MU030600176-K,,1,0,visible,,Dimensiuni: 54 * 67 cm,taxable,1,0,0,99.75,,,https://static.musaibrand.com/images/models/0306-K/model/large/0306-K_176_2_1.jpg,MU0306-K,66,Size,XS,,1,,Color,Fluor turcoaz,,1,,,,,,,,,,,,[54cm]·[67cm],8435782518801
variation,MU030601176-K,,1,0,visible,,"Dimensiuni: 56 * 68,5 cm",taxable,1,0,0,99.75,,,https://static.musaibrand.com/images/models/0306-K/model/large/0306-K_176_2_1.jpg,MU0306-K,67,Size,S,,1,,Color,Fluor turcoaz,,1,,,,,,,,,,,,"[56cm]·[68,5cm]",8435782518931
variation,MU030602176-K,,1,0,visible,,Dimensiuni: 58 * 70 cm,taxable,1,0,0,99.75,,,https://static.musaibrand.com/images/models/0306-K/model/large/0306-K_176_2_1.jpg,MU0306-K,68,Size,M,,1,,Color,Fluor turcoaz,,1,,,,,,,,,,,,[58cm]·[70cm],8435782519068
variation,MU030603176-K,,1,0,visible,,Dimensiuni: 60 * 72 cm,taxable,1,0,0,99.75,,,https://static.musaibrand.com/images/models/0306-K/model/large/0306-K_176_2_1.jpg,MU0306-K,69,Size,L,,1,,Color,Fluor turcoaz,,1,,,,,,,,,,,,[60cm]·[72cm],8435782519198
variation,MU030604176-K,,1,0,visible,,Dimensiuni: 63 * 73 cm,taxable,1,0,0,99.75,,,https://static.musaibrand.com/images/models/0306-K/model/large/0306-K_176_2_1.jpg,MU0306-K,70,Size,XL,,1,,Color,Fluor turcoaz,,1,,,,,,,,,,,,[63cm]·[73cm],8435782519327
variation,MU030605176-K,,1,0,visible,,Dimensiuni: 66 * 75 cm,taxable,1,0,0,99.75,,,https://static.musaibrand.com/images/models/0306-K/model/large/0306-K_176_2_1.jpg,MU0306-K,71,Size,2XL,,1,,Color,Fluor turcoaz,,1,,,,,,,,,,,,[66cm]·[75cm],8435782519457
variation,MU030606176-K,,1,0,visible,,Dimensiuni: 69 * 76 cm,taxable,1,0,0,99.75,,,https://static.musaibrand.com/images/models/0306-K/model/large/0306-K_176_2_1.jpg,MU0306-K,72,Size,3XL,,1,,Color,Fluor turcoaz,,1,,,,,,,,,,,,[69cm]·[76cm],8435782519587
variation,MU030622176-K,,1,0,visible,,Dimensiuni: 37 * 44 cm,taxable,1,0,0,99.75,,,https://static.musaibrand.com/images/models/0306-K/model/large/0306-K_176_2_1.jpg,MU0306-K,73,Size,4,,1,,Color,Fluor turcoaz,,1,,,,,,,,,,,,[37cm]·[44cm],8435782519716
variation,MU030624176-K,,1,0,visible,,Dimensiuni: 40 * 48 cm,taxable,1,0,0,99.75,,,https://static.musaibrand.com/images/models/0306-K/model/large/0306-K_176_2_1.jpg,MU0306-K,74,Size,6,,1,,Color,Fluor turcoaz,,1,,,,,,,,,,,,[40cm]·[48cm],8435782519846
variation,MU030625176-K,,1,0,visible,,Dimensiuni: 43 * 50 cm,taxable,1,0,0,99.75,,,https://static.musaibrand.com/images/models/0306-K/model/large/0306-K_176_2_1.jpg,MU0306-K,75,Size,8,,1,,Color,Fluor turcoaz,,1,,,,,,,,,,,,[43cm]·[50cm],8435782519976
variation,MU030626176-K,,1,0,visible,,Dimensiuni: 45 * 56 cm,taxable,1,0,0,99.75,,,https://static.musaibrand.com/images/models/0306-K/model/large/0306-K_176_2_1.jpg,MU0306-K,76,Size,10,,1,,Color,Fluor turcoaz,,1,,,,,,,,,,,,[45cm]·[56cm],8435782520101
variation,MU030627176-K,,1,0,visible,,Dimensiuni: 47 * 49 cm,taxable,1,0,0,99.75,,,https://static.musaibrand.com/images/models/0306-K/model/large/0306-K_176_2_1.jpg,MU0306-K,77,Size,12,,1,,Color,Fluor turcoaz,,1,,,,,,,,,,,,[47cm]·[49cm],8435782520231
variation,MU030628176-K,,1,0,visible,,Dimensiuni: 49 * 64 cm,taxable,1,0,0,99.75,,,https://static.musaibrand.com/images/models/0306-K/model/large/0306-K_176_2_1.jpg,MU0306-K,78,Size,14,,1,,Color,Fluor turcoaz,,1,,,,,,,,,,,,[49cm]·[64cm],8435782520361
variation,MU030600221-K,,1,0,visible,,Dimensiuni: 54 * 67 cm,taxable,1,0,0,99.75,,,https://static.musaibrand.com/images/models/0306-K/model/large/0306-K_221_2_1.jpg,MU0306-K,79,Size,XS,,1,,Color,Galben fluor,,1,,,,,,,,,,,,[54cm]·[67cm],8435782518818
variation,MU030601221-K,,1,0,visible,,"Dimensiuni: 56 * 68,5 cm",taxable,1,0,0,99.75,,,https://static.musaibrand.com/images/models/0306-K/model/large/0306-K_221_2_1.jpg,MU0306-K,80,Size,S,,1,,Color,Galben fluor,,1,,,,,,,,,,,,"[56cm]·[68,5cm]",8435782518948
variation,MU030602221-K,,1,0,visible,,Dimensiuni: 58 * 70 cm,taxable,1,0,0,99.75,,,https://static.musaibrand.com/images/models/0306-K/model/large/0306-K_221_2_1.jpg,MU0306-K,81,Size,M,,1,,Color,Galben fluor,,1,,,,,,,,,,,,[58cm]·[70cm],8435782519075
variation,MU030603221-K,,1,0,visible,,Dimensiuni: 60 * 72 cm,taxable,1,0,0,99.75,,,https://static.musaibrand.com/images/models/0306-K/model/large/0306-K_221_2_1.jpg,MU0306-K,82,Size,L,,1,,Color,Galben fluor,,1,,,,,,,,,,,,[60cm]·[72cm],8435782519204
variation,MU030604221-K,,1,0,visible,,Dimensiuni: 63 * 73 cm,taxable,1,0,0,99.75,,,https://static.musaibrand.com/images/models/0306-K/model/large/0306-K_221_2_1.jpg,MU0306-K,83,Size,XL,,1,,Color,Galben fluor,,1,,,,,,,,,,,,[63cm]·[73cm],8435782519334
variation,MU030605221-K,,1,0,visible,,Dimensiuni: 66 * 75 cm,taxable,1,0,0,99.75,,,https://static.musaibrand.com/images/models/0306-K/model/large/0306-K_221_2_1.jpg,MU0306-K,84,Size,2XL,,1,,Color,Galben fluor,,1,,,,,,,,,,,,[66cm]·[75cm],8435782519464
variation,MU030606221-K,,1,0,visible,,Dimensiuni: 69 * 76 cm,taxable,1,0,0,99.75,,,https://static.musaibrand.com/images/models/0306-K/model/large/0306-K_221_2_1.jpg,MU0306-K,85,Size,3XL,,1,,Color,Galben fluor,,1,,,,,,,,,,,,[69cm]·[76cm],8435782519594
variation,MU030622221-K,,1,0,visible,,Dimensiuni: 37 * 44 cm,taxable,1,0,0,99.75,,,https://static.musaibrand.com/images/models/0306-K/model/large/0306-K_221_2_1.jpg,MU0306-K,86,Size,4,,1,,Color,Galben fluor,,1,,,,,,,,,,,,[37cm]·[44cm],8435782519723
variation,MU030624221-K,,1,0,visible,,Dimensiuni: 40 * 48 cm,taxable,1,0,0,99.75,,,https://static.musaibrand.com/images/models/0306-K/model/large/0306-K_221_2_1.jpg,MU0306-K,87,Size,6,,1,,Color,Galben fluor,,1,,,,,,,,,,,,[40cm]·[48cm],8435782519853
variation,MU030625221-K,,1,0,visible,,Dimensiuni: 43 * 50 cm,taxable,1,0,0,99.75,,,https://static.musaibrand.com/images/models/0306-K/model/large/0306-K_221_2_1.jpg,MU0306-K,88,Size,8,,1,,Color,Galben fluor,,1,,,,,,,,,,,,[43cm]·[50cm],8435782519983
variation,MU030626221-K,,1,0,visible,,Dimensiuni: 45 * 56 cm,taxable,1,0,0,99.75,,,https://static.musaibrand.com/images/models/0306-K/model/large/0306-K_221_2_1.jpg,MU0306-K,89,Size,10,,1,,Color,Galben fluor,,1,,,,,,,,,,,,[45cm]·[56cm],8435782520118
variation,MU030627221-K,,1,0,visible,,Dimensiuni: 47 * 49 cm,taxable,1,0,0,99.75,,,https://static.musaibrand.com/images/models/0306-K/model/large/0306-K_221_2_1.jpg,MU0306-K,90,Size,12,,1,,Color,Galben fluor,,1,,,,,,,,,,,,[47cm]·[49cm],8435782520248
variation,MU030628221-K,,1,0,visible,,Dimensiuni: 49 * 64 cm,taxable,1,0,0,99.75,,,https://static.musaibrand.com/images/models/0306-K/model/large/0306-K_221_2_1.jpg,MU0306-K,91,Size,14,,1,,Color,Galben fluor,,1,,,,,,,,,,,,[49cm]·[64cm],8435782520378
variation,MU030600222-K,,1,0,visible,,Dimensiuni: 54 * 67 cm,taxable,1,0,0,99.75,,,https://static.musaibrand.com/images/models/0306-K/model/large/0306-K_222_2_1.jpg,MU0306-K,92,Size,XS,,1,,Color,Fluor verde,,1,,,,,,,,,,,,[54cm]·[67cm],8435782518825
variation,MU030601222-K,,1,0,visible,,"Dimensiuni: 56 * 68,5 cm",taxable,1,0,0,99.75,,,https://static.musaibrand.com/images/models/0306-K/model/large/0306-K_222_2_1.jpg,MU0306-K,93,Size,S,,1,,Color,Fluor verde,,1,,,,,,,,,,,,"[56cm]·[68,5cm]",8435782518955
variation,MU030602222-K,,1,0,visible,,Dimensiuni: 58 * 70 cm,taxable,1,0,0,99.75,,,https://static.musaibrand.com/images/models/0306-K/model/large/0306-K_222_2_1.jpg,MU0306-K,94,Size,M,,1,,Color,Fluor verde,,1,,,,,,,,,,,,[58cm]·[70cm],8435782519082
variation,MU030603222-K,,1,0,visible,,Dimensiuni: 60 * 72 cm,taxable,1,0,0,99.75,,,https://static.musaibrand.com/images/models/0306-K/model/large/0306-K_222_2_1.jpg,MU0306-K,95,Size,L,,1,,Color,Fluor verde,,1,,,,,,,,,,,,[60cm]·[72cm],8435782519211
variation,MU030604222-K,,1,0,visible,,Dimensiuni: 63 * 73 cm,taxable,1,0,0,99.75,,,https://static.musaibrand.com/images/models/0306-K/model/large/0306-K_222_2_1.jpg,MU0306-K,96,Size,XL,,1,,Color,Fluor verde,,1,,,,,,,,,,,,[63cm]·[73cm],8435782519341
variation,MU030605222-K,,1,0,visible,,Dimensiuni: 66 * 75 cm,taxable,1,0,0,99.75,,,https://static.musaibrand.com/images/models/0306-K/model/large/0306-K_222_2_1.jpg,MU0306-K,97,Size,2XL,,1,,Color,Fluor verde,,1,,,,,,,,,,,,[66cm]·[75cm],8435782519471
variation,MU030606222-K,,1,0,visible,,Dimensiuni: 69 * 76 cm,taxable,1,0,0,99.75,,,https://static.musaibrand.com/images/models/0306-K/model/large/0306-K_222_2_1.jpg,MU0306-K,98,Size,3XL,,1,,Color,Fluor verde,,1,,,,,,,,,,,,[69cm]·[76cm],8435782519600
variation,MU030622222-K,,1,0,visible,,Dimensiuni: 37 * 44 cm,taxable,1,0,0,99.75,,,https://static.musaibrand.com/images/models/0306-K/model/large/0306-K_222_2_1.jpg,MU0306-K,99,Size,4,,1,,Color,Fluor verde,,1,,,,,,,,,,,,[37cm]·[44cm],8435782519730
variation,MU030624222-K,,1,0,visible,,Dimensiuni: 40 * 48 cm,taxable,1,0,0,99.75,,,https://static.musaibrand.com/images/models/0306-K/model/large/0306-K_222_2_1.jpg,MU0306-K,100,Size,6,,1,,Color,Fluor verde,,1,,,,,,,,,,,,[40cm]·[48cm],8435782519860
variation,MU030625222-K,,1,0,visible,,Dimensiuni: 43 * 50 cm,taxable,1,0,0,99.75,,,https://static.musaibrand.com/images/models/0306-K/model/large/0306-K_222_2_1.jpg,MU0306-K,101,Size,8,,1,,Color,Fluor verde,,1,,,,,,,,,,,,[43cm]·[50cm],8435782519990
variation,MU030626222-K,,1,0,visible,,Dimensiuni: 45 * 56 cm,taxable,1,0,0,99.75,,,https://static.musaibrand.com/images/models/0306-K/model/large/0306-K_222_2_1.jpg,MU0306-K,102,Size,10,,1,,Color,Fluor verde,,1,,,,,,,,,,,,[45cm]·[56cm],8435782520125
variation,MU030627222-K,,1,0,visible,,Dimensiuni: 47 * 49 cm,taxable,1,0,0,99.75,,,https://static.musaibrand.com/images/models/0306-K/model/large/0306-K_222_2_1.jpg,MU0306-K,103,Size,12,,1,,Color,Fluor verde,,1,,,,,,,,,,,,[47cm]·[49cm],8435782520255
variation,MU030628222-K,,1,0,visible,,Dimensiuni: 49 * 64 cm,taxable,1,0,0,99.75,,,https://static.musaibrand.com/images/models/0306-K/model/large/0306-K_222_2_1.jpg,MU0306-K,104,Size,14,,1,,Color,Fluor verde,,1,,,,,,,,,,,,[49cm]·[64cm],8435782520385
variation,MU030600223-K,,1,0,visible,,Dimensiuni: 54 * 67 cm,taxable,1,0,0,99.75,,,https://static.musaibrand.com/images/models/0306-K/model/large/0306-K_223_2_1.jpg,MU0306-K,105,Size,XS,,1,,Color,Fluor portocaliu,,1,,,,,,,,,,,,[54cm]·[67cm],8435782518832
variation,MU030601223-K,,1,0,visible,,"Dimensiuni: 56 * 68,5 cm",taxable,1,0,0,99.75,,,https://static.musaibrand.com/images/models/0306-K/model/large/0306-K_223_2_1.jpg,MU0306-K,106,Size,S,,1,,Color,Fluor portocaliu,,1,,,,,,,,,,,,"[56cm]·[68,5cm]",8435782518962
variation,MU030602223-K,,1,0,visible,,Dimensiuni: 58 * 70 cm,taxable,1,0,0,99.75,,,https://static.musaibrand.com/images/models/0306-K/model/large/0306-K_223_2_1.jpg,MU0306-K,107,Size,M,,1,,Color,Fluor portocaliu,,1,,,,,,,,,,,,[58cm]·[70cm],8435782519099
variation,MU030603223-K,,1,0,visible,,Dimensiuni: 60 * 72 cm,taxable,1,0,0,99.75,,,https://static.musaibrand.com/images/models/0306-K/model/large/0306-K_223_2_1.jpg,MU0306-K,108,Size,L,,1,,Color,Fluor portocaliu,,1,,,,,,,,,,,,[60cm]·[72cm],8435782519228
variation,MU030604223-K,,1,0,visible,,Dimensiuni: 63 * 73 cm,taxable,1,0,0,99.75,,,https://static.musaibrand.com/images/models/0306-K/model/large/0306-K_223_2_1.jpg,MU0306-K,109,Size,XL,,1,,Color,Fluor portocaliu,,1,,,,,,,,,,,,[63cm]·[73cm],8435782519358
variation,MU030605223-K,,1,0,visible,,Dimensiuni: 66 * 75 cm,taxable,1,0,0,99.75,,,https://static.musaibrand.com/images/models/0306-K/model/large/0306-K_223_2_1.jpg,MU0306-K,110,Size,2XL,,1,,Color,Fluor portocaliu,,1,,,,,,,,,,,,[66cm]·[75cm],8435782519488
variation,MU030606223-K,,1,0,visible,,Dimensiuni: 69 * 76 cm,taxable,1,0,0,99.75,,,https://static.musaibrand.com/images/models/0306-K/model/large/0306-K_223_2_1.jpg,MU0306-K,111,Size,3XL,,1,,Color,Fluor portocaliu,,1,,,,,,,,,,,,[69cm]·[76cm],8435782519617
variation,MU030622223-K,,1,0,visible,,Dimensiuni: 37 * 44 cm,taxable,1,0,0,99.75,,,https://static.musaibrand.com/images/models/0306-K/model/large/0306-K_223_2_1.jpg,MU0306-K,112,Size,4,,1,,Color,Fluor portocaliu,,1,,,,,,,,,,,,[37cm]·[44cm],8435782519747
variation,MU030624223-K,,1,0,visible,,Dimensiuni: 40 * 48 cm,taxable,1,0,0,99.75,,,https://static.musaibrand.com/images/models/0306-K/model/large/0306-K_223_2_1.jpg,MU0306-K,113,Size,6,,1,,Color,Fluor portocaliu,,1,,,,,,,,,,,,[40cm]·[48cm],8435782519877
variation,MU030625223-K,,1,0,visible,,Dimensiuni: 43 * 50 cm,taxable,1,0,0,99.75,,,https://static.musaibrand.com/images/models/0306-K/model/large/0306-K_223_2_1.jpg,MU0306-K,114,Size,8,,1,,Color,Fluor portocaliu,,1,,,,,,,,,,,,[43cm]·[50cm],8435782520002
variation,MU030626223-K,,1,0,visible,,Dimensiuni: 45 * 56 cm,taxable,1,0,0,99.75,,,https://static.musaibrand.com/images/models/0306-K/model/large/0306-K_223_2_1.jpg,MU0306-K,115,Size,10,,1,,Color,Fluor portocaliu,,1,,,,,,,,,,,,[45cm]·[56cm],8435782520132
variation,MU030627223-K,,1,0,visible,,Dimensiuni: 47 * 49 cm,taxable,1,0,0,99.75,,,https://static.musaibrand.com/images/models/0306-K/model/large/0306-K_223_2_1.jpg,MU0306-K,116,Size,12,,1,,Color,Fluor portocaliu,,1,,,,,,,,,,,,[47cm]·[49cm],8435782520262
variation,MU030628223-K,,1,0,visible,,Dimensiuni: 49 * 64 cm,taxable,1,0,0,99.75,,,https://static.musaibrand.com/images/models/0306-K/model/large/0306-K_223_2_1.jpg,MU0306-K,117,Size,14,,1,,Color,Fluor portocaliu,,1,,,,,,,,,,,,[49cm]·[64cm],8435782520392
variation,MU030600226-K,,1,0,visible,,Dimensiuni: 54 * 67 cm,taxable,1,0,0,99.75,,,https://static.musaibrand.com/images/models/0306-K/model/large/0306-K_226_2_1.jpg,MU0306-K,118,Size,XS,,1,,Color,Fern Green,,1,,,,,,,,,,,,[54cm]·[67cm],8435782528459
variation,MU030601226-K,,1,0,visible,,"Dimensiuni: 56 * 68,5 cm",taxable,1,0,0,99.75,,,https://static.musaibrand.com/images/models/0306-K/model/large/0306-K_226_2_1.jpg,MU0306-K,119,Size,S,,1,,Color,Fern Green,,1,,,,,,,,,,,,"[56cm]·[68,5cm]",8435782528466
variation,MU030602226-K,,1,0,visible,,Dimensiuni: 58 * 70 cm,taxable,1,0,0,99.75,,,https://static.musaibrand.com/images/models/0306-K/model/large/0306-K_226_2_1.jpg,MU0306-K,120,Size,M,,1,,Color,Fern Green,,1,,,,,,,,,,,,[58cm]·[70cm],8435782528473
variation,MU030603226-K,,1,0,visible,,Dimensiuni: 60 * 72 cm,taxable,1,0,0,99.75,,,https://static.musaibrand.com/images/models/0306-K/model/large/0306-K_226_2_1.jpg,MU0306-K,121,Size,L,,1,,Color,Fern Green,,1,,,,,,,,,,,,[60cm]·[72cm],8435782528480
variation,MU030604226-K,,1,0,visible,,Dimensiuni: 63 * 73 cm,taxable,1,0,0,99.75,,,https://static.musaibrand.com/images/models/0306-K/model/large/0306-K_226_2_1.jpg,MU0306-K,122,Size,XL,,1,,Color,Fern Green,,1,,,,,,,,,,,,[63cm]·[73cm],8435782528497
variation,MU030605226-K,,1,0,visible,,Dimensiuni: 66 * 75 cm,taxable,1,0,0,99.75,,,https://static.musaibrand.com/images/models/0306-K/model/large/0306-K_226_2_1.jpg,MU0306-K,123,Size,2XL,,1,,Color,Fern Green,,1,,,,,,,,,,,,[66cm]·[75cm],8435782528503
variation,MU030606226-K,,1,0,visible,,Dimensiuni: 69 * 76 cm,taxable,1,0,0,99.75,,,https://static.musaibrand.com/images/models/0306-K/model/large/0306-K_226_2_1.jpg,MU0306-K,124,Size,3XL,,1,,Color,Fern Green,,1,,,,,,,,,,,,[69cm]·[76cm],8435782528510
variation,MU030622226-K,,1,0,visible,,Dimensiuni: 37 * 44 cm,taxable,1,0,0,99.75,,,https://static.musaibrand.com/images/models/0306-K/model/large/0306-K_226_2_1.jpg,MU0306-K,125,Size,4,,1,,Color,Fern Green,,1,,,,,,,,,,,,[37cm]·[44cm],8435782528527
variation,MU030624226-K,,1,0,visible,,Dimensiuni: 40 * 48 cm,taxable,1,0,0,99.75,,,https://static.musaibrand.com/images/models/0306-K/model/large/0306-K_226_2_1.jpg,MU0306-K,126,Size,6,,1,,Color,Fern Green,,1,,,,,,,,,,,,[40cm]·[48cm],8435782528534
variation,MU030625226-K,,1,0,visible,,Dimensiuni: 43 * 50 cm,taxable,1,0,0,99.75,,,https://static.musaibrand.com/images/models/0306-K/model/large/0306-K_226_2_1.jpg,MU0306-K,127,Size,8,,1,,Color,Fern Green,,1,,,,,,,,,,,,[43cm]·[50cm],8435782528541
variation,MU030626226-K,,1,0,visible,,Dimensiuni: 45 * 56 cm,taxable,1,0,0,99.75,,,https://static.musaibrand.com/images/models/0306-K/model/large/0306-K_226_2_1.jpg,MU0306-K,128,Size,10,,1,,Color,Fern Green,,1,,,,,,,,,,,,[45cm]·[56cm],8435782528558
variation,MU030627226-K,,1,0,visible,,Dimensiuni: 47 * 49 cm,taxable,1,0,0,99.75,,,https://static.musaibrand.com/images/models/0306-K/model/large/0306-K_226_2_1.jpg,MU0306-K,129,Size,12,,1,,Color,Fern Green,,1,,,,,,,,,,,,[47cm]·[49cm],8435782528565
variation,MU030628226-K,,1,0,visible,,Dimensiuni: 49 * 64 cm,taxable,1,0,0,99.75,,,https://static.musaibrand.com/images/models/0306-K/model/large/0306-K_226_2_1.jpg,MU0306-K,130,Size,14,,1,,Color,Fern Green,,1,,,,,,,,,,,,[49cm]·[64cm],8435782528572
variation,MU030600258-K,,1,0,visible,,Dimensiuni: 54 * 67 cm,taxable,1,0,0,99.75,,,https://static.musaibrand.com/images/models/0306-K/model/large/0306-K_258_2_1.jpg,MU0306-K,131,Size,XS,,1,,Color,Gri deschis,,1,,,,,,,,,,,,[54cm]·[67cm],8435782518849
variation,MU030601258-K,,1,0,visible,,"Dimensiuni: 56 * 68,5 cm",taxable,1,0,0,99.75,,,https://static.musaibrand.com/images/models/0306-K/model/large/0306-K_258_2_1.jpg,MU0306-K,132,Size,S,,1,,Color,Gri deschis,,1,,,,,,,,,,,,"[56cm]·[68,5cm]",8435782518979
variation,MU030602258-K,,1,0,visible,,Dimensiuni: 58 * 70 cm,taxable,1,0,0,99.75,,,https://static.musaibrand.com/images/models/0306-K/model/large/0306-K_258_2_1.jpg,MU0306-K,133,Size,M,,1,,Color,Gri deschis,,1,,,,,,,,,,,,[58cm]·[70cm],8435782519105
variation,MU030603258-K,,1,0,visible,,Dimensiuni: 60 * 72 cm,taxable,1,0,0,99.75,,,https://static.musaibrand.com/images/models/0306-K/model/large/0306-K_258_2_1.jpg,MU0306-K,134,Size,L,,1,,Color,Gri deschis,,1,,,,,,,,,,,,[60cm]·[72cm],8435782519235
variation,MU030604258-K,,1,0,visible,,Dimensiuni: 63 * 73 cm,taxable,1,0,0,99.75,,,https://static.musaibrand.com/images/models/0306-K/model/large/0306-K_258_2_1.jpg,MU0306-K,135,Size,XL,,1,,Color,Gri deschis,,1,,,,,,,,,,,,[63cm]·[73cm],8435782519365
variation,MU030605258-K,,1,0,visible,,Dimensiuni: 66 * 75 cm,taxable,1,0,0,99.75,,,https://static.musaibrand.com/images/models/0306-K/model/large/0306-K_258_2_1.jpg,MU0306-K,136,Size,2XL,,1,,Color,Gri deschis,,1,,,,,,,,,,,,[66cm]·[75cm],8435782519495
variation,MU030606258-K,,1,0,visible,,Dimensiuni: 69 * 76 cm,taxable,1,0,0,99.75,,,https://static.musaibrand.com/images/models/0306-K/model/large/0306-K_258_2_1.jpg,MU0306-K,137,Size,3XL,,1,,Color,Gri deschis,,1,,,,,,,,,,,,[69cm]·[76cm],8435782519624
variation,MU030622258-K,,1,0,visible,,Dimensiuni: 37 * 44 cm,taxable,1,0,0,99.75,,,https://static.musaibrand.com/images/models/0306-K/model/large/0306-K_258_2_1.jpg,MU0306-K,138,Size,4,,1,,Color,Gri deschis,,1,,,,,,,,,,,,[37cm]·[44cm],8435782519754
variation,MU030624258-K,,1,0,visible,,Dimensiuni: 40 * 48 cm,taxable,1,0,0,99.75,,,https://static.musaibrand.com/images/models/0306-K/model/large/0306-K_258_2_1.jpg,MU0306-K,139,Size,6,,1,,Color,Gri deschis,,1,,,,,,,,,,,,[40cm]·[48cm],8435782519884
variation,MU030625258-K,,1,0,visible,,Dimensiuni: 43 * 50 cm,taxable,1,0,0,99.75,,,https://static.musaibrand.com/images/models/0306-K/model/large/0306-K_258_2_1.jpg,MU0306-K,140,Size,8,,1,,Color,Gri deschis,,1,,,,,,,,,,,,[43cm]·[50cm],8435782520019
variation,MU030626258-K,,1,0,visible,,Dimensiuni: 45 * 56 cm,taxable,1,0,0,99.75,,,https://static.musaibrand.com/images/models/0306-K/model/large/0306-K_258_2_1.jpg,MU0306-K,141,Size,10,,1,,Color,Gri deschis,,1,,,,,,,,,,,,[45cm]·[56cm],8435782520149
variation,MU030627258-K,,1,0,visible,,Dimensiuni: 47 * 49 cm,taxable,1,0,0,99.75,,,https://static.musaibrand.com/images/models/0306-K/model/large/0306-K_258_2_1.jpg,MU0306-K,142,Size,12,,1,,Color,Gri deschis,,1,,,,,,,,,,,,[47cm]·[49cm],8435782520279
variation,MU030628258-K,,1,0,visible,,Dimensiuni: 49 * 64 cm,taxable,1,0,0,99.75,,,https://static.musaibrand.com/images/models/0306-K/model/large/0306-K_258_2_1.jpg,MU0306-K,143,Size,14,,1,,Color,Gri deschis,,1,,,,,,,,,,,,[49cm]·[64cm],8435782520408
variation,MU03060055-K,,1,0,visible,,Dimensiuni: 54 * 67 cm,taxable,1,0,0,99.75,,,https://static.musaibrand.com/images/models/0306-K/model/large/0306-K_55_2_1.jpg,MU0306-K,144,Size,XS,,1,,Color,Albastru marin,,1,,,,,,,,,,,,[54cm]·[67cm],8435782518856
variation,MU03060155-K,,1,0,visible,,"Dimensiuni: 56 * 68,5 cm",taxable,1,0,0,99.75,,,https://static.musaibrand.com/images/models/0306-K/model/large/0306-K_55_2_1.jpg,MU0306-K,145,Size,S,,1,,Color,Albastru marin,,1,,,,,,,,,,,,"[56cm]·[68,5cm]",8435782518986
variation,MU03060255-K,,1,0,visible,,Dimensiuni: 58 * 70 cm,taxable,1,0,0,99.75,,,https://static.musaibrand.com/images/models/0306-K/model/large/0306-K_55_2_1.jpg,MU0306-K,146,Size,M,,1,,Color,Albastru marin,,1,,,,,,,,,,,,[58cm]·[70cm],8435782519112
variation,MU03060355-K,,1,0,visible,,Dimensiuni: 60 * 72 cm,taxable,1,0,0,99.75,,,https://static.musaibrand.com/images/models/0306-K/model/large/0306-K_55_2_1.jpg,MU0306-K,147,Size,L,,1,,Color,Albastru marin,,1,,,,,,,,,,,,[60cm]·[72cm],8435782519242
variation,MU03060455-K,,1,0,visible,,Dimensiuni: 63 * 73 cm,taxable,1,0,0,99.75,,,https://static.musaibrand.com/images/models/0306-K/model/large/0306-K_55_2_1.jpg,MU0306-K,148,Size,XL,,1,,Color,Albastru marin,,1,,,,,,,,,,,,[63cm]·[73cm],8435782519372
variation,MU03060555-K,,1,0,visible,,Dimensiuni: 66 * 75 cm,taxable,1,0,0,99.75,,,https://static.musaibrand.com/images/models/0306-K/model/large/0306-K_55_2_1.jpg,MU0306-K,149,Size,2XL,,1,,Color,Albastru marin,,1,,,,,,,,,,,,[66cm]·[75cm],8435782519501
variation,MU03060655-K,,1,0,visible,,Dimensiuni: 69 * 76 cm,taxable,1,0,0,99.75,,,https://static.musaibrand.com/images/models/0306-K/model/large/0306-K_55_2_1.jpg,MU0306-K,150,Size,3XL,,1,,Color,Albastru marin,,1,,,,,,,,,,,,[69cm]·[76cm],8435782519631
variation,MU03062255-K,,1,0,visible,,Dimensiuni: 37 * 44 cm,taxable,1,0,0,99.75,,,https://static.musaibrand.com/images/models/0306-K/model/large/0306-K_55_2_1.jpg,MU0306-K,151,Size,4,,1,,Color,Albastru marin,,1,,,,,,,,,,,,[37cm]·[44cm],8435782519761
variation,MU03062455-K,,1,0,visible,,Dimensiuni: 40 * 48 cm,taxable,1,0,0,99.75,,,https://static.musaibrand.com/images/models/0306-K/model/large/0306-K_55_2_1.jpg,MU0306-K,152,Size,6,,1,,Color,Albastru marin,,1,,,,,,,,,,,,[40cm]·[48cm],8435782519891
variation,MU03062555-K,,1,0,visible,,Dimensiuni: 43 * 50 cm,taxable,1,0,0,99.75,,,https://static.musaibrand.com/images/models/0306-K/model/large/0306-K_55_2_1.jpg,MU0306-K,153,Size,8,,1,,Color,Albastru marin,,1,,,,,,,,,,,,[43cm]·[50cm],8435782520026
variation,MU03062655-K,,1,0,visible,,Dimensiuni: 45 * 56 cm,taxable,1,0,0,99.75,,,https://static.musaibrand.com/images/models/0306-K/model/large/0306-K_55_2_1.jpg,MU0306-K,154,Size,10,,1,,Color,Albastru marin,,1,,,,,,,,,,,,[45cm]·[56cm],8435782520156
variation,MU03062755-K,,1,0,visible,,Dimensiuni: 47 * 49 cm,taxable,1,0,0,99.75,,,https://static.musaibrand.com/images/models/0306-K/model/large/0306-K_55_2_1.jpg,MU0306-K,155,Size,12,,1,,Color,Albastru marin,,1,,,,,,,,,,,,[47cm]·[49cm],8435782520286
variation,MU03062855-K,,1,0,visible,,Dimensiuni: 49 * 64 cm,taxable,1,0,0,99.75,,,https://static.musaibrand.com/images/models/0306-K/model/large/0306-K_55_2_1.jpg,MU0306-K,156,Size,14,,1,,Color,Albastru marin,,1,,,,,,,,,,,,[49cm]·[64cm],8435782520415
variation,MU03060060-K,,1,0,visible,,Dimensiuni: 54 * 67 cm,taxable,1,0,0,99.75,,,https://static.musaibrand.com/images/models/0306-K/model/large/0306-K_60_2_1.jpg,MU0306-K,157,Size,XS,,1,,Color,ROȘU,,1,,,,,,,,,,,,[54cm]·[67cm],8435782518863
variation,MU03060160-K,,1,0,visible,,"Dimensiuni: 56 * 68,5 cm",taxable,1,0,0,99.75,,,https://static.musaibrand.com/images/models/0306-K/model/large/0306-K_60_2_1.jpg,MU0306-K,158,Size,S,,1,,Color,ROȘU,,1,,,,,,,,,,,,"[56cm]·[68,5cm]",8435782518993
variation,MU03060260-K,,1,0,visible,,Dimensiuni: 58 * 70 cm,taxable,1,0,0,99.75,,,https://static.musaibrand.com/images/models/0306-K/model/large/0306-K_60_2_1.jpg,MU0306-K,159,Size,M,,1,,Color,ROȘU,,1,,,,,,,,,,,,[58cm]·[70cm],8435782519129
variation,MU03060360-K,,1,0,visible,,Dimensiuni: 60 * 72 cm,taxable,1,0,0,99.75,,,https://static.musaibrand.com/images/models/0306-K/model/large/0306-K_60_2_1.jpg,MU0306-K,160,Size,L,,1,,Color,ROȘU,,1,,,,,,,,,,,,[60cm]·[72cm],8435782519259
variation,MU03060460-K,,1,0,visible,,Dimensiuni: 63 * 73 cm,taxable,1,0,0,99.75,,,https://static.musaibrand.com/images/models/0306-K/model/large/0306-K_60_2_1.jpg,MU0306-K,161,Size,XL,,1,,Color,ROȘU,,1,,,,,,,,,,,,[63cm]·[73cm],8435782519389
variation,MU03060560-K,,1,0,visible,,Dimensiuni: 66 * 75 cm,taxable,1,0,0,99.75,,,https://static.musaibrand.com/images/models/0306-K/model/large/0306-K_60_2_1.jpg,MU0306-K,162,Size,2XL,,1,,Color,ROȘU,,1,,,,,,,,,,,,[66cm]·[75cm],8435782519518
variation,MU03060660-K,,1,0,visible,,Dimensiuni: 69 * 76 cm,taxable,1,0,0,99.75,,,https://static.musaibrand.com/images/models/0306-K/model/large/0306-K_60_2_1.jpg,MU0306-K,163,Size,3XL,,1,,Color,ROȘU,,1,,,,,,,,,,,,[69cm]·[76cm],8435782519648
variation,MU03062260-K,,1,0,visible,,Dimensiuni: 37 * 44 cm,taxable,1,0,0,99.75,,,https://static.musaibrand.com/images/models/0306-K/model/large/0306-K_60_2_1.jpg,MU0306-K,164,Size,4,,1,,Color,ROȘU,,1,,,,,,,,,,,,[37cm]·[44cm],8435782519778
variation,MU03062460-K,,1,0,visible,,Dimensiuni: 40 * 48 cm,taxable,1,0,0,99.75,,,https://static.musaibrand.com/images/models/0306-K/model/large/0306-K_60_2_1.jpg,MU0306-K,165,Size,6,,1,,Color,ROȘU,,1,,,,,,,,,,,,[40cm]·[48cm],8435782519907
variation,MU03062560-K,,1,0,visible,,Dimensiuni: 43 * 50 cm,taxable,1,0,0,99.75,,,https://static.musaibrand.com/images/models/0306-K/model/large/0306-K_60_2_1.jpg,MU0306-K,166,Size,8,,1,,Color,ROȘU,,1,,,,,,,,,,,,[43cm]·[50cm],8435782520033
variation,MU03062660-K,,1,0,visible,,Dimensiuni: 45 * 56 cm,taxable,1,0,0,99.75,,,https://static.musaibrand.com/images/models/0306-K/model/large/0306-K_60_2_1.jpg,MU0306-K,167,Size,10,,1,,Color,ROȘU,,1,,,,,,,,,,,,[45cm]·[56cm],8435782520163
variation,MU03062760-K,,1,0,visible,,Dimensiuni: 47 * 49 cm,taxable,1,0,0,99.75,,,https://static.musaibrand.com/images/models/0306-K/model/large/0306-K_60_2_1.jpg,MU0306-K,168,Size,12,,1,,Color,ROȘU,,1,,,,,,,,,,,,[47cm]·[49cm],8435782520293
variation,MU03062860-K,,1,0,visible,,Dimensiuni: 49 * 64 cm,taxable,1,0,0,99.75,,,https://static.musaibrand.com/images/models/0306-K/model/large/0306-K_60_2_1.jpg,MU0306-K,169,Size,14,,1,,Color,ROȘU,,1,,,,,,,,,,,,[49cm]·[64cm],8435782520422
variation,MU03060064-K,,1,0,visible,,Dimensiuni: 54 * 67 cm,taxable,1,0,0,99.75,,,https://static.musaibrand.com/images/models/0306-K/model/large/0306-K_64_2_1.jpg,MU0306-K,170,Size,XS,,1,,Color,Burgundy,,1,,,,,,,,,,,,[54cm]·[67cm],8435782518870
variation,MU03060164-K,,1,0,visible,,"Dimensiuni: 56 * 68,5 cm",taxable,1,0,0,99.75,,,https://static.musaibrand.com/images/models/0306-K/model/large/0306-K_64_2_1.jpg,MU0306-K,171,Size,S,,1,,Color,Burgundy,,1,,,,,,,,,,,,"[56cm]·[68,5cm]",8435782519006
variation,MU03060264-K,,1,0,visible,,Dimensiuni: 58 * 70 cm,taxable,1,0,0,99.75,,,https://static.musaibrand.com/images/models/0306-K/model/large/0306-K_64_2_1.jpg,MU0306-K,172,Size,M,,1,,Color,Burgundy,,1,,,,,,,,,,,,[58cm]·[70cm],8435782519136
variation,MU03060364-K,,1,0,visible,,Dimensiuni: 60 * 72 cm,taxable,1,0,0,99.75,,,https://static.musaibrand.com/images/models/0306-K/model/large/0306-K_64_2_1.jpg,MU0306-K,173,Size,L,,1,,Color,Burgundy,,1,,,,,,,,,,,,[60cm]·[72cm],8435782519266
variation,MU03060464-K,,1,0,visible,,Dimensiuni: 63 * 73 cm,taxable,1,0,0,99.75,,,https://static.musaibrand.com/images/models/0306-K/model/large/0306-K_64_2_1.jpg,MU0306-K,174,Size,XL,,1,,Color,Burgundy,,1,,,,,,,,,,,,[63cm]·[73cm],8435782519396
variation,MU03060564-K,,1,0,visible,,Dimensiuni: 66 * 75 cm,taxable,1,0,0,99.75,,,https://static.musaibrand.com/images/models/0306-K/model/large/0306-K_64_2_1.jpg,MU0306-K,175,Size,2XL,,1,,Color,Burgundy,,1,,,,,,,,,,,,[66cm]·[75cm],8435782519525
variation,MU03060664-K,,1,0,visible,,Dimensiuni: 69 * 76 cm,taxable,1,0,0,99.75,,,https://static.musaibrand.com/images/models/0306-K/model/large/0306-K_64_2_1.jpg,MU0306-K,176,Size,3XL,,1,,Color,Burgundy,,1,,,,,,,,,,,,[69cm]·[76cm],8435782519655
variation,MU03062264-K,,1,0,visible,,Dimensiuni: 37 * 44 cm,taxable,1,0,0,99.75,,,https://static.musaibrand.com/images/models/0306-K/model/large/0306-K_64_2_1.jpg,MU0306-K,177,Size,4,,1,,Color,Burgundy,,1,,,,,,,,,,,,[37cm]·[44cm],8435782519785
variation,MU03062464-K,,1,0,visible,,Dimensiuni: 40 * 48 cm,taxable,1,0,0,99.75,,,https://static.musaibrand.com/images/models/0306-K/model/large/0306-K_64_2_1.jpg,MU0306-K,178,Size,6,,1,,Color,Burgundy,,1,,,,,,,,,,,,[40cm]·[48cm],8435782519914
variation,MU03062564-K,,1,0,visible,,Dimensiuni: 43 * 50 cm,taxable,1,0,0,99.75,,,https://static.musaibrand.com/images/models/0306-K/model/large/0306-K_64_2_1.jpg,MU0306-K,179,Size,8,,1,,Color,Burgundy,,1,,,,,,,,,,,,[43cm]·[50cm],8435782520040
variation,MU03062664-K,,1,0,visible,,Dimensiuni: 45 * 56 cm,taxable,1,0,0,99.75,,,https://static.musaibrand.com/images/models/0306-K/model/large/0306-K_64_2_1.jpg,MU0306-K,180,Size,10,,1,,Color,Burgundy,,1,,,,,,,,,,,,[45cm]·[56cm],8435782520170
variation,MU03062764-K,,1,0,visible,,Dimensiuni: 47 * 49 cm,taxable,1,0,0,99.75,,,https://static.musaibrand.com/images/models/0306-K/model/large/0306-K_64_2_1.jpg,MU0306-K,181,Size,12,,1,,Color,Burgundy,,1,,,,,,,,,,,,[47cm]·[49cm],8435782520309
variation,MU03062864-K,,1,0,visible,,Dimensiuni: 49 * 64 cm,taxable,1,0,0,99.75,,,https://static.musaibrand.com/images/models/0306-K/model/large/0306-K_64_2_1.jpg,MU0306-K,182,Size,14,,1,,Color,Burgundy,,1,,,,,,,,,,,,[49cm]·[64cm],8435782520439
variable,MU0307,Hanorac - Saba,1,0,visible,,"<p>Hanorac tehnic unisex cu design în două tonuri, realizat din poliester piqué reciclat, cu căptușeală moale periată.</p><p><strong>Compoziție:</strong> 100% poliester pique reciclat</p><p><br>·  Glugă cu căptușeală din aceeași țesătură.<br>· Acoperire elastică a cusăturii pe guler.<br>· Design cu panouri și borduri contrastante pe corp.<br>· Șireturi asortate personalizate cu design marcă.<br>· Buzunar tip cangur asortat.<br>· Manșete și tiv cu nervuri 1x1.<br>· Detaliu cu logo brodat pe mânecă.</p><h4>Dimensiuni</h4><table style='border-collapse:collapse;margin:8px 0'><tr><th style='padding:4px 12px;border:1px solid #ddd;text-align:left'>Mărime</th><th style='padding:4px 12px;border:1px solid #ddd;text-align:left'>Dimensiuni</th></tr><tr><td style='padding:4px 12px;border:1px solid #ddd'>XS</td><td style='padding:4px 12px;border:1px solid #ddd'>52 * 68 cm</td></tr><tr><td style='padding:4px 12px;border:1px solid #ddd'>S</td><td style='padding:4px 12px;border:1px solid #ddd'>54 * 69 cm</td></tr><tr><td style='padding:4px 12px;border:1px solid #ddd'>M</td><td style='padding:4px 12px;border:1px solid #ddd'>57 * 70 cm</td></tr><tr><td style='padding:4px 12px;border:1px solid #ddd'>L</td><td style='padding:4px 12px;border:1px solid #ddd'>60 * 72 cm</td></tr><tr><td style='padding:4px 12px;border:1px solid #ddd'>XL</td><td style='padding:4px 12px;border:1px solid #ddd'>63 * 75 cm</td></tr><tr><td style='padding:4px 12px;border:1px solid #ddd'>2XL</td><td style='padding:4px 12px;border:1px solid #ddd'>66 * 78 cm</td></tr><tr><td style='padding:4px 12px;border:1px solid #ddd'>3XL</td><td style='padding:4px 12px;border:1px solid #ddd'>69 * 81 cm</td></tr><tr><td style='padding:4px 12px;border:1px solid #ddd'>4</td><td style='padding:4px 12px;border:1px solid #ddd'>37 * 44 cm</td></tr><tr><td style='padding:4px 12px;border:1px solid #ddd'>6</td><td style='padding:4px 12px;border:1px solid #ddd'>40 * 48 cm</td></tr><tr><td style='padding:4px 12px;border:1px solid #ddd'>8</td><td style='padding:4px 12px;border:1px solid #ddd'>43 * 52 cm</td></tr><tr><td style='padding:4px 12px;border:1px solid #ddd'>10</td><td style='padding:4px 12px;border:1px solid #ddd'>45 * 56 cm</td></tr><tr><td style='padding:4px 12px;border:1px solid #ddd'>12</td><td style='padding:4px 12px;border:1px solid #ddd'>47 * 60 cm</td></tr><tr><td style='padding:4px 12px;border:1px solid #ddd'>14</td><td style='padding:4px 12px;border:1px solid #ddd'>49 * 64 cm</td></tr></table>",taxable,1,0,0,,Hanorace,MUSAI,"https://static.musaibrand.com/images/models/0307/model/large/0307_0102_1_1.jpg,https://static.musaibrand.com/images/models/0307/model/large/0307_0302_1_1.jpg,https://static.musaibrand.com/images/models/0307/model/large/0307_17602_1_1.jpg,https://static.musaibrand.com/images/models/0307/model/large/0307_22202_1_1.jpg,https://static.musaibrand.com/images/models/0307/model/large/0307_22302_1_1.jpg,https://static.musaibrand.com/images/models/0307/model/large/0307_25802_1_1.jpg,https://static.musaibrand.com/images/models/0307/model/large/0307_3402_1_1.jpg,https://static.musaibrand.com/images/models/0307/model/large/0307_6002_1_1.jpg,https://static.musaibrand.com/images/models/0307/model/large/0307_0102_2_1.jpg,https://static.musaibrand.com/images/models/0307/model/large/0307_0302_2_1.jpg,https://static.musaibrand.com/images/models/0307/model/large/0307_17602_2_1.jpg,https://static.musaibrand.com/images/models/0307/model/large/0307_22202_2_1.jpg,https://static.musaibrand.com/images/models/0307/model/large/0307_22302_2_1.jpg,https://static.musaibrand.com/images/models/0307/model/large/0307_25802_2_1.jpg,https://static.musaibrand.com/images/models/0307/model/large/0307_3402_2_1.jpg,https://static.musaibrand.com/images/models/0307/model/large/0307_6002_2_1.jpg",,0,Size,"XS, S, M, L, XL, 2XL, 3XL, 4, 6, 8, 10, 12, 14",1,1,,Color,"Alb/negru, Galben/negru, Turcoaz fluornegru, Fluor verde/negru, Fluor portocaliu/negru, Gri deschis/negru, Gum roz/negru, Roșu/negru",1,1,,Gender,Unisex,1,1,,Dimensiuni,"[52cm]·[68cm], [54cm]·[69cm], [57cm]·[70cm], [60cm]·[72cm], [63cm]·[75cm], [66cm]·[78cm], [69cm]·[81cm], [37cm]·[44cm], [40cm]·[48cm], [43cm]·[52cm], [45cm]·[56cm], [47cm]·[60cm], [49cm]·[64cm]",1,0,,,
variation,MU0307000102,,1,0,visible,,Dimensiuni: 52 * 68 cm,taxable,1,0,0,131.25,,,https://static.musaibrand.com/images/models/0307/model/large/0307_0102_2_1.jpg,MU0307,1,Size,XS,,1,,Color,Alb/negru,,1,,,,,,,,,,,,[52cm]·[68cm],8435782529845
variation,MU0307010102,,1,0,visible,,Dimensiuni: 54 * 69 cm,taxable,1,0,0,131.25,,,https://static.musaibrand.com/images/models/0307/model/large/0307_0102_2_1.jpg,MU0307,2,Size,S,,1,,Color,Alb/negru,,1,,,,,,,,,,,,[54cm]·[69cm],8435782529852
variation,MU0307020102,,1,0,visible,,Dimensiuni: 57 * 70 cm,taxable,1,0,0,131.25,,,https://static.musaibrand.com/images/models/0307/model/large/0307_0102_2_1.jpg,MU0307,3,Size,M,,1,,Color,Alb/negru,,1,,,,,,,,,,,,[57cm]·[70cm],8435782529869
variation,MU0307030102,,1,0,visible,,Dimensiuni: 60 * 72 cm,taxable,1,0,0,131.25,,,https://static.musaibrand.com/images/models/0307/model/large/0307_0102_2_1.jpg,MU0307,4,Size,L,,1,,Color,Alb/negru,,1,,,,,,,,,,,,[60cm]·[72cm],8435782529876
variation,MU0307040102,,1,0,visible,,Dimensiuni: 63 * 75 cm,taxable,1,0,0,131.25,,,https://static.musaibrand.com/images/models/0307/model/large/0307_0102_2_1.jpg,MU0307,5,Size,XL,,1,,Color,Alb/negru,,1,,,,,,,,,,,,[63cm]·[75cm],8435782529883
variation,MU0307050102,,1,0,visible,,Dimensiuni: 66 * 78 cm,taxable,1,0,0,131.25,,,https://static.musaibrand.com/images/models/0307/model/large/0307_0102_2_1.jpg,MU0307,6,Size,2XL,,1,,Color,Alb/negru,,1,,,,,,,,,,,,[66cm]·[78cm],8435782529890
variation,MU0307060102,,1,0,visible,,Dimensiuni: 69 * 81 cm,taxable,1,0,0,131.25,,,https://static.musaibrand.com/images/models/0307/model/large/0307_0102_2_1.jpg,MU0307,7,Size,3XL,,1,,Color,Alb/negru,,1,,,,,,,,,,,,[69cm]·[81cm],8435782529906
variation,MU0307220102,,1,0,visible,,Dimensiuni: 37 * 44 cm,taxable,1,0,0,131.25,,,https://static.musaibrand.com/images/models/0307/model/large/0307_0102_2_1.jpg,MU0307,8,Size,4,,1,,Color,Alb/negru,,1,,,,,,,,,,,,[37cm]·[44cm],8435782529913
variation,MU0307240102,,1,0,visible,,Dimensiuni: 40 * 48 cm,taxable,1,0,0,131.25,,,https://static.musaibrand.com/images/models/0307/model/large/0307_0102_2_1.jpg,MU0307,9,Size,6,,1,,Color,Alb/negru,,1,,,,,,,,,,,,[40cm]·[48cm],8435782529920
variation,MU0307250102,,1,0,visible,,Dimensiuni: 43 * 52 cm,taxable,1,0,0,131.25,,,https://static.musaibrand.com/images/models/0307/model/large/0307_0102_2_1.jpg,MU0307,10,Size,8,,1,,Color,Alb/negru,,1,,,,,,,,,,,,[43cm]·[52cm],8435782529937
variation,MU0307260102,,1,0,visible,,Dimensiuni: 45 * 56 cm,taxable,1,0,0,131.25,,,https://static.musaibrand.com/images/models/0307/model/large/0307_0102_2_1.jpg,MU0307,11,Size,10,,1,,Color,Alb/negru,,1,,,,,,,,,,,,[45cm]·[56cm],8435782529944
variation,MU0307270102,,1,0,visible,,Dimensiuni: 47 * 60 cm,taxable,1,0,0,131.25,,,https://static.musaibrand.com/images/models/0307/model/large/0307_0102_2_1.jpg,MU0307,12,Size,12,,1,,Color,Alb/negru,,1,,,,,,,,,,,,[47cm]·[60cm],8435782529951
variation,MU0307280102,,1,0,visible,,Dimensiuni: 49 * 64 cm,taxable,1,0,0,131.25,,,https://static.musaibrand.com/images/models/0307/model/large/0307_0102_2_1.jpg,MU0307,13,Size,14,,1,,Color,Alb/negru,,1,,,,,,,,,,,,[49cm]·[64cm],8435782529968
variation,MU0307000302,,1,0,visible,,Dimensiuni: 52 * 68 cm,taxable,1,0,0,131.25,,,https://static.musaibrand.com/images/models/0307/model/large/0307_0302_2_1.jpg,MU0307,14,Size,XS,,1,,Color,Galben/negru,,1,,,,,,,,,,,,[52cm]·[68cm],8435782520446
variation,MU0307010302,,1,0,visible,,Dimensiuni: 54 * 69 cm,taxable,1,0,0,131.25,,,https://static.musaibrand.com/images/models/0307/model/large/0307_0302_2_1.jpg,MU0307,15,Size,S,,1,,Color,Galben/negru,,1,,,,,,,,,,,,[54cm]·[69cm],8435782520514
variation,MU0307020302,,1,0,visible,,Dimensiuni: 57 * 70 cm,taxable,1,0,0,131.25,,,https://static.musaibrand.com/images/models/0307/model/large/0307_0302_2_1.jpg,MU0307,16,Size,M,,1,,Color,Galben/negru,,1,,,,,,,,,,,,[57cm]·[70cm],8435782520583
variation,MU0307030302,,1,0,visible,,Dimensiuni: 60 * 72 cm,taxable,1,0,0,131.25,,,https://static.musaibrand.com/images/models/0307/model/large/0307_0302_2_1.jpg,MU0307,17,Size,L,,1,,Color,Galben/negru,,1,,,,,,,,,,,,[60cm]·[72cm],8435782520651
variation,MU0307040302,,1,0,visible,,Dimensiuni: 63 * 75 cm,taxable,1,0,0,131.25,,,https://static.musaibrand.com/images/models/0307/model/large/0307_0302_2_1.jpg,MU0307,18,Size,XL,,1,,Color,Galben/negru,,1,,,,,,,,,,,,[63cm]·[75cm],8435782520729
variation,MU0307050302,,1,0,visible,,Dimensiuni: 66 * 78 cm,taxable,1,0,0,131.25,,,https://static.musaibrand.com/images/models/0307/model/large/0307_0302_2_1.jpg,MU0307,19,Size,2XL,,1,,Color,Galben/negru,,1,,,,,,,,,,,,[66cm]·[78cm],8435782520798
variation,MU0307060302,,1,0,visible,,Dimensiuni: 69 * 81 cm,taxable,1,0,0,131.25,,,https://static.musaibrand.com/images/models/0307/model/large/0307_0302_2_1.jpg,MU0307,20,Size,3XL,,1,,Color,Galben/negru,,1,,,,,,,,,,,,[69cm]·[81cm],8435782520866
variation,MU0307220302,,1,0,visible,,Dimensiuni: 37 * 44 cm,taxable,1,0,0,131.25,,,https://static.musaibrand.com/images/models/0307/model/large/0307_0302_2_1.jpg,MU0307,21,Size,4,,1,,Color,Galben/negru,,1,,,,,,,,,,,,[37cm]·[44cm],8435782520934
variation,MU0307240302,,1,0,visible,,Dimensiuni: 40 * 48 cm,taxable,1,0,0,131.25,,,https://static.musaibrand.com/images/models/0307/model/large/0307_0302_2_1.jpg,MU0307,22,Size,6,,1,,Color,Galben/negru,,1,,,,,,,,,,,,[40cm]·[48cm],8435782521009
variation,MU0307250302,,1,0,visible,,Dimensiuni: 43 * 52 cm,taxable,1,0,0,131.25,,,https://static.musaibrand.com/images/models/0307/model/large/0307_0302_2_1.jpg,MU0307,23,Size,8,,1,,Color,Galben/negru,,1,,,,,,,,,,,,[43cm]·[52cm],8435782521078
variation,MU0307260302,,1,0,visible,,Dimensiuni: 45 * 56 cm,taxable,1,0,0,131.25,,,https://static.musaibrand.com/images/models/0307/model/large/0307_0302_2_1.jpg,MU0307,24,Size,10,,1,,Color,Galben/negru,,1,,,,,,,,,,,,[45cm]·[56cm],8435782521146
variation,MU0307270302,,1,0,visible,,Dimensiuni: 47 * 60 cm,taxable,1,0,0,131.25,,,https://static.musaibrand.com/images/models/0307/model/large/0307_0302_2_1.jpg,MU0307,25,Size,12,,1,,Color,Galben/negru,,1,,,,,,,,,,,,[47cm]·[60cm],8435782521214
variation,MU0307280302,,1,0,visible,,Dimensiuni: 49 * 64 cm,taxable,1,0,0,131.25,,,https://static.musaibrand.com/images/models/0307/model/large/0307_0302_2_1.jpg,MU0307,26,Size,14,,1,,Color,Galben/negru,,1,,,,,,,,,,,,[49cm]·[64cm],8435782521283
variation,MU03070017602,,1,0,visible,,Dimensiuni: 52 * 68 cm,taxable,1,0,0,131.25,,,https://static.musaibrand.com/images/models/0307/model/large/0307_17602_2_1.jpg,MU0307,27,Size,XS,,1,,Color,Turcoaz fluornegru,,1,,,,,,,,,,,,[52cm]·[68cm],8435782520453
variation,MU03070117602,,1,0,visible,,Dimensiuni: 54 * 69 cm,taxable,1,0,0,131.25,,,https://static.musaibrand.com/images/models/0307/model/large/0307_17602_2_1.jpg,MU0307,28,Size,S,,1,,Color,Turcoaz fluornegru,,1,,,,,,,,,,,,[54cm]·[69cm],8435782520521
variation,MU03070217602,,1,0,visible,,Dimensiuni: 57 * 70 cm,taxable,1,0,0,131.25,,,https://static.musaibrand.com/images/models/0307/model/large/0307_17602_2_1.jpg,MU0307,29,Size,M,,1,,Color,Turcoaz fluornegru,,1,,,,,,,,,,,,[57cm]·[70cm],8435782520590
variation,MU03070317602,,1,0,visible,,Dimensiuni: 60 * 72 cm,taxable,1,0,0,131.25,,,https://static.musaibrand.com/images/models/0307/model/large/0307_17602_2_1.jpg,MU0307,30,Size,L,,1,,Color,Turcoaz fluornegru,,1,,,,,,,,,,,,[60cm]·[72cm],8435782520668
variation,MU03070417602,,1,0,visible,,Dimensiuni: 63 * 75 cm,taxable,1,0,0,131.25,,,https://static.musaibrand.com/images/models/0307/model/large/0307_17602_2_1.jpg,MU0307,31,Size,XL,,1,,Color,Turcoaz fluornegru,,1,,,,,,,,,,,,[63cm]·[75cm],8435782520736
variation,MU03070517602,,1,0,visible,,Dimensiuni: 66 * 78 cm,taxable,1,0,0,131.25,,,https://static.musaibrand.com/images/models/0307/model/large/0307_17602_2_1.jpg,MU0307,32,Size,2XL,,1,,Color,Turcoaz fluornegru,,1,,,,,,,,,,,,[66cm]·[78cm],8435782520804
variation,MU03070617602,,1,0,visible,,Dimensiuni: 69 * 81 cm,taxable,1,0,0,131.25,,,https://static.musaibrand.com/images/models/0307/model/large/0307_17602_2_1.jpg,MU0307,33,Size,3XL,,1,,Color,Turcoaz fluornegru,,1,,,,,,,,,,,,[69cm]·[81cm],8435782520873
variation,MU03072217602,,1,0,visible,,Dimensiuni: 37 * 44 cm,taxable,1,0,0,131.25,,,https://static.musaibrand.com/images/models/0307/model/large/0307_17602_2_1.jpg,MU0307,34,Size,4,,1,,Color,Turcoaz fluornegru,,1,,,,,,,,,,,,[37cm]·[44cm],8435782520941
variation,MU03072417602,,1,0,visible,,Dimensiuni: 40 * 48 cm,taxable,1,0,0,131.25,,,https://static.musaibrand.com/images/models/0307/model/large/0307_17602_2_1.jpg,MU0307,35,Size,6,,1,,Color,Turcoaz fluornegru,,1,,,,,,,,,,,,[40cm]·[48cm],8435782521016
variation,MU03072517602,,1,0,visible,,Dimensiuni: 43 * 52 cm,taxable,1,0,0,131.25,,,https://static.musaibrand.com/images/models/0307/model/large/0307_17602_2_1.jpg,MU0307,36,Size,8,,1,,Color,Turcoaz fluornegru,,1,,,,,,,,,,,,[43cm]·[52cm],8435782521085
variation,MU03072617602,,1,0,visible,,Dimensiuni: 45 * 56 cm,taxable,1,0,0,131.25,,,https://static.musaibrand.com/images/models/0307/model/large/0307_17602_2_1.jpg,MU0307,37,Size,10,,1,,Color,Turcoaz fluornegru,,1,,,,,,,,,,,,[45cm]·[56cm],8435782521153
variation,MU03072717602,,1,0,visible,,Dimensiuni: 47 * 60 cm,taxable,1,0,0,131.25,,,https://static.musaibrand.com/images/models/0307/model/large/0307_17602_2_1.jpg,MU0307,38,Size,12,,1,,Color,Turcoaz fluornegru,,1,,,,,,,,,,,,[47cm]·[60cm],8435782521221
variation,MU03072817602,,1,0,visible,,Dimensiuni: 49 * 64 cm,taxable,1,0,0,131.25,,,https://static.musaibrand.com/images/models/0307/model/large/0307_17602_2_1.jpg,MU0307,39,Size,14,,1,,Color,Turcoaz fluornegru,,1,,,,,,,,,,,,[49cm]·[64cm],8435782521290
variation,MU03070022202,,1,0,visible,,Dimensiuni: 52 * 68 cm,taxable,1,0,0,131.25,,,https://static.musaibrand.com/images/models/0307/model/large/0307_22202_2_1.jpg,MU0307,40,Size,XS,,1,,Color,Fluor verde/negru,,1,,,,,,,,,,,,[52cm]·[68cm],8435782520460
variation,MU03070122202,,1,0,visible,,Dimensiuni: 54 * 69 cm,taxable,1,0,0,131.25,,,https://static.musaibrand.com/images/models/0307/model/large/0307_22202_2_1.jpg,MU0307,41,Size,S,,1,,Color,Fluor verde/negru,,1,,,,,,,,,,,,[54cm]·[69cm],8435782520538
variation,MU03070222202,,1,0,visible,,Dimensiuni: 57 * 70 cm,taxable,1,0,0,131.25,,,https://static.musaibrand.com/images/models/0307/model/large/0307_22202_2_1.jpg,MU0307,42,Size,M,,1,,Color,Fluor verde/negru,,1,,,,,,,,,,,,[57cm]·[70cm],8435782520606
variation,MU03070322202,,1,0,visible,,Dimensiuni: 60 * 72 cm,taxable,1,0,0,131.25,,,https://static.musaibrand.com/images/models/0307/model/large/0307_22202_2_1.jpg,MU0307,43,Size,L,,1,,Color,Fluor verde/negru,,1,,,,,,,,,,,,[60cm]·[72cm],8435782520675
variation,MU03070422202,,1,0,visible,,Dimensiuni: 63 * 75 cm,taxable,1,0,0,131.25,,,https://static.musaibrand.com/images/models/0307/model/large/0307_22202_2_1.jpg,MU0307,44,Size,XL,,1,,Color,Fluor verde/negru,,1,,,,,,,,,,,,[63cm]·[75cm],8435782520743
variation,MU03070522202,,1,0,visible,,Dimensiuni: 66 * 78 cm,taxable,1,0,0,131.25,,,https://static.musaibrand.com/images/models/0307/model/large/0307_22202_2_1.jpg,MU0307,45,Size,2XL,,1,,Color,Fluor verde/negru,,1,,,,,,,,,,,,[66cm]·[78cm],8435782520811
variation,MU03070622202,,1,0,visible,,Dimensiuni: 69 * 81 cm,taxable,1,0,0,131.25,,,https://static.musaibrand.com/images/models/0307/model/large/0307_22202_2_1.jpg,MU0307,46,Size,3XL,,1,,Color,Fluor verde/negru,,1,,,,,,,,,,,,[69cm]·[81cm],8435782520880
variation,MU03072222202,,1,0,visible,,Dimensiuni: 37 * 44 cm,taxable,1,0,0,131.25,,,https://static.musaibrand.com/images/models/0307/model/large/0307_22202_2_1.jpg,MU0307,47,Size,4,,1,,Color,Fluor verde/negru,,1,,,,,,,,,,,,[37cm]·[44cm],8435782520958
variation,MU03072422202,,1,0,visible,,Dimensiuni: 40 * 48 cm,taxable,1,0,0,131.25,,,https://static.musaibrand.com/images/models/0307/model/large/0307_22202_2_1.jpg,MU0307,48,Size,6,,1,,Color,Fluor verde/negru,,1,,,,,,,,,,,,[40cm]·[48cm],8435782521023
variation,MU03072522202,,1,0,visible,,Dimensiuni: 43 * 52 cm,taxable,1,0,0,131.25,,,https://static.musaibrand.com/images/models/0307/model/large/0307_22202_2_1.jpg,MU0307,49,Size,8,,1,,Color,Fluor verde/negru,,1,,,,,,,,,,,,[43cm]·[52cm],8435782521092
variation,MU03072622202,,1,0,visible,,Dimensiuni: 45 * 56 cm,taxable,1,0,0,131.25,,,https://static.musaibrand.com/images/models/0307/model/large/0307_22202_2_1.jpg,MU0307,50,Size,10,,1,,Color,Fluor verde/negru,,1,,,,,,,,,,,,[45cm]·[56cm],8435782521160
variation,MU03072722202,,1,0,visible,,Dimensiuni: 47 * 60 cm,taxable,1,0,0,131.25,,,https://static.musaibrand.com/images/models/0307/model/large/0307_22202_2_1.jpg,MU0307,51,Size,12,,1,,Color,Fluor verde/negru,,1,,,,,,,,,,,,[47cm]·[60cm],8435782521238
variation,MU03072822202,,1,0,visible,,Dimensiuni: 49 * 64 cm,taxable,1,0,0,131.25,,,https://static.musaibrand.com/images/models/0307/model/large/0307_22202_2_1.jpg,MU0307,52,Size,14,,1,,Color,Fluor verde/negru,,1,,,,,,,,,,,,[49cm]·[64cm],8435782521306
variation,MU03070022302,,1,0,visible,,Dimensiuni: 52 * 68 cm,taxable,1,0,0,131.25,,,https://static.musaibrand.com/images/models/0307/model/large/0307_22302_2_1.jpg,MU0307,53,Size,XS,,1,,Color,Fluor portocaliu/negru,,1,,,,,,,,,,,,[52cm]·[68cm],8435782520477
variation,MU03070122302,,1,0,visible,,Dimensiuni: 54 * 69 cm,taxable,1,0,0,131.25,,,https://static.musaibrand.com/images/models/0307/model/large/0307_22302_2_1.jpg,MU0307,54,Size,S,,1,,Color,Fluor portocaliu/negru,,1,,,,,,,,,,,,[54cm]·[69cm],8435782520545
variation,MU03070222302,,1,0,visible,,Dimensiuni: 57 * 70 cm,taxable,1,0,0,131.25,,,https://static.musaibrand.com/images/models/0307/model/large/0307_22302_2_1.jpg,MU0307,55,Size,M,,1,,Color,Fluor portocaliu/negru,,1,,,,,,,,,,,,[57cm]·[70cm],8435782520613
variation,MU03070322302,,1,0,visible,,Dimensiuni: 60 * 72 cm,taxable,1,0,0,131.25,,,https://static.musaibrand.com/images/models/0307/model/large/0307_22302_2_1.jpg,MU0307,56,Size,L,,1,,Color,Fluor portocaliu/negru,,1,,,,,,,,,,,,[60cm]·[72cm],8435782520682
variation,MU03070422302,,1,0,visible,,Dimensiuni: 63 * 75 cm,taxable,1,0,0,131.25,,,https://static.musaibrand.com/images/models/0307/model/large/0307_22302_2_1.jpg,MU0307,57,Size,XL,,1,,Color,Fluor portocaliu/negru,,1,,,,,,,,,,,,[63cm]·[75cm],8435782520750
variation,MU03070522302,,1,0,visible,,Dimensiuni: 66 * 78 cm,taxable,1,0,0,131.25,,,https://static.musaibrand.com/images/models/0307/model/large/0307_22302_2_1.jpg,MU0307,58,Size,2XL,,1,,Color,Fluor portocaliu/negru,,1,,,,,,,,,,,,[66cm]·[78cm],8435782520828
variation,MU03070622302,,1,0,visible,,Dimensiuni: 69 * 81 cm,taxable,1,0,0,131.25,,,https://static.musaibrand.com/images/models/0307/model/large/0307_22302_2_1.jpg,MU0307,59,Size,3XL,,1,,Color,Fluor portocaliu/negru,,1,,,,,,,,,,,,[69cm]·[81cm],8435782520897
variation,MU03072222302,,1,0,visible,,Dimensiuni: 37 * 44 cm,taxable,1,0,0,131.25,,,https://static.musaibrand.com/images/models/0307/model/large/0307_22302_2_1.jpg,MU0307,60,Size,4,,1,,Color,Fluor portocaliu/negru,,1,,,,,,,,,,,,[37cm]·[44cm],8435782520965
variation,MU03072422302,,1,0,visible,,Dimensiuni: 40 * 48 cm,taxable,1,0,0,131.25,,,https://static.musaibrand.com/images/models/0307/model/large/0307_22302_2_1.jpg,MU0307,61,Size,6,,1,,Color,Fluor portocaliu/negru,,1,,,,,,,,,,,,[40cm]·[48cm],8435782521030
variation,MU03072522302,,1,0,visible,,Dimensiuni: 43 * 52 cm,taxable,1,0,0,131.25,,,https://static.musaibrand.com/images/models/0307/model/large/0307_22302_2_1.jpg,MU0307,62,Size,8,,1,,Color,Fluor portocaliu/negru,,1,,,,,,,,,,,,[43cm]·[52cm],8435782521108
variation,MU03072622302,,1,0,visible,,Dimensiuni: 45 * 56 cm,taxable,1,0,0,131.25,,,https://static.musaibrand.com/images/models/0307/model/large/0307_22302_2_1.jpg,MU0307,63,Size,10,,1,,Color,Fluor portocaliu/negru,,1,,,,,,,,,,,,[45cm]·[56cm],8435782521177
variation,MU03072722302,,1,0,visible,,Dimensiuni: 47 * 60 cm,taxable,1,0,0,131.25,,,https://static.musaibrand.com/images/models/0307/model/large/0307_22302_2_1.jpg,MU0307,64,Size,12,,1,,Color,Fluor portocaliu/negru,,1,,,,,,,,,,,,[47cm]·[60cm],8435782521245
variation,MU03072822302,,1,0,visible,,Dimensiuni: 49 * 64 cm,taxable,1,0,0,131.25,,,https://static.musaibrand.com/images/models/0307/model/large/0307_22302_2_1.jpg,MU0307,65,Size,14,,1,,Color,Fluor portocaliu/negru,,1,,,,,,,,,,,,[49cm]·[64cm],8435782521313
variation,MU03070025802,,1,0,visible,,Dimensiuni: 52 * 68 cm,taxable,1,0,0,131.25,,,https://static.musaibrand.com/images/models/0307/model/large/0307_25802_2_1.jpg,MU0307,66,Size,XS,,1,,Color,Gri deschis/negru,,1,,,,,,,,,,,,[52cm]·[68cm],8435782520484
variation,MU03070125802,,1,0,visible,,Dimensiuni: 54 * 69 cm,taxable,1,0,0,131.25,,,https://static.musaibrand.com/images/models/0307/model/large/0307_25802_2_1.jpg,MU0307,67,Size,S,,1,,Color,Gri deschis/negru,,1,,,,,,,,,,,,[54cm]·[69cm],8435782520552
variation,MU03070225802,,1,0,visible,,Dimensiuni: 57 * 70 cm,taxable,1,0,0,131.25,,,https://static.musaibrand.com/images/models/0307/model/large/0307_25802_2_1.jpg,MU0307,68,Size,M,,1,,Color,Gri deschis/negru,,1,,,,,,,,,,,,[57cm]·[70cm],8435782520620
variation,MU03070325802,,1,0,visible,,Dimensiuni: 60 * 72 cm,taxable,1,0,0,131.25,,,https://static.musaibrand.com/images/models/0307/model/large/0307_25802_2_1.jpg,MU0307,69,Size,L,,1,,Color,Gri deschis/negru,,1,,,,,,,,,,,,[60cm]·[72cm],8435782520699
variation,MU03070425802,,1,0,visible,,Dimensiuni: 63 * 75 cm,taxable,1,0,0,131.25,,,https://static.musaibrand.com/images/models/0307/model/large/0307_25802_2_1.jpg,MU0307,70,Size,XL,,1,,Color,Gri deschis/negru,,1,,,,,,,,,,,,[63cm]·[75cm],8435782520767
variation,MU03070525802,,1,0,visible,,Dimensiuni: 66 * 78 cm,taxable,1,0,0,131.25,,,https://static.musaibrand.com/images/models/0307/model/large/0307_25802_2_1.jpg,MU0307,71,Size,2XL,,1,,Color,Gri deschis/negru,,1,,,,,,,,,,,,[66cm]·[78cm],8435782520835
variation,MU03070625802,,1,0,visible,,Dimensiuni: 69 * 81 cm,taxable,1,0,0,131.25,,,https://static.musaibrand.com/images/models/0307/model/large/0307_25802_2_1.jpg,MU0307,72,Size,3XL,,1,,Color,Gri deschis/negru,,1,,,,,,,,,,,,[69cm]·[81cm],8435782520903
variation,MU03072225802,,1,0,visible,,Dimensiuni: 37 * 44 cm,taxable,1,0,0,131.25,,,https://static.musaibrand.com/images/models/0307/model/large/0307_25802_2_1.jpg,MU0307,73,Size,4,,1,,Color,Gri deschis/negru,,1,,,,,,,,,,,,[37cm]·[44cm],8435782520972
variation,MU03072425802,,1,0,visible,,Dimensiuni: 40 * 48 cm,taxable,1,0,0,131.25,,,https://static.musaibrand.com/images/models/0307/model/large/0307_25802_2_1.jpg,MU0307,74,Size,6,,1,,Color,Gri deschis/negru,,1,,,,,,,,,,,,[40cm]·[48cm],8435782521047
variation,MU03072525802,,1,0,visible,,Dimensiuni: 43 * 52 cm,taxable,1,0,0,131.25,,,https://static.musaibrand.com/images/models/0307/model/large/0307_25802_2_1.jpg,MU0307,75,Size,8,,1,,Color,Gri deschis/negru,,1,,,,,,,,,,,,[43cm]·[52cm],8435782521115
variation,MU03072625802,,1,0,visible,,Dimensiuni: 45 * 56 cm,taxable,1,0,0,131.25,,,https://static.musaibrand.com/images/models/0307/model/large/0307_25802_2_1.jpg,MU0307,76,Size,10,,1,,Color,Gri deschis/negru,,1,,,,,,,,,,,,[45cm]·[56cm],8435782521184
variation,MU03072725802,,1,0,visible,,Dimensiuni: 47 * 60 cm,taxable,1,0,0,131.25,,,https://static.musaibrand.com/images/models/0307/model/large/0307_25802_2_1.jpg,MU0307,77,Size,12,,1,,Color,Gri deschis/negru,,1,,,,,,,,,,,,[47cm]·[60cm],8435782521252
variation,MU03072825802,,1,0,visible,,Dimensiuni: 49 * 64 cm,taxable,1,0,0,131.25,,,https://static.musaibrand.com/images/models/0307/model/large/0307_25802_2_1.jpg,MU0307,78,Size,14,,1,,Color,Gri deschis/negru,,1,,,,,,,,,,,,[49cm]·[64cm],8435782521320
variation,MU0307003402,,1,0,visible,,Dimensiuni: 52 * 68 cm,taxable,1,0,0,131.25,,,https://static.musaibrand.com/images/models/0307/model/large/0307_3402_2_1.jpg,MU0307,79,Size,XS,,1,,Color,Gum roz/negru,,1,,,,,,,,,,,,[52cm]·[68cm],8435782520491
variation,MU0307013402,,1,0,visible,,Dimensiuni: 54 * 69 cm,taxable,1,0,0,131.25,,,https://static.musaibrand.com/images/models/0307/model/large/0307_3402_2_1.jpg,MU0307,80,Size,S,,1,,Color,Gum roz/negru,,1,,,,,,,,,,,,[54cm]·[69cm],8435782520569
variation,MU0307023402,,1,0,visible,,Dimensiuni: 57 * 70 cm,taxable,1,0,0,131.25,,,https://static.musaibrand.com/images/models/0307/model/large/0307_3402_2_1.jpg,MU0307,81,Size,M,,1,,Color,Gum roz/negru,,1,,,,,,,,,,,,[57cm]·[70cm],8435782520637
variation,MU0307033402,,1,0,visible,,Dimensiuni: 60 * 72 cm,taxable,1,0,0,131.25,,,https://static.musaibrand.com/images/models/0307/model/large/0307_3402_2_1.jpg,MU0307,82,Size,L,,1,,Color,Gum roz/negru,,1,,,,,,,,,,,,[60cm]·[72cm],8435782520705
variation,MU0307043402,,1,0,visible,,Dimensiuni: 63 * 75 cm,taxable,1,0,0,131.25,,,https://static.musaibrand.com/images/models/0307/model/large/0307_3402_2_1.jpg,MU0307,83,Size,XL,,1,,Color,Gum roz/negru,,1,,,,,,,,,,,,[63cm]·[75cm],8435782520774
variation,MU0307053402,,1,0,visible,,Dimensiuni: 66 * 78 cm,taxable,1,0,0,131.25,,,https://static.musaibrand.com/images/models/0307/model/large/0307_3402_2_1.jpg,MU0307,84,Size,2XL,,1,,Color,Gum roz/negru,,1,,,,,,,,,,,,[66cm]·[78cm],8435782520842
variation,MU0307063402,,1,0,visible,,Dimensiuni: 69 * 81 cm,taxable,1,0,0,131.25,,,https://static.musaibrand.com/images/models/0307/model/large/0307_3402_2_1.jpg,MU0307,85,Size,3XL,,1,,Color,Gum roz/negru,,1,,,,,,,,,,,,[69cm]·[81cm],8435782520910
variation,MU0307223402,,1,0,visible,,Dimensiuni: 37 * 44 cm,taxable,1,0,0,131.25,,,https://static.musaibrand.com/images/models/0307/model/large/0307_3402_2_1.jpg,MU0307,86,Size,4,,1,,Color,Gum roz/negru,,1,,,,,,,,,,,,[37cm]·[44cm],8435782520989
variation,MU0307243402,,1,0,visible,,Dimensiuni: 40 * 48 cm,taxable,1,0,0,131.25,,,https://static.musaibrand.com/images/models/0307/model/large/0307_3402_2_1.jpg,MU0307,87,Size,6,,1,,Color,Gum roz/negru,,1,,,,,,,,,,,,[40cm]·[48cm],8435782521054
variation,MU0307253402,,1,0,visible,,Dimensiuni: 43 * 52 cm,taxable,1,0,0,131.25,,,https://static.musaibrand.com/images/models/0307/model/large/0307_3402_2_1.jpg,MU0307,88,Size,8,,1,,Color,Gum roz/negru,,1,,,,,,,,,,,,[43cm]·[52cm],8435782521122
variation,MU0307263402,,1,0,visible,,Dimensiuni: 45 * 56 cm,taxable,1,0,0,131.25,,,https://static.musaibrand.com/images/models/0307/model/large/0307_3402_2_1.jpg,MU0307,89,Size,10,,1,,Color,Gum roz/negru,,1,,,,,,,,,,,,[45cm]·[56cm],8435782521191
variation,MU0307273402,,1,0,visible,,Dimensiuni: 47 * 60 cm,taxable,1,0,0,131.25,,,https://static.musaibrand.com/images/models/0307/model/large/0307_3402_2_1.jpg,MU0307,90,Size,12,,1,,Color,Gum roz/negru,,1,,,,,,,,,,,,[47cm]·[60cm],8435782521269
variation,MU0307283402,,1,0,visible,,Dimensiuni: 49 * 64 cm,taxable,1,0,0,131.25,,,https://static.musaibrand.com/images/models/0307/model/large/0307_3402_2_1.jpg,MU0307,91,Size,14,,1,,Color,Gum roz/negru,,1,,,,,,,,,,,,[49cm]·[64cm],8435782521337
variation,MU0307006002,,1,0,visible,,Dimensiuni: 52 * 68 cm,taxable,1,0,0,131.25,,,https://static.musaibrand.com/images/models/0307/model/large/0307_6002_2_1.jpg,MU0307,92,Size,XS,,1,,Color,Roșu/negru,,1,,,,,,,,,,,,[52cm]·[68cm],8435782520507
variation,MU0307016002,,1,0,visible,,Dimensiuni: 54 * 69 cm,taxable,1,0,0,131.25,,,https://static.musaibrand.com/images/models/0307/model/large/0307_6002_2_1.jpg,MU0307,93,Size,S,,1,,Color,Roșu/negru,,1,,,,,,,,,,,,[54cm]·[69cm],8435782520576
variation,MU0307026002,,1,0,visible,,Dimensiuni: 57 * 70 cm,taxable,1,0,0,131.25,,,https://static.musaibrand.com/images/models/0307/model/large/0307_6002_2_1.jpg,MU0307,94,Size,M,,1,,Color,Roșu/negru,,1,,,,,,,,,,,,[57cm]·[70cm],8435782520644
variation,MU0307036002,,1,0,visible,,Dimensiuni: 60 * 72 cm,taxable,1,0,0,131.25,,,https://static.musaibrand.com/images/models/0307/model/large/0307_6002_2_1.jpg,MU0307,95,Size,L,,1,,Color,Roșu/negru,,1,,,,,,,,,,,,[60cm]·[72cm],8435782520712
variation,MU0307046002,,1,0,visible,,Dimensiuni: 63 * 75 cm,taxable,1,0,0,131.25,,,https://static.musaibrand.com/images/models/0307/model/large/0307_6002_2_1.jpg,MU0307,96,Size,XL,,1,,Color,Roșu/negru,,1,,,,,,,,,,,,[63cm]·[75cm],8435782520781
variation,MU0307056002,,1,0,visible,,Dimensiuni: 66 * 78 cm,taxable,1,0,0,131.25,,,https://static.musaibrand.com/images/models/0307/model/large/0307_6002_2_1.jpg,MU0307,97,Size,2XL,,1,,Color,Roșu/negru,,1,,,,,,,,,,,,[66cm]·[78cm],8435782520859
variation,MU0307066002,,1,0,visible,,Dimensiuni: 69 * 81 cm,taxable,1,0,0,131.25,,,https://static.musaibrand.com/images/models/0307/model/large/0307_6002_2_1.jpg,MU0307,98,Size,3XL,,1,,Color,Roșu/negru,,1,,,,,,,,,,,,[69cm]·[81cm],8435782520927
variation,MU0307226002,,1,0,visible,,Dimensiuni: 37 * 44 cm,taxable,1,0,0,131.25,,,https://static.musaibrand.com/images/models/0307/model/large/0307_6002_2_1.jpg,MU0307,99,Size,4,,1,,Color,Roșu/negru,,1,,,,,,,,,,,,[37cm]·[44cm],8435782520996
variation,MU0307246002,,1,0,visible,,Dimensiuni: 40 * 48 cm,taxable,1,0,0,131.25,,,https://static.musaibrand.com/images/models/0307/model/large/0307_6002_2_1.jpg,MU0307,100,Size,6,,1,,Color,Roșu/negru,,1,,,,,,,,,,,,[40cm]·[48cm],8435782521061
variation,MU0307256002,,1,0,visible,,Dimensiuni: 43 * 52 cm,taxable,1,0,0,131.25,,,https://static.musaibrand.com/images/models/0307/model/large/0307_6002_2_1.jpg,MU0307,101,Size,8,,1,,Color,Roșu/negru,,1,,,,,,,,,,,,[43cm]·[52cm],8435782521139
variation,MU0307266002,,1,0,visible,,Dimensiuni: 45 * 56 cm,taxable,1,0,0,131.25,,,https://static.musaibrand.com/images/models/0307/model/large/0307_6002_2_1.jpg,MU0307,102,Size,10,,1,,Color,Roșu/negru,,1,,,,,,,,,,,,[45cm]·[56cm],8435782521207
variation,MU0307276002,,1,0,visible,,Dimensiuni: 47 * 60 cm,taxable,1,0,0,131.25,,,https://static.musaibrand.com/images/models/0307/model/large/0307_6002_2_1.jpg,MU0307,103,Size,12,,1,,Color,Roșu/negru,,1,,,,,,,,,,,,[47cm]·[60cm],8435782521276
variation,MU0307286002,,1,0,visible,,Dimensiuni: 49 * 64 cm,taxable,1,0,0,131.25,,,https://static.musaibrand.com/images/models/0307/model/large/0307_6002_2_1.jpg,MU0307,104,Size,14,,1,,Color,Roșu/negru,,1,,,,,,,,,,,,[49cm]·[64cm],8435782521344
variable,MU0307-K,Hoodie Saba Copii,1,0,visible,,"<p>Hanorac tehnic pentru copii cu design în două tonuri, realizat din poliester piqué reciclat, cu căptușeală moale periată.</p><p><strong>Compoziție:</strong> 100% poliester pique reciclat</p><p><br>·  Glugă cu căptușeală din aceeași țesătură.<br>· Acoperire elastică a cusăturii pe guler.<br>· Design cu panouri și borduri contrastante pe corp.<br>· Buzunar tip cangur asortat.<br>· Manșete și tiv cu nervuri 1x1.<br>· Detaliu cu logo brodat pe mânecă.</p><h4>Dimensiuni</h4><table style='border-collapse:collapse;margin:8px 0'><tr><th style='padding:4px 12px;border:1px solid #ddd;text-align:left'>Mărime</th><th style='padding:4px 12px;border:1px solid #ddd;text-align:left'>Dimensiuni</th></tr><tr><td style='padding:4px 12px;border:1px solid #ddd'>XS</td><td style='padding:4px 12px;border:1px solid #ddd'>52 * 68 cm</td></tr><tr><td style='padding:4px 12px;border:1px solid #ddd'>S</td><td style='padding:4px 12px;border:1px solid #ddd'>54 * 69 cm</td></tr><tr><td style='padding:4px 12px;border:1px solid #ddd'>M</td><td style='padding:4px 12px;border:1px solid #ddd'>57 * 70 cm</td></tr><tr><td style='padding:4px 12px;border:1px solid #ddd'>L</td><td style='padding:4px 12px;border:1px solid #ddd'>60 * 72 cm</td></tr><tr><td style='padding:4px 12px;border:1px solid #ddd'>XL</td><td style='padding:4px 12px;border:1px solid #ddd'>63 * 75 cm</td></tr><tr><td style='padding:4px 12px;border:1px solid #ddd'>2XL</td><td style='padding:4px 12px;border:1px solid #ddd'>66 * 78 cm</td></tr><tr><td style='padding:4px 12px;border:1px solid #ddd'>3XL</td><td style='padding:4px 12px;border:1px solid #ddd'>69 * 81 cm</td></tr><tr><td style='padding:4px 12px;border:1px solid #ddd'>4</td><td style='padding:4px 12px;border:1px solid #ddd'>37 * 44 cm</td></tr><tr><td style='padding:4px 12px;border:1px solid #ddd'>6</td><td style='padding:4px 12px;border:1px solid #ddd'>40 * 48 cm</td></tr><tr><td style='padding:4px 12px;border:1px solid #ddd'>8</td><td style='padding:4px 12px;border:1px solid #ddd'>43 * 52 cm</td></tr><tr><td style='padding:4px 12px;border:1px solid #ddd'>10</td><td style='padding:4px 12px;border:1px solid #ddd'>45 * 56 cm</td></tr><tr><td style='padding:4px 12px;border:1px solid #ddd'>12</td><td style='padding:4px 12px;border:1px solid #ddd'>47 * 60 cm</td></tr><tr><td style='padding:4px 12px;border:1px solid #ddd'>14</td><td style='padding:4px 12px;border:1px solid #ddd'>49 * 64 cm</td></tr></table>",taxable,1,0,0,,Hanorace,MUSAI,"https://static.musaibrand.com/images/models/0307-K/model/large/0307-K_0102_1_1.jpg,https://static.musaibrand.com/images/models/0307-K/model/large/0307-K_0302_1_1.jpg,https://static.musaibrand.com/images/models/0307-K/model/large/0307-K_17602_1_1.jpg,https://static.musaibrand.com/images/models/0307-K/model/large/0307-K_22202_1_1.jpg,https://static.musaibrand.com/images/models/0307-K/model/large/0307-K_22302_1_1.jpg,https://static.musaibrand.com/images/models/0307-K/model/large/0307-K_25802_1_1.jpg,https://static.musaibrand.com/images/models/0307-K/model/large/0307-K_3402_1_1.jpg,https://static.musaibrand.com/images/models/0307-K/model/large/0307-K_6002_1_1.jpg,https://static.musaibrand.com/images/models/0307-K/model/large/0307-K_0102_2_1.jpg,https://static.musaibrand.com/images/models/0307-K/model/large/0307-K_0302_2_1.jpg,https://static.musaibrand.com/images/models/0307-K/model/large/0307-K_17602_2_1.jpg,https://static.musaibrand.com/images/models/0307-K/model/large/0307-K_22202_2_1.jpg,https://static.musaibrand.com/images/models/0307-K/model/large/0307-K_22302_2_1.jpg,https://static.musaibrand.com/images/models/0307-K/model/large/0307-K_25802_2_1.jpg,https://static.musaibrand.com/images/models/0307-K/model/large/0307-K_3402_2_1.jpg,https://static.musaibrand.com/images/models/0307-K/model/large/0307-K_6002_2_1.jpg",,0,Size,"XS, S, M, L, XL, 2XL, 3XL, 4, 6, 8, 10, 12, 14",1,1,,Color,"Alb/negru, Galben/negru, Turcoaz fluornegru, Fluor verde/negru, Fluor portocaliu/negru, Gri deschis/negru, Gum roz/negru, Roșu/negru",1,1,,Gender,Unisex,1,1,,Dimensiuni,"[52cm]·[68cm], [54cm]·[69cm], [57cm]·[70cm], [60cm]·[72cm], [63cm]·[75cm], [66cm]·[78cm], [69cm]·[81cm], [37cm]·[44cm], [40cm]·[48cm], [43cm]·[52cm], [45cm]·[56cm], [47cm]·[60cm], [49cm]·[64cm]",1,0,,,
variation,MU0307000102-K,,1,0,visible,,Dimensiuni: 52 * 68 cm,taxable,1,0,0,131.25,,,https://static.musaibrand.com/images/models/0307-K/model/large/0307-K_0102_2_1.jpg,MU0307-K,1,Size,XS,,1,,Color,Alb/negru,,1,,,,,,,,,,,,[52cm]·[68cm],8435782529845
variation,MU0307010102-K,,1,0,visible,,Dimensiuni: 54 * 69 cm,taxable,1,0,0,131.25,,,https://static.musaibrand.com/images/models/0307-K/model/large/0307-K_0102_2_1.jpg,MU0307-K,2,Size,S,,1,,Color,Alb/negru,,1,,,,,,,,,,,,[54cm]·[69cm],8435782529852
variation,MU0307020102-K,,1,0,visible,,Dimensiuni: 57 * 70 cm,taxable,1,0,0,131.25,,,https://static.musaibrand.com/images/models/0307-K/model/large/0307-K_0102_2_1.jpg,MU0307-K,3,Size,M,,1,,Color,Alb/negru,,1,,,,,,,,,,,,[57cm]·[70cm],8435782529869
variation,MU0307030102-K,,1,0,visible,,Dimensiuni: 60 * 72 cm,taxable,1,0,0,131.25,,,https://static.musaibrand.com/images/models/0307-K/model/large/0307-K_0102_2_1.jpg,MU0307-K,4,Size,L,,1,,Color,Alb/negru,,1,,,,,,,,,,,,[60cm]·[72cm],8435782529876
variation,MU0307040102-K,,1,0,visible,,Dimensiuni: 63 * 75 cm,taxable,1,0,0,131.25,,,https://static.musaibrand.com/images/models/0307-K/model/large/0307-K_0102_2_1.jpg,MU0307-K,5,Size,XL,,1,,Color,Alb/negru,,1,,,,,,,,,,,,[63cm]·[75cm],8435782529883
variation,MU0307050102-K,,1,0,visible,,Dimensiuni: 66 * 78 cm,taxable,1,0,0,131.25,,,https://static.musaibrand.com/images/models/0307-K/model/large/0307-K_0102_2_1.jpg,MU0307-K,6,Size,2XL,,1,,Color,Alb/negru,,1,,,,,,,,,,,,[66cm]·[78cm],8435782529890
variation,MU0307060102-K,,1,0,visible,,Dimensiuni: 69 * 81 cm,taxable,1,0,0,131.25,,,https://static.musaibrand.com/images/models/0307-K/model/large/0307-K_0102_2_1.jpg,MU0307-K,7,Size,3XL,,1,,Color,Alb/negru,,1,,,,,,,,,,,,[69cm]·[81cm],8435782529906
variation,MU0307220102-K,,1,0,visible,,Dimensiuni: 37 * 44 cm,taxable,1,0,0,131.25,,,https://static.musaibrand.com/images/models/0307-K/model/large/0307-K_0102_2_1.jpg,MU0307-K,8,Size,4,,1,,Color,Alb/negru,,1,,,,,,,,,,,,[37cm]·[44cm],8435782529913
variation,MU0307240102-K,,1,0,visible,,Dimensiuni: 40 * 48 cm,taxable,1,0,0,131.25,,,https://static.musaibrand.com/images/models/0307-K/model/large/0307-K_0102_2_1.jpg,MU0307-K,9,Size,6,,1,,Color,Alb/negru,,1,,,,,,,,,,,,[40cm]·[48cm],8435782529920
variation,MU0307250102-K,,1,0,visible,,Dimensiuni: 43 * 52 cm,taxable,1,0,0,131.25,,,https://static.musaibrand.com/images/models/0307-K/model/large/0307-K_0102_2_1.jpg,MU0307-K,10,Size,8,,1,,Color,Alb/negru,,1,,,,,,,,,,,,[43cm]·[52cm],8435782529937
variation,MU0307260102-K,,1,0,visible,,Dimensiuni: 45 * 56 cm,taxable,1,0,0,131.25,,,https://static.musaibrand.com/images/models/0307-K/model/large/0307-K_0102_2_1.jpg,MU0307-K,11,Size,10,,1,,Color,Alb/negru,,1,,,,,,,,,,,,[45cm]·[56cm],8435782529944
variation,MU0307270102-K,,1,0,visible,,Dimensiuni: 47 * 60 cm,taxable,1,0,0,131.25,,,https://static.musaibrand.com/images/models/0307-K/model/large/0307-K_0102_2_1.jpg,MU0307-K,12,Size,12,,1,,Color,Alb/negru,,1,,,,,,,,,,,,[47cm]·[60cm],8435782529951
variation,MU0307280102-K,,1,0,visible,,Dimensiuni: 49 * 64 cm,taxable,1,0,0,131.25,,,https://static.musaibrand.com/images/models/0307-K/model/large/0307-K_0102_2_1.jpg,MU0307-K,13,Size,14,,1,,Color,Alb/negru,,1,,,,,,,,,,,,[49cm]·[64cm],8435782529968
variation,MU0307000302-K,,1,0,visible,,Dimensiuni: 52 * 68 cm,taxable,1,0,0,131.25,,,https://static.musaibrand.com/images/models/0307-K/model/large/0307-K_0302_2_1.jpg,MU0307-K,14,Size,XS,,1,,Color,Galben/negru,,1,,,,,,,,,,,,[52cm]·[68cm],8435782520446
variation,MU0307010302-K,,1,0,visible,,Dimensiuni: 54 * 69 cm,taxable,1,0,0,131.25,,,https://static.musaibrand.com/images/models/0307-K/model/large/0307-K_0302_2_1.jpg,MU0307-K,15,Size,S,,1,,Color,Galben/negru,,1,,,,,,,,,,,,[54cm]·[69cm],8435782520514
variation,MU0307020302-K,,1,0,visible,,Dimensiuni: 57 * 70 cm,taxable,1,0,0,131.25,,,https://static.musaibrand.com/images/models/0307-K/model/large/0307-K_0302_2_1.jpg,MU0307-K,16,Size,M,,1,,Color,Galben/negru,,1,,,,,,,,,,,,[57cm]·[70cm],8435782520583
variation,MU0307030302-K,,1,0,visible,,Dimensiuni: 60 * 72 cm,taxable,1,0,0,131.25,,,https://static.musaibrand.com/images/models/0307-K/model/large/0307-K_0302_2_1.jpg,MU0307-K,17,Size,L,,1,,Color,Galben/negru,,1,,,,,,,,,,,,[60cm]·[72cm],8435782520651
variation,MU0307040302-K,,1,0,visible,,Dimensiuni: 63 * 75 cm,taxable,1,0,0,131.25,,,https://static.musaibrand.com/images/models/0307-K/model/large/0307-K_0302_2_1.jpg,MU0307-K,18,Size,XL,,1,,Color,Galben/negru,,1,,,,,,,,,,,,[63cm]·[75cm],8435782520729
variation,MU0307050302-K,,1,0,visible,,Dimensiuni: 66 * 78 cm,taxable,1,0,0,131.25,,,https://static.musaibrand.com/images/models/0307-K/model/large/0307-K_0302_2_1.jpg,MU0307-K,19,Size,2XL,,1,,Color,Galben/negru,,1,,,,,,,,,,,,[66cm]·[78cm],8435782520798
variation,MU0307060302-K,,1,0,visible,,Dimensiuni: 69 * 81 cm,taxable,1,0,0,131.25,,,https://static.musaibrand.com/images/models/0307-K/model/large/0307-K_0302_2_1.jpg,MU0307-K,20,Size,3XL,,1,,Color,Galben/negru,,1,,,,,,,,,,,,[69cm]·[81cm],8435782520866
variation,MU0307220302-K,,1,0,visible,,Dimensiuni: 37 * 44 cm,taxable,1,0,0,131.25,,,https://static.musaibrand.com/images/models/0307-K/model/large/0307-K_0302_2_1.jpg,MU0307-K,21,Size,4,,1,,Color,Galben/negru,,1,,,,,,,,,,,,[37cm]·[44cm],8435782520934
variation,MU0307240302-K,,1,0,visible,,Dimensiuni: 40 * 48 cm,taxable,1,0,0,131.25,,,https://static.musaibrand.com/images/models/0307-K/model/large/0307-K_0302_2_1.jpg,MU0307-K,22,Size,6,,1,,Color,Galben/negru,,1,,,,,,,,,,,,[40cm]·[48cm],8435782521009
variation,MU0307250302-K,,1,0,visible,,Dimensiuni: 43 * 52 cm,taxable,1,0,0,131.25,,,https://static.musaibrand.com/images/models/0307-K/model/large/0307-K_0302_2_1.jpg,MU0307-K,23,Size,8,,1,,Color,Galben/negru,,1,,,,,,,,,,,,[43cm]·[52cm],8435782521078
variation,MU0307260302-K,,1,0,visible,,Dimensiuni: 45 * 56 cm,taxable,1,0,0,131.25,,,https://static.musaibrand.com/images/models/0307-K/model/large/0307-K_0302_2_1.jpg,MU0307-K,24,Size,10,,1,,Color,Galben/negru,,1,,,,,,,,,,,,[45cm]·[56cm],8435782521146
variation,MU0307270302-K,,1,0,visible,,Dimensiuni: 47 * 60 cm,taxable,1,0,0,131.25,,,https://static.musaibrand.com/images/models/0307-K/model/large/0307-K_0302_2_1.jpg,MU0307-K,25,Size,12,,1,,Color,Galben/negru,,1,,,,,,,,,,,,[47cm]·[60cm],8435782521214
variation,MU0307280302-K,,1,0,visible,,Dimensiuni: 49 * 64 cm,taxable,1,0,0,131.25,,,https://static.musaibrand.com/images/models/0307-K/model/large/0307-K_0302_2_1.jpg,MU0307-K,26,Size,14,,1,,Color,Galben/negru,,1,,,,,,,,,,,,[49cm]·[64cm],8435782521283
variation,MU03070017602-K,,1,0,visible,,Dimensiuni: 52 * 68 cm,taxable,1,0,0,131.25,,,https://static.musaibrand.com/images/models/0307-K/model/large/0307-K_17602_2_1.jpg,MU0307-K,27,Size,XS,,1,,Color,Turcoaz fluornegru,,1,,,,,,,,,,,,[52cm]·[68cm],8435782520453
variation,MU03070117602-K,,1,0,visible,,Dimensiuni: 54 * 69 cm,taxable,1,0,0,131.25,,,https://static.musaibrand.com/images/models/0307-K/model/large/0307-K_17602_2_1.jpg,MU0307-K,28,Size,S,,1,,Color,Turcoaz fluornegru,,1,,,,,,,,,,,,[54cm]·[69cm],8435782520521
variation,MU03070217602-K,,1,0,visible,,Dimensiuni: 57 * 70 cm,taxable,1,0,0,131.25,,,https://static.musaibrand.com/images/models/0307-K/model/large/0307-K_17602_2_1.jpg,MU0307-K,29,Size,M,,1,,Color,Turcoaz fluornegru,,1,,,,,,,,,,,,[57cm]·[70cm],8435782520590
variation,MU03070317602-K,,1,0,visible,,Dimensiuni: 60 * 72 cm,taxable,1,0,0,131.25,,,https://static.musaibrand.com/images/models/0307-K/model/large/0307-K_17602_2_1.jpg,MU0307-K,30,Size,L,,1,,Color,Turcoaz fluornegru,,1,,,,,,,,,,,,[60cm]·[72cm],8435782520668
variation,MU03070417602-K,,1,0,visible,,Dimensiuni: 63 * 75 cm,taxable,1,0,0,131.25,,,https://static.musaibrand.com/images/models/0307-K/model/large/0307-K_17602_2_1.jpg,MU0307-K,31,Size,XL,,1,,Color,Turcoaz fluornegru,,1,,,,,,,,,,,,[63cm]·[75cm],8435782520736
variation,MU03070517602-K,,1,0,visible,,Dimensiuni: 66 * 78 cm,taxable,1,0,0,131.25,,,https://static.musaibrand.com/images/models/0307-K/model/large/0307-K_17602_2_1.jpg,MU0307-K,32,Size,2XL,,1,,Color,Turcoaz fluornegru,,1,,,,,,,,,,,,[66cm]·[78cm],8435782520804
variation,MU03070617602-K,,1,0,visible,,Dimensiuni: 69 * 81 cm,taxable,1,0,0,131.25,,,https://static.musaibrand.com/images/models/0307-K/model/large/0307-K_17602_2_1.jpg,MU0307-K,33,Size,3XL,,1,,Color,Turcoaz fluornegru,,1,,,,,,,,,,,,[69cm]·[81cm],8435782520873
variation,MU03072217602-K,,1,0,visible,,Dimensiuni: 37 * 44 cm,taxable,1,0,0,131.25,,,https://static.musaibrand.com/images/models/0307-K/model/large/0307-K_17602_2_1.jpg,MU0307-K,34,Size,4,,1,,Color,Turcoaz fluornegru,,1,,,,,,,,,,,,[37cm]·[44cm],8435782520941
variation,MU03072417602-K,,1,0,visible,,Dimensiuni: 40 * 48 cm,taxable,1,0,0,131.25,,,https://static.musaibrand.com/images/models/0307-K/model/large/0307-K_17602_2_1.jpg,MU0307-K,35,Size,6,,1,,Color,Turcoaz fluornegru,,1,,,,,,,,,,,,[40cm]·[48cm],8435782521016
variation,MU03072517602-K,,1,0,visible,,Dimensiuni: 43 * 52 cm,taxable,1,0,0,131.25,,,https://static.musaibrand.com/images/models/0307-K/model/large/0307-K_17602_2_1.jpg,MU0307-K,36,Size,8,,1,,Color,Turcoaz fluornegru,,1,,,,,,,,,,,,[43cm]·[52cm],8435782521085
variation,MU03072617602-K,,1,0,visible,,Dimensiuni: 45 * 56 cm,taxable,1,0,0,131.25,,,https://static.musaibrand.com/images/models/0307-K/model/large/0307-K_17602_2_1.jpg,MU0307-K,37,Size,10,,1,,Color,Turcoaz fluornegru,,1,,,,,,,,,,,,[45cm]·[56cm],8435782521153
variation,MU03072717602-K,,1,0,visible,,Dimensiuni: 47 * 60 cm,taxable,1,0,0,131.25,,,https://static.musaibrand.com/images/models/0307-K/model/large/0307-K_17602_2_1.jpg,MU0307-K,38,Size,12,,1,,Color,Turcoaz fluornegru,,1,,,,,,,,,,,,[47cm]·[60cm],8435782521221
variation,MU03072817602-K,,1,0,visible,,Dimensiuni: 49 * 64 cm,taxable,1,0,0,131.25,,,https://static.musaibrand.com/images/models/0307-K/model/large/0307-K_17602_2_1.jpg,MU0307-K,39,Size,14,,1,,Color,Turcoaz fluornegru,,1,,,,,,,,,,,,[49cm]·[64cm],8435782521290
variation,MU03070022202-K,,1,0,visible,,Dimensiuni: 52 * 68 cm,taxable,1,0,0,131.25,,,https://static.musaibrand.com/images/models/0307-K/model/large/0307-K_22202_2_1.jpg,MU0307-K,40,Size,XS,,1,,Color,Fluor verde/negru,,1,,,,,,,,,,,,[52cm]·[68cm],8435782520460
variation,MU03070122202-K,,1,0,visible,,Dimensiuni: 54 * 69 cm,taxable,1,0,0,131.25,,,https://static.musaibrand.com/images/models/0307-K/model/large/0307-K_22202_2_1.jpg,MU0307-K,41,Size,S,,1,,Color,Fluor verde/negru,,1,,,,,,,,,,,,[54cm]·[69cm],8435782520538
variation,MU03070222202-K,,1,0,visible,,Dimensiuni: 57 * 70 cm,taxable,1,0,0,131.25,,,https://static.musaibrand.com/images/models/0307-K/model/large/0307-K_22202_2_1.jpg,MU0307-K,42,Size,M,,1,,Color,Fluor verde/negru,,1,,,,,,,,,,,,[57cm]·[70cm],8435782520606
variation,MU03070322202-K,,1,0,visible,,Dimensiuni: 60 * 72 cm,taxable,1,0,0,131.25,,,https://static.musaibrand.com/images/models/0307-K/model/large/0307-K_22202_2_1.jpg,MU0307-K,43,Size,L,,1,,Color,Fluor verde/negru,,1,,,,,,,,,,,,[60cm]·[72cm],8435782520675
variation,MU03070422202-K,,1,0,visible,,Dimensiuni: 63 * 75 cm,taxable,1,0,0,131.25,,,https://static.musaibrand.com/images/models/0307-K/model/large/0307-K_22202_2_1.jpg,MU0307-K,44,Size,XL,,1,,Color,Fluor verde/negru,,1,,,,,,,,,,,,[63cm]·[75cm],8435782520743
variation,MU03070522202-K,,1,0,visible,,Dimensiuni: 66 * 78 cm,taxable,1,0,0,131.25,,,https://static.musaibrand.com/images/models/0307-K/model/large/0307-K_22202_2_1.jpg,MU0307-K,45,Size,2XL,,1,,Color,Fluor verde/negru,,1,,,,,,,,,,,,[66cm]·[78cm],8435782520811
variation,MU03070622202-K,,1,0,visible,,Dimensiuni: 69 * 81 cm,taxable,1,0,0,131.25,,,https://static.musaibrand.com/images/models/0307-K/model/large/0307-K_22202_2_1.jpg,MU0307-K,46,Size,3XL,,1,,Color,Fluor verde/negru,,1,,,,,,,,,,,,[69cm]·[81cm],8435782520880
variation,MU03072222202-K,,1,0,visible,,Dimensiuni: 37 * 44 cm,taxable,1,0,0,131.25,,,https://static.musaibrand.com/images/models/0307-K/model/large/0307-K_22202_2_1.jpg,MU0307-K,47,Size,4,,1,,Color,Fluor verde/negru,,1,,,,,,,,,,,,[37cm]·[44cm],8435782520958
variation,MU03072422202-K,,1,0,visible,,Dimensiuni: 40 * 48 cm,taxable,1,0,0,131.25,,,https://static.musaibrand.com/images/models/0307-K/model/large/0307-K_22202_2_1.jpg,MU0307-K,48,Size,6,,1,,Color,Fluor verde/negru,,1,,,,,,,,,,,,[40cm]·[48cm],8435782521023
variation,MU03072522202-K,,1,0,visible,,Dimensiuni: 43 * 52 cm,taxable,1,0,0,131.25,,,https://static.musaibrand.com/images/models/0307-K/model/large/0307-K_22202_2_1.jpg,MU0307-K,49,Size,8,,1,,Color,Fluor verde/negru,,1,,,,,,,,,,,,[43cm]·[52cm],8435782521092
variation,MU03072622202-K,,1,0,visible,,Dimensiuni: 45 * 56 cm,taxable,1,0,0,131.25,,,https://static.musaibrand.com/images/models/0307-K/model/large/0307-K_22202_2_1.jpg,MU0307-K,50,Size,10,,1,,Color,Fluor verde/negru,,1,,,,,,,,,,,,[45cm]·[56cm],8435782521160
variation,MU03072722202-K,,1,0,visible,,Dimensiuni: 47 * 60 cm,taxable,1,0,0,131.25,,,https://static.musaibrand.com/images/models/0307-K/model/large/0307-K_22202_2_1.jpg,MU0307-K,51,Size,12,,1,,Color,Fluor verde/negru,,1,,,,,,,,,,,,[47cm]·[60cm],8435782521238
variation,MU03072822202-K,,1,0,visible,,Dimensiuni: 49 * 64 cm,taxable,1,0,0,131.25,,,https://static.musaibrand.com/images/models/0307-K/model/large/0307-K_22202_2_1.jpg,MU0307-K,52,Size,14,,1,,Color,Fluor verde/negru,,1,,,,,,,,,,,,[49cm]·[64cm],8435782521306
variation,MU03070022302-K,,1,0,visible,,Dimensiuni: 52 * 68 cm,taxable,1,0,0,131.25,,,https://static.musaibrand.com/images/models/0307-K/model/large/0307-K_22302_2_1.jpg,MU0307-K,53,Size,XS,,1,,Color,Fluor portocaliu/negru,,1,,,,,,,,,,,,[52cm]·[68cm],8435782520477
variation,MU03070122302-K,,1,0,visible,,Dimensiuni: 54 * 69 cm,taxable,1,0,0,131.25,,,https://static.musaibrand.com/images/models/0307-K/model/large/0307-K_22302_2_1.jpg,MU0307-K,54,Size,S,,1,,Color,Fluor portocaliu/negru,,1,,,,,,,,,,,,[54cm]·[69cm],8435782520545
variation,MU03070222302-K,,1,0,visible,,Dimensiuni: 57 * 70 cm,taxable,1,0,0,131.25,,,https://static.musaibrand.com/images/models/0307-K/model/large/0307-K_22302_2_1.jpg,MU0307-K,55,Size,M,,1,,Color,Fluor portocaliu/negru,,1,,,,,,,,,,,,[57cm]·[70cm],8435782520613
variation,MU03070322302-K,,1,0,visible,,Dimensiuni: 60 * 72 cm,taxable,1,0,0,131.25,,,https://static.musaibrand.com/images/models/0307-K/model/large/0307-K_22302_2_1.jpg,MU0307-K,56,Size,L,,1,,Color,Fluor portocaliu/negru,,1,,,,,,,,,,,,[60cm]·[72cm],8435782520682
variation,MU03070422302-K,,1,0,visible,,Dimensiuni: 63 * 75 cm,taxable,1,0,0,131.25,,,https://static.musaibrand.com/images/models/0307-K/model/large/0307-K_22302_2_1.jpg,MU0307-K,57,Size,XL,,1,,Color,Fluor portocaliu/negru,,1,,,,,,,,,,,,[63cm]·[75cm],8435782520750
variation,MU03070522302-K,,1,0,visible,,Dimensiuni: 66 * 78 cm,taxable,1,0,0,131.25,,,https://static.musaibrand.com/images/models/0307-K/model/large/0307-K_22302_2_1.jpg,MU0307-K,58,Size,2XL,,1,,Color,Fluor portocaliu/negru,,1,,,,,,,,,,,,[66cm]·[78cm],8435782520828
variation,MU03070622302-K,,1,0,visible,,Dimensiuni: 69 * 81 cm,taxable,1,0,0,131.25,,,https://static.musaibrand.com/images/models/0307-K/model/large/0307-K_22302_2_1.jpg,MU0307-K,59,Size,3XL,,1,,Color,Fluor portocaliu/negru,,1,,,,,,,,,,,,[69cm]·[81cm],8435782520897
variation,MU03072222302-K,,1,0,visible,,Dimensiuni: 37 * 44 cm,taxable,1,0,0,131.25,,,https://static.musaibrand.com/images/models/0307-K/model/large/0307-K_22302_2_1.jpg,MU0307-K,60,Size,4,,1,,Color,Fluor portocaliu/negru,,1,,,,,,,,,,,,[37cm]·[44cm],8435782520965
variation,MU03072422302-K,,1,0,visible,,Dimensiuni: 40 * 48 cm,taxable,1,0,0,131.25,,,https://static.musaibrand.com/images/models/0307-K/model/large/0307-K_22302_2_1.jpg,MU0307-K,61,Size,6,,1,,Color,Fluor portocaliu/negru,,1,,,,,,,,,,,,[40cm]·[48cm],8435782521030
variation,MU03072522302-K,,1,0,visible,,Dimensiuni: 43 * 52 cm,taxable,1,0,0,131.25,,,https://static.musaibrand.com/images/models/0307-K/model/large/0307-K_22302_2_1.jpg,MU0307-K,62,Size,8,,1,,Color,Fluor portocaliu/negru,,1,,,,,,,,,,,,[43cm]·[52cm],8435782521108
variation,MU03072622302-K,,1,0,visible,,Dimensiuni: 45 * 56 cm,taxable,1,0,0,131.25,,,https://static.musaibrand.com/images/models/0307-K/model/large/0307-K_22302_2_1.jpg,MU0307-K,63,Size,10,,1,,Color,Fluor portocaliu/negru,,1,,,,,,,,,,,,[45cm]·[56cm],8435782521177
variation,MU03072722302-K,,1,0,visible,,Dimensiuni: 47 * 60 cm,taxable,1,0,0,131.25,,,https://static.musaibrand.com/images/models/0307-K/model/large/0307-K_22302_2_1.jpg,MU0307-K,64,Size,12,,1,,Color,Fluor portocaliu/negru,,1,,,,,,,,,,,,[47cm]·[60cm],8435782521245
variation,MU03072822302-K,,1,0,visible,,Dimensiuni: 49 * 64 cm,taxable,1,0,0,131.25,,,https://static.musaibrand.com/images/models/0307-K/model/large/0307-K_22302_2_1.jpg,MU0307-K,65,Size,14,,1,,Color,Fluor portocaliu/negru,,1,,,,,,,,,,,,[49cm]·[64cm],8435782521313
variation,MU03070025802-K,,1,0,visible,,Dimensiuni: 52 * 68 cm,taxable,1,0,0,131.25,,,https://static.musaibrand.com/images/models/0307-K/model/large/0307-K_25802_2_1.jpg,MU0307-K,66,Size,XS,,1,,Color,Gri deschis/negru,,1,,,,,,,,,,,,[52cm]·[68cm],8435782520484
variation,MU03070125802-K,,1,0,visible,,Dimensiuni: 54 * 69 cm,taxable,1,0,0,131.25,,,https://static.musaibrand.com/images/models/0307-K/model/large/0307-K_25802_2_1.jpg,MU0307-K,67,Size,S,,1,,Color,Gri deschis/negru,,1,,,,,,,,,,,,[54cm]·[69cm],8435782520552
variation,MU03070225802-K,,1,0,visible,,Dimensiuni: 57 * 70 cm,taxable,1,0,0,131.25,,,https://static.musaibrand.com/images/models/0307-K/model/large/0307-K_25802_2_1.jpg,MU0307-K,68,Size,M,,1,,Color,Gri deschis/negru,,1,,,,,,,,,,,,[57cm]·[70cm],8435782520620
variation,MU03070325802-K,,1,0,visible,,Dimensiuni: 60 * 72 cm,taxable,1,0,0,131.25,,,https://static.musaibrand.com/images/models/0307-K/model/large/0307-K_25802_2_1.jpg,MU0307-K,69,Size,L,,1,,Color,Gri deschis/negru,,1,,,,,,,,,,,,[60cm]·[72cm],8435782520699
variation,MU03070425802-K,,1,0,visible,,Dimensiuni: 63 * 75 cm,taxable,1,0,0,131.25,,,https://static.musaibrand.com/images/models/0307-K/model/large/0307-K_25802_2_1.jpg,MU0307-K,70,Size,XL,,1,,Color,Gri deschis/negru,,1,,,,,,,,,,,,[63cm]·[75cm],8435782520767
variation,MU03070525802-K,,1,0,visible,,Dimensiuni: 66 * 78 cm,taxable,1,0,0,131.25,,,https://static.musaibrand.com/images/models/0307-K/model/large/0307-K_25802_2_1.jpg,MU0307-K,71,Size,2XL,,1,,Color,Gri deschis/negru,,1,,,,,,,,,,,,[66cm]·[78cm],8435782520835
variation,MU03070625802-K,,1,0,visible,,Dimensiuni: 69 * 81 cm,taxable,1,0,0,131.25,,,https://static.musaibrand.com/images/models/0307-K/model/large/0307-K_25802_2_1.jpg,MU0307-K,72,Size,3XL,,1,,Color,Gri deschis/negru,,1,,,,,,,,,,,,[69cm]·[81cm],8435782520903
variation,MU03072225802-K,,1,0,visible,,Dimensiuni: 37 * 44 cm,taxable,1,0,0,131.25,,,https://static.musaibrand.com/images/models/0307-K/model/large/0307-K_25802_2_1.jpg,MU0307-K,73,Size,4,,1,,Color,Gri deschis/negru,,1,,,,,,,,,,,,[37cm]·[44cm],8435782520972
variation,MU03072425802-K,,1,0,visible,,Dimensiuni: 40 * 48 cm,taxable,1,0,0,131.25,,,https://static.musaibrand.com/images/models/0307-K/model/large/0307-K_25802_2_1.jpg,MU0307-K,74,Size,6,,1,,Color,Gri deschis/negru,,1,,,,,,,,,,,,[40cm]·[48cm],8435782521047
variation,MU03072525802-K,,1,0,visible,,Dimensiuni: 43 * 52 cm,taxable,1,0,0,131.25,,,https://static.musaibrand.com/images/models/0307-K/model/large/0307-K_25802_2_1.jpg,MU0307-K,75,Size,8,,1,,Color,Gri deschis/negru,,1,,,,,,,,,,,,[43cm]·[52cm],8435782521115
variation,MU03072625802-K,,1,0,visible,,Dimensiuni: 45 * 56 cm,taxable,1,0,0,131.25,,,https://static.musaibrand.com/images/models/0307-K/model/large/0307-K_25802_2_1.jpg,MU0307-K,76,Size,10,,1,,Color,Gri deschis/negru,,1,,,,,,,,,,,,[45cm]·[56cm],8435782521184
variation,MU03072725802-K,,1,0,visible,,Dimensiuni: 47 * 60 cm,taxable,1,0,0,131.25,,,https://static.musaibrand.com/images/models/0307-K/model/large/0307-K_25802_2_1.jpg,MU0307-K,77,Size,12,,1,,Color,Gri deschis/negru,,1,,,,,,,,,,,,[47cm]·[60cm],8435782521252
variation,MU03072825802-K,,1,0,visible,,Dimensiuni: 49 * 64 cm,taxable,1,0,0,131.25,,,https://static.musaibrand.com/images/models/0307-K/model/large/0307-K_25802_2_1.jpg,MU0307-K,78,Size,14,,1,,Color,Gri deschis/negru,,1,,,,,,,,,,,,[49cm]·[64cm],8435782521320
variation,MU0307003402-K,,1,0,visible,,Dimensiuni: 52 * 68 cm,taxable,1,0,0,131.25,,,https://static.musaibrand.com/images/models/0307-K/model/large/0307-K_3402_2_1.jpg,MU0307-K,79,Size,XS,,1,,Color,Gum roz/negru,,1,,,,,,,,,,,,[52cm]·[68cm],8435782520491
variation,MU0307013402-K,,1,0,visible,,Dimensiuni: 54 * 69 cm,taxable,1,0,0,131.25,,,https://static.musaibrand.com/images/models/0307-K/model/large/0307-K_3402_2_1.jpg,MU0307-K,80,Size,S,,1,,Color,Gum roz/negru,,1,,,,,,,,,,,,[54cm]·[69cm],8435782520569
variation,MU0307023402-K,,1,0,visible,,Dimensiuni: 57 * 70 cm,taxable,1,0,0,131.25,,,https://static.musaibrand.com/images/models/0307-K/model/large/0307-K_3402_2_1.jpg,MU0307-K,81,Size,M,,1,,Color,Gum roz/negru,,1,,,,,,,,,,,,[57cm]·[70cm],8435782520637
variation,MU0307033402-K,,1,0,visible,,Dimensiuni: 60 * 72 cm,taxable,1,0,0,131.25,,,https://static.musaibrand.com/images/models/0307-K/model/large/0307-K_3402_2_1.jpg,MU0307-K,82,Size,L,,1,,Color,Gum roz/negru,,1,,,,,,,,,,,,[60cm]·[72cm],8435782520705
variation,MU0307043402-K,,1,0,visible,,Dimensiuni: 63 * 75 cm,taxable,1,0,0,131.25,,,https://static.musaibrand.com/images/models/0307-K/model/large/0307-K_3402_2_1.jpg,MU0307-K,83,Size,XL,,1,,Color,Gum roz/negru,,1,,,,,,,,,,,,[63cm]·[75cm],8435782520774
variation,MU0307053402-K,,1,0,visible,,Dimensiuni: 66 * 78 cm,taxable,1,0,0,131.25,,,https://static.musaibrand.com/images/models/0307-K/model/large/0307-K_3402_2_1.jpg,MU0307-K,84,Size,2XL,,1,,Color,Gum roz/negru,,1,,,,,,,,,,,,[66cm]·[78cm],8435782520842
variation,MU0307063402-K,,1,0,visible,,Dimensiuni: 69 * 81 cm,taxable,1,0,0,131.25,,,https://static.musaibrand.com/images/models/0307-K/model/large/0307-K_3402_2_1.jpg,MU0307-K,85,Size,3XL,,1,,Color,Gum roz/negru,,1,,,,,,,,,,,,[69cm]·[81cm],8435782520910
variation,MU0307223402-K,,1,0,visible,,Dimensiuni: 37 * 44 cm,taxable,1,0,0,131.25,,,https://static.musaibrand.com/images/models/0307-K/model/large/0307-K_3402_2_1.jpg,MU0307-K,86,Size,4,,1,,Color,Gum roz/negru,,1,,,,,,,,,,,,[37cm]·[44cm],8435782520989
variation,MU0307243402-K,,1,0,visible,,Dimensiuni: 40 * 48 cm,taxable,1,0,0,131.25,,,https://static.musaibrand.com/images/models/0307-K/model/large/0307-K_3402_2_1.jpg,MU0307-K,87,Size,6,,1,,Color,Gum roz/negru,,1,,,,,,,,,,,,[40cm]·[48cm],8435782521054
variation,MU0307253402-K,,1,0,visible,,Dimensiuni: 43 * 52 cm,taxable,1,0,0,131.25,,,https://static.musaibrand.com/images/models/0307-K/model/large/0307-K_3402_2_1.jpg,MU0307-K,88,Size,8,,1,,Color,Gum roz/negru,,1,,,,,,,,,,,,[43cm]·[52cm],8435782521122
variation,MU0307263402-K,,1,0,visible,,Dimensiuni: 45 * 56 cm,taxable,1,0,0,131.25,,,https://static.musaibrand.com/images/models/0307-K/model/large/0307-K_3402_2_1.jpg,MU0307-K,89,Size,10,,1,,Color,Gum roz/negru,,1,,,,,,,,,,,,[45cm]·[56cm],8435782521191
variation,MU0307273402-K,,1,0,visible,,Dimensiuni: 47 * 60 cm,taxable,1,0,0,131.25,,,https://static.musaibrand.com/images/models/0307-K/model/large/0307-K_3402_2_1.jpg,MU0307-K,90,Size,12,,1,,Color,Gum roz/negru,,1,,,,,,,,,,,,[47cm]·[60cm],8435782521269
variation,MU0307283402-K,,1,0,visible,,Dimensiuni: 49 * 64 cm,taxable,1,0,0,131.25,,,https://static.musaibrand.com/images/models/0307-K/model/large/0307-K_3402_2_1.jpg,MU0307-K,91,Size,14,,1,,Color,Gum roz/negru,,1,,,,,,,,,,,,[49cm]·[64cm],8435782521337
variation,MU0307006002-K,,1,0,visible,,Dimensiuni: 52 * 68 cm,taxable,1,0,0,131.25,,,https://static.musaibrand.com/images/models/0307-K/model/large/0307-K_6002_2_1.jpg,MU0307-K,92,Size,XS,,1,,Color,Roșu/negru,,1,,,,,,,,,,,,[52cm]·[68cm],8435782520507
variation,MU0307016002-K,,1,0,visible,,Dimensiuni: 54 * 69 cm,taxable,1,0,0,131.25,,,https://static.musaibrand.com/images/models/0307-K/model/large/0307-K_6002_2_1.jpg,MU0307-K,93,Size,S,,1,,Color,Roșu/negru,,1,,,,,,,,,,,,[54cm]·[69cm],8435782520576
variation,MU0307026002-K,,1,0,visible,,Dimensiuni: 57 * 70 cm,taxable,1,0,0,131.25,,,https://static.musaibrand.com/images/models/0307-K/model/large/0307-K_6002_2_1.jpg,MU0307-K,94,Size,M,,1,,Color,Roșu/negru,,1,,,,,,,,,,,,[57cm]·[70cm],8435782520644
variation,MU0307036002-K,,1,0,visible,,Dimensiuni: 60 * 72 cm,taxable,1,0,0,131.25,,,https://static.musaibrand.com/images/models/0307-K/model/large/0307-K_6002_2_1.jpg,MU0307-K,95,Size,L,,1,,Color,Roșu/negru,,1,,,,,,,,,,,,[60cm]·[72cm],8435782520712
variation,MU0307046002-K,,1,0,visible,,Dimensiuni: 63 * 75 cm,taxable,1,0,0,131.25,,,https://static.musaibrand.com/images/models/0307-K/model/large/0307-K_6002_2_1.jpg,MU0307-K,96,Size,XL,,1,,Color,Roșu/negru,,1,,,,,,,,,,,,[63cm]·[75cm],8435782520781
variation,MU0307056002-K,,1,0,visible,,Dimensiuni: 66 * 78 cm,taxable,1,0,0,131.25,,,https://static.musaibrand.com/images/models/0307-K/model/large/0307-K_6002_2_1.jpg,MU0307-K,97,Size,2XL,,1,,Color,Roșu/negru,,1,,,,,,,,,,,,[66cm]·[78cm],8435782520859
variation,MU0307066002-K,,1,0,visible,,Dimensiuni: 69 * 81 cm,taxable,1,0,0,131.25,,,https://static.musaibrand.com/images/models/0307-K/model/large/0307-K_6002_2_1.jpg,MU0307-K,98,Size,3XL,,1,,Color,Roșu/negru,,1,,,,,,,,,,,,[69cm]·[81cm],8435782520927
variation,MU0307226002-K,,1,0,visible,,Dimensiuni: 37 * 44 cm,taxable,1,0,0,131.25,,,https://static.musaibrand.com/images/models/0307-K/model/large/0307-K_6002_2_1.jpg,MU0307-K,99,Size,4,,1,,Color,Roșu/negru,,1,,,,,,,,,,,,[37cm]·[44cm],8435782520996
variation,MU0307246002-K,,1,0,visible,,Dimensiuni: 40 * 48 cm,taxable,1,0,0,131.25,,,https://static.musaibrand.com/images/models/0307-K/model/large/0307-K_6002_2_1.jpg,MU0307-K,100,Size,6,,1,,Color,Roșu/negru,,1,,,,,,,,,,,,[40cm]·[48cm],8435782521061
variation,MU0307256002-K,,1,0,visible,,Dimensiuni: 43 * 52 cm,taxable,1,0,0,131.25,,,https://static.musaibrand.com/images/models/0307-K/model/large/0307-K_6002_2_1.jpg,MU0307-K,101,Size,8,,1,,Color,Roșu/negru,,1,,,,,,,,,,,,[43cm]·[52cm],8435782521139
variation,MU0307266002-K,,1,0,visible,,Dimensiuni: 45 * 56 cm,taxable,1,0,0,131.25,,,https://static.musaibrand.com/images/models/0307-K/model/large/0307-K_6002_2_1.jpg,MU0307-K,102,Size,10,,1,,Color,Roșu/negru,,1,,,,,,,,,,,,[45cm]·[56cm],8435782521207
variation,MU0307276002-K,,1,0,visible,,Dimensiuni: 47 * 60 cm,taxable,1,0,0,131.25,,,https://static.musaibrand.com/images/models/0307-K/model/large/0307-K_6002_2_1.jpg,MU0307-K,103,Size,12,,1,,Color,Roșu/negru,,1,,,,,,,,,,,,[47cm]·[60cm],8435782521276
variation,MU0307286002-K,,1,0,visible,,Dimensiuni: 49 * 64 cm,taxable,1,0,0,131.25,,,https://static.musaibrand.com/images/models/0307-K/model/large/0307-K_6002_2_1.jpg,MU0307-K,104,Size,14,,1,,Color,Roșu/negru,,1,,,,,,,,,,,,[49cm]·[64cm],8435782521344
variable,MU0308,Hanorac - Ishi,1,0,visible,,"<p>Hanorac tehnic unisex cu guler înalt, confecționat din poliester piqué reciclat și căptușeală moale periată.</p><p><strong>Compoziție:</strong> 100% poliester pique reciclat</p><p><br>· Guler din același material.<br>· Acoperire elastică a cusăturii pe guler.<br>· Clapetă interioară și apărătoare de bărbie pe toată lungimea.<br>· Fermoar personalizat cu imagine marcă.<br>· Design parte față-spate și corp viu contrastant.<br>· Manșete cu nervuri de 470 g/m² și culori în  contrast.<br>· Detaliu cu logo brodat pe mânecă.</p><h4>Dimensiuni</h4><table style='border-collapse:collapse;margin:8px 0'><tr><th style='padding:4px 12px;border:1px solid #ddd;text-align:left'>Mărime</th><th style='padding:4px 12px;border:1px solid #ddd;text-align:left'>Dimensiuni</th></tr><tr><td style='padding:4px 12px;border:1px solid #ddd'>XS</td><td style='padding:4px 12px;border:1px solid #ddd'>53 * 66 cm</td></tr><tr><td style='padding:4px 12px;border:1px solid #ddd'>S</td><td style='padding:4px 12px;border:1px solid #ddd'>55 * 68 cm</td></tr><tr><td style='padding:4px 12px;border:1px solid #ddd'>M</td><td style='padding:4px 12px;border:1px solid #ddd'>57 * 70 cm</td></tr><tr><td style='padding:4px 12px;border:1px solid #ddd'>L</td><td style='padding:4px 12px;border:1px solid #ddd'>59 * 72 cm</td></tr><tr><td style='padding:4px 12px;border:1px solid #ddd'>XL</td><td style='padding:4px 12px;border:1px solid #ddd'>62 * 74 cm</td></tr><tr><td style='padding:4px 12px;border:1px solid #ddd'>2XL</td><td style='padding:4px 12px;border:1px solid #ddd'>65 * 76 cm</td></tr><tr><td style='padding:4px 12px;border:1px solid #ddd'>3XL</td><td style='padding:4px 12px;border:1px solid #ddd'>68 * 78 cm</td></tr><tr><td style='padding:4px 12px;border:1px solid #ddd'>4</td><td style='padding:4px 12px;border:1px solid #ddd'>37 * 44 cm</td></tr><tr><td style='padding:4px 12px;border:1px solid #ddd'>6</td><td style='padding:4px 12px;border:1px solid #ddd'>40 * 48 cm</td></tr><tr><td style='padding:4px 12px;border:1px solid #ddd'>8</td><td style='padding:4px 12px;border:1px solid #ddd'>43 * 52 cm</td></tr><tr><td style='padding:4px 12px;border:1px solid #ddd'>10</td><td style='padding:4px 12px;border:1px solid #ddd'>45 * 56 cm</td></tr><tr><td style='padding:4px 12px;border:1px solid #ddd'>12</td><td style='padding:4px 12px;border:1px solid #ddd'>47 * 60 cm</td></tr><tr><td style='padding:4px 12px;border:1px solid #ddd'>14</td><td style='padding:4px 12px;border:1px solid #ddd'>49 * 64 cm</td></tr></table>",taxable,1,0,0,,Hanorace,MUSAI,"https://static.musaibrand.com/images/models/0308/model/large/0308_0155_1_1.jpg,https://static.musaibrand.com/images/models/0308/model/large/0308_0201_1_1.jpg,https://static.musaibrand.com/images/models/0308/model/large/0308_0355_1_1.jpg,https://static.musaibrand.com/images/models/0308/model/large/0308_0555_1_1.jpg,https://static.musaibrand.com/images/models/0308/model/large/0308_1055_1_1.jpg,https://static.musaibrand.com/images/models/0308/model/large/0308_17655_1_1.jpg,https://static.musaibrand.com/images/models/0308/model/large/0308_25801_1_1.jpg,https://static.musaibrand.com/images/models/0308/model/large/0308_5501_1_1.jpg,https://static.musaibrand.com/images/models/0308/model/large/0308_5534_1_1.jpg,https://static.musaibrand.com/images/models/0308/model/large/0308_6055_1_1.jpg,https://static.musaibrand.com/images/models/0308/model/large/0308_0155_2_1.jpg,https://static.musaibrand.com/images/models/0308/model/large/0308_0201_2_1.jpg,https://static.musaibrand.com/images/models/0308/model/large/0308_0355_2_1.jpg,https://static.musaibrand.com/images/models/0308/model/large/0308_0555_2_1.jpg,https://static.musaibrand.com/images/models/0308/model/large/0308_1055_2_1.jpg,https://static.musaibrand.com/images/models/0308/model/large/0308_17655_2_1.jpg,https://static.musaibrand.com/images/models/0308/model/large/0308_25801_2_1.jpg,https://static.musaibrand.com/images/models/0308/model/large/0308_5501_2_1.jpg,https://static.musaibrand.com/images/models/0308/model/large/0308_5534_2_1.jpg,https://static.musaibrand.com/images/models/0308/model/large/0308_6055_2_1.jpg",,0,Size,"XS, S, M, L, XL, 2XL, 3XL, 4, 6, 8, 10, 12, 14",1,1,,Color,"Alb/Navy Blue, Negru/alb, Galben/Navy Blue, Albastru regal/albastru marin, Albastru deschis/Navy Blue, Turcoaz fluor/Navy Blue, Gri deschis/alb, Alb/marin, Albastru marin / roz gumă, Roșu/albastru marin",1,1,,Gender,Unisex,1,1,,Dimensiuni,"[53cm]·[66cm], [55cm]·[68cm], [57cm]·[70cm], [59cm]·[72cm], [62cm]·[74cm], [65cm]·[76cm], [68cm]·[78cm], [37cm]·[44cm], [40cm]·[48cm], [43cm]·[52cm], [45cm]·[56cm], [47cm]·[60cm], [49cm]·[64cm]",1,0,,,
variation,MU0308000155,,1,0,visible,,Dimensiuni: 53 * 66 cm,taxable,1,0,0,147,,,https://static.musaibrand.com/images/models/0308/model/large/0308_0155_2_1.jpg,MU0308,1,Size,XS,,1,,Color,Alb/Navy Blue,,1,,,,,,,,,,,,[53cm]·[66cm],8435782521351
variation,MU0308010155,,1,0,visible,,Dimensiuni: 55 * 68 cm,taxable,1,0,0,147,,,https://static.musaibrand.com/images/models/0308/model/large/0308_0155_2_1.jpg,MU0308,2,Size,S,,1,,Color,Alb/Navy Blue,,1,,,,,,,,,,,,[55cm]·[68cm],8435782521450
variation,MU0308020155,,1,0,visible,,Dimensiuni: 57 * 70 cm,taxable,1,0,0,147,,,https://static.musaibrand.com/images/models/0308/model/large/0308_0155_2_1.jpg,MU0308,3,Size,M,,1,,Color,Alb/Navy Blue,,1,,,,,,,,,,,,[57cm]·[70cm],8435782521559
variation,MU0308030155,,1,0,visible,,Dimensiuni: 59 * 72 cm,taxable,1,0,0,147,,,https://static.musaibrand.com/images/models/0308/model/large/0308_0155_2_1.jpg,MU0308,4,Size,L,,1,,Color,Alb/Navy Blue,,1,,,,,,,,,,,,[59cm]·[72cm],8435782521658
variation,MU0308040155,,1,0,visible,,Dimensiuni: 62 * 74 cm,taxable,1,0,0,147,,,https://static.musaibrand.com/images/models/0308/model/large/0308_0155_2_1.jpg,MU0308,5,Size,XL,,1,,Color,Alb/Navy Blue,,1,,,,,,,,,,,,[62cm]·[74cm],8435782521757
variation,MU0308050155,,1,0,visible,,Dimensiuni: 65 * 76 cm,taxable,1,0,0,147,,,https://static.musaibrand.com/images/models/0308/model/large/0308_0155_2_1.jpg,MU0308,6,Size,2XL,,1,,Color,Alb/Navy Blue,,1,,,,,,,,,,,,[65cm]·[76cm],8435782521856
variation,MU0308060155,,1,0,visible,,Dimensiuni: 68 * 78 cm,taxable,1,0,0,147,,,https://static.musaibrand.com/images/models/0308/model/large/0308_0155_2_1.jpg,MU0308,7,Size,3XL,,1,,Color,Alb/Navy Blue,,1,,,,,,,,,,,,[68cm]·[78cm],8435782521955
variation,MU0308220155,,1,0,visible,,Dimensiuni: 37 * 44 cm,taxable,1,0,0,147,,,https://static.musaibrand.com/images/models/0308/model/large/0308_0155_2_1.jpg,MU0308,8,Size,4,,1,,Color,Alb/Navy Blue,,1,,,,,,,,,,,,[37cm]·[44cm],8435782522051
variation,MU0308240155,,1,0,visible,,Dimensiuni: 40 * 48 cm,taxable,1,0,0,147,,,https://static.musaibrand.com/images/models/0308/model/large/0308_0155_2_1.jpg,MU0308,9,Size,6,,1,,Color,Alb/Navy Blue,,1,,,,,,,,,,,,[40cm]·[48cm],8435782522150
variation,MU0308250155,,1,0,visible,,Dimensiuni: 43 * 52 cm,taxable,1,0,0,147,,,https://static.musaibrand.com/images/models/0308/model/large/0308_0155_2_1.jpg,MU0308,10,Size,8,,1,,Color,Alb/Navy Blue,,1,,,,,,,,,,,,[43cm]·[52cm],8435782522259
variation,MU0308260155,,1,0,visible,,Dimensiuni: 45 * 56 cm,taxable,1,0,0,147,,,https://static.musaibrand.com/images/models/0308/model/large/0308_0155_2_1.jpg,MU0308,11,Size,10,,1,,Color,Alb/Navy Blue,,1,,,,,,,,,,,,[45cm]·[56cm],8435782522358
variation,MU0308270155,,1,0,visible,,Dimensiuni: 47 * 60 cm,taxable,1,0,0,147,,,https://static.musaibrand.com/images/models/0308/model/large/0308_0155_2_1.jpg,MU0308,12,Size,12,,1,,Color,Alb/Navy Blue,,1,,,,,,,,,,,,[47cm]·[60cm],8435782522457
variation,MU0308280155,,1,0,visible,,Dimensiuni: 49 * 64 cm,taxable,1,0,0,147,,,https://static.musaibrand.com/images/models/0308/model/large/0308_0155_2_1.jpg,MU0308,13,Size,14,,1,,Color,Alb/Navy Blue,,1,,,,,,,,,,,,[49cm]·[64cm],8435782522556
variation,MU0308000201,,1,0,visible,,Dimensiuni: 53 * 66 cm,taxable,1,0,0,147,,,https://static.musaibrand.com/images/models/0308/model/large/0308_0201_2_1.jpg,MU0308,14,Size,XS,,1,,Color,Negru/alb,,1,,,,,,,,,,,,[53cm]·[66cm],8435782521368
variation,MU0308010201,,1,0,visible,,Dimensiuni: 55 * 68 cm,taxable,1,0,0,147,,,https://static.musaibrand.com/images/models/0308/model/large/0308_0201_2_1.jpg,MU0308,15,Size,S,,1,,Color,Negru/alb,,1,,,,,,,,,,,,[55cm]·[68cm],8435782521467
variation,MU0308020201,,1,0,visible,,Dimensiuni: 57 * 70 cm,taxable,1,0,0,147,,,https://static.musaibrand.com/images/models/0308/model/large/0308_0201_2_1.jpg,MU0308,16,Size,M,,1,,Color,Negru/alb,,1,,,,,,,,,,,,[57cm]·[70cm],8435782521566
variation,MU0308030201,,1,0,visible,,Dimensiuni: 59 * 72 cm,taxable,1,0,0,147,,,https://static.musaibrand.com/images/models/0308/model/large/0308_0201_2_1.jpg,MU0308,17,Size,L,,1,,Color,Negru/alb,,1,,,,,,,,,,,,[59cm]·[72cm],8435782521665
variation,MU0308040201,,1,0,visible,,Dimensiuni: 62 * 74 cm,taxable,1,0,0,147,,,https://static.musaibrand.com/images/models/0308/model/large/0308_0201_2_1.jpg,MU0308,18,Size,XL,,1,,Color,Negru/alb,,1,,,,,,,,,,,,[62cm]·[74cm],8435782521764
variation,MU0308050201,,1,0,visible,,Dimensiuni: 65 * 76 cm,taxable,1,0,0,147,,,https://static.musaibrand.com/images/models/0308/model/large/0308_0201_2_1.jpg,MU0308,19,Size,2XL,,1,,Color,Negru/alb,,1,,,,,,,,,,,,[65cm]·[76cm],8435782521863
variation,MU0308060201,,1,0,visible,,Dimensiuni: 68 * 78 cm,taxable,1,0,0,147,,,https://static.musaibrand.com/images/models/0308/model/large/0308_0201_2_1.jpg,MU0308,20,Size,3XL,,1,,Color,Negru/alb,,1,,,,,,,,,,,,[68cm]·[78cm],8435782521962
variation,MU0308220201,,1,0,visible,,Dimensiuni: 37 * 44 cm,taxable,1,0,0,147,,,https://static.musaibrand.com/images/models/0308/model/large/0308_0201_2_1.jpg,MU0308,21,Size,4,,1,,Color,Negru/alb,,1,,,,,,,,,,,,[37cm]·[44cm],8435782522068
variation,MU0308240201,,1,0,visible,,Dimensiuni: 40 * 48 cm,taxable,1,0,0,147,,,https://static.musaibrand.com/images/models/0308/model/large/0308_0201_2_1.jpg,MU0308,22,Size,6,,1,,Color,Negru/alb,,1,,,,,,,,,,,,[40cm]·[48cm],8435782522167
variation,MU0308250201,,1,0,visible,,Dimensiuni: 43 * 52 cm,taxable,1,0,0,147,,,https://static.musaibrand.com/images/models/0308/model/large/0308_0201_2_1.jpg,MU0308,23,Size,8,,1,,Color,Negru/alb,,1,,,,,,,,,,,,[43cm]·[52cm],8435782522266
variation,MU0308260201,,1,0,visible,,Dimensiuni: 45 * 56 cm,taxable,1,0,0,147,,,https://static.musaibrand.com/images/models/0308/model/large/0308_0201_2_1.jpg,MU0308,24,Size,10,,1,,Color,Negru/alb,,1,,,,,,,,,,,,[45cm]·[56cm],8435782522365
variation,MU0308270201,,1,0,visible,,Dimensiuni: 47 * 60 cm,taxable,1,0,0,147,,,https://static.musaibrand.com/images/models/0308/model/large/0308_0201_2_1.jpg,MU0308,25,Size,12,,1,,Color,Negru/alb,,1,,,,,,,,,,,,[47cm]·[60cm],8435782522464
variation,MU0308280201,,1,0,visible,,Dimensiuni: 49 * 64 cm,taxable,1,0,0,147,,,https://static.musaibrand.com/images/models/0308/model/large/0308_0201_2_1.jpg,MU0308,26,Size,14,,1,,Color,Negru/alb,,1,,,,,,,,,,,,[49cm]·[64cm],8435782522563
variation,MU0308000355,,1,0,visible,,Dimensiuni: 53 * 66 cm,taxable,1,0,0,147,,,https://static.musaibrand.com/images/models/0308/model/large/0308_0355_2_1.jpg,MU0308,27,Size,XS,,1,,Color,Galben/Navy Blue,,1,,,,,,,,,,,,[53cm]·[66cm],8435782521375
variation,MU0308010355,,1,0,visible,,Dimensiuni: 55 * 68 cm,taxable,1,0,0,147,,,https://static.musaibrand.com/images/models/0308/model/large/0308_0355_2_1.jpg,MU0308,28,Size,S,,1,,Color,Galben/Navy Blue,,1,,,,,,,,,,,,[55cm]·[68cm],8435782521474
variation,MU0308020355,,1,0,visible,,Dimensiuni: 57 * 70 cm,taxable,1,0,0,147,,,https://static.musaibrand.com/images/models/0308/model/large/0308_0355_2_1.jpg,MU0308,29,Size,M,,1,,Color,Galben/Navy Blue,,1,,,,,,,,,,,,[57cm]·[70cm],8435782521573
variation,MU0308030355,,1,0,visible,,Dimensiuni: 59 * 72 cm,taxable,1,0,0,147,,,https://static.musaibrand.com/images/models/0308/model/large/0308_0355_2_1.jpg,MU0308,30,Size,L,,1,,Color,Galben/Navy Blue,,1,,,,,,,,,,,,[59cm]·[72cm],8435782521672
variation,MU0308040355,,1,0,visible,,Dimensiuni: 62 * 74 cm,taxable,1,0,0,147,,,https://static.musaibrand.com/images/models/0308/model/large/0308_0355_2_1.jpg,MU0308,31,Size,XL,,1,,Color,Galben/Navy Blue,,1,,,,,,,,,,,,[62cm]·[74cm],8435782521771
variation,MU0308050355,,1,0,visible,,Dimensiuni: 65 * 76 cm,taxable,1,0,0,147,,,https://static.musaibrand.com/images/models/0308/model/large/0308_0355_2_1.jpg,MU0308,32,Size,2XL,,1,,Color,Galben/Navy Blue,,1,,,,,,,,,,,,[65cm]·[76cm],8435782521870
variation,MU0308060355,,1,0,visible,,Dimensiuni: 68 * 78 cm,taxable,1,0,0,147,,,https://static.musaibrand.com/images/models/0308/model/large/0308_0355_2_1.jpg,MU0308,33,Size,3XL,,1,,Color,Galben/Navy Blue,,1,,,,,,,,,,,,[68cm]·[78cm],8435782521979
variation,MU0308220355,,1,0,visible,,Dimensiuni: 37 * 44 cm,taxable,1,0,0,147,,,https://static.musaibrand.com/images/models/0308/model/large/0308_0355_2_1.jpg,MU0308,34,Size,4,,1,,Color,Galben/Navy Blue,,1,,,,,,,,,,,,[37cm]·[44cm],8435782522075
variation,MU0308240355,,1,0,visible,,Dimensiuni: 40 * 48 cm,taxable,1,0,0,147,,,https://static.musaibrand.com/images/models/0308/model/large/0308_0355_2_1.jpg,MU0308,35,Size,6,,1,,Color,Galben/Navy Blue,,1,,,,,,,,,,,,[40cm]·[48cm],8435782522174
variation,MU0308250355,,1,0,visible,,Dimensiuni: 43 * 52 cm,taxable,1,0,0,147,,,https://static.musaibrand.com/images/models/0308/model/large/0308_0355_2_1.jpg,MU0308,36,Size,8,,1,,Color,Galben/Navy Blue,,1,,,,,,,,,,,,[43cm]·[52cm],8435782522273
variation,MU0308260355,,1,0,visible,,Dimensiuni: 45 * 56 cm,taxable,1,0,0,147,,,https://static.musaibrand.com/images/models/0308/model/large/0308_0355_2_1.jpg,MU0308,37,Size,10,,1,,Color,Galben/Navy Blue,,1,,,,,,,,,,,,[45cm]·[56cm],8435782522372
variation,MU0308270355,,1,0,visible,,Dimensiuni: 47 * 60 cm,taxable,1,0,0,147,,,https://static.musaibrand.com/images/models/0308/model/large/0308_0355_2_1.jpg,MU0308,38,Size,12,,1,,Color,Galben/Navy Blue,,1,,,,,,,,,,,,[47cm]·[60cm],8435782522471
variation,MU0308280355,,1,0,visible,,Dimensiuni: 49 * 64 cm,taxable,1,0,0,147,,,https://static.musaibrand.com/images/models/0308/model/large/0308_0355_2_1.jpg,MU0308,39,Size,14,,1,,Color,Galben/Navy Blue,,1,,,,,,,,,,,,[49cm]·[64cm],8435782522570
variation,MU0308000555,,1,0,visible,,Dimensiuni: 53 * 66 cm,taxable,1,0,0,147,,,https://static.musaibrand.com/images/models/0308/model/large/0308_0555_2_1.jpg,MU0308,40,Size,XS,,1,,Color,Albastru regal/albastru marin,,1,,,,,,,,,,,,[53cm]·[66cm],8435782521382
variation,MU0308010555,,1,0,visible,,Dimensiuni: 55 * 68 cm,taxable,1,0,0,147,,,https://static.musaibrand.com/images/models/0308/model/large/0308_0555_2_1.jpg,MU0308,41,Size,S,,1,,Color,Albastru regal/albastru marin,,1,,,,,,,,,,,,[55cm]·[68cm],8435782521481
variation,MU0308020555,,1,0,visible,,Dimensiuni: 57 * 70 cm,taxable,1,0,0,147,,,https://static.musaibrand.com/images/models/0308/model/large/0308_0555_2_1.jpg,MU0308,42,Size,M,,1,,Color,Albastru regal/albastru marin,,1,,,,,,,,,,,,[57cm]·[70cm],8435782521580
variation,MU0308030555,,1,0,visible,,Dimensiuni: 59 * 72 cm,taxable,1,0,0,147,,,https://static.musaibrand.com/images/models/0308/model/large/0308_0555_2_1.jpg,MU0308,43,Size,L,,1,,Color,Albastru regal/albastru marin,,1,,,,,,,,,,,,[59cm]·[72cm],8435782521689
variation,MU0308040555,,1,0,visible,,Dimensiuni: 62 * 74 cm,taxable,1,0,0,147,,,https://static.musaibrand.com/images/models/0308/model/large/0308_0555_2_1.jpg,MU0308,44,Size,XL,,1,,Color,Albastru regal/albastru marin,,1,,,,,,,,,,,,[62cm]·[74cm],8435782521788
variation,MU0308050555,,1,0,visible,,Dimensiuni: 65 * 76 cm,taxable,1,0,0,147,,,https://static.musaibrand.com/images/models/0308/model/large/0308_0555_2_1.jpg,MU0308,45,Size,2XL,,1,,Color,Albastru regal/albastru marin,,1,,,,,,,,,,,,[65cm]·[76cm],8435782521887
variation,MU0308060555,,1,0,visible,,Dimensiuni: 68 * 78 cm,taxable,1,0,0,147,,,https://static.musaibrand.com/images/models/0308/model/large/0308_0555_2_1.jpg,MU0308,46,Size,3XL,,1,,Color,Albastru regal/albastru marin,,1,,,,,,,,,,,,[68cm]·[78cm],8435782521986
variation,MU0308220555,,1,0,visible,,Dimensiuni: 37 * 44 cm,taxable,1,0,0,147,,,https://static.musaibrand.com/images/models/0308/model/large/0308_0555_2_1.jpg,MU0308,47,Size,4,,1,,Color,Albastru regal/albastru marin,,1,,,,,,,,,,,,[37cm]·[44cm],8435782522082
variation,MU0308240555,,1,0,visible,,Dimensiuni: 40 * 48 cm,taxable,1,0,0,147,,,https://static.musaibrand.com/images/models/0308/model/large/0308_0555_2_1.jpg,MU0308,48,Size,6,,1,,Color,Albastru regal/albastru marin,,1,,,,,,,,,,,,[40cm]·[48cm],8435782522181
variation,MU0308250555,,1,0,visible,,Dimensiuni: 43 * 52 cm,taxable,1,0,0,147,,,https://static.musaibrand.com/images/models/0308/model/large/0308_0555_2_1.jpg,MU0308,49,Size,8,,1,,Color,Albastru regal/albastru marin,,1,,,,,,,,,,,,[43cm]·[52cm],8435782522280
variation,MU0308260555,,1,0,visible,,Dimensiuni: 45 * 56 cm,taxable,1,0,0,147,,,https://static.musaibrand.com/images/models/0308/model/large/0308_0555_2_1.jpg,MU0308,50,Size,10,,1,,Color,Albastru regal/albastru marin,,1,,,,,,,,,,,,[45cm]·[56cm],8435782522389
variation,MU0308270555,,1,0,visible,,Dimensiuni: 47 * 60 cm,taxable,1,0,0,147,,,https://static.musaibrand.com/images/models/0308/model/large/0308_0555_2_1.jpg,MU0308,51,Size,12,,1,,Color,Albastru regal/albastru marin,,1,,,,,,,,,,,,[47cm]·[60cm],8435782522488
variation,MU0308280555,,1,0,visible,,Dimensiuni: 49 * 64 cm,taxable,1,0,0,147,,,https://static.musaibrand.com/images/models/0308/model/large/0308_0555_2_1.jpg,MU0308,52,Size,14,,1,,Color,Albastru regal/albastru marin,,1,,,,,,,,,,,,[49cm]·[64cm],8435782522587
variation,MU0308001055,,1,0,visible,,Dimensiuni: 53 * 66 cm,taxable,1,0,0,147,,,https://static.musaibrand.com/images/models/0308/model/large/0308_1055_2_1.jpg,MU0308,53,Size,XS,,1,,Color,Albastru deschis/Navy Blue,,1,,,,,,,,,,,,[53cm]·[66cm],8435782521399
variation,MU0308011055,,1,0,visible,,Dimensiuni: 55 * 68 cm,taxable,1,0,0,147,,,https://static.musaibrand.com/images/models/0308/model/large/0308_1055_2_1.jpg,MU0308,54,Size,S,,1,,Color,Albastru deschis/Navy Blue,,1,,,,,,,,,,,,[55cm]·[68cm],8435782521498
variation,MU0308021055,,1,0,visible,,Dimensiuni: 57 * 70 cm,taxable,1,0,0,147,,,https://static.musaibrand.com/images/models/0308/model/large/0308_1055_2_1.jpg,MU0308,55,Size,M,,1,,Color,Albastru deschis/Navy Blue,,1,,,,,,,,,,,,[57cm]·[70cm],8435782521597
variation,MU0308031055,,1,0,visible,,Dimensiuni: 59 * 72 cm,taxable,1,0,0,147,,,https://static.musaibrand.com/images/models/0308/model/large/0308_1055_2_1.jpg,MU0308,56,Size,L,,1,,Color,Albastru deschis/Navy Blue,,1,,,,,,,,,,,,[59cm]·[72cm],8435782521696
variation,MU0308041055,,1,0,visible,,Dimensiuni: 62 * 74 cm,taxable,1,0,0,147,,,https://static.musaibrand.com/images/models/0308/model/large/0308_1055_2_1.jpg,MU0308,57,Size,XL,,1,,Color,Albastru deschis/Navy Blue,,1,,,,,,,,,,,,[62cm]·[74cm],8435782521795
variation,MU0308051055,,1,0,visible,,Dimensiuni: 65 * 76 cm,taxable,1,0,0,147,,,https://static.musaibrand.com/images/models/0308/model/large/0308_1055_2_1.jpg,MU0308,58,Size,2XL,,1,,Color,Albastru deschis/Navy Blue,,1,,,,,,,,,,,,[65cm]·[76cm],8435782521894
variation,MU0308061055,,1,0,visible,,Dimensiuni: 68 * 78 cm,taxable,1,0,0,147,,,https://static.musaibrand.com/images/models/0308/model/large/0308_1055_2_1.jpg,MU0308,59,Size,3XL,,1,,Color,Albastru deschis/Navy Blue,,1,,,,,,,,,,,,[68cm]·[78cm],8435782521993
variation,MU0308221055,,1,0,visible,,Dimensiuni: 37 * 44 cm,taxable,1,0,0,147,,,https://static.musaibrand.com/images/models/0308/model/large/0308_1055_2_1.jpg,MU0308,60,Size,4,,1,,Color,Albastru deschis/Navy Blue,,1,,,,,,,,,,,,[37cm]·[44cm],8435782522099
variation,MU0308241055,,1,0,visible,,Dimensiuni: 40 * 48 cm,taxable,1,0,0,147,,,https://static.musaibrand.com/images/models/0308/model/large/0308_1055_2_1.jpg,MU0308,61,Size,6,,1,,Color,Albastru deschis/Navy Blue,,1,,,,,,,,,,,,[40cm]·[48cm],8435782522198
variation,MU0308251055,,1,0,visible,,Dimensiuni: 43 * 52 cm,taxable,1,0,0,147,,,https://static.musaibrand.com/images/models/0308/model/large/0308_1055_2_1.jpg,MU0308,62,Size,8,,1,,Color,Albastru deschis/Navy Blue,,1,,,,,,,,,,,,[43cm]·[52cm],8435782522297
variation,MU0308261055,,1,0,visible,,Dimensiuni: 45 * 56 cm,taxable,1,0,0,147,,,https://static.musaibrand.com/images/models/0308/model/large/0308_1055_2_1.jpg,MU0308,63,Size,10,,1,,Color,Albastru deschis/Navy Blue,,1,,,,,,,,,,,,[45cm]·[56cm],8435782522396
variation,MU0308271055,,1,0,visible,,Dimensiuni: 47 * 60 cm,taxable,1,0,0,147,,,https://static.musaibrand.com/images/models/0308/model/large/0308_1055_2_1.jpg,MU0308,64,Size,12,,1,,Color,Albastru deschis/Navy Blue,,1,,,,,,,,,,,,[47cm]·[60cm],8435782522495
variation,MU0308281055,,1,0,visible,,Dimensiuni: 49 * 64 cm,taxable,1,0,0,147,,,https://static.musaibrand.com/images/models/0308/model/large/0308_1055_2_1.jpg,MU0308,65,Size,14,,1,,Color,Albastru deschis/Navy Blue,,1,,,,,,,,,,,,[49cm]·[64cm],8435782522594
variation,MU03080017655,,1,0,visible,,Dimensiuni: 53 * 66 cm,taxable,1,0,0,147,,,https://static.musaibrand.com/images/models/0308/model/large/0308_17655_2_1.jpg,MU0308,66,Size,XS,,1,,Color,Turcoaz fluor/Navy Blue,,1,,,,,,,,,,,,[53cm]·[66cm],8435782521405
variation,MU03080117655,,1,0,visible,,Dimensiuni: 55 * 68 cm,taxable,1,0,0,147,,,https://static.musaibrand.com/images/models/0308/model/large/0308_17655_2_1.jpg,MU0308,67,Size,S,,1,,Color,Turcoaz fluor/Navy Blue,,1,,,,,,,,,,,,[55cm]·[68cm],8435782521504
variation,MU03080217655,,1,0,visible,,Dimensiuni: 57 * 70 cm,taxable,1,0,0,147,,,https://static.musaibrand.com/images/models/0308/model/large/0308_17655_2_1.jpg,MU0308,68,Size,M,,1,,Color,Turcoaz fluor/Navy Blue,,1,,,,,,,,,,,,[57cm]·[70cm],8435782521603
variation,MU03080317655,,1,0,visible,,Dimensiuni: 59 * 72 cm,taxable,1,0,0,147,,,https://static.musaibrand.com/images/models/0308/model/large/0308_17655_2_1.jpg,MU0308,69,Size,L,,1,,Color,Turcoaz fluor/Navy Blue,,1,,,,,,,,,,,,[59cm]·[72cm],8435782521702
variation,MU03080417655,,1,0,visible,,Dimensiuni: 62 * 74 cm,taxable,1,0,0,147,,,https://static.musaibrand.com/images/models/0308/model/large/0308_17655_2_1.jpg,MU0308,70,Size,XL,,1,,Color,Turcoaz fluor/Navy Blue,,1,,,,,,,,,,,,[62cm]·[74cm],8435782521801
variation,MU03080517655,,1,0,visible,,Dimensiuni: 65 * 76 cm,taxable,1,0,0,147,,,https://static.musaibrand.com/images/models/0308/model/large/0308_17655_2_1.jpg,MU0308,71,Size,2XL,,1,,Color,Turcoaz fluor/Navy Blue,,1,,,,,,,,,,,,[65cm]·[76cm],8435782521900
variation,MU03080617655,,1,0,visible,,Dimensiuni: 68 * 78 cm,taxable,1,0,0,147,,,https://static.musaibrand.com/images/models/0308/model/large/0308_17655_2_1.jpg,MU0308,72,Size,3XL,,1,,Color,Turcoaz fluor/Navy Blue,,1,,,,,,,,,,,,[68cm]·[78cm],8435782522006
variation,MU03082217655,,1,0,visible,,Dimensiuni: 37 * 44 cm,taxable,1,0,0,147,,,https://static.musaibrand.com/images/models/0308/model/large/0308_17655_2_1.jpg,MU0308,73,Size,4,,1,,Color,Turcoaz fluor/Navy Blue,,1,,,,,,,,,,,,[37cm]·[44cm],8435782522105
variation,MU03082417655,,1,0,visible,,Dimensiuni: 40 * 48 cm,taxable,1,0,0,147,,,https://static.musaibrand.com/images/models/0308/model/large/0308_17655_2_1.jpg,MU0308,74,Size,6,,1,,Color,Turcoaz fluor/Navy Blue,,1,,,,,,,,,,,,[40cm]·[48cm],8435782522204
variation,MU03082517655,,1,0,visible,,Dimensiuni: 43 * 52 cm,taxable,1,0,0,147,,,https://static.musaibrand.com/images/models/0308/model/large/0308_17655_2_1.jpg,MU0308,75,Size,8,,1,,Color,Turcoaz fluor/Navy Blue,,1,,,,,,,,,,,,[43cm]·[52cm],8435782522303
variation,MU03082617655,,1,0,visible,,Dimensiuni: 45 * 56 cm,taxable,1,0,0,147,,,https://static.musaibrand.com/images/models/0308/model/large/0308_17655_2_1.jpg,MU0308,76,Size,10,,1,,Color,Turcoaz fluor/Navy Blue,,1,,,,,,,,,,,,[45cm]·[56cm],8435782522402
variation,MU03082717655,,1,0,visible,,Dimensiuni: 47 * 60 cm,taxable,1,0,0,147,,,https://static.musaibrand.com/images/models/0308/model/large/0308_17655_2_1.jpg,MU0308,77,Size,12,,1,,Color,Turcoaz fluor/Navy Blue,,1,,,,,,,,,,,,[47cm]·[60cm],8435782522501
variation,MU03082817655,,1,0,visible,,Dimensiuni: 49 * 64 cm,taxable,1,0,0,147,,,https://static.musaibrand.com/images/models/0308/model/large/0308_17655_2_1.jpg,MU0308,78,Size,14,,1,,Color,Turcoaz fluor/Navy Blue,,1,,,,,,,,,,,,[49cm]·[64cm],8435782522600
variation,MU03080025801,,1,0,visible,,Dimensiuni: 53 * 66 cm,taxable,1,0,0,147,,,https://static.musaibrand.com/images/models/0308/model/large/0308_25801_2_1.jpg,MU0308,79,Size,XS,,1,,Color,Gri deschis/alb,,1,,,,,,,,,,,,[53cm]·[66cm],8435782521412
variation,MU03080125801,,1,0,visible,,Dimensiuni: 55 * 68 cm,taxable,1,0,0,147,,,https://static.musaibrand.com/images/models/0308/model/large/0308_25801_2_1.jpg,MU0308,80,Size,S,,1,,Color,Gri deschis/alb,,1,,,,,,,,,,,,[55cm]·[68cm],8435782521511
variation,MU03080225801,,1,0,visible,,Dimensiuni: 57 * 70 cm,taxable,1,0,0,147,,,https://static.musaibrand.com/images/models/0308/model/large/0308_25801_2_1.jpg,MU0308,81,Size,M,,1,,Color,Gri deschis/alb,,1,,,,,,,,,,,,[57cm]·[70cm],8435782521610
variation,MU03080325801,,1,0,visible,,Dimensiuni: 59 * 72 cm,taxable,1,0,0,147,,,https://static.musaibrand.com/images/models/0308/model/large/0308_25801_2_1.jpg,MU0308,82,Size,L,,1,,Color,Gri deschis/alb,,1,,,,,,,,,,,,[59cm]·[72cm],8435782521719
variation,MU03080425801,,1,0,visible,,Dimensiuni: 62 * 74 cm,taxable,1,0,0,147,,,https://static.musaibrand.com/images/models/0308/model/large/0308_25801_2_1.jpg,MU0308,83,Size,XL,,1,,Color,Gri deschis/alb,,1,,,,,,,,,,,,[62cm]·[74cm],8435782521818
variation,MU03080525801,,1,0,visible,,Dimensiuni: 65 * 76 cm,taxable,1,0,0,147,,,https://static.musaibrand.com/images/models/0308/model/large/0308_25801_2_1.jpg,MU0308,84,Size,2XL,,1,,Color,Gri deschis/alb,,1,,,,,,,,,,,,[65cm]·[76cm],8435782521917
variation,MU03080625801,,1,0,visible,,Dimensiuni: 68 * 78 cm,taxable,1,0,0,147,,,https://static.musaibrand.com/images/models/0308/model/large/0308_25801_2_1.jpg,MU0308,85,Size,3XL,,1,,Color,Gri deschis/alb,,1,,,,,,,,,,,,[68cm]·[78cm],8435782522013
variation,MU03082225801,,1,0,visible,,Dimensiuni: 37 * 44 cm,taxable,1,0,0,147,,,https://static.musaibrand.com/images/models/0308/model/large/0308_25801_2_1.jpg,MU0308,86,Size,4,,1,,Color,Gri deschis/alb,,1,,,,,,,,,,,,[37cm]·[44cm],8435782522112
variation,MU03082425801,,1,0,visible,,Dimensiuni: 40 * 48 cm,taxable,1,0,0,147,,,https://static.musaibrand.com/images/models/0308/model/large/0308_25801_2_1.jpg,MU0308,87,Size,6,,1,,Color,Gri deschis/alb,,1,,,,,,,,,,,,[40cm]·[48cm],8435782522211
variation,MU03082525801,,1,0,visible,,Dimensiuni: 43 * 52 cm,taxable,1,0,0,147,,,https://static.musaibrand.com/images/models/0308/model/large/0308_25801_2_1.jpg,MU0308,88,Size,8,,1,,Color,Gri deschis/alb,,1,,,,,,,,,,,,[43cm]·[52cm],8435782522310
variation,MU03082625801,,1,0,visible,,Dimensiuni: 45 * 56 cm,taxable,1,0,0,147,,,https://static.musaibrand.com/images/models/0308/model/large/0308_25801_2_1.jpg,MU0308,89,Size,10,,1,,Color,Gri deschis/alb,,1,,,,,,,,,,,,[45cm]·[56cm],8435782522419
variation,MU03082725801,,1,0,visible,,Dimensiuni: 47 * 60 cm,taxable,1,0,0,147,,,https://static.musaibrand.com/images/models/0308/model/large/0308_25801_2_1.jpg,MU0308,90,Size,12,,1,,Color,Gri deschis/alb,,1,,,,,,,,,,,,[47cm]·[60cm],8435782522518
variation,MU03082825801,,1,0,visible,,Dimensiuni: 49 * 64 cm,taxable,1,0,0,147,,,https://static.musaibrand.com/images/models/0308/model/large/0308_25801_2_1.jpg,MU0308,91,Size,14,,1,,Color,Gri deschis/alb,,1,,,,,,,,,,,,[49cm]·[64cm],8435782522617
variation,MU0308005501,,1,0,visible,,Dimensiuni: 53 * 66 cm,taxable,1,0,0,147,,,https://static.musaibrand.com/images/models/0308/model/large/0308_5501_2_1.jpg,MU0308,92,Size,XS,,1,,Color,Alb/marin,,1,,,,,,,,,,,,[53cm]·[66cm],8435782521429
variation,MU0308015501,,1,0,visible,,Dimensiuni: 55 * 68 cm,taxable,1,0,0,147,,,https://static.musaibrand.com/images/models/0308/model/large/0308_5501_2_1.jpg,MU0308,93,Size,S,,1,,Color,Alb/marin,,1,,,,,,,,,,,,[55cm]·[68cm],8435782521528
variation,MU0308025501,,1,0,visible,,Dimensiuni: 57 * 70 cm,taxable,1,0,0,147,,,https://static.musaibrand.com/images/models/0308/model/large/0308_5501_2_1.jpg,MU0308,94,Size,M,,1,,Color,Alb/marin,,1,,,,,,,,,,,,[57cm]·[70cm],8435782521627
variation,MU0308035501,,1,0,visible,,Dimensiuni: 59 * 72 cm,taxable,1,0,0,147,,,https://static.musaibrand.com/images/models/0308/model/large/0308_5501_2_1.jpg,MU0308,95,Size,L,,1,,Color,Alb/marin,,1,,,,,,,,,,,,[59cm]·[72cm],8435782521726
variation,MU0308045501,,1,0,visible,,Dimensiuni: 62 * 74 cm,taxable,1,0,0,147,,,https://static.musaibrand.com/images/models/0308/model/large/0308_5501_2_1.jpg,MU0308,96,Size,XL,,1,,Color,Alb/marin,,1,,,,,,,,,,,,[62cm]·[74cm],8435782521825
variation,MU0308055501,,1,0,visible,,Dimensiuni: 65 * 76 cm,taxable,1,0,0,147,,,https://static.musaibrand.com/images/models/0308/model/large/0308_5501_2_1.jpg,MU0308,97,Size,2XL,,1,,Color,Alb/marin,,1,,,,,,,,,,,,[65cm]·[76cm],8435782521924
variation,MU0308065501,,1,0,visible,,Dimensiuni: 68 * 78 cm,taxable,1,0,0,147,,,https://static.musaibrand.com/images/models/0308/model/large/0308_5501_2_1.jpg,MU0308,98,Size,3XL,,1,,Color,Alb/marin,,1,,,,,,,,,,,,[68cm]·[78cm],8435782522020
variation,MU0308225501,,1,0,visible,,Dimensiuni: 37 * 44 cm,taxable,1,0,0,147,,,https://static.musaibrand.com/images/models/0308/model/large/0308_5501_2_1.jpg,MU0308,99,Size,4,,1,,Color,Alb/marin,,1,,,,,,,,,,,,[37cm]·[44cm],8435782522129
variation,MU0308245501,,1,0,visible,,Dimensiuni: 40 * 48 cm,taxable,1,0,0,147,,,https://static.musaibrand.com/images/models/0308/model/large/0308_5501_2_1.jpg,MU0308,100,Size,6,,1,,Color,Alb/marin,,1,,,,,,,,,,,,[40cm]·[48cm],8435782522228
variation,MU0308255501,,1,0,visible,,Dimensiuni: 43 * 52 cm,taxable,1,0,0,147,,,https://static.musaibrand.com/images/models/0308/model/large/0308_5501_2_1.jpg,MU0308,101,Size,8,,1,,Color,Alb/marin,,1,,,,,,,,,,,,[43cm]·[52cm],8435782522327
variation,MU0308265501,,1,0,visible,,Dimensiuni: 45 * 56 cm,taxable,1,0,0,147,,,https://static.musaibrand.com/images/models/0308/model/large/0308_5501_2_1.jpg,MU0308,102,Size,10,,1,,Color,Alb/marin,,1,,,,,,,,,,,,[45cm]·[56cm],8435782522426
variation,MU0308275501,,1,0,visible,,Dimensiuni: 47 * 60 cm,taxable,1,0,0,147,,,https://static.musaibrand.com/images/models/0308/model/large/0308_5501_2_1.jpg,MU0308,103,Size,12,,1,,Color,Alb/marin,,1,,,,,,,,,,,,[47cm]·[60cm],8435782522525
variation,MU0308285501,,1,0,visible,,Dimensiuni: 49 * 64 cm,taxable,1,0,0,147,,,https://static.musaibrand.com/images/models/0308/model/large/0308_5501_2_1.jpg,MU0308,104,Size,14,,1,,Color,Alb/marin,,1,,,,,,,,,,,,[49cm]·[64cm],8435782522624
variation,MU0308005534,,1,0,visible,,Dimensiuni: 53 * 66 cm,taxable,1,0,0,147,,,https://static.musaibrand.com/images/models/0308/model/large/0308_5534_2_1.jpg,MU0308,105,Size,XS,,1,,Color,Albastru marin / roz gumă,,1,,,,,,,,,,,,[53cm]·[66cm],8435782521436
variation,MU0308015534,,1,0,visible,,Dimensiuni: 55 * 68 cm,taxable,1,0,0,147,,,https://static.musaibrand.com/images/models/0308/model/large/0308_5534_2_1.jpg,MU0308,106,Size,S,,1,,Color,Albastru marin / roz gumă,,1,,,,,,,,,,,,[55cm]·[68cm],8435782521535
variation,MU0308025534,,1,0,visible,,Dimensiuni: 57 * 70 cm,taxable,1,0,0,147,,,https://static.musaibrand.com/images/models/0308/model/large/0308_5534_2_1.jpg,MU0308,107,Size,M,,1,,Color,Albastru marin / roz gumă,,1,,,,,,,,,,,,[57cm]·[70cm],8435782521634
variation,MU0308035534,,1,0,visible,,Dimensiuni: 59 * 72 cm,taxable,1,0,0,147,,,https://static.musaibrand.com/images/models/0308/model/large/0308_5534_2_1.jpg,MU0308,108,Size,L,,1,,Color,Albastru marin / roz gumă,,1,,,,,,,,,,,,[59cm]·[72cm],8435782521733
variation,MU0308045534,,1,0,visible,,Dimensiuni: 62 * 74 cm,taxable,1,0,0,147,,,https://static.musaibrand.com/images/models/0308/model/large/0308_5534_2_1.jpg,MU0308,109,Size,XL,,1,,Color,Albastru marin / roz gumă,,1,,,,,,,,,,,,[62cm]·[74cm],8435782521832
variation,MU0308055534,,1,0,visible,,Dimensiuni: 65 * 76 cm,taxable,1,0,0,147,,,https://static.musaibrand.com/images/models/0308/model/large/0308_5534_2_1.jpg,MU0308,110,Size,2XL,,1,,Color,Albastru marin / roz gumă,,1,,,,,,,,,,,,[65cm]·[76cm],8435782521931
variation,MU0308065534,,1,0,visible,,Dimensiuni: 68 * 78 cm,taxable,1,0,0,147,,,https://static.musaibrand.com/images/models/0308/model/large/0308_5534_2_1.jpg,MU0308,111,Size,3XL,,1,,Color,Albastru marin / roz gumă,,1,,,,,,,,,,,,[68cm]·[78cm],8435782522037
variation,MU0308225534,,1,0,visible,,Dimensiuni: 37 * 44 cm,taxable,1,0,0,147,,,https://static.musaibrand.com/images/models/0308/model/large/0308_5534_2_1.jpg,MU0308,112,Size,4,,1,,Color,Albastru marin / roz gumă,,1,,,,,,,,,,,,[37cm]·[44cm],8435782522136
variation,MU0308245534,,1,0,visible,,Dimensiuni: 40 * 48 cm,taxable,1,0,0,147,,,https://static.musaibrand.com/images/models/0308/model/large/0308_5534_2_1.jpg,MU0308,113,Size,6,,1,,Color,Albastru marin / roz gumă,,1,,,,,,,,,,,,[40cm]·[48cm],8435782522235
variation,MU0308255534,,1,0,visible,,Dimensiuni: 43 * 52 cm,taxable,1,0,0,147,,,https://static.musaibrand.com/images/models/0308/model/large/0308_5534_2_1.jpg,MU0308,114,Size,8,,1,,Color,Albastru marin / roz gumă,,1,,,,,,,,,,,,[43cm]·[52cm],8435782522334
variation,MU0308265534,,1,0,visible,,Dimensiuni: 45 * 56 cm,taxable,1,0,0,147,,,https://static.musaibrand.com/images/models/0308/model/large/0308_5534_2_1.jpg,MU0308,115,Size,10,,1,,Color,Albastru marin / roz gumă,,1,,,,,,,,,,,,[45cm]·[56cm],8435782522433
variation,MU0308275534,,1,0,visible,,Dimensiuni: 47 * 60 cm,taxable,1,0,0,147,,,https://static.musaibrand.com/images/models/0308/model/large/0308_5534_2_1.jpg,MU0308,116,Size,12,,1,,Color,Albastru marin / roz gumă,,1,,,,,,,,,,,,[47cm]·[60cm],8435782522532
variation,MU0308285534,,1,0,visible,,Dimensiuni: 49 * 64 cm,taxable,1,0,0,147,,,https://static.musaibrand.com/images/models/0308/model/large/0308_5534_2_1.jpg,MU0308,117,Size,14,,1,,Color,Albastru marin / roz gumă,,1,,,,,,,,,,,,[49cm]·[64cm],8435782522631
variation,MU0308006055,,1,0,visible,,Dimensiuni: 53 * 66 cm,taxable,1,0,0,147,,,https://static.musaibrand.com/images/models/0308/model/large/0308_6055_2_1.jpg,MU0308,118,Size,XS,,1,,Color,Roșu/albastru marin,,1,,,,,,,,,,,,[53cm]·[66cm],8435782521443
variation,MU0308016055,,1,0,visible,,Dimensiuni: 55 * 68 cm,taxable,1,0,0,147,,,https://static.musaibrand.com/images/models/0308/model/large/0308_6055_2_1.jpg,MU0308,119,Size,S,,1,,Color,Roșu/albastru marin,,1,,,,,,,,,,,,[55cm]·[68cm],8435782521542
variation,MU0308026055,,1,0,visible,,Dimensiuni: 57 * 70 cm,taxable,1,0,0,147,,,https://static.musaibrand.com/images/models/0308/model/large/0308_6055_2_1.jpg,MU0308,120,Size,M,,1,,Color,Roșu/albastru marin,,1,,,,,,,,,,,,[57cm]·[70cm],8435782521641
variation,MU0308036055,,1,0,visible,,Dimensiuni: 59 * 72 cm,taxable,1,0,0,147,,,https://static.musaibrand.com/images/models/0308/model/large/0308_6055_2_1.jpg,MU0308,121,Size,L,,1,,Color,Roșu/albastru marin,,1,,,,,,,,,,,,[59cm]·[72cm],8435782521740
variation,MU0308046055,,1,0,visible,,Dimensiuni: 62 * 74 cm,taxable,1,0,0,147,,,https://static.musaibrand.com/images/models/0308/model/large/0308_6055_2_1.jpg,MU0308,122,Size,XL,,1,,Color,Roșu/albastru marin,,1,,,,,,,,,,,,[62cm]·[74cm],8435782521849
variation,MU0308056055,,1,0,visible,,Dimensiuni: 65 * 76 cm,taxable,1,0,0,147,,,https://static.musaibrand.com/images/models/0308/model/large/0308_6055_2_1.jpg,MU0308,123,Size,2XL,,1,,Color,Roșu/albastru marin,,1,,,,,,,,,,,,[65cm]·[76cm],8435782521948
variation,MU0308066055,,1,0,visible,,Dimensiuni: 68 * 78 cm,taxable,1,0,0,147,,,https://static.musaibrand.com/images/models/0308/model/large/0308_6055_2_1.jpg,MU0308,124,Size,3XL,,1,,Color,Roșu/albastru marin,,1,,,,,,,,,,,,[68cm]·[78cm],8435782522044
variation,MU0308226055,,1,0,visible,,Dimensiuni: 37 * 44 cm,taxable,1,0,0,147,,,https://static.musaibrand.com/images/models/0308/model/large/0308_6055_2_1.jpg,MU0308,125,Size,4,,1,,Color,Roșu/albastru marin,,1,,,,,,,,,,,,[37cm]·[44cm],8435782522143
variation,MU0308246055,,1,0,visible,,Dimensiuni: 40 * 48 cm,taxable,1,0,0,147,,,https://static.musaibrand.com/images/models/0308/model/large/0308_6055_2_1.jpg,MU0308,126,Size,6,,1,,Color,Roșu/albastru marin,,1,,,,,,,,,,,,[40cm]·[48cm],8435782522242
variation,MU0308256055,,1,0,visible,,Dimensiuni: 43 * 52 cm,taxable,1,0,0,147,,,https://static.musaibrand.com/images/models/0308/model/large/0308_6055_2_1.jpg,MU0308,127,Size,8,,1,,Color,Roșu/albastru marin,,1,,,,,,,,,,,,[43cm]·[52cm],8435782522341
variation,MU0308266055,,1,0,visible,,Dimensiuni: 45 * 56 cm,taxable,1,0,0,147,,,https://static.musaibrand.com/images/models/0308/model/large/0308_6055_2_1.jpg,MU0308,128,Size,10,,1,,Color,Roșu/albastru marin,,1,,,,,,,,,,,,[45cm]·[56cm],8435782522440
variation,MU0308276055,,1,0,visible,,Dimensiuni: 47 * 60 cm,taxable,1,0,0,147,,,https://static.musaibrand.com/images/models/0308/model/large/0308_6055_2_1.jpg,MU0308,129,Size,12,,1,,Color,Roșu/albastru marin,,1,,,,,,,,,,,,[47cm]·[60cm],8435782522549
variation,MU0308286055,,1,0,visible,,Dimensiuni: 49 * 64 cm,taxable,1,0,0,147,,,https://static.musaibrand.com/images/models/0308/model/large/0308_6055_2_1.jpg,MU0308,130,Size,14,,1,,Color,Roșu/albastru marin,,1,,,,,,,,,,,,[49cm]·[64cm],8435782522648
variable,MU0308-K,Hanorac Ishi Copii,1,0,visible,,"<p>Hanorac tehnic pentru copii cu guler înalt, confecționat din poliester piqué reciclat și căptușeală moale periată.</p><p><strong>Compoziție:</strong> 100% poliester pique reciclat</p><p><br>· Guler din același material.<br>· Acoperire elastică a cusăturii pe guler.<br>· Clapetă interioară și apărătoare de bărbie pe toată lungimea.<br>· Fermoar personalizat cu imagine marcă.<br>· Design parte față-spate și corp viu contrastant.<br>· Manșete cu nervuri de 470 g/m² și culori în  contrast.<br>· Detaliu cu logo brodat pe mânecă.</p><h4>Dimensiuni</h4><table style='border-collapse:collapse;margin:8px 0'><tr><th style='padding:4px 12px;border:1px solid #ddd;text-align:left'>Mărime</th><th style='padding:4px 12px;border:1px solid #ddd;text-align:left'>Dimensiuni</th></tr><tr><td style='padding:4px 12px;border:1px solid #ddd'>XS</td><td style='padding:4px 12px;border:1px solid #ddd'>53 * 66 cm</td></tr><tr><td style='padding:4px 12px;border:1px solid #ddd'>S</td><td style='padding:4px 12px;border:1px solid #ddd'>55 * 68 cm</td></tr><tr><td style='padding:4px 12px;border:1px solid #ddd'>M</td><td style='padding:4px 12px;border:1px solid #ddd'>57 * 70 cm</td></tr><tr><td style='padding:4px 12px;border:1px solid #ddd'>L</td><td style='padding:4px 12px;border:1px solid #ddd'>59 * 72 cm</td></tr><tr><td style='padding:4px 12px;border:1px solid #ddd'>XL</td><td style='padding:4px 12px;border:1px solid #ddd'>62 * 74 cm</td></tr><tr><td style='padding:4px 12px;border:1px solid #ddd'>2XL</td><td style='padding:4px 12px;border:1px solid #ddd'>65 * 76 cm</td></tr><tr><td style='padding:4px 12px;border:1px solid #ddd'>3XL</td><td style='padding:4px 12px;border:1px solid #ddd'>68 * 78 cm</td></tr><tr><td style='padding:4px 12px;border:1px solid #ddd'>4</td><td style='padding:4px 12px;border:1px solid #ddd'>37 * 44 cm</td></tr><tr><td style='padding:4px 12px;border:1px solid #ddd'>6</td><td style='padding:4px 12px;border:1px solid #ddd'>40 * 48 cm</td></tr><tr><td style='padding:4px 12px;border:1px solid #ddd'>8</td><td style='padding:4px 12px;border:1px solid #ddd'>43 * 52 cm</td></tr><tr><td style='padding:4px 12px;border:1px solid #ddd'>10</td><td style='padding:4px 12px;border:1px solid #ddd'>45 * 56 cm</td></tr><tr><td style='padding:4px 12px;border:1px solid #ddd'>12</td><td style='padding:4px 12px;border:1px solid #ddd'>47 * 60 cm</td></tr><tr><td style='padding:4px 12px;border:1px solid #ddd'>14</td><td style='padding:4px 12px;border:1px solid #ddd'>49 * 64 cm</td></tr></table>",taxable,1,0,0,,Hanorace,MUSAI,"https://static.musaibrand.com/images/models/0308-K/model/large/0308-K_0155_1_1.jpg,https://static.musaibrand.com/images/models/0308-K/model/large/0308-K_0201_1_1.jpg,https://static.musaibrand.com/images/models/0308-K/model/large/0308-K_0355_1_1.jpg,https://static.musaibrand.com/images/models/0308-K/model/large/0308-K_0555_1_1.jpg,https://static.musaibrand.com/images/models/0308-K/model/large/0308-K_1055_1_1.jpg,https://static.musaibrand.com/images/models/0308-K/model/large/0308-K_17655_1_1.jpg,https://static.musaibrand.com/images/models/0308-K/model/large/0308-K_25801_1_1.jpg,https://static.musaibrand.com/images/models/0308-K/model/large/0308-K_5501_1_1.jpg,https://static.musaibrand.com/images/models/0308-K/model/large/0308-K_5534_1_1.jpg,https://static.musaibrand.com/images/models/0308-K/model/large/0308-K_6055_1_1.jpg,https://static.musaibrand.com/images/models/0308-K/model/large/0308-K_0155_2_1.jpg,https://static.musaibrand.com/images/models/0308-K/model/large/0308-K_0201_2_1.jpg,https://static.musaibrand.com/images/models/0308-K/model/large/0308-K_0355_2_1.jpg,https://static.musaibrand.com/images/models/0308-K/model/large/0308-K_0555_2_1.jpg,https://static.musaibrand.com/images/models/0308-K/model/large/0308-K_1055_2_1.jpg,https://static.musaibrand.com/images/models/0308-K/model/large/0308-K_17655_2_1.jpg,https://static.musaibrand.com/images/models/0308-K/model/large/0308-K_25801_2_1.jpg,https://static.musaibrand.com/images/models/0308-K/model/large/0308-K_5501_2_1.jpg,https://static.musaibrand.com/images/models/0308-K/model/large/0308-K_5534_2_1.jpg,https://static.musaibrand.com/images/models/0308-K/model/large/0308-K_6055_2_1.jpg",,0,Size,"XS, S, M, L, XL, 2XL, 3XL, 4, 6, 8, 10, 12, 14",1,1,,Color,"Alb/Navy Blue, Negru/alb, Galben/Navy Blue, Albastru regal/albastru marin, Albastru deschis/Navy Blue, Turcoaz fluor/Navy Blue, Gri deschis/alb, Alb/marin, Albastru marin / roz gumă, Roșu/albastru marin",1,1,,Gender,Unisex,1,1,,Dimensiuni,"[53cm]·[66cm], [55cm]·[68cm], [57cm]·[70cm], [59cm]·[72cm], [62cm]·[74cm], [65cm]·[76cm], [68cm]·[78cm], [37cm]·[44cm], [40cm]·[48cm], [43cm]·[52cm], [45cm]·[56cm], [47cm]·[60cm], [49cm]·[64cm]",1,0,,,
variation,MU0308000155-K,,1,0,visible,,Dimensiuni: 53 * 66 cm,taxable,1,0,0,147,,,https://static.musaibrand.com/images/models/0308-K/model/large/0308-K_0155_2_1.jpg,MU0308-K,1,Size,XS,,1,,Color,Alb/Navy Blue,,1,,,,,,,,,,,,[53cm]·[66cm],8435782521351
variation,MU0308010155-K,,1,0,visible,,Dimensiuni: 55 * 68 cm,taxable,1,0,0,147,,,https://static.musaibrand.com/images/models/0308-K/model/large/0308-K_0155_2_1.jpg,MU0308-K,2,Size,S,,1,,Color,Alb/Navy Blue,,1,,,,,,,,,,,,[55cm]·[68cm],8435782521450
variation,MU0308020155-K,,1,0,visible,,Dimensiuni: 57 * 70 cm,taxable,1,0,0,147,,,https://static.musaibrand.com/images/models/0308-K/model/large/0308-K_0155_2_1.jpg,MU0308-K,3,Size,M,,1,,Color,Alb/Navy Blue,,1,,,,,,,,,,,,[57cm]·[70cm],8435782521559
variation,MU0308030155-K,,1,0,visible,,Dimensiuni: 59 * 72 cm,taxable,1,0,0,147,,,https://static.musaibrand.com/images/models/0308-K/model/large/0308-K_0155_2_1.jpg,MU0308-K,4,Size,L,,1,,Color,Alb/Navy Blue,,1,,,,,,,,,,,,[59cm]·[72cm],8435782521658
variation,MU0308040155-K,,1,0,visible,,Dimensiuni: 62 * 74 cm,taxable,1,0,0,147,,,https://static.musaibrand.com/images/models/0308-K/model/large/0308-K_0155_2_1.jpg,MU0308-K,5,Size,XL,,1,,Color,Alb/Navy Blue,,1,,,,,,,,,,,,[62cm]·[74cm],8435782521757
variation,MU0308050155-K,,1,0,visible,,Dimensiuni: 65 * 76 cm,taxable,1,0,0,147,,,https://static.musaibrand.com/images/models/0308-K/model/large/0308-K_0155_2_1.jpg,MU0308-K,6,Size,2XL,,1,,Color,Alb/Navy Blue,,1,,,,,,,,,,,,[65cm]·[76cm],8435782521856
variation,MU0308060155-K,,1,0,visible,,Dimensiuni: 68 * 78 cm,taxable,1,0,0,147,,,https://static.musaibrand.com/images/models/0308-K/model/large/0308-K_0155_2_1.jpg,MU0308-K,7,Size,3XL,,1,,Color,Alb/Navy Blue,,1,,,,,,,,,,,,[68cm]·[78cm],8435782521955
variation,MU0308220155-K,,1,0,visible,,Dimensiuni: 37 * 44 cm,taxable,1,0,0,147,,,https://static.musaibrand.com/images/models/0308-K/model/large/0308-K_0155_2_1.jpg,MU0308-K,8,Size,4,,1,,Color,Alb/Navy Blue,,1,,,,,,,,,,,,[37cm]·[44cm],8435782522051
variation,MU0308240155-K,,1,0,visible,,Dimensiuni: 40 * 48 cm,taxable,1,0,0,147,,,https://static.musaibrand.com/images/models/0308-K/model/large/0308-K_0155_2_1.jpg,MU0308-K,9,Size,6,,1,,Color,Alb/Navy Blue,,1,,,,,,,,,,,,[40cm]·[48cm],8435782522150
variation,MU0308250155-K,,1,0,visible,,Dimensiuni: 43 * 52 cm,taxable,1,0,0,147,,,https://static.musaibrand.com/images/models/0308-K/model/large/0308-K_0155_2_1.jpg,MU0308-K,10,Size,8,,1,,Color,Alb/Navy Blue,,1,,,,,,,,,,,,[43cm]·[52cm],8435782522259
variation,MU0308260155-K,,1,0,visible,,Dimensiuni: 45 * 56 cm,taxable,1,0,0,147,,,https://static.musaibrand.com/images/models/0308-K/model/large/0308-K_0155_2_1.jpg,MU0308-K,11,Size,10,,1,,Color,Alb/Navy Blue,,1,,,,,,,,,,,,[45cm]·[56cm],8435782522358
variation,MU0308270155-K,,1,0,visible,,Dimensiuni: 47 * 60 cm,taxable,1,0,0,147,,,https://static.musaibrand.com/images/models/0308-K/model/large/0308-K_0155_2_1.jpg,MU0308-K,12,Size,12,,1,,Color,Alb/Navy Blue,,1,,,,,,,,,,,,[47cm]·[60cm],8435782522457
variation,MU0308280155-K,,1,0,visible,,Dimensiuni: 49 * 64 cm,taxable,1,0,0,147,,,https://static.musaibrand.com/images/models/0308-K/model/large/0308-K_0155_2_1.jpg,MU0308-K,13,Size,14,,1,,Color,Alb/Navy Blue,,1,,,,,,,,,,,,[49cm]·[64cm],8435782522556
variation,MU0308000201-K,,1,0,visible,,Dimensiuni: 53 * 66 cm,taxable,1,0,0,147,,,https://static.musaibrand.com/images/models/0308-K/model/large/0308-K_0201_2_1.jpg,MU0308-K,14,Size,XS,,1,,Color,Negru/alb,,1,,,,,,,,,,,,[53cm]·[66cm],8435782521368
variation,MU0308010201-K,,1,0,visible,,Dimensiuni: 55 * 68 cm,taxable,1,0,0,147,,,https://static.musaibrand.com/images/models/0308-K/model/large/0308-K_0201_2_1.jpg,MU0308-K,15,Size,S,,1,,Color,Negru/alb,,1,,,,,,,,,,,,[55cm]·[68cm],8435782521467
variation,MU0308020201-K,,1,0,visible,,Dimensiuni: 57 * 70 cm,taxable,1,0,0,147,,,https://static.musaibrand.com/images/models/0308-K/model/large/0308-K_0201_2_1.jpg,MU0308-K,16,Size,M,,1,,Color,Negru/alb,,1,,,,,,,,,,,,[57cm]·[70cm],8435782521566
variation,MU0308030201-K,,1,0,visible,,Dimensiuni: 59 * 72 cm,taxable,1,0,0,147,,,https://static.musaibrand.com/images/models/0308-K/model/large/0308-K_0201_2_1.jpg,MU0308-K,17,Size,L,,1,,Color,Negru/alb,,1,,,,,,,,,,,,[59cm]·[72cm],8435782521665
variation,MU0308040201-K,,1,0,visible,,Dimensiuni: 62 * 74 cm,taxable,1,0,0,147,,,https://static.musaibrand.com/images/models/0308-K/model/large/0308-K_0201_2_1.jpg,MU0308-K,18,Size,XL,,1,,Color,Negru/alb,,1,,,,,,,,,,,,[62cm]·[74cm],8435782521764
variation,MU0308050201-K,,1,0,visible,,Dimensiuni: 65 * 76 cm,taxable,1,0,0,147,,,https://static.musaibrand.com/images/models/0308-K/model/large/0308-K_0201_2_1.jpg,MU0308-K,19,Size,2XL,,1,,Color,Negru/alb,,1,,,,,,,,,,,,[65cm]·[76cm],8435782521863
variation,MU0308060201-K,,1,0,visible,,Dimensiuni: 68 * 78 cm,taxable,1,0,0,147,,,https://static.musaibrand.com/images/models/0308-K/model/large/0308-K_0201_2_1.jpg,MU0308-K,20,Size,3XL,,1,,Color,Negru/alb,,1,,,,,,,,,,,,[68cm]·[78cm],8435782521962
variation,MU0308220201-K,,1,0,visible,,Dimensiuni: 37 * 44 cm,taxable,1,0,0,147,,,https://static.musaibrand.com/images/models/0308-K/model/large/0308-K_0201_2_1.jpg,MU0308-K,21,Size,4,,1,,Color,Negru/alb,,1,,,,,,,,,,,,[37cm]·[44cm],8435782522068
variation,MU0308240201-K,,1,0,visible,,Dimensiuni: 40 * 48 cm,taxable,1,0,0,147,,,https://static.musaibrand.com/images/models/0308-K/model/large/0308-K_0201_2_1.jpg,MU0308-K,22,Size,6,,1,,Color,Negru/alb,,1,,,,,,,,,,,,[40cm]·[48cm],8435782522167
variation,MU0308250201-K,,1,0,visible,,Dimensiuni: 43 * 52 cm,taxable,1,0,0,147,,,https://static.musaibrand.com/images/models/0308-K/model/large/0308-K_0201_2_1.jpg,MU0308-K,23,Size,8,,1,,Color,Negru/alb,,1,,,,,,,,,,,,[43cm]·[52cm],8435782522266
variation,MU0308260201-K,,1,0,visible,,Dimensiuni: 45 * 56 cm,taxable,1,0,0,147,,,https://static.musaibrand.com/images/models/0308-K/model/large/0308-K_0201_2_1.jpg,MU0308-K,24,Size,10,,1,,Color,Negru/alb,,1,,,,,,,,,,,,[45cm]·[56cm],8435782522365
variation,MU0308270201-K,,1,0,visible,,Dimensiuni: 47 * 60 cm,taxable,1,0,0,147,,,https://static.musaibrand.com/images/models/0308-K/model/large/0308-K_0201_2_1.jpg,MU0308-K,25,Size,12,,1,,Color,Negru/alb,,1,,,,,,,,,,,,[47cm]·[60cm],8435782522464
variation,MU0308280201-K,,1,0,visible,,Dimensiuni: 49 * 64 cm,taxable,1,0,0,147,,,https://static.musaibrand.com/images/models/0308-K/model/large/0308-K_0201_2_1.jpg,MU0308-K,26,Size,14,,1,,Color,Negru/alb,,1,,,,,,,,,,,,[49cm]·[64cm],8435782522563
variation,MU0308000355-K,,1,0,visible,,Dimensiuni: 53 * 66 cm,taxable,1,0,0,147,,,https://static.musaibrand.com/images/models/0308-K/model/large/0308-K_0355_2_1.jpg,MU0308-K,27,Size,XS,,1,,Color,Galben/Navy Blue,,1,,,,,,,,,,,,[53cm]·[66cm],8435782521375
variation,MU0308010355-K,,1,0,visible,,Dimensiuni: 55 * 68 cm,taxable,1,0,0,147,,,https://static.musaibrand.com/images/models/0308-K/model/large/0308-K_0355_2_1.jpg,MU0308-K,28,Size,S,,1,,Color,Galben/Navy Blue,,1,,,,,,,,,,,,[55cm]·[68cm],8435782521474
variation,MU0308020355-K,,1,0,visible,,Dimensiuni: 57 * 70 cm,taxable,1,0,0,147,,,https://static.musaibrand.com/images/models/0308-K/model/large/0308-K_0355_2_1.jpg,MU0308-K,29,Size,M,,1,,Color,Galben/Navy Blue,,1,,,,,,,,,,,,[57cm]·[70cm],8435782521573
variation,MU0308030355-K,,1,0,visible,,Dimensiuni: 59 * 72 cm,taxable,1,0,0,147,,,https://static.musaibrand.com/images/models/0308-K/model/large/0308-K_0355_2_1.jpg,MU0308-K,30,Size,L,,1,,Color,Galben/Navy Blue,,1,,,,,,,,,,,,[59cm]·[72cm],8435782521672
variation,MU0308040355-K,,1,0,visible,,Dimensiuni: 62 * 74 cm,taxable,1,0,0,147,,,https://static.musaibrand.com/images/models/0308-K/model/large/0308-K_0355_2_1.jpg,MU0308-K,31,Size,XL,,1,,Color,Galben/Navy Blue,,1,,,,,,,,,,,,[62cm]·[74cm],8435782521771
variation,MU0308050355-K,,1,0,visible,,Dimensiuni: 65 * 76 cm,taxable,1,0,0,147,,,https://static.musaibrand.com/images/models/0308-K/model/large/0308-K_0355_2_1.jpg,MU0308-K,32,Size,2XL,,1,,Color,Galben/Navy Blue,,1,,,,,,,,,,,,[65cm]·[76cm],8435782521870
variation,MU0308060355-K,,1,0,visible,,Dimensiuni: 68 * 78 cm,taxable,1,0,0,147,,,https://static.musaibrand.com/images/models/0308-K/model/large/0308-K_0355_2_1.jpg,MU0308-K,33,Size,3XL,,1,,Color,Galben/Navy Blue,,1,,,,,,,,,,,,[68cm]·[78cm],8435782521979
variation,MU0308220355-K,,1,0,visible,,Dimensiuni: 37 * 44 cm,taxable,1,0,0,147,,,https://static.musaibrand.com/images/models/0308-K/model/large/0308-K_0355_2_1.jpg,MU0308-K,34,Size,4,,1,,Color,Galben/Navy Blue,,1,,,,,,,,,,,,[37cm]·[44cm],8435782522075
variation,MU0308240355-K,,1,0,visible,,Dimensiuni: 40 * 48 cm,taxable,1,0,0,147,,,https://static.musaibrand.com/images/models/0308-K/model/large/0308-K_0355_2_1.jpg,MU0308-K,35,Size,6,,1,,Color,Galben/Navy Blue,,1,,,,,,,,,,,,[40cm]·[48cm],8435782522174
variation,MU0308250355-K,,1,0,visible,,Dimensiuni: 43 * 52 cm,taxable,1,0,0,147,,,https://static.musaibrand.com/images/models/0308-K/model/large/0308-K_0355_2_1.jpg,MU0308-K,36,Size,8,,1,,Color,Galben/Navy Blue,,1,,,,,,,,,,,,[43cm]·[52cm],8435782522273
variation,MU0308260355-K,,1,0,visible,,Dimensiuni: 45 * 56 cm,taxable,1,0,0,147,,,https://static.musaibrand.com/images/models/0308-K/model/large/0308-K_0355_2_1.jpg,MU0308-K,37,Size,10,,1,,Color,Galben/Navy Blue,,1,,,,,,,,,,,,[45cm]·[56cm],8435782522372
variation,MU0308270355-K,,1,0,visible,,Dimensiuni: 47 * 60 cm,taxable,1,0,0,147,,,https://static.musaibrand.com/images/models/0308-K/model/large/0308-K_0355_2_1.jpg,MU0308-K,38,Size,12,,1,,Color,Galben/Navy Blue,,1,,,,,,,,,,,,[47cm]·[60cm],8435782522471
variation,MU0308280355-K,,1,0,visible,,Dimensiuni: 49 * 64 cm,taxable,1,0,0,147,,,https://static.musaibrand.com/images/models/0308-K/model/large/0308-K_0355_2_1.jpg,MU0308-K,39,Size,14,,1,,Color,Galben/Navy Blue,,1,,,,,,,,,,,,[49cm]·[64cm],8435782522570
variation,MU0308000555-K,,1,0,visible,,Dimensiuni: 53 * 66 cm,taxable,1,0,0,147,,,https://static.musaibrand.com/images/models/0308-K/model/large/0308-K_0555_2_1.jpg,MU0308-K,40,Size,XS,,1,,Color,Albastru regal/albastru marin,,1,,,,,,,,,,,,[53cm]·[66cm],8435782521382
variation,MU0308010555-K,,1,0,visible,,Dimensiuni: 55 * 68 cm,taxable,1,0,0,147,,,https://static.musaibrand.com/images/models/0308-K/model/large/0308-K_0555_2_1.jpg,MU0308-K,41,Size,S,,1,,Color,Albastru regal/albastru marin,,1,,,,,,,,,,,,[55cm]·[68cm],8435782521481
variation,MU0308020555-K,,1,0,visible,,Dimensiuni: 57 * 70 cm,taxable,1,0,0,147,,,https://static.musaibrand.com/images/models/0308-K/model/large/0308-K_0555_2_1.jpg,MU0308-K,42,Size,M,,1,,Color,Albastru regal/albastru marin,,1,,,,,,,,,,,,[57cm]·[70cm],8435782521580
variation,MU0308030555-K,,1,0,visible,,Dimensiuni: 59 * 72 cm,taxable,1,0,0,147,,,https://static.musaibrand.com/images/models/0308-K/model/large/0308-K_0555_2_1.jpg,MU0308-K,43,Size,L,,1,,Color,Albastru regal/albastru marin,,1,,,,,,,,,,,,[59cm]·[72cm],8435782521689
variation,MU0308040555-K,,1,0,visible,,Dimensiuni: 62 * 74 cm,taxable,1,0,0,147,,,https://static.musaibrand.com/images/models/0308-K/model/large/0308-K_0555_2_1.jpg,MU0308-K,44,Size,XL,,1,,Color,Albastru regal/albastru marin,,1,,,,,,,,,,,,[62cm]·[74cm],8435782521788
variation,MU0308050555-K,,1,0,visible,,Dimensiuni: 65 * 76 cm,taxable,1,0,0,147,,,https://static.musaibrand.com/images/models/0308-K/model/large/0308-K_0555_2_1.jpg,MU0308-K,45,Size,2XL,,1,,Color,Albastru regal/albastru marin,,1,,,,,,,,,,,,[65cm]·[76cm],8435782521887
variation,MU0308060555-K,,1,0,visible,,Dimensiuni: 68 * 78 cm,taxable,1,0,0,147,,,https://static.musaibrand.com/images/models/0308-K/model/large/0308-K_0555_2_1.jpg,MU0308-K,46,Size,3XL,,1,,Color,Albastru regal/albastru marin,,1,,,,,,,,,,,,[68cm]·[78cm],8435782521986
variation,MU0308220555-K,,1,0,visible,,Dimensiuni: 37 * 44 cm,taxable,1,0,0,147,,,https://static.musaibrand.com/images/models/0308-K/model/large/0308-K_0555_2_1.jpg,MU0308-K,47,Size,4,,1,,Color,Albastru regal/albastru marin,,1,,,,,,,,,,,,[37cm]·[44cm],8435782522082
variation,MU0308240555-K,,1,0,visible,,Dimensiuni: 40 * 48 cm,taxable,1,0,0,147,,,https://static.musaibrand.com/images/models/0308-K/model/large/0308-K_0555_2_1.jpg,MU0308-K,48,Size,6,,1,,Color,Albastru regal/albastru marin,,1,,,,,,,,,,,,[40cm]·[48cm],8435782522181
variation,MU0308250555-K,,1,0,visible,,Dimensiuni: 43 * 52 cm,taxable,1,0,0,147,,,https://static.musaibrand.com/images/models/0308-K/model/large/0308-K_0555_2_1.jpg,MU0308-K,49,Size,8,,1,,Color,Albastru regal/albastru marin,,1,,,,,,,,,,,,[43cm]·[52cm],8435782522280
variation,MU0308260555-K,,1,0,visible,,Dimensiuni: 45 * 56 cm,taxable,1,0,0,147,,,https://static.musaibrand.com/images/models/0308-K/model/large/0308-K_0555_2_1.jpg,MU0308-K,50,Size,10,,1,,Color,Albastru regal/albastru marin,,1,,,,,,,,,,,,[45cm]·[56cm],8435782522389
variation,MU0308270555-K,,1,0,visible,,Dimensiuni: 47 * 60 cm,taxable,1,0,0,147,,,https://static.musaibrand.com/images/models/0308-K/model/large/0308-K_0555_2_1.jpg,MU0308-K,51,Size,12,,1,,Color,Albastru regal/albastru marin,,1,,,,,,,,,,,,[47cm]·[60cm],8435782522488
variation,MU0308280555-K,,1,0,visible,,Dimensiuni: 49 * 64 cm,taxable,1,0,0,147,,,https://static.musaibrand.com/images/models/0308-K/model/large/0308-K_0555_2_1.jpg,MU0308-K,52,Size,14,,1,,Color,Albastru regal/albastru marin,,1,,,,,,,,,,,,[49cm]·[64cm],8435782522587
variation,MU0308001055-K,,1,0,visible,,Dimensiuni: 53 * 66 cm,taxable,1,0,0,147,,,https://static.musaibrand.com/images/models/0308-K/model/large/0308-K_1055_2_1.jpg,MU0308-K,53,Size,XS,,1,,Color,Albastru deschis/Navy Blue,,1,,,,,,,,,,,,[53cm]·[66cm],8435782521399
variation,MU0308011055-K,,1,0,visible,,Dimensiuni: 55 * 68 cm,taxable,1,0,0,147,,,https://static.musaibrand.com/images/models/0308-K/model/large/0308-K_1055_2_1.jpg,MU0308-K,54,Size,S,,1,,Color,Albastru deschis/Navy Blue,,1,,,,,,,,,,,,[55cm]·[68cm],8435782521498
variation,MU0308021055-K,,1,0,visible,,Dimensiuni: 57 * 70 cm,taxable,1,0,0,147,,,https://static.musaibrand.com/images/models/0308-K/model/large/0308-K_1055_2_1.jpg,MU0308-K,55,Size,M,,1,,Color,Albastru deschis/Navy Blue,,1,,,,,,,,,,,,[57cm]·[70cm],8435782521597
variation,MU0308031055-K,,1,0,visible,,Dimensiuni: 59 * 72 cm,taxable,1,0,0,147,,,https://static.musaibrand.com/images/models/0308-K/model/large/0308-K_1055_2_1.jpg,MU0308-K,56,Size,L,,1,,Color,Albastru deschis/Navy Blue,,1,,,,,,,,,,,,[59cm]·[72cm],8435782521696
variation,MU0308041055-K,,1,0,visible,,Dimensiuni: 62 * 74 cm,taxable,1,0,0,147,,,https://static.musaibrand.com/images/models/0308-K/model/large/0308-K_1055_2_1.jpg,MU0308-K,57,Size,XL,,1,,Color,Albastru deschis/Navy Blue,,1,,,,,,,,,,,,[62cm]·[74cm],8435782521795
variation,MU0308051055-K,,1,0,visible,,Dimensiuni: 65 * 76 cm,taxable,1,0,0,147,,,https://static.musaibrand.com/images/models/0308-K/model/large/0308-K_1055_2_1.jpg,MU0308-K,58,Size,2XL,,1,,Color,Albastru deschis/Navy Blue,,1,,,,,,,,,,,,[65cm]·[76cm],8435782521894
variation,MU0308061055-K,,1,0,visible,,Dimensiuni: 68 * 78 cm,taxable,1,0,0,147,,,https://static.musaibrand.com/images/models/0308-K/model/large/0308-K_1055_2_1.jpg,MU0308-K,59,Size,3XL,,1,,Color,Albastru deschis/Navy Blue,,1,,,,,,,,,,,,[68cm]·[78cm],8435782521993
variation,MU0308221055-K,,1,0,visible,,Dimensiuni: 37 * 44 cm,taxable,1,0,0,147,,,https://static.musaibrand.com/images/models/0308-K/model/large/0308-K_1055_2_1.jpg,MU0308-K,60,Size,4,,1,,Color,Albastru deschis/Navy Blue,,1,,,,,,,,,,,,[37cm]·[44cm],8435782522099
variation,MU0308241055-K,,1,0,visible,,Dimensiuni: 40 * 48 cm,taxable,1,0,0,147,,,https://static.musaibrand.com/images/models/0308-K/model/large/0308-K_1055_2_1.jpg,MU0308-K,61,Size,6,,1,,Color,Albastru deschis/Navy Blue,,1,,,,,,,,,,,,[40cm]·[48cm],8435782522198
variation,MU0308251055-K,,1,0,visible,,Dimensiuni: 43 * 52 cm,taxable,1,0,0,147,,,https://static.musaibrand.com/images/models/0308-K/model/large/0308-K_1055_2_1.jpg,MU0308-K,62,Size,8,,1,,Color,Albastru deschis/Navy Blue,,1,,,,,,,,,,,,[43cm]·[52cm],8435782522297
variation,MU0308261055-K,,1,0,visible,,Dimensiuni: 45 * 56 cm,taxable,1,0,0,147,,,https://static.musaibrand.com/images/models/0308-K/model/large/0308-K_1055_2_1.jpg,MU0308-K,63,Size,10,,1,,Color,Albastru deschis/Navy Blue,,1,,,,,,,,,,,,[45cm]·[56cm],8435782522396
variation,MU0308271055-K,,1,0,visible,,Dimensiuni: 47 * 60 cm,taxable,1,0,0,147,,,https://static.musaibrand.com/images/models/0308-K/model/large/0308-K_1055_2_1.jpg,MU0308-K,64,Size,12,,1,,Color,Albastru deschis/Navy Blue,,1,,,,,,,,,,,,[47cm]·[60cm],8435782522495
variation,MU0308281055-K,,1,0,visible,,Dimensiuni: 49 * 64 cm,taxable,1,0,0,147,,,https://static.musaibrand.com/images/models/0308-K/model/large/0308-K_1055_2_1.jpg,MU0308-K,65,Size,14,,1,,Color,Albastru deschis/Navy Blue,,1,,,,,,,,,,,,[49cm]·[64cm],8435782522594
variation,MU03080017655-K,,1,0,visible,,Dimensiuni: 53 * 66 cm,taxable,1,0,0,147,,,https://static.musaibrand.com/images/models/0308-K/model/large/0308-K_17655_2_1.jpg,MU0308-K,66,Size,XS,,1,,Color,Turcoaz fluor/Navy Blue,,1,,,,,,,,,,,,[53cm]·[66cm],8435782521405
variation,MU03080117655-K,,1,0,visible,,Dimensiuni: 55 * 68 cm,taxable,1,0,0,147,,,https://static.musaibrand.com/images/models/0308-K/model/large/0308-K_17655_2_1.jpg,MU0308-K,67,Size,S,,1,,Color,Turcoaz fluor/Navy Blue,,1,,,,,,,,,,,,[55cm]·[68cm],8435782521504
variation,MU03080217655-K,,1,0,visible,,Dimensiuni: 57 * 70 cm,taxable,1,0,0,147,,,https://static.musaibrand.com/images/models/0308-K/model/large/0308-K_17655_2_1.jpg,MU0308-K,68,Size,M,,1,,Color,Turcoaz fluor/Navy Blue,,1,,,,,,,,,,,,[57cm]·[70cm],8435782521603
variation,MU03080317655-K,,1,0,visible,,Dimensiuni: 59 * 72 cm,taxable,1,0,0,147,,,https://static.musaibrand.com/images/models/0308-K/model/large/0308-K_17655_2_1.jpg,MU0308-K,69,Size,L,,1,,Color,Turcoaz fluor/Navy Blue,,1,,,,,,,,,,,,[59cm]·[72cm],8435782521702
variation,MU03080417655-K,,1,0,visible,,Dimensiuni: 62 * 74 cm,taxable,1,0,0,147,,,https://static.musaibrand.com/images/models/0308-K/model/large/0308-K_17655_2_1.jpg,MU0308-K,70,Size,XL,,1,,Color,Turcoaz fluor/Navy Blue,,1,,,,,,,,,,,,[62cm]·[74cm],8435782521801
variation,MU03080517655-K,,1,0,visible,,Dimensiuni: 65 * 76 cm,taxable,1,0,0,147,,,https://static.musaibrand.com/images/models/0308-K/model/large/0308-K_17655_2_1.jpg,MU0308-K,71,Size,2XL,,1,,Color,Turcoaz fluor/Navy Blue,,1,,,,,,,,,,,,[65cm]·[76cm],8435782521900
variation,MU03080617655-K,,1,0,visible,,Dimensiuni: 68 * 78 cm,taxable,1,0,0,147,,,https://static.musaibrand.com/images/models/0308-K/model/large/0308-K_17655_2_1.jpg,MU0308-K,72,Size,3XL,,1,,Color,Turcoaz fluor/Navy Blue,,1,,,,,,,,,,,,[68cm]·[78cm],8435782522006
variation,MU03082217655-K,,1,0,visible,,Dimensiuni: 37 * 44 cm,taxable,1,0,0,147,,,https://static.musaibrand.com/images/models/0308-K/model/large/0308-K_17655_2_1.jpg,MU0308-K,73,Size,4,,1,,Color,Turcoaz fluor/Navy Blue,,1,,,,,,,,,,,,[37cm]·[44cm],8435782522105
variation,MU03082417655-K,,1,0,visible,,Dimensiuni: 40 * 48 cm,taxable,1,0,0,147,,,https://static.musaibrand.com/images/models/0308-K/model/large/0308-K_17655_2_1.jpg,MU0308-K,74,Size,6,,1,,Color,Turcoaz fluor/Navy Blue,,1,,,,,,,,,,,,[40cm]·[48cm],8435782522204
variation,MU03082517655-K,,1,0,visible,,Dimensiuni: 43 * 52 cm,taxable,1,0,0,147,,,https://static.musaibrand.com/images/models/0308-K/model/large/0308-K_17655_2_1.jpg,MU0308-K,75,Size,8,,1,,Color,Turcoaz fluor/Navy Blue,,1,,,,,,,,,,,,[43cm]·[52cm],8435782522303
variation,MU03082617655-K,,1,0,visible,,Dimensiuni: 45 * 56 cm,taxable,1,0,0,147,,,https://static.musaibrand.com/images/models/0308-K/model/large/0308-K_17655_2_1.jpg,MU0308-K,76,Size,10,,1,,Color,Turcoaz fluor/Navy Blue,,1,,,,,,,,,,,,[45cm]·[56cm],8435782522402
variation,MU03082717655-K,,1,0,visible,,Dimensiuni: 47 * 60 cm,taxable,1,0,0,147,,,https://static.musaibrand.com/images/models/0308-K/model/large/0308-K_17655_2_1.jpg,MU0308-K,77,Size,12,,1,,Color,Turcoaz fluor/Navy Blue,,1,,,,,,,,,,,,[47cm]·[60cm],8435782522501
variation,MU03082817655-K,,1,0,visible,,Dimensiuni: 49 * 64 cm,taxable,1,0,0,147,,,https://static.musaibrand.com/images/models/0308-K/model/large/0308-K_17655_2_1.jpg,MU0308-K,78,Size,14,,1,,Color,Turcoaz fluor/Navy Blue,,1,,,,,,,,,,,,[49cm]·[64cm],8435782522600
variation,MU03080025801-K,,1,0,visible,,Dimensiuni: 53 * 66 cm,taxable,1,0,0,147,,,https://static.musaibrand.com/images/models/0308-K/model/large/0308-K_25801_2_1.jpg,MU0308-K,79,Size,XS,,1,,Color,Gri deschis/alb,,1,,,,,,,,,,,,[53cm]·[66cm],8435782521412
variation,MU03080125801-K,,1,0,visible,,Dimensiuni: 55 * 68 cm,taxable,1,0,0,147,,,https://static.musaibrand.com/images/models/0308-K/model/large/0308-K_25801_2_1.jpg,MU0308-K,80,Size,S,,1,,Color,Gri deschis/alb,,1,,,,,,,,,,,,[55cm]·[68cm],8435782521511
variation,MU03080225801-K,,1,0,visible,,Dimensiuni: 57 * 70 cm,taxable,1,0,0,147,,,https://static.musaibrand.com/images/models/0308-K/model/large/0308-K_25801_2_1.jpg,MU0308-K,81,Size,M,,1,,Color,Gri deschis/alb,,1,,,,,,,,,,,,[57cm]·[70cm],8435782521610
variation,MU03080325801-K,,1,0,visible,,Dimensiuni: 59 * 72 cm,taxable,1,0,0,147,,,https://static.musaibrand.com/images/models/0308-K/model/large/0308-K_25801_2_1.jpg,MU0308-K,82,Size,L,,1,,Color,Gri deschis/alb,,1,,,,,,,,,,,,[59cm]·[72cm],8435782521719
variation,MU03080425801-K,,1,0,visible,,Dimensiuni: 62 * 74 cm,taxable,1,0,0,147,,,https://static.musaibrand.com/images/models/0308-K/model/large/0308-K_25801_2_1.jpg,MU0308-K,83,Size,XL,,1,,Color,Gri deschis/alb,,1,,,,,,,,,,,,[62cm]·[74cm],8435782521818
variation,MU03080525801-K,,1,0,visible,,Dimensiuni: 65 * 76 cm,taxable,1,0,0,147,,,https://static.musaibrand.com/images/models/0308-K/model/large/0308-K_25801_2_1.jpg,MU0308-K,84,Size,2XL,,1,,Color,Gri deschis/alb,,1,,,,,,,,,,,,[65cm]·[76cm],8435782521917
variation,MU03080625801-K,,1,0,visible,,Dimensiuni: 68 * 78 cm,taxable,1,0,0,147,,,https://static.musaibrand.com/images/models/0308-K/model/large/0308-K_25801_2_1.jpg,MU0308-K,85,Size,3XL,,1,,Color,Gri deschis/alb,,1,,,,,,,,,,,,[68cm]·[78cm],8435782522013
variation,MU03082225801-K,,1,0,visible,,Dimensiuni: 37 * 44 cm,taxable,1,0,0,147,,,https://static.musaibrand.com/images/models/0308-K/model/large/0308-K_25801_2_1.jpg,MU0308-K,86,Size,4,,1,,Color,Gri deschis/alb,,1,,,,,,,,,,,,[37cm]·[44cm],8435782522112
variation,MU03082425801-K,,1,0,visible,,Dimensiuni: 40 * 48 cm,taxable,1,0,0,147,,,https://static.musaibrand.com/images/models/0308-K/model/large/0308-K_25801_2_1.jpg,MU0308-K,87,Size,6,,1,,Color,Gri deschis/alb,,1,,,,,,,,,,,,[40cm]·[48cm],8435782522211
variation,MU03082525801-K,,1,0,visible,,Dimensiuni: 43 * 52 cm,taxable,1,0,0,147,,,https://static.musaibrand.com/images/models/0308-K/model/large/0308-K_25801_2_1.jpg,MU0308-K,88,Size,8,,1,,Color,Gri deschis/alb,,1,,,,,,,,,,,,[43cm]·[52cm],8435782522310
variation,MU03082625801-K,,1,0,visible,,Dimensiuni: 45 * 56 cm,taxable,1,0,0,147,,,https://static.musaibrand.com/images/models/0308-K/model/large/0308-K_25801_2_1.jpg,MU0308-K,89,Size,10,,1,,Color,Gri deschis/alb,,1,,,,,,,,,,,,[45cm]·[56cm],8435782522419
variation,MU03082725801-K,,1,0,visible,,Dimensiuni: 47 * 60 cm,taxable,1,0,0,147,,,https://static.musaibrand.com/images/models/0308-K/model/large/0308-K_25801_2_1.jpg,MU0308-K,90,Size,12,,1,,Color,Gri deschis/alb,,1,,,,,,,,,,,,[47cm]·[60cm],8435782522518
variation,MU03082825801-K,,1,0,visible,,Dimensiuni: 49 * 64 cm,taxable,1,0,0,147,,,https://static.musaibrand.com/images/models/0308-K/model/large/0308-K_25801_2_1.jpg,MU0308-K,91,Size,14,,1,,Color,Gri deschis/alb,,1,,,,,,,,,,,,[49cm]·[64cm],8435782522617
variation,MU0308005501-K,,1,0,visible,,Dimensiuni: 53 * 66 cm,taxable,1,0,0,147,,,https://static.musaibrand.com/images/models/0308-K/model/large/0308-K_5501_2_1.jpg,MU0308-K,92,Size,XS,,1,,Color,Alb/marin,,1,,,,,,,,,,,,[53cm]·[66cm],8435782521429
variation,MU0308015501-K,,1,0,visible,,Dimensiuni: 55 * 68 cm,taxable,1,0,0,147,,,https://static.musaibrand.com/images/models/0308-K/model/large/0308-K_5501_2_1.jpg,MU0308-K,93,Size,S,,1,,Color,Alb/marin,,1,,,,,,,,,,,,[55cm]·[68cm],8435782521528
variation,MU0308025501-K,,1,0,visible,,Dimensiuni: 57 * 70 cm,taxable,1,0,0,147,,,https://static.musaibrand.com/images/models/0308-K/model/large/0308-K_5501_2_1.jpg,MU0308-K,94,Size,M,,1,,Color,Alb/marin,,1,,,,,,,,,,,,[57cm]·[70cm],8435782521627
variation,MU0308035501-K,,1,0,visible,,Dimensiuni: 59 * 72 cm,taxable,1,0,0,147,,,https://static.musaibrand.com/images/models/0308-K/model/large/0308-K_5501_2_1.jpg,MU0308-K,95,Size,L,,1,,Color,Alb/marin,,1,,,,,,,,,,,,[59cm]·[72cm],8435782521726
variation,MU0308045501-K,,1,0,visible,,Dimensiuni: 62 * 74 cm,taxable,1,0,0,147,,,https://static.musaibrand.com/images/models/0308-K/model/large/0308-K_5501_2_1.jpg,MU0308-K,96,Size,XL,,1,,Color,Alb/marin,,1,,,,,,,,,,,,[62cm]·[74cm],8435782521825
variation,MU0308055501-K,,1,0,visible,,Dimensiuni: 65 * 76 cm,taxable,1,0,0,147,,,https://static.musaibrand.com/images/models/0308-K/model/large/0308-K_5501_2_1.jpg,MU0308-K,97,Size,2XL,,1,,Color,Alb/marin,,1,,,,,,,,,,,,[65cm]·[76cm],8435782521924
variation,MU0308065501-K,,1,0,visible,,Dimensiuni: 68 * 78 cm,taxable,1,0,0,147,,,https://static.musaibrand.com/images/models/0308-K/model/large/0308-K_5501_2_1.jpg,MU0308-K,98,Size,3XL,,1,,Color,Alb/marin,,1,,,,,,,,,,,,[68cm]·[78cm],8435782522020
variation,MU0308225501-K,,1,0,visible,,Dimensiuni: 37 * 44 cm,taxable,1,0,0,147,,,https://static.musaibrand.com/images/models/0308-K/model/large/0308-K_5501_2_1.jpg,MU0308-K,99,Size,4,,1,,Color,Alb/marin,,1,,,,,,,,,,,,[37cm]·[44cm],8435782522129
variation,MU0308245501-K,,1,0,visible,,Dimensiuni: 40 * 48 cm,taxable,1,0,0,147,,,https://static.musaibrand.com/images/models/0308-K/model/large/0308-K_5501_2_1.jpg,MU0308-K,100,Size,6,,1,,Color,Alb/marin,,1,,,,,,,,,,,,[40cm]·[48cm],8435782522228
variation,MU0308255501-K,,1,0,visible,,Dimensiuni: 43 * 52 cm,taxable,1,0,0,147,,,https://static.musaibrand.com/images/models/0308-K/model/large/0308-K_5501_2_1.jpg,MU0308-K,101,Size,8,,1,,Color,Alb/marin,,1,,,,,,,,,,,,[43cm]·[52cm],8435782522327
variation,MU0308265501-K,,1,0,visible,,Dimensiuni: 45 * 56 cm,taxable,1,0,0,147,,,https://static.musaibrand.com/images/models/0308-K/model/large/0308-K_5501_2_1.jpg,MU0308-K,102,Size,10,,1,,Color,Alb/marin,,1,,,,,,,,,,,,[45cm]·[56cm],8435782522426
variation,MU0308275501-K,,1,0,visible,,Dimensiuni: 47 * 60 cm,taxable,1,0,0,147,,,https://static.musaibrand.com/images/models/0308-K/model/large/0308-K_5501_2_1.jpg,MU0308-K,103,Size,12,,1,,Color,Alb/marin,,1,,,,,,,,,,,,[47cm]·[60cm],8435782522525
variation,MU0308285501-K,,1,0,visible,,Dimensiuni: 49 * 64 cm,taxable,1,0,0,147,,,https://static.musaibrand.com/images/models/0308-K/model/large/0308-K_5501_2_1.jpg,MU0308-K,104,Size,14,,1,,Color,Alb/marin,,1,,,,,,,,,,,,[49cm]·[64cm],8435782522624
variation,MU0308005534-K,,1,0,visible,,Dimensiuni: 53 * 66 cm,taxable,1,0,0,147,,,https://static.musaibrand.com/images/models/0308-K/model/large/0308-K_5534_2_1.jpg,MU0308-K,105,Size,XS,,1,,Color,Albastru marin / roz gumă,,1,,,,,,,,,,,,[53cm]·[66cm],8435782521436
variation,MU0308015534-K,,1,0,visible,,Dimensiuni: 55 * 68 cm,taxable,1,0,0,147,,,https://static.musaibrand.com/images/models/0308-K/model/large/0308-K_5534_2_1.jpg,MU0308-K,106,Size,S,,1,,Color,Albastru marin / roz gumă,,1,,,,,,,,,,,,[55cm]·[68cm],8435782521535
variation,MU0308025534-K,,1,0,visible,,Dimensiuni: 57 * 70 cm,taxable,1,0,0,147,,,https://static.musaibrand.com/images/models/0308-K/model/large/0308-K_5534_2_1.jpg,MU0308-K,107,Size,M,,1,,Color,Albastru marin / roz gumă,,1,,,,,,,,,,,,[57cm]·[70cm],8435782521634
variation,MU0308035534-K,,1,0,visible,,Dimensiuni: 59 * 72 cm,taxable,1,0,0,147,,,https://static.musaibrand.com/images/models/0308-K/model/large/0308-K_5534_2_1.jpg,MU0308-K,108,Size,L,,1,,Color,Albastru marin / roz gumă,,1,,,,,,,,,,,,[59cm]·[72cm],8435782521733
variation,MU0308045534-K,,1,0,visible,,Dimensiuni: 62 * 74 cm,taxable,1,0,0,147,,,https://static.musaibrand.com/images/models/0308-K/model/large/0308-K_5534_2_1.jpg,MU0308-K,109,Size,XL,,1,,Color,Albastru marin / roz gumă,,1,,,,,,,,,,,,[62cm]·[74cm],8435782521832
variation,MU0308055534-K,,1,0,visible,,Dimensiuni: 65 * 76 cm,taxable,1,0,0,147,,,https://static.musaibrand.com/images/models/0308-K/model/large/0308-K_5534_2_1.jpg,MU0308-K,110,Size,2XL,,1,,Color,Albastru marin / roz gumă,,1,,,,,,,,,,,,[65cm]·[76cm],8435782521931
variation,MU0308065534-K,,1,0,visible,,Dimensiuni: 68 * 78 cm,taxable,1,0,0,147,,,https://static.musaibrand.com/images/models/0308-K/model/large/0308-K_5534_2_1.jpg,MU0308-K,111,Size,3XL,,1,,Color,Albastru marin / roz gumă,,1,,,,,,,,,,,,[68cm]·[78cm],8435782522037
variation,MU0308225534-K,,1,0,visible,,Dimensiuni: 37 * 44 cm,taxable,1,0,0,147,,,https://static.musaibrand.com/images/models/0308-K/model/large/0308-K_5534_2_1.jpg,MU0308-K,112,Size,4,,1,,Color,Albastru marin / roz gumă,,1,,,,,,,,,,,,[37cm]·[44cm],8435782522136
variation,MU0308245534-K,,1,0,visible,,Dimensiuni: 40 * 48 cm,taxable,1,0,0,147,,,https://static.musaibrand.com/images/models/0308-K/model/large/0308-K_5534_2_1.jpg,MU0308-K,113,Size,6,,1,,Color,Albastru marin / roz gumă,,1,,,,,,,,,,,,[40cm]·[48cm],8435782522235
variation,MU0308255534-K,,1,0,visible,,Dimensiuni: 43 * 52 cm,taxable,1,0,0,147,,,https://static.musaibrand.com/images/models/0308-K/model/large/0308-K_5534_2_1.jpg,MU0308-K,114,Size,8,,1,,Color,Albastru marin / roz gumă,,1,,,,,,,,,,,,[43cm]·[52cm],8435782522334
variation,MU0308265534-K,,1,0,visible,,Dimensiuni: 45 * 56 cm,taxable,1,0,0,147,,,https://static.musaibrand.com/images/models/0308-K/model/large/0308-K_5534_2_1.jpg,MU0308-K,115,Size,10,,1,,Color,Albastru marin / roz gumă,,1,,,,,,,,,,,,[45cm]·[56cm],8435782522433
variation,MU0308275534-K,,1,0,visible,,Dimensiuni: 47 * 60 cm,taxable,1,0,0,147,,,https://static.musaibrand.com/images/models/0308-K/model/large/0308-K_5534_2_1.jpg,MU0308-K,116,Size,12,,1,,Color,Albastru marin / roz gumă,,1,,,,,,,,,,,,[47cm]·[60cm],8435782522532
variation,MU0308285534-K,,1,0,visible,,Dimensiuni: 49 * 64 cm,taxable,1,0,0,147,,,https://static.musaibrand.com/images/models/0308-K/model/large/0308-K_5534_2_1.jpg,MU0308-K,117,Size,14,,1,,Color,Albastru marin / roz gumă,,1,,,,,,,,,,,,[49cm]·[64cm],8435782522631
variation,MU0308006055-K,,1,0,visible,,Dimensiuni: 53 * 66 cm,taxable,1,0,0,147,,,https://static.musaibrand.com/images/models/0308-K/model/large/0308-K_6055_2_1.jpg,MU0308-K,118,Size,XS,,1,,Color,Roșu/albastru marin,,1,,,,,,,,,,,,[53cm]·[66cm],8435782521443
variation,MU0308016055-K,,1,0,visible,,Dimensiuni: 55 * 68 cm,taxable,1,0,0,147,,,https://static.musaibrand.com/images/models/0308-K/model/large/0308-K_6055_2_1.jpg,MU0308-K,119,Size,S,,1,,Color,Roșu/albastru marin,,1,,,,,,,,,,,,[55cm]·[68cm],8435782521542
variation,MU0308026055-K,,1,0,visible,,Dimensiuni: 57 * 70 cm,taxable,1,0,0,147,,,https://static.musaibrand.com/images/models/0308-K/model/large/0308-K_6055_2_1.jpg,MU0308-K,120,Size,M,,1,,Color,Roșu/albastru marin,,1,,,,,,,,,,,,[57cm]·[70cm],8435782521641
variation,MU0308036055-K,,1,0,visible,,Dimensiuni: 59 * 72 cm,taxable,1,0,0,147,,,https://static.musaibrand.com/images/models/0308-K/model/large/0308-K_6055_2_1.jpg,MU0308-K,121,Size,L,,1,,Color,Roșu/albastru marin,,1,,,,,,,,,,,,[59cm]·[72cm],8435782521740
variation,MU0308046055-K,,1,0,visible,,Dimensiuni: 62 * 74 cm,taxable,1,0,0,147,,,https://static.musaibrand.com/images/models/0308-K/model/large/0308-K_6055_2_1.jpg,MU0308-K,122,Size,XL,,1,,Color,Roșu/albastru marin,,1,,,,,,,,,,,,[62cm]·[74cm],8435782521849
variation,MU0308056055-K,,1,0,visible,,Dimensiuni: 65 * 76 cm,taxable,1,0,0,147,,,https://static.musaibrand.com/images/models/0308-K/model/large/0308-K_6055_2_1.jpg,MU0308-K,123,Size,2XL,,1,,Color,Roșu/albastru marin,,1,,,,,,,,,,,,[65cm]·[76cm],8435782521948
variation,MU0308066055-K,,1,0,visible,,Dimensiuni: 68 * 78 cm,taxable,1,0,0,147,,,https://static.musaibrand.com/images/models/0308-K/model/large/0308-K_6055_2_1.jpg,MU0308-K,124,Size,3XL,,1,,Color,Roșu/albastru marin,,1,,,,,,,,,,,,[68cm]·[78cm],8435782522044
variation,MU0308226055-K,,1,0,visible,,Dimensiuni: 37 * 44 cm,taxable,1,0,0,147,,,https://static.musaibrand.com/images/models/0308-K/model/large/0308-K_6055_2_1.jpg,MU0308-K,125,Size,4,,1,,Color,Roșu/albastru marin,,1,,,,,,,,,,,,[37cm]·[44cm],8435782522143
variation,MU0308246055-K,,1,0,visible,,Dimensiuni: 40 * 48 cm,taxable,1,0,0,147,,,https://static.musaibrand.com/images/models/0308-K/model/large/0308-K_6055_2_1.jpg,MU0308-K,126,Size,6,,1,,Color,Roșu/albastru marin,,1,,,,,,,,,,,,[40cm]·[48cm],8435782522242
variation,MU0308256055-K,,1,0,visible,,Dimensiuni: 43 * 52 cm,taxable,1,0,0,147,,,https://static.musaibrand.com/images/models/0308-K/model/large/0308-K_6055_2_1.jpg,MU0308-K,127,Size,8,,1,,Color,Roșu/albastru marin,,1,,,,,,,,,,,,[43cm]·[52cm],8435782522341
variation,MU0308266055-K,,1,0,visible,,Dimensiuni: 45 * 56 cm,taxable,1,0,0,147,,,https://static.musaibrand.com/images/models/0308-K/model/large/0308-K_6055_2_1.jpg,MU0308-K,128,Size,10,,1,,Color,Roșu/albastru marin,,1,,,,,,,,,,,,[45cm]·[56cm],8435782522440
variation,MU0308276055-K,,1,0,visible,,Dimensiuni: 47 * 60 cm,taxable,1,0,0,147,,,https://static.musaibrand.com/images/models/0308-K/model/large/0308-K_6055_2_1.jpg,MU0308-K,129,Size,12,,1,,Color,Roșu/albastru marin,,1,,,,,,,,,,,,[47cm]·[60cm],8435782522549
variation,MU0308286055-K,,1,0,visible,,Dimensiuni: 49 * 64 cm,taxable,1,0,0,147,,,https://static.musaibrand.com/images/models/0308-K/model/large/0308-K_6055_2_1.jpg,MU0308-K,130,Size,14,,1,,Color,Roșu/albastru marin,,1,,,,,,,,,,,,[49cm]·[64cm],8435782522648
variable,MU0309,Hanorac - Sajo,1,0,visible,,"<p>Hanorac tehnic unisex cu mâneci raglan, guler mediu, confecționat din poliester și elastan reciclat, cu căptușeală microperforată.<br>· Stretch</p><p><strong>Compoziție:</strong> 90 % poliester  reciclat· 10% elastan</p><p><br>· Guler din același material.<br>· Acoperire elastică a cusăturii pe guler.<br>· Clapetă interioară și apărătoare de bărbie pe toată lungimea.<br>· Fermoar până la jumătate inversat asortat.<br>· Fermoar personalizat cu imagine de marcă.<br>· Spate puțin mai lung decât partea din față. <br>· Manșete cu orificii pentru degetul mare<br>· Detaliu cu logo imprimat pe tiv reflectorizant.</p><h4>Dimensiuni</h4><table style='border-collapse:collapse;margin:8px 0'><tr><th style='padding:4px 12px;border:1px solid #ddd;text-align:left'>Mărime</th><th style='padding:4px 12px;border:1px solid #ddd;text-align:left'>Dimensiuni</th></tr><tr><td style='padding:4px 12px;border:1px solid #ddd'>XS</td><td style='padding:4px 12px;border:1px solid #ddd'>47 * 68 cm</td></tr><tr><td style='padding:4px 12px;border:1px solid #ddd'>S</td><td style='padding:4px 12px;border:1px solid #ddd'>50 * 68 cm</td></tr><tr><td style='padding:4px 12px;border:1px solid #ddd'>M</td><td style='padding:4px 12px;border:1px solid #ddd'>53 * 70 cm</td></tr><tr><td style='padding:4px 12px;border:1px solid #ddd'>L</td><td style='padding:4px 12px;border:1px solid #ddd'>56 * 72 cm</td></tr><tr><td style='padding:4px 12px;border:1px solid #ddd'>XL</td><td style='padding:4px 12px;border:1px solid #ddd'>58 * 74 cm</td></tr><tr><td style='padding:4px 12px;border:1px solid #ddd'>2XL</td><td style='padding:4px 12px;border:1px solid #ddd'>60 * 75 cm</td></tr><tr><td style='padding:4px 12px;border:1px solid #ddd'>3XL</td><td style='padding:4px 12px;border:1px solid #ddd'>62 * 76 cm</td></tr><tr><td style='padding:4px 12px;border:1px solid #ddd'>4</td><td style='padding:4px 12px;border:1px solid #ddd'>29 * 40 cm</td></tr><tr><td style='padding:4px 12px;border:1px solid #ddd'>6</td><td style='padding:4px 12px;border:1px solid #ddd'>31 * 45,5 cm</td></tr><tr><td style='padding:4px 12px;border:1px solid #ddd'>8</td><td style='padding:4px 12px;border:1px solid #ddd'>33 * 51 cm</td></tr><tr><td style='padding:4px 12px;border:1px solid #ddd'>10</td><td style='padding:4px 12px;border:1px solid #ddd'>35 * 56 cm</td></tr><tr><td style='padding:4px 12px;border:1px solid #ddd'>12</td><td style='padding:4px 12px;border:1px solid #ddd'>37 * 58 cm</td></tr><tr><td style='padding:4px 12px;border:1px solid #ddd'>14</td><td style='padding:4px 12px;border:1px solid #ddd'>39 * 60 cm</td></tr></table>",taxable,1,0,0,,Hanorace,MUSAI,"https://static.musaibrand.com/images/models/0309/model/large/0309_01_1_1.jpg,https://static.musaibrand.com/images/models/0309/model/large/0309_02_1_1.jpg,https://static.musaibrand.com/images/models/0309/model/large/0309_05_1_1.jpg,https://static.musaibrand.com/images/models/0309/model/large/0309_176_1_1.jpg,https://static.musaibrand.com/images/models/0309/model/large/0309_221_1_1.jpg,https://static.musaibrand.com/images/models/0309/model/large/0309_55_1_1.jpg,https://static.musaibrand.com/images/models/0309/model/large/0309_60_1_1.jpg,https://static.musaibrand.com/images/models/0309/model/large/0309_01_2_1.jpg,https://static.musaibrand.com/images/models/0309/model/large/0309_02_2_1.jpg,https://static.musaibrand.com/images/models/0309/model/large/0309_05_2_1.jpg,https://static.musaibrand.com/images/models/0309/model/large/0309_176_2_1.jpg,https://static.musaibrand.com/images/models/0309/model/large/0309_221_2_1.jpg,https://static.musaibrand.com/images/models/0309/model/large/0309_55_2_1.jpg,https://static.musaibrand.com/images/models/0309/model/large/0309_60_2_1.jpg",,0,Size,"XS, S, M, L, XL, 2XL, 3XL, 4, 6, 8, 10, 12, 14",1,1,,Color,"Alb, Negru, Albastru regal, Fluor turcoaz, Galben fluor, Albastru marin, ROȘU",1,1,,Gender,Bărbat,1,1,,Dimensiuni,"[47cm]·[68cm], [50cm]·[68cm], [53cm]·[70cm], [56cm]·[72cm], [58cm]·[74cm], [60cm]·[75cm], [62cm]·[76cm], [29cm]·[40cm], [31cm]·[45.5cm], [33cm]·[51cm], [35cm]·[56cm], [37cm]·[58cm], [39cm]·[60cm]",1,0,,,
variation,MU03090001,,1,0,visible,,Dimensiuni: 47 * 68 cm,taxable,1,0,0,126,,,https://static.musaibrand.com/images/models/0309/model/large/0309_01_2_1.jpg,MU0309,1,Size,XS,,1,,Color,Alb,,1,,,,,,,,,,,,[47cm]·[68cm],8435782522655
variation,MU03090101,,1,0,visible,,Dimensiuni: 50 * 68 cm,taxable,1,0,0,126,,,https://static.musaibrand.com/images/models/0309/model/large/0309_01_2_1.jpg,MU0309,2,Size,S,,1,,Color,Alb,,1,,,,,,,,,,,,[50cm]·[68cm],8435782522723
variation,MU03090201,,1,0,visible,,Dimensiuni: 53 * 70 cm,taxable,1,0,0,126,,,https://static.musaibrand.com/images/models/0309/model/large/0309_01_2_1.jpg,MU0309,3,Size,M,,1,,Color,Alb,,1,,,,,,,,,,,,[53cm]·[70cm],8435782522792
variation,MU03090301,,1,0,visible,,Dimensiuni: 56 * 72 cm,taxable,1,0,0,126,,,https://static.musaibrand.com/images/models/0309/model/large/0309_01_2_1.jpg,MU0309,4,Size,L,,1,,Color,Alb,,1,,,,,,,,,,,,[56cm]·[72cm],8435782522860
variation,MU03090401,,1,0,visible,,Dimensiuni: 58 * 74 cm,taxable,1,0,0,126,,,https://static.musaibrand.com/images/models/0309/model/large/0309_01_2_1.jpg,MU0309,5,Size,XL,,1,,Color,Alb,,1,,,,,,,,,,,,[58cm]·[74cm],8435782522938
variation,MU03090501,,1,0,visible,,Dimensiuni: 60 * 75 cm,taxable,1,0,0,126,,,https://static.musaibrand.com/images/models/0309/model/large/0309_01_2_1.jpg,MU0309,6,Size,2XL,,1,,Color,Alb,,1,,,,,,,,,,,,[60cm]·[75cm],8435782523003
variation,MU03090601,,1,0,visible,,Dimensiuni: 62 * 76 cm,taxable,1,0,0,126,,,https://static.musaibrand.com/images/models/0309/model/large/0309_01_2_1.jpg,MU0309,7,Size,3XL,,1,,Color,Alb,,1,,,,,,,,,,,,[62cm]·[76cm],8435782523072
variation,MU03092201,,1,0,visible,,Dimensiuni: 29 * 40 cm,taxable,1,0,0,126,,,https://static.musaibrand.com/images/models/0309/model/large/0309_01_2_1.jpg,MU0309,8,Size,4,,1,,Color,Alb,,1,,,,,,,,,,,,[29cm]·[40cm],8435782523140
variation,MU03092401,,1,0,visible,,"Dimensiuni: 31 * 45,5 cm",taxable,1,0,0,126,,,https://static.musaibrand.com/images/models/0309/model/large/0309_01_2_1.jpg,MU0309,9,Size,6,,1,,Color,Alb,,1,,,,,,,,,,,,"[31cm]·[45,5cm]",8435782523218
variation,MU03092501,,1,0,visible,,Dimensiuni: 33 * 51 cm,taxable,1,0,0,126,,,https://static.musaibrand.com/images/models/0309/model/large/0309_01_2_1.jpg,MU0309,10,Size,8,,1,,Color,Alb,,1,,,,,,,,,,,,[33cm]·[51cm],8435782523287
variation,MU03092601,,1,0,visible,,Dimensiuni: 35 * 56 cm,taxable,1,0,0,126,,,https://static.musaibrand.com/images/models/0309/model/large/0309_01_2_1.jpg,MU0309,11,Size,10,,1,,Color,Alb,,1,,,,,,,,,,,,[35cm]·[56cm],8435782523355
variation,MU03092701,,1,0,visible,,Dimensiuni: 37 * 58 cm,taxable,1,0,0,126,,,https://static.musaibrand.com/images/models/0309/model/large/0309_01_2_1.jpg,MU0309,12,Size,12,,1,,Color,Alb,,1,,,,,,,,,,,,[37cm]·[58cm],8435782523423
variation,MU03092801,,1,0,visible,,Dimensiuni: 39 * 60 cm,taxable,1,0,0,126,,,https://static.musaibrand.com/images/models/0309/model/large/0309_01_2_1.jpg,MU0309,13,Size,14,,1,,Color,Alb,,1,,,,,,,,,,,,[39cm]·[60cm],8435782523492
variation,MU03090002,,1,0,visible,,Dimensiuni: 47 * 68 cm,taxable,1,0,0,126,,,https://static.musaibrand.com/images/models/0309/model/large/0309_02_2_1.jpg,MU0309,14,Size,XS,,1,,Color,Negru,,1,,,,,,,,,,,,[47cm]·[68cm],8435782522662
variation,MU03090102,,1,0,visible,,Dimensiuni: 50 * 68 cm,taxable,1,0,0,126,,,https://static.musaibrand.com/images/models/0309/model/large/0309_02_2_1.jpg,MU0309,15,Size,S,,1,,Color,Negru,,1,,,,,,,,,,,,[50cm]·[68cm],8435782522730
variation,MU03090202,,1,0,visible,,Dimensiuni: 53 * 70 cm,taxable,1,0,0,126,,,https://static.musaibrand.com/images/models/0309/model/large/0309_02_2_1.jpg,MU0309,16,Size,M,,1,,Color,Negru,,1,,,,,,,,,,,,[53cm]·[70cm],8435782522808
variation,MU03090302,,1,0,visible,,Dimensiuni: 56 * 72 cm,taxable,1,0,0,126,,,https://static.musaibrand.com/images/models/0309/model/large/0309_02_2_1.jpg,MU0309,17,Size,L,,1,,Color,Negru,,1,,,,,,,,,,,,[56cm]·[72cm],8435782522877
variation,MU03090402,,1,0,visible,,Dimensiuni: 58 * 74 cm,taxable,1,0,0,126,,,https://static.musaibrand.com/images/models/0309/model/large/0309_02_2_1.jpg,MU0309,18,Size,XL,,1,,Color,Negru,,1,,,,,,,,,,,,[58cm]·[74cm],8435782522945
variation,MU03090502,,1,0,visible,,Dimensiuni: 60 * 75 cm,taxable,1,0,0,126,,,https://static.musaibrand.com/images/models/0309/model/large/0309_02_2_1.jpg,MU0309,19,Size,2XL,,1,,Color,Negru,,1,,,,,,,,,,,,[60cm]·[75cm],8435782523010
variation,MU03090602,,1,0,visible,,Dimensiuni: 62 * 76 cm,taxable,1,0,0,126,,,https://static.musaibrand.com/images/models/0309/model/large/0309_02_2_1.jpg,MU0309,20,Size,3XL,,1,,Color,Negru,,1,,,,,,,,,,,,[62cm]·[76cm],8435782523089
variation,MU03092202,,1,0,visible,,Dimensiuni: 29 * 40 cm,taxable,1,0,0,126,,,https://static.musaibrand.com/images/models/0309/model/large/0309_02_2_1.jpg,MU0309,21,Size,4,,1,,Color,Negru,,1,,,,,,,,,,,,[29cm]·[40cm],8435782523157
variation,MU03092402,,1,0,visible,,"Dimensiuni: 31 * 45,5 cm",taxable,1,0,0,126,,,https://static.musaibrand.com/images/models/0309/model/large/0309_02_2_1.jpg,MU0309,22,Size,6,,1,,Color,Negru,,1,,,,,,,,,,,,"[31cm]·[45,5cm]",8435782523225
variation,MU03092502,,1,0,visible,,Dimensiuni: 33 * 51 cm,taxable,1,0,0,126,,,https://static.musaibrand.com/images/models/0309/model/large/0309_02_2_1.jpg,MU0309,23,Size,8,,1,,Color,Negru,,1,,,,,,,,,,,,[33cm]·[51cm],8435782523294
variation,MU03092602,,1,0,visible,,Dimensiuni: 35 * 56 cm,taxable,1,0,0,126,,,https://static.musaibrand.com/images/models/0309/model/large/0309_02_2_1.jpg,MU0309,24,Size,10,,1,,Color,Negru,,1,,,,,,,,,,,,[35cm]·[56cm],8435782523362
variation,MU03092702,,1,0,visible,,Dimensiuni: 37 * 58 cm,taxable,1,0,0,126,,,https://static.musaibrand.com/images/models/0309/model/large/0309_02_2_1.jpg,MU0309,25,Size,12,,1,,Color,Negru,,1,,,,,,,,,,,,[37cm]·[58cm],8435782523430
variation,MU03092802,,1,0,visible,,Dimensiuni: 39 * 60 cm,taxable,1,0,0,126,,,https://static.musaibrand.com/images/models/0309/model/large/0309_02_2_1.jpg,MU0309,26,Size,14,,1,,Color,Negru,,1,,,,,,,,,,,,[39cm]·[60cm],8435782523508
variation,MU03090005,,1,0,visible,,Dimensiuni: 47 * 68 cm,taxable,1,0,0,126,,,https://static.musaibrand.com/images/models/0309/model/large/0309_05_2_1.jpg,MU0309,27,Size,XS,,1,,Color,Albastru regal,,1,,,,,,,,,,,,[47cm]·[68cm],8435782522679
variation,MU03090105,,1,0,visible,,Dimensiuni: 50 * 68 cm,taxable,1,0,0,126,,,https://static.musaibrand.com/images/models/0309/model/large/0309_05_2_1.jpg,MU0309,28,Size,S,,1,,Color,Albastru regal,,1,,,,,,,,,,,,[50cm]·[68cm],8435782522747
variation,MU03090205,,1,0,visible,,Dimensiuni: 53 * 70 cm,taxable,1,0,0,126,,,https://static.musaibrand.com/images/models/0309/model/large/0309_05_2_1.jpg,MU0309,29,Size,M,,1,,Color,Albastru regal,,1,,,,,,,,,,,,[53cm]·[70cm],8435782522815
variation,MU03090305,,1,0,visible,,Dimensiuni: 56 * 72 cm,taxable,1,0,0,126,,,https://static.musaibrand.com/images/models/0309/model/large/0309_05_2_1.jpg,MU0309,30,Size,L,,1,,Color,Albastru regal,,1,,,,,,,,,,,,[56cm]·[72cm],8435782522884
variation,MU03090405,,1,0,visible,,Dimensiuni: 58 * 74 cm,taxable,1,0,0,126,,,https://static.musaibrand.com/images/models/0309/model/large/0309_05_2_1.jpg,MU0309,31,Size,XL,,1,,Color,Albastru regal,,1,,,,,,,,,,,,[58cm]·[74cm],8435782522952
variation,MU03090505,,1,0,visible,,Dimensiuni: 60 * 75 cm,taxable,1,0,0,126,,,https://static.musaibrand.com/images/models/0309/model/large/0309_05_2_1.jpg,MU0309,32,Size,2XL,,1,,Color,Albastru regal,,1,,,,,,,,,,,,[60cm]·[75cm],8435782523027
variation,MU03090605,,1,0,visible,,Dimensiuni: 62 * 76 cm,taxable,1,0,0,126,,,https://static.musaibrand.com/images/models/0309/model/large/0309_05_2_1.jpg,MU0309,33,Size,3XL,,1,,Color,Albastru regal,,1,,,,,,,,,,,,[62cm]·[76cm],8435782523096
variation,MU03092205,,1,0,visible,,Dimensiuni: 29 * 40 cm,taxable,1,0,0,126,,,https://static.musaibrand.com/images/models/0309/model/large/0309_05_2_1.jpg,MU0309,34,Size,4,,1,,Color,Albastru regal,,1,,,,,,,,,,,,[29cm]·[40cm],8435782523164
variation,MU03092405,,1,0,visible,,"Dimensiuni: 31 * 45,5 cm",taxable,1,0,0,126,,,https://static.musaibrand.com/images/models/0309/model/large/0309_05_2_1.jpg,MU0309,35,Size,6,,1,,Color,Albastru regal,,1,,,,,,,,,,,,"[31cm]·[45,5cm]",8435782523232
variation,MU03092505,,1,0,visible,,Dimensiuni: 33 * 51 cm,taxable,1,0,0,126,,,https://static.musaibrand.com/images/models/0309/model/large/0309_05_2_1.jpg,MU0309,36,Size,8,,1,,Color,Albastru regal,,1,,,,,,,,,,,,[33cm]·[51cm],8435782523300
variation,MU03092605,,1,0,visible,,Dimensiuni: 35 * 56 cm,taxable,1,0,0,126,,,https://static.musaibrand.com/images/models/0309/model/large/0309_05_2_1.jpg,MU0309,37,Size,10,,1,,Color,Albastru regal,,1,,,,,,,,,,,,[35cm]·[56cm],8435782523379
variation,MU03092705,,1,0,visible,,Dimensiuni: 37 * 58 cm,taxable,1,0,0,126,,,https://static.musaibrand.com/images/models/0309/model/large/0309_05_2_1.jpg,MU0309,38,Size,12,,1,,Color,Albastru regal,,1,,,,,,,,,,,,[37cm]·[58cm],8435782523447
variation,MU03092805,,1,0,visible,,Dimensiuni: 39 * 60 cm,taxable,1,0,0,126,,,https://static.musaibrand.com/images/models/0309/model/large/0309_05_2_1.jpg,MU0309,39,Size,14,,1,,Color,Albastru regal,,1,,,,,,,,,,,,[39cm]·[60cm],8435782523515
variation,MU030900176,,1,0,visible,,Dimensiuni: 47 * 68 cm,taxable,1,0,0,126,,,https://static.musaibrand.com/images/models/0309/model/large/0309_176_2_1.jpg,MU0309,40,Size,XS,,1,,Color,Fluor turcoaz,,1,,,,,,,,,,,,[47cm]·[68cm],8435782522686
variation,MU030901176,,1,0,visible,,Dimensiuni: 50 * 68 cm,taxable,1,0,0,126,,,https://static.musaibrand.com/images/models/0309/model/large/0309_176_2_1.jpg,MU0309,41,Size,S,,1,,Color,Fluor turcoaz,,1,,,,,,,,,,,,[50cm]·[68cm],8435782522754
variation,MU030902176,,1,0,visible,,Dimensiuni: 53 * 70 cm,taxable,1,0,0,126,,,https://static.musaibrand.com/images/models/0309/model/large/0309_176_2_1.jpg,MU0309,42,Size,M,,1,,Color,Fluor turcoaz,,1,,,,,,,,,,,,[53cm]·[70cm],8435782522822
variation,MU030903176,,1,0,visible,,Dimensiuni: 56 * 72 cm,taxable,1,0,0,126,,,https://static.musaibrand.com/images/models/0309/model/large/0309_176_2_1.jpg,MU0309,43,Size,L,,1,,Color,Fluor turcoaz,,1,,,,,,,,,,,,[56cm]·[72cm],8435782522891
variation,MU030904176,,1,0,visible,,Dimensiuni: 58 * 74 cm,taxable,1,0,0,126,,,https://static.musaibrand.com/images/models/0309/model/large/0309_176_2_1.jpg,MU0309,44,Size,XL,,1,,Color,Fluor turcoaz,,1,,,,,,,,,,,,[58cm]·[74cm],8435782522969
variation,MU030905176,,1,0,visible,,Dimensiuni: 60 * 75 cm,taxable,1,0,0,126,,,https://static.musaibrand.com/images/models/0309/model/large/0309_176_2_1.jpg,MU0309,45,Size,2XL,,1,,Color,Fluor turcoaz,,1,,,,,,,,,,,,[60cm]·[75cm],8435782523034
variation,MU030906176,,1,0,visible,,Dimensiuni: 62 * 76 cm,taxable,1,0,0,126,,,https://static.musaibrand.com/images/models/0309/model/large/0309_176_2_1.jpg,MU0309,46,Size,3XL,,1,,Color,Fluor turcoaz,,1,,,,,,,,,,,,[62cm]·[76cm],8435782523102
variation,MU030922176,,1,0,visible,,Dimensiuni: 29 * 40 cm,taxable,1,0,0,126,,,https://static.musaibrand.com/images/models/0309/model/large/0309_176_2_1.jpg,MU0309,47,Size,4,,1,,Color,Fluor turcoaz,,1,,,,,,,,,,,,[29cm]·[40cm],8435782523171
variation,MU030924176,,1,0,visible,,"Dimensiuni: 31 * 45,5 cm",taxable,1,0,0,126,,,https://static.musaibrand.com/images/models/0309/model/large/0309_176_2_1.jpg,MU0309,48,Size,6,,1,,Color,Fluor turcoaz,,1,,,,,,,,,,,,"[31cm]·[45,5cm]",8435782523249
variation,MU030925176,,1,0,visible,,Dimensiuni: 33 * 51 cm,taxable,1,0,0,126,,,https://static.musaibrand.com/images/models/0309/model/large/0309_176_2_1.jpg,MU0309,49,Size,8,,1,,Color,Fluor turcoaz,,1,,,,,,,,,,,,[33cm]·[51cm],8435782523317
variation,MU030926176,,1,0,visible,,Dimensiuni: 35 * 56 cm,taxable,1,0,0,126,,,https://static.musaibrand.com/images/models/0309/model/large/0309_176_2_1.jpg,MU0309,50,Size,10,,1,,Color,Fluor turcoaz,,1,,,,,,,,,,,,[35cm]·[56cm],8435782523386
variation,MU030927176,,1,0,visible,,Dimensiuni: 37 * 58 cm,taxable,1,0,0,126,,,https://static.musaibrand.com/images/models/0309/model/large/0309_176_2_1.jpg,MU0309,51,Size,12,,1,,Color,Fluor turcoaz,,1,,,,,,,,,,,,[37cm]·[58cm],8435782523454
variation,MU030928176,,1,0,visible,,Dimensiuni: 39 * 60 cm,taxable,1,0,0,126,,,https://static.musaibrand.com/images/models/0309/model/large/0309_176_2_1.jpg,MU0309,52,Size,14,,1,,Color,Fluor turcoaz,,1,,,,,,,,,,,,[39cm]·[60cm],8435782523522
variation,MU030900221,,1,0,visible,,Dimensiuni: 47 * 68 cm,taxable,1,0,0,126,,,https://static.musaibrand.com/images/models/0309/model/large/0309_221_2_1.jpg,MU0309,53,Size,XS,,1,,Color,Galben fluor,,1,,,,,,,,,,,,[47cm]·[68cm],8435782522693
variation,MU030901221,,1,0,visible,,Dimensiuni: 50 * 68 cm,taxable,1,0,0,126,,,https://static.musaibrand.com/images/models/0309/model/large/0309_221_2_1.jpg,MU0309,54,Size,S,,1,,Color,Galben fluor,,1,,,,,,,,,,,,[50cm]·[68cm],8435782522761
variation,MU030902221,,1,0,visible,,Dimensiuni: 53 * 70 cm,taxable,1,0,0,126,,,https://static.musaibrand.com/images/models/0309/model/large/0309_221_2_1.jpg,MU0309,55,Size,M,,1,,Color,Galben fluor,,1,,,,,,,,,,,,[53cm]·[70cm],8435782522839
variation,MU030903221,,1,0,visible,,Dimensiuni: 56 * 72 cm,taxable,1,0,0,126,,,https://static.musaibrand.com/images/models/0309/model/large/0309_221_2_1.jpg,MU0309,56,Size,L,,1,,Color,Galben fluor,,1,,,,,,,,,,,,[56cm]·[72cm],8435782522907
variation,MU030904221,,1,0,visible,,Dimensiuni: 58 * 74 cm,taxable,1,0,0,126,,,https://static.musaibrand.com/images/models/0309/model/large/0309_221_2_1.jpg,MU0309,57,Size,XL,,1,,Color,Galben fluor,,1,,,,,,,,,,,,[58cm]·[74cm],8435782522976
variation,MU030905221,,1,0,visible,,Dimensiuni: 60 * 75 cm,taxable,1,0,0,126,,,https://static.musaibrand.com/images/models/0309/model/large/0309_221_2_1.jpg,MU0309,58,Size,2XL,,1,,Color,Galben fluor,,1,,,,,,,,,,,,[60cm]·[75cm],8435782523041
variation,MU030906221,,1,0,visible,,Dimensiuni: 62 * 76 cm,taxable,1,0,0,126,,,https://static.musaibrand.com/images/models/0309/model/large/0309_221_2_1.jpg,MU0309,59,Size,3XL,,1,,Color,Galben fluor,,1,,,,,,,,,,,,[62cm]·[76cm],8435782523119
variation,MU030922221,,1,0,visible,,Dimensiuni: 29 * 40 cm,taxable,1,0,0,126,,,https://static.musaibrand.com/images/models/0309/model/large/0309_221_2_1.jpg,MU0309,60,Size,4,,1,,Color,Galben fluor,,1,,,,,,,,,,,,[29cm]·[40cm],8435782523188
variation,MU030924221,,1,0,visible,,"Dimensiuni: 31 * 45,5 cm",taxable,1,0,0,126,,,https://static.musaibrand.com/images/models/0309/model/large/0309_221_2_1.jpg,MU0309,61,Size,6,,1,,Color,Galben fluor,,1,,,,,,,,,,,,"[31cm]·[45,5cm]",8435782523256
variation,MU030925221,,1,0,visible,,Dimensiuni: 33 * 51 cm,taxable,1,0,0,126,,,https://static.musaibrand.com/images/models/0309/model/large/0309_221_2_1.jpg,MU0309,62,Size,8,,1,,Color,Galben fluor,,1,,,,,,,,,,,,[33cm]·[51cm],8435782523324
variation,MU030926221,,1,0,visible,,Dimensiuni: 35 * 56 cm,taxable,1,0,0,126,,,https://static.musaibrand.com/images/models/0309/model/large/0309_221_2_1.jpg,MU0309,63,Size,10,,1,,Color,Galben fluor,,1,,,,,,,,,,,,[35cm]·[56cm],8435782523393
variation,MU030927221,,1,0,visible,,Dimensiuni: 37 * 58 cm,taxable,1,0,0,126,,,https://static.musaibrand.com/images/models/0309/model/large/0309_221_2_1.jpg,MU0309,64,Size,12,,1,,Color,Galben fluor,,1,,,,,,,,,,,,[37cm]·[58cm],8435782523461
variation,MU030928221,,1,0,visible,,Dimensiuni: 39 * 60 cm,taxable,1,0,0,126,,,https://static.musaibrand.com/images/models/0309/model/large/0309_221_2_1.jpg,MU0309,65,Size,14,,1,,Color,Galben fluor,,1,,,,,,,,,,,,[39cm]·[60cm],8435782523539
variation,MU03090055,,1,0,visible,,Dimensiuni: 47 * 68 cm,taxable,1,0,0,126,,,https://static.musaibrand.com/images/models/0309/model/large/0309_55_2_1.jpg,MU0309,66,Size,XS,,1,,Color,Albastru marin,,1,,,,,,,,,,,,[47cm]·[68cm],8435782522709
variation,MU03090155,,1,0,visible,,Dimensiuni: 50 * 68 cm,taxable,1,0,0,126,,,https://static.musaibrand.com/images/models/0309/model/large/0309_55_2_1.jpg,MU0309,67,Size,S,,1,,Color,Albastru marin,,1,,,,,,,,,,,,[50cm]·[68cm],8435782522778
variation,MU03090255,,1,0,visible,,Dimensiuni: 53 * 70 cm,taxable,1,0,0,126,,,https://static.musaibrand.com/images/models/0309/model/large/0309_55_2_1.jpg,MU0309,68,Size,M,,1,,Color,Albastru marin,,1,,,,,,,,,,,,[53cm]·[70cm],8435782522846
variation,MU03090355,,1,0,visible,,Dimensiuni: 56 * 72 cm,taxable,1,0,0,126,,,https://static.musaibrand.com/images/models/0309/model/large/0309_55_2_1.jpg,MU0309,69,Size,L,,1,,Color,Albastru marin,,1,,,,,,,,,,,,[56cm]·[72cm],8435782522914
variation,MU03090455,,1,0,visible,,Dimensiuni: 58 * 74 cm,taxable,1,0,0,126,,,https://static.musaibrand.com/images/models/0309/model/large/0309_55_2_1.jpg,MU0309,70,Size,XL,,1,,Color,Albastru marin,,1,,,,,,,,,,,,[58cm]·[74cm],8435782522983
variation,MU03090555,,1,0,visible,,Dimensiuni: 60 * 75 cm,taxable,1,0,0,126,,,https://static.musaibrand.com/images/models/0309/model/large/0309_55_2_1.jpg,MU0309,71,Size,2XL,,1,,Color,Albastru marin,,1,,,,,,,,,,,,[60cm]·[75cm],8435782523058
variation,MU03090655,,1,0,visible,,Dimensiuni: 62 * 76 cm,taxable,1,0,0,126,,,https://static.musaibrand.com/images/models/0309/model/large/0309_55_2_1.jpg,MU0309,72,Size,3XL,,1,,Color,Albastru marin,,1,,,,,,,,,,,,[62cm]·[76cm],8435782523126
variation,MU03092255,,1,0,visible,,Dimensiuni: 29 * 40 cm,taxable,1,0,0,126,,,https://static.musaibrand.com/images/models/0309/model/large/0309_55_2_1.jpg,MU0309,73,Size,4,,1,,Color,Albastru marin,,1,,,,,,,,,,,,[29cm]·[40cm],8435782523195
variation,MU03092455,,1,0,visible,,"Dimensiuni: 31 * 45,5 cm",taxable,1,0,0,126,,,https://static.musaibrand.com/images/models/0309/model/large/0309_55_2_1.jpg,MU0309,74,Size,6,,1,,Color,Albastru marin,,1,,,,,,,,,,,,"[31cm]·[45,5cm]",8435782523263
variation,MU03092555,,1,0,visible,,Dimensiuni: 33 * 51 cm,taxable,1,0,0,126,,,https://static.musaibrand.com/images/models/0309/model/large/0309_55_2_1.jpg,MU0309,75,Size,8,,1,,Color,Albastru marin,,1,,,,,,,,,,,,[33cm]·[51cm],8435782523331
variation,MU03092655,,1,0,visible,,Dimensiuni: 35 * 56 cm,taxable,1,0,0,126,,,https://static.musaibrand.com/images/models/0309/model/large/0309_55_2_1.jpg,MU0309,76,Size,10,,1,,Color,Albastru marin,,1,,,,,,,,,,,,[35cm]·[56cm],8435782523409
variation,MU03092755,,1,0,visible,,Dimensiuni: 37 * 58 cm,taxable,1,0,0,126,,,https://static.musaibrand.com/images/models/0309/model/large/0309_55_2_1.jpg,MU0309,77,Size,12,,1,,Color,Albastru marin,,1,,,,,,,,,,,,[37cm]·[58cm],8435782523478
variation,MU03092855,,1,0,visible,,Dimensiuni: 39 * 60 cm,taxable,1,0,0,126,,,https://static.musaibrand.com/images/models/0309/model/large/0309_55_2_1.jpg,MU0309,78,Size,14,,1,,Color,Albastru marin,,1,,,,,,,,,,,,[39cm]·[60cm],8435782523546
variation,MU03090060,,1,0,visible,,Dimensiuni: 47 * 68 cm,taxable,1,0,0,126,,,https://static.musaibrand.com/images/models/0309/model/large/0309_60_2_1.jpg,MU0309,79,Size,XS,,1,,Color,ROȘU,,1,,,,,,,,,,,,[47cm]·[68cm],8435782522716
variation,MU03090160,,1,0,visible,,Dimensiuni: 50 * 68 cm,taxable,1,0,0,126,,,https://static.musaibrand.com/images/models/0309/model/large/0309_60_2_1.jpg,MU0309,80,Size,S,,1,,Color,ROȘU,,1,,,,,,,,,,,,[50cm]·[68cm],8435782522785
variation,MU03090260,,1,0,visible,,Dimensiuni: 53 * 70 cm,taxable,1,0,0,126,,,https://static.musaibrand.com/images/models/0309/model/large/0309_60_2_1.jpg,MU0309,81,Size,M,,1,,Color,ROȘU,,1,,,,,,,,,,,,[53cm]·[70cm],8435782522853
variation,MU03090360,,1,0,visible,,Dimensiuni: 56 * 72 cm,taxable,1,0,0,126,,,https://static.musaibrand.com/images/models/0309/model/large/0309_60_2_1.jpg,MU0309,82,Size,L,,1,,Color,ROȘU,,1,,,,,,,,,,,,[56cm]·[72cm],8435782522921
variation,MU03090460,,1,0,visible,,Dimensiuni: 58 * 74 cm,taxable,1,0,0,126,,,https://static.musaibrand.com/images/models/0309/model/large/0309_60_2_1.jpg,MU0309,83,Size,XL,,1,,Color,ROȘU,,1,,,,,,,,,,,,[58cm]·[74cm],8435782522990
variation,MU03090560,,1,0,visible,,Dimensiuni: 60 * 75 cm,taxable,1,0,0,126,,,https://static.musaibrand.com/images/models/0309/model/large/0309_60_2_1.jpg,MU0309,84,Size,2XL,,1,,Color,ROȘU,,1,,,,,,,,,,,,[60cm]·[75cm],8435782523065
variation,MU03090660,,1,0,visible,,Dimensiuni: 62 * 76 cm,taxable,1,0,0,126,,,https://static.musaibrand.com/images/models/0309/model/large/0309_60_2_1.jpg,MU0309,85,Size,3XL,,1,,Color,ROȘU,,1,,,,,,,,,,,,[62cm]·[76cm],8435782523133
variation,MU03092260,,1,0,visible,,Dimensiuni: 29 * 40 cm,taxable,1,0,0,126,,,https://static.musaibrand.com/images/models/0309/model/large/0309_60_2_1.jpg,MU0309,86,Size,4,,1,,Color,ROȘU,,1,,,,,,,,,,,,[29cm]·[40cm],8435782523201
variation,MU03092460,,1,0,visible,,"Dimensiuni: 31 * 45,5 cm",taxable,1,0,0,126,,,https://static.musaibrand.com/images/models/0309/model/large/0309_60_2_1.jpg,MU0309,87,Size,6,,1,,Color,ROȘU,,1,,,,,,,,,,,,"[31cm]·[45,5cm]",8435782523270
variation,MU03092560,,1,0,visible,,Dimensiuni: 33 * 51 cm,taxable,1,0,0,126,,,https://static.musaibrand.com/images/models/0309/model/large/0309_60_2_1.jpg,MU0309,88,Size,8,,1,,Color,ROȘU,,1,,,,,,,,,,,,[33cm]·[51cm],8435782523348
variation,MU03092660,,1,0,visible,,Dimensiuni: 35 * 56 cm,taxable,1,0,0,126,,,https://static.musaibrand.com/images/models/0309/model/large/0309_60_2_1.jpg,MU0309,89,Size,10,,1,,Color,ROȘU,,1,,,,,,,,,,,,[35cm]·[56cm],8435782523416
variation,MU03092760,,1,0,visible,,Dimensiuni: 37 * 58 cm,taxable,1,0,0,126,,,https://static.musaibrand.com/images/models/0309/model/large/0309_60_2_1.jpg,MU0309,90,Size,12,,1,,Color,ROȘU,,1,,,,,,,,,,,,[37cm]·[58cm],8435782523485
variation,MU03092860,,1,0,visible,,Dimensiuni: 39 * 60 cm,taxable,1,0,0,126,,,https://static.musaibrand.com/images/models/0309/model/large/0309_60_2_1.jpg,MU0309,91,Size,14,,1,,Color,ROȘU,,1,,,,,,,,,,,,[39cm]·[60cm],8435782523553
variable,MU0309-K,Hanorac Sajo Copii,1,0,visible,,"<p>Hanorac tehnic pentru copii cu mâneci raglan, guler mediu, confecționat din poliester și elastan reciclat, cu căptușeală microperforată.<br>· Stretch</p><p><strong>Compoziție:</strong> 90 % poliester  reciclat· 10% elastan</p><p><br>· Guler din același material.<br>· Acoperire elastică a cusăturii pe guler.<br>· Clapetă interioară și apărătoare de bărbie pe toată lungimea.<br>· Fermoar până la jumătate inversat asortat.<br>· Fermoar personalizat cu imagine de marcă.<br>· Spate puțin mai lung decât partea din față. <br>· Manșete cu orificii pentru degetul mare<br>· Detaliu cu logo imprimat pe tiv reflectorizant.</p><h4>Dimensiuni</h4><table style='border-collapse:collapse;margin:8px 0'><tr><th style='padding:4px 12px;border:1px solid #ddd;text-align:left'>Mărime</th><th style='padding:4px 12px;border:1px solid #ddd;text-align:left'>Dimensiuni</th></tr><tr><td style='padding:4px 12px;border:1px solid #ddd'>XS</td><td style='padding:4px 12px;border:1px solid #ddd'>47 * 68 cm</td></tr><tr><td style='padding:4px 12px;border:1px solid #ddd'>S</td><td style='padding:4px 12px;border:1px solid #ddd'>50 * 68 cm</td></tr><tr><td style='padding:4px 12px;border:1px solid #ddd'>M</td><td style='padding:4px 12px;border:1px solid #ddd'>53 * 70 cm</td></tr><tr><td style='padding:4px 12px;border:1px solid #ddd'>L</td><td style='padding:4px 12px;border:1px solid #ddd'>56 * 72 cm</td></tr><tr><td style='padding:4px 12px;border:1px solid #ddd'>XL</td><td style='padding:4px 12px;border:1px solid #ddd'>58 * 74 cm</td></tr><tr><td style='padding:4px 12px;border:1px solid #ddd'>2XL</td><td style='padding:4px 12px;border:1px solid #ddd'>60 * 75 cm</td></tr><tr><td style='padding:4px 12px;border:1px solid #ddd'>3XL</td><td style='padding:4px 12px;border:1px solid #ddd'>62 * 76 cm</td></tr><tr><td style='padding:4px 12px;border:1px solid #ddd'>4</td><td style='padding:4px 12px;border:1px solid #ddd'>29 * 40 cm</td></tr><tr><td style='padding:4px 12px;border:1px solid #ddd'>6</td><td style='padding:4px 12px;border:1px solid #ddd'>31 * 45,5 cm</td></tr><tr><td style='padding:4px 12px;border:1px solid #ddd'>8</td><td style='padding:4px 12px;border:1px solid #ddd'>33 * 51 cm</td></tr><tr><td style='padding:4px 12px;border:1px solid #ddd'>10</td><td style='padding:4px 12px;border:1px solid #ddd'>35 * 56 cm</td></tr><tr><td style='padding:4px 12px;border:1px solid #ddd'>12</td><td style='padding:4px 12px;border:1px solid #ddd'>37 * 58 cm</td></tr><tr><td style='padding:4px 12px;border:1px solid #ddd'>14</td><td style='padding:4px 12px;border:1px solid #ddd'>39 * 60 cm</td></tr></table>",taxable,1,0,0,,Hanorace,MUSAI,"https://static.musaibrand.com/images/models/0309-K/model/large/0309-K_01_1_1.jpg,https://static.musaibrand.com/images/models/0309-K/model/large/0309-K_02_1_1.jpg,https://static.musaibrand.com/images/models/0309-K/model/large/0309-K_05_1_1.jpg,https://static.musaibrand.com/images/models/0309-K/model/large/0309-K_176_1_1.jpg,https://static.musaibrand.com/images/models/0309-K/model/large/0309-K_221_1_1.jpg,https://static.musaibrand.com/images/models/0309-K/model/large/0309-K_55_1_1.jpg,https://static.musaibrand.com/images/models/0309-K/model/large/0309-K_60_1_1.jpg,https://static.musaibrand.com/images/models/0309-K/model/large/0309-K_01_2_1.jpg,https://static.musaibrand.com/images/models/0309-K/model/large/0309-K_02_2_1.jpg,https://static.musaibrand.com/images/models/0309-K/model/large/0309-K_05_2_1.jpg,https://static.musaibrand.com/images/models/0309-K/model/large/0309-K_176_2_1.jpg,https://static.musaibrand.com/images/models/0309-K/model/large/0309-K_221_2_1.jpg,https://static.musaibrand.com/images/models/0309-K/model/large/0309-K_55_2_1.jpg,https://static.musaibrand.com/images/models/0309-K/model/large/0309-K_60_2_1.jpg",,0,Size,"XS, S, M, L, XL, 2XL, 3XL, 4, 6, 8, 10, 12, 14",1,1,,Color,"Alb, Negru, Albastru regal, Fluor turcoaz, Galben fluor, Albastru marin, ROȘU",1,1,,Gender,Unisex,1,1,,Dimensiuni,"[47cm]·[68cm], [50cm]·[68cm], [53cm]·[70cm], [56cm]·[72cm], [58cm]·[74cm], [60cm]·[75cm], [62cm]·[76cm], [29cm]·[40cm], [31cm]·[45.5cm], [33cm]·[51cm], [35cm]·[56cm], [37cm]·[58cm], [39cm]·[60cm]",1,0,,,
variation,MU03090001-K,,1,0,visible,,Dimensiuni: 47 * 68 cm,taxable,1,0,0,126,,,https://static.musaibrand.com/images/models/0309-K/model/large/0309-K_01_2_1.jpg,MU0309-K,1,Size,XS,,1,,Color,Alb,,1,,,,,,,,,,,,[47cm]·[68cm],8435782522655
variation,MU03090101-K,,1,0,visible,,Dimensiuni: 50 * 68 cm,taxable,1,0,0,126,,,https://static.musaibrand.com/images/models/0309-K/model/large/0309-K_01_2_1.jpg,MU0309-K,2,Size,S,,1,,Color,Alb,,1,,,,,,,,,,,,[50cm]·[68cm],8435782522723
variation,MU03090201-K,,1,0,visible,,Dimensiuni: 53 * 70 cm,taxable,1,0,0,126,,,https://static.musaibrand.com/images/models/0309-K/model/large/0309-K_01_2_1.jpg,MU0309-K,3,Size,M,,1,,Color,Alb,,1,,,,,,,,,,,,[53cm]·[70cm],8435782522792
variation,MU03090301-K,,1,0,visible,,Dimensiuni: 56 * 72 cm,taxable,1,0,0,126,,,https://static.musaibrand.com/images/models/0309-K/model/large/0309-K_01_2_1.jpg,MU0309-K,4,Size,L,,1,,Color,Alb,,1,,,,,,,,,,,,[56cm]·[72cm],8435782522860
variation,MU03090401-K,,1,0,visible,,Dimensiuni: 58 * 74 cm,taxable,1,0,0,126,,,https://static.musaibrand.com/images/models/0309-K/model/large/0309-K_01_2_1.jpg,MU0309-K,5,Size,XL,,1,,Color,Alb,,1,,,,,,,,,,,,[58cm]·[74cm],8435782522938
variation,MU03090501-K,,1,0,visible,,Dimensiuni: 60 * 75 cm,taxable,1,0,0,126,,,https://static.musaibrand.com/images/models/0309-K/model/large/0309-K_01_2_1.jpg,MU0309-K,6,Size,2XL,,1,,Color,Alb,,1,,,,,,,,,,,,[60cm]·[75cm],8435782523003
variation,MU03090601-K,,1,0,visible,,Dimensiuni: 62 * 76 cm,taxable,1,0,0,126,,,https://static.musaibrand.com/images/models/0309-K/model/large/0309-K_01_2_1.jpg,MU0309-K,7,Size,3XL,,1,,Color,Alb,,1,,,,,,,,,,,,[62cm]·[76cm],8435782523072
variation,MU03092201-K,,1,0,visible,,Dimensiuni: 29 * 40 cm,taxable,1,0,0,126,,,https://static.musaibrand.com/images/models/0309-K/model/large/0309-K_01_2_1.jpg,MU0309-K,8,Size,4,,1,,Color,Alb,,1,,,,,,,,,,,,[29cm]·[40cm],8435782523140
variation,MU03092401-K,,1,0,visible,,"Dimensiuni: 31 * 45,5 cm",taxable,1,0,0,126,,,https://static.musaibrand.com/images/models/0309-K/model/large/0309-K_01_2_1.jpg,MU0309-K,9,Size,6,,1,,Color,Alb,,1,,,,,,,,,,,,"[31cm]·[45,5cm]",8435782523218
variation,MU03092501-K,,1,0,visible,,Dimensiuni: 33 * 51 cm,taxable,1,0,0,126,,,https://static.musaibrand.com/images/models/0309-K/model/large/0309-K_01_2_1.jpg,MU0309-K,10,Size,8,,1,,Color,Alb,,1,,,,,,,,,,,,[33cm]·[51cm],8435782523287
variation,MU03092601-K,,1,0,visible,,Dimensiuni: 35 * 56 cm,taxable,1,0,0,126,,,https://static.musaibrand.com/images/models/0309-K/model/large/0309-K_01_2_1.jpg,MU0309-K,11,Size,10,,1,,Color,Alb,,1,,,,,,,,,,,,[35cm]·[56cm],8435782523355
variation,MU03092701-K,,1,0,visible,,Dimensiuni: 37 * 58 cm,taxable,1,0,0,126,,,https://static.musaibrand.com/images/models/0309-K/model/large/0309-K_01_2_1.jpg,MU0309-K,12,Size,12,,1,,Color,Alb,,1,,,,,,,,,,,,[37cm]·[58cm],8435782523423
variation,MU03092801-K,,1,0,visible,,Dimensiuni: 39 * 60 cm,taxable,1,0,0,126,,,https://static.musaibrand.com/images/models/0309-K/model/large/0309-K_01_2_1.jpg,MU0309-K,13,Size,14,,1,,Color,Alb,,1,,,,,,,,,,,,[39cm]·[60cm],8435782523492
variation,MU03090002-K,,1,0,visible,,Dimensiuni: 47 * 68 cm,taxable,1,0,0,126,,,https://static.musaibrand.com/images/models/0309-K/model/large/0309-K_02_2_1.jpg,MU0309-K,14,Size,XS,,1,,Color,Negru,,1,,,,,,,,,,,,[47cm]·[68cm],8435782522662
variation,MU03090102-K,,1,0,visible,,Dimensiuni: 50 * 68 cm,taxable,1,0,0,126,,,https://static.musaibrand.com/images/models/0309-K/model/large/0309-K_02_2_1.jpg,MU0309-K,15,Size,S,,1,,Color,Negru,,1,,,,,,,,,,,,[50cm]·[68cm],8435782522730
variation,MU03090202-K,,1,0,visible,,Dimensiuni: 53 * 70 cm,taxable,1,0,0,126,,,https://static.musaibrand.com/images/models/0309-K/model/large/0309-K_02_2_1.jpg,MU0309-K,16,Size,M,,1,,Color,Negru,,1,,,,,,,,,,,,[53cm]·[70cm],8435782522808
variation,MU03090302-K,,1,0,visible,,Dimensiuni: 56 * 72 cm,taxable,1,0,0,126,,,https://static.musaibrand.com/images/models/0309-K/model/large/0309-K_02_2_1.jpg,MU0309-K,17,Size,L,,1,,Color,Negru,,1,,,,,,,,,,,,[56cm]·[72cm],8435782522877
variation,MU03090402-K,,1,0,visible,,Dimensiuni: 58 * 74 cm,taxable,1,0,0,126,,,https://static.musaibrand.com/images/models/0309-K/model/large/0309-K_02_2_1.jpg,MU0309-K,18,Size,XL,,1,,Color,Negru,,1,,,,,,,,,,,,[58cm]·[74cm],8435782522945
variation,MU03090502-K,,1,0,visible,,Dimensiuni: 60 * 75 cm,taxable,1,0,0,126,,,https://static.musaibrand.com/images/models/0309-K/model/large/0309-K_02_2_1.jpg,MU0309-K,19,Size,2XL,,1,,Color,Negru,,1,,,,,,,,,,,,[60cm]·[75cm],8435782523010
variation,MU03090602-K,,1,0,visible,,Dimensiuni: 62 * 76 cm,taxable,1,0,0,126,,,https://static.musaibrand.com/images/models/0309-K/model/large/0309-K_02_2_1.jpg,MU0309-K,20,Size,3XL,,1,,Color,Negru,,1,,,,,,,,,,,,[62cm]·[76cm],8435782523089
variation,MU03092202-K,,1,0,visible,,Dimensiuni: 29 * 40 cm,taxable,1,0,0,126,,,https://static.musaibrand.com/images/models/0309-K/model/large/0309-K_02_2_1.jpg,MU0309-K,21,Size,4,,1,,Color,Negru,,1,,,,,,,,,,,,[29cm]·[40cm],8435782523157
variation,MU03092402-K,,1,0,visible,,"Dimensiuni: 31 * 45,5 cm",taxable,1,0,0,126,,,https://static.musaibrand.com/images/models/0309-K/model/large/0309-K_02_2_1.jpg,MU0309-K,22,Size,6,,1,,Color,Negru,,1,,,,,,,,,,,,"[31cm]·[45,5cm]",8435782523225
variation,MU03092502-K,,1,0,visible,,Dimensiuni: 33 * 51 cm,taxable,1,0,0,126,,,https://static.musaibrand.com/images/models/0309-K/model/large/0309-K_02_2_1.jpg,MU0309-K,23,Size,8,,1,,Color,Negru,,1,,,,,,,,,,,,[33cm]·[51cm],8435782523294
variation,MU03092602-K,,1,0,visible,,Dimensiuni: 35 * 56 cm,taxable,1,0,0,126,,,https://static.musaibrand.com/images/models/0309-K/model/large/0309-K_02_2_1.jpg,MU0309-K,24,Size,10,,1,,Color,Negru,,1,,,,,,,,,,,,[35cm]·[56cm],8435782523362
variation,MU03092702-K,,1,0,visible,,Dimensiuni: 37 * 58 cm,taxable,1,0,0,126,,,https://static.musaibrand.com/images/models/0309-K/model/large/0309-K_02_2_1.jpg,MU0309-K,25,Size,12,,1,,Color,Negru,,1,,,,,,,,,,,,[37cm]·[58cm],8435782523430
variation,MU03092802-K,,1,0,visible,,Dimensiuni: 39 * 60 cm,taxable,1,0,0,126,,,https://static.musaibrand.com/images/models/0309-K/model/large/0309-K_02_2_1.jpg,MU0309-K,26,Size,14,,1,,Color,Negru,,1,,,,,,,,,,,,[39cm]·[60cm],8435782523508
variation,MU03090005-K,,1,0,visible,,Dimensiuni: 47 * 68 cm,taxable,1,0,0,126,,,https://static.musaibrand.com/images/models/0309-K/model/large/0309-K_05_2_1.jpg,MU0309-K,27,Size,XS,,1,,Color,Albastru regal,,1,,,,,,,,,,,,[47cm]·[68cm],8435782522679
variation,MU03090105-K,,1,0,visible,,Dimensiuni: 50 * 68 cm,taxable,1,0,0,126,,,https://static.musaibrand.com/images/models/0309-K/model/large/0309-K_05_2_1.jpg,MU0309-K,28,Size,S,,1,,Color,Albastru regal,,1,,,,,,,,,,,,[50cm]·[68cm],8435782522747
variation,MU03090205-K,,1,0,visible,,Dimensiuni: 53 * 70 cm,taxable,1,0,0,126,,,https://static.musaibrand.com/images/models/0309-K/model/large/0309-K_05_2_1.jpg,MU0309-K,29,Size,M,,1,,Color,Albastru regal,,1,,,,,,,,,,,,[53cm]·[70cm],8435782522815
variation,MU03090305-K,,1,0,visible,,Dimensiuni: 56 * 72 cm,taxable,1,0,0,126,,,https://static.musaibrand.com/images/models/0309-K/model/large/0309-K_05_2_1.jpg,MU0309-K,30,Size,L,,1,,Color,Albastru regal,,1,,,,,,,,,,,,[56cm]·[72cm],8435782522884
variation,MU03090405-K,,1,0,visible,,Dimensiuni: 58 * 74 cm,taxable,1,0,0,126,,,https://static.musaibrand.com/images/models/0309-K/model/large/0309-K_05_2_1.jpg,MU0309-K,31,Size,XL,,1,,Color,Albastru regal,,1,,,,,,,,,,,,[58cm]·[74cm],8435782522952
variation,MU03090505-K,,1,0,visible,,Dimensiuni: 60 * 75 cm,taxable,1,0,0,126,,,https://static.musaibrand.com/images/models/0309-K/model/large/0309-K_05_2_1.jpg,MU0309-K,32,Size,2XL,,1,,Color,Albastru regal,,1,,,,,,,,,,,,[60cm]·[75cm],8435782523027
variation,MU03090605-K,,1,0,visible,,Dimensiuni: 62 * 76 cm,taxable,1,0,0,126,,,https://static.musaibrand.com/images/models/0309-K/model/large/0309-K_05_2_1.jpg,MU0309-K,33,Size,3XL,,1,,Color,Albastru regal,,1,,,,,,,,,,,,[62cm]·[76cm],8435782523096
variation,MU03092205-K,,1,0,visible,,Dimensiuni: 29 * 40 cm,taxable,1,0,0,126,,,https://static.musaibrand.com/images/models/0309-K/model/large/0309-K_05_2_1.jpg,MU0309-K,34,Size,4,,1,,Color,Albastru regal,,1,,,,,,,,,,,,[29cm]·[40cm],8435782523164
variation,MU03092405-K,,1,0,visible,,"Dimensiuni: 31 * 45,5 cm",taxable,1,0,0,126,,,https://static.musaibrand.com/images/models/0309-K/model/large/0309-K_05_2_1.jpg,MU0309-K,35,Size,6,,1,,Color,Albastru regal,,1,,,,,,,,,,,,"[31cm]·[45,5cm]",8435782523232
variation,MU03092505-K,,1,0,visible,,Dimensiuni: 33 * 51 cm,taxable,1,0,0,126,,,https://static.musaibrand.com/images/models/0309-K/model/large/0309-K_05_2_1.jpg,MU0309-K,36,Size,8,,1,,Color,Albastru regal,,1,,,,,,,,,,,,[33cm]·[51cm],8435782523300
variation,MU03092605-K,,1,0,visible,,Dimensiuni: 35 * 56 cm,taxable,1,0,0,126,,,https://static.musaibrand.com/images/models/0309-K/model/large/0309-K_05_2_1.jpg,MU0309-K,37,Size,10,,1,,Color,Albastru regal,,1,,,,,,,,,,,,[35cm]·[56cm],8435782523379
variation,MU03092705-K,,1,0,visible,,Dimensiuni: 37 * 58 cm,taxable,1,0,0,126,,,https://static.musaibrand.com/images/models/0309-K/model/large/0309-K_05_2_1.jpg,MU0309-K,38,Size,12,,1,,Color,Albastru regal,,1,,,,,,,,,,,,[37cm]·[58cm],8435782523447
variation,MU03092805-K,,1,0,visible,,Dimensiuni: 39 * 60 cm,taxable,1,0,0,126,,,https://static.musaibrand.com/images/models/0309-K/model/large/0309-K_05_2_1.jpg,MU0309-K,39,Size,14,,1,,Color,Albastru regal,,1,,,,,,,,,,,,[39cm]·[60cm],8435782523515
variation,MU030900176-K,,1,0,visible,,Dimensiuni: 47 * 68 cm,taxable,1,0,0,126,,,https://static.musaibrand.com/images/models/0309-K/model/large/0309-K_176_2_1.jpg,MU0309-K,40,Size,XS,,1,,Color,Fluor turcoaz,,1,,,,,,,,,,,,[47cm]·[68cm],8435782522686
variation,MU030901176-K,,1,0,visible,,Dimensiuni: 50 * 68 cm,taxable,1,0,0,126,,,https://static.musaibrand.com/images/models/0309-K/model/large/0309-K_176_2_1.jpg,MU0309-K,41,Size,S,,1,,Color,Fluor turcoaz,,1,,,,,,,,,,,,[50cm]·[68cm],8435782522754
variation,MU030902176-K,,1,0,visible,,Dimensiuni: 53 * 70 cm,taxable,1,0,0,126,,,https://static.musaibrand.com/images/models/0309-K/model/large/0309-K_176_2_1.jpg,MU0309-K,42,Size,M,,1,,Color,Fluor turcoaz,,1,,,,,,,,,,,,[53cm]·[70cm],8435782522822
variation,MU030903176-K,,1,0,visible,,Dimensiuni: 56 * 72 cm,taxable,1,0,0,126,,,https://static.musaibrand.com/images/models/0309-K/model/large/0309-K_176_2_1.jpg,MU0309-K,43,Size,L,,1,,Color,Fluor turcoaz,,1,,,,,,,,,,,,[56cm]·[72cm],8435782522891
variation,MU030904176-K,,1,0,visible,,Dimensiuni: 58 * 74 cm,taxable,1,0,0,126,,,https://static.musaibrand.com/images/models/0309-K/model/large/0309-K_176_2_1.jpg,MU0309-K,44,Size,XL,,1,,Color,Fluor turcoaz,,1,,,,,,,,,,,,[58cm]·[74cm],8435782522969
variation,MU030905176-K,,1,0,visible,,Dimensiuni: 60 * 75 cm,taxable,1,0,0,126,,,https://static.musaibrand.com/images/models/0309-K/model/large/0309-K_176_2_1.jpg,MU0309-K,45,Size,2XL,,1,,Color,Fluor turcoaz,,1,,,,,,,,,,,,[60cm]·[75cm],8435782523034
variation,MU030906176-K,,1,0,visible,,Dimensiuni: 62 * 76 cm,taxable,1,0,0,126,,,https://static.musaibrand.com/images/models/0309-K/model/large/0309-K_176_2_1.jpg,MU0309-K,46,Size,3XL,,1,,Color,Fluor turcoaz,,1,,,,,,,,,,,,[62cm]·[76cm],8435782523102
variation,MU030922176-K,,1,0,visible,,Dimensiuni: 29 * 40 cm,taxable,1,0,0,126,,,https://static.musaibrand.com/images/models/0309-K/model/large/0309-K_176_2_1.jpg,MU0309-K,47,Size,4,,1,,Color,Fluor turcoaz,,1,,,,,,,,,,,,[29cm]·[40cm],8435782523171
variation,MU030924176-K,,1,0,visible,,"Dimensiuni: 31 * 45,5 cm",taxable,1,0,0,126,,,https://static.musaibrand.com/images/models/0309-K/model/large/0309-K_176_2_1.jpg,MU0309-K,48,Size,6,,1,,Color,Fluor turcoaz,,1,,,,,,,,,,,,"[31cm]·[45,5cm]",8435782523249
variation,MU030925176-K,,1,0,visible,,Dimensiuni: 33 * 51 cm,taxable,1,0,0,126,,,https://static.musaibrand.com/images/models/0309-K/model/large/0309-K_176_2_1.jpg,MU0309-K,49,Size,8,,1,,Color,Fluor turcoaz,,1,,,,,,,,,,,,[33cm]·[51cm],8435782523317
variation,MU030926176-K,,1,0,visible,,Dimensiuni: 35 * 56 cm,taxable,1,0,0,126,,,https://static.musaibrand.com/images/models/0309-K/model/large/0309-K_176_2_1.jpg,MU0309-K,50,Size,10,,1,,Color,Fluor turcoaz,,1,,,,,,,,,,,,[35cm]·[56cm],8435782523386
variation,MU030927176-K,,1,0,visible,,Dimensiuni: 37 * 58 cm,taxable,1,0,0,126,,,https://static.musaibrand.com/images/models/0309-K/model/large/0309-K_176_2_1.jpg,MU0309-K,51,Size,12,,1,,Color,Fluor turcoaz,,1,,,,,,,,,,,,[37cm]·[58cm],8435782523454
variation,MU030928176-K,,1,0,visible,,Dimensiuni: 39 * 60 cm,taxable,1,0,0,126,,,https://static.musaibrand.com/images/models/0309-K/model/large/0309-K_176_2_1.jpg,MU0309-K,52,Size,14,,1,,Color,Fluor turcoaz,,1,,,,,,,,,,,,[39cm]·[60cm],8435782523522
variation,MU030900221-K,,1,0,visible,,Dimensiuni: 47 * 68 cm,taxable,1,0,0,126,,,https://static.musaibrand.com/images/models/0309-K/model/large/0309-K_221_2_1.jpg,MU0309-K,53,Size,XS,,1,,Color,Galben fluor,,1,,,,,,,,,,,,[47cm]·[68cm],8435782522693
variation,MU030901221-K,,1,0,visible,,Dimensiuni: 50 * 68 cm,taxable,1,0,0,126,,,https://static.musaibrand.com/images/models/0309-K/model/large/0309-K_221_2_1.jpg,MU0309-K,54,Size,S,,1,,Color,Galben fluor,,1,,,,,,,,,,,,[50cm]·[68cm],8435782522761
variation,MU030902221-K,,1,0,visible,,Dimensiuni: 53 * 70 cm,taxable,1,0,0,126,,,https://static.musaibrand.com/images/models/0309-K/model/large/0309-K_221_2_1.jpg,MU0309-K,55,Size,M,,1,,Color,Galben fluor,,1,,,,,,,,,,,,[53cm]·[70cm],8435782522839
variation,MU030903221-K,,1,0,visible,,Dimensiuni: 56 * 72 cm,taxable,1,0,0,126,,,https://static.musaibrand.com/images/models/0309-K/model/large/0309-K_221_2_1.jpg,MU0309-K,56,Size,L,,1,,Color,Galben fluor,,1,,,,,,,,,,,,[56cm]·[72cm],8435782522907
variation,MU030904221-K,,1,0,visible,,Dimensiuni: 58 * 74 cm,taxable,1,0,0,126,,,https://static.musaibrand.com/images/models/0309-K/model/large/0309-K_221_2_1.jpg,MU0309-K,57,Size,XL,,1,,Color,Galben fluor,,1,,,,,,,,,,,,[58cm]·[74cm],8435782522976
variation,MU030905221-K,,1,0,visible,,Dimensiuni: 60 * 75 cm,taxable,1,0,0,126,,,https://static.musaibrand.com/images/models/0309-K/model/large/0309-K_221_2_1.jpg,MU0309-K,58,Size,2XL,,1,,Color,Galben fluor,,1,,,,,,,,,,,,[60cm]·[75cm],8435782523041
variation,MU030906221-K,,1,0,visible,,Dimensiuni: 62 * 76 cm,taxable,1,0,0,126,,,https://static.musaibrand.com/images/models/0309-K/model/large/0309-K_221_2_1.jpg,MU0309-K,59,Size,3XL,,1,,Color,Galben fluor,,1,,,,,,,,,,,,[62cm]·[76cm],8435782523119
variation,MU030922221-K,,1,0,visible,,Dimensiuni: 29 * 40 cm,taxable,1,0,0,126,,,https://static.musaibrand.com/images/models/0309-K/model/large/0309-K_221_2_1.jpg,MU0309-K,60,Size,4,,1,,Color,Galben fluor,,1,,,,,,,,,,,,[29cm]·[40cm],8435782523188
variation,MU030924221-K,,1,0,visible,,"Dimensiuni: 31 * 45,5 cm",taxable,1,0,0,126,,,https://static.musaibrand.com/images/models/0309-K/model/large/0309-K_221_2_1.jpg,MU0309-K,61,Size,6,,1,,Color,Galben fluor,,1,,,,,,,,,,,,"[31cm]·[45,5cm]",8435782523256
variation,MU030925221-K,,1,0,visible,,Dimensiuni: 33 * 51 cm,taxable,1,0,0,126,,,https://static.musaibrand.com/images/models/0309-K/model/large/0309-K_221_2_1.jpg,MU0309-K,62,Size,8,,1,,Color,Galben fluor,,1,,,,,,,,,,,,[33cm]·[51cm],8435782523324
variation,MU030926221-K,,1,0,visible,,Dimensiuni: 35 * 56 cm,taxable,1,0,0,126,,,https://static.musaibrand.com/images/models/0309-K/model/large/0309-K_221_2_1.jpg,MU0309-K,63,Size,10,,1,,Color,Galben fluor,,1,,,,,,,,,,,,[35cm]·[56cm],8435782523393
variation,MU030927221-K,,1,0,visible,,Dimensiuni: 37 * 58 cm,taxable,1,0,0,126,,,https://static.musaibrand.com/images/models/0309-K/model/large/0309-K_221_2_1.jpg,MU0309-K,64,Size,12,,1,,Color,Galben fluor,,1,,,,,,,,,,,,[37cm]·[58cm],8435782523461
variation,MU030928221-K,,1,0,visible,,Dimensiuni: 39 * 60 cm,taxable,1,0,0,126,,,https://static.musaibrand.com/images/models/0309-K/model/large/0309-K_221_2_1.jpg,MU0309-K,65,Size,14,,1,,Color,Galben fluor,,1,,,,,,,,,,,,[39cm]·[60cm],8435782523539
variation,MU03090055-K,,1,0,visible,,Dimensiuni: 47 * 68 cm,taxable,1,0,0,126,,,https://static.musaibrand.com/images/models/0309-K/model/large/0309-K_55_2_1.jpg,MU0309-K,66,Size,XS,,1,,Color,Albastru marin,,1,,,,,,,,,,,,[47cm]·[68cm],8435782522709
variation,MU03090155-K,,1,0,visible,,Dimensiuni: 50 * 68 cm,taxable,1,0,0,126,,,https://static.musaibrand.com/images/models/0309-K/model/large/0309-K_55_2_1.jpg,MU0309-K,67,Size,S,,1,,Color,Albastru marin,,1,,,,,,,,,,,,[50cm]·[68cm],8435782522778
variation,MU03090255-K,,1,0,visible,,Dimensiuni: 53 * 70 cm,taxable,1,0,0,126,,,https://static.musaibrand.com/images/models/0309-K/model/large/0309-K_55_2_1.jpg,MU0309-K,68,Size,M,,1,,Color,Albastru marin,,1,,,,,,,,,,,,[53cm]·[70cm],8435782522846
variation,MU03090355-K,,1,0,visible,,Dimensiuni: 56 * 72 cm,taxable,1,0,0,126,,,https://static.musaibrand.com/images/models/0309-K/model/large/0309-K_55_2_1.jpg,MU0309-K,69,Size,L,,1,,Color,Albastru marin,,1,,,,,,,,,,,,[56cm]·[72cm],8435782522914
variation,MU03090455-K,,1,0,visible,,Dimensiuni: 58 * 74 cm,taxable,1,0,0,126,,,https://static.musaibrand.com/images/models/0309-K/model/large/0309-K_55_2_1.jpg,MU0309-K,70,Size,XL,,1,,Color,Albastru marin,,1,,,,,,,,,,,,[58cm]·[74cm],8435782522983
variation,MU03090555-K,,1,0,visible,,Dimensiuni: 60 * 75 cm,taxable,1,0,0,126,,,https://static.musaibrand.com/images/models/0309-K/model/large/0309-K_55_2_1.jpg,MU0309-K,71,Size,2XL,,1,,Color,Albastru marin,,1,,,,,,,,,,,,[60cm]·[75cm],8435782523058
variation,MU03090655-K,,1,0,visible,,Dimensiuni: 62 * 76 cm,taxable,1,0,0,126,,,https://static.musaibrand.com/images/models/0309-K/model/large/0309-K_55_2_1.jpg,MU0309-K,72,Size,3XL,,1,,Color,Albastru marin,,1,,,,,,,,,,,,[62cm]·[76cm],8435782523126
variation,MU03092255-K,,1,0,visible,,Dimensiuni: 29 * 40 cm,taxable,1,0,0,126,,,https://static.musaibrand.com/images/models/0309-K/model/large/0309-K_55_2_1.jpg,MU0309-K,73,Size,4,,1,,Color,Albastru marin,,1,,,,,,,,,,,,[29cm]·[40cm],8435782523195
variation,MU03092455-K,,1,0,visible,,"Dimensiuni: 31 * 45,5 cm",taxable,1,0,0,126,,,https://static.musaibrand.com/images/models/0309-K/model/large/0309-K_55_2_1.jpg,MU0309-K,74,Size,6,,1,,Color,Albastru marin,,1,,,,,,,,,,,,"[31cm]·[45,5cm]",8435782523263
variation,MU03092555-K,,1,0,visible,,Dimensiuni: 33 * 51 cm,taxable,1,0,0,126,,,https://static.musaibrand.com/images/models/0309-K/model/large/0309-K_55_2_1.jpg,MU0309-K,75,Size,8,,1,,Color,Albastru marin,,1,,,,,,,,,,,,[33cm]·[51cm],8435782523331
variation,MU03092655-K,,1,0,visible,,Dimensiuni: 35 * 56 cm,taxable,1,0,0,126,,,https://static.musaibrand.com/images/models/0309-K/model/large/0309-K_55_2_1.jpg,MU0309-K,76,Size,10,,1,,Color,Albastru marin,,1,,,,,,,,,,,,[35cm]·[56cm],8435782523409
variation,MU03092755-K,,1,0,visible,,Dimensiuni: 37 * 58 cm,taxable,1,0,0,126,,,https://static.musaibrand.com/images/models/0309-K/model/large/0309-K_55_2_1.jpg,MU0309-K,77,Size,12,,1,,Color,Albastru marin,,1,,,,,,,,,,,,[37cm]·[58cm],8435782523478
variation,MU03092855-K,,1,0,visible,,Dimensiuni: 39 * 60 cm,taxable,1,0,0,126,,,https://static.musaibrand.com/images/models/0309-K/model/large/0309-K_55_2_1.jpg,MU0309-K,78,Size,14,,1,,Color,Albastru marin,,1,,,,,,,,,,,,[39cm]·[60cm],8435782523546
variation,MU03090060-K,,1,0,visible,,Dimensiuni: 47 * 68 cm,taxable,1,0,0,126,,,https://static.musaibrand.com/images/models/0309-K/model/large/0309-K_60_2_1.jpg,MU0309-K,79,Size,XS,,1,,Color,ROȘU,,1,,,,,,,,,,,,[47cm]·[68cm],8435782522716
variation,MU03090160-K,,1,0,visible,,Dimensiuni: 50 * 68 cm,taxable,1,0,0,126,,,https://static.musaibrand.com/images/models/0309-K/model/large/0309-K_60_2_1.jpg,MU0309-K,80,Size,S,,1,,Color,ROȘU,,1,,,,,,,,,,,,[50cm]·[68cm],8435782522785
variation,MU03090260-K,,1,0,visible,,Dimensiuni: 53 * 70 cm,taxable,1,0,0,126,,,https://static.musaibrand.com/images/models/0309-K/model/large/0309-K_60_2_1.jpg,MU0309-K,81,Size,M,,1,,Color,ROȘU,,1,,,,,,,,,,,,[53cm]·[70cm],8435782522853
variation,MU03090360-K,,1,0,visible,,Dimensiuni: 56 * 72 cm,taxable,1,0,0,126,,,https://static.musaibrand.com/images/models/0309-K/model/large/0309-K_60_2_1.jpg,MU0309-K,82,Size,L,,1,,Color,ROȘU,,1,,,,,,,,,,,,[56cm]·[72cm],8435782522921
variation,MU03090460-K,,1,0,visible,,Dimensiuni: 58 * 74 cm,taxable,1,0,0,126,,,https://static.musaibrand.com/images/models/0309-K/model/large/0309-K_60_2_1.jpg,MU0309-K,83,Size,XL,,1,,Color,ROȘU,,1,,,,,,,,,,,,[58cm]·[74cm],8435782522990
variation,MU03090560-K,,1,0,visible,,Dimensiuni: 60 * 75 cm,taxable,1,0,0,126,,,https://static.musaibrand.com/images/models/0309-K/model/large/0309-K_60_2_1.jpg,MU0309-K,84,Size,2XL,,1,,Color,ROȘU,,1,,,,,,,,,,,,[60cm]·[75cm],8435782523065
variation,MU03090660-K,,1,0,visible,,Dimensiuni: 62 * 76 cm,taxable,1,0,0,126,,,https://static.musaibrand.com/images/models/0309-K/model/large/0309-K_60_2_1.jpg,MU0309-K,85,Size,3XL,,1,,Color,ROȘU,,1,,,,,,,,,,,,[62cm]·[76cm],8435782523133
variation,MU03092260-K,,1,0,visible,,Dimensiuni: 29 * 40 cm,taxable,1,0,0,126,,,https://static.musaibrand.com/images/models/0309-K/model/large/0309-K_60_2_1.jpg,MU0309-K,86,Size,4,,1,,Color,ROȘU,,1,,,,,,,,,,,,[29cm]·[40cm],8435782523201
variation,MU03092460-K,,1,0,visible,,"Dimensiuni: 31 * 45,5 cm",taxable,1,0,0,126,,,https://static.musaibrand.com/images/models/0309-K/model/large/0309-K_60_2_1.jpg,MU0309-K,87,Size,6,,1,,Color,ROȘU,,1,,,,,,,,,,,,"[31cm]·[45,5cm]",8435782523270
variation,MU03092560-K,,1,0,visible,,Dimensiuni: 33 * 51 cm,taxable,1,0,0,126,,,https://static.musaibrand.com/images/models/0309-K/model/large/0309-K_60_2_1.jpg,MU0309-K,88,Size,8,,1,,Color,ROȘU,,1,,,,,,,,,,,,[33cm]·[51cm],8435782523348
variation,MU03092660-K,,1,0,visible,,Dimensiuni: 35 * 56 cm,taxable,1,0,0,126,,,https://static.musaibrand.com/images/models/0309-K/model/large/0309-K_60_2_1.jpg,MU0309-K,89,Size,10,,1,,Color,ROȘU,,1,,,,,,,,,,,,[35cm]·[56cm],8435782523416
variation,MU03092760-K,,1,0,visible,,Dimensiuni: 37 * 58 cm,taxable,1,0,0,126,,,https://static.musaibrand.com/images/models/0309-K/model/large/0309-K_60_2_1.jpg,MU0309-K,90,Size,12,,1,,Color,ROȘU,,1,,,,,,,,,,,,[37cm]·[58cm],8435782523485
variation,MU03092860-K,,1,0,visible,,Dimensiuni: 39 * 60 cm,taxable,1,0,0,126,,,https://static.musaibrand.com/images/models/0309-K/model/large/0309-K_60_2_1.jpg,MU0309-K,91,Size,14,,1,,Color,ROȘU,,1,,,,,,,,,,,,[39cm]·[60cm],8435782523553
variable,MU0310,Hanorac - Sajo Femeie,1,0,visible,,"<p>Hanorac tehnic raglan cu mânecă lungă pentru femei, cu interior microperforat din poliester reciclat.<br>· Stretch</p><p><strong>Compoziție:</strong> 90 % poliester  reciclat· 10% elastan</p><p><br>· Guler din același material.<br>· Acoperire elastică a cusăturii pe guler.<br>· Clapetă interioară și apărătoare de bărbie pe toată lungimea.<br>· Fermoar până la jumătate inversat asortat.<br>· Fermoar personalizat cu imagine de marcă.<br>· Spate puțin mai lung decât partea din față. <br>· Manșete cu orificii pentru degetul mare<br>· Detaliu cu logo imprimat pe tiv reflectorizant.</p><h4>Dimensiuni</h4><table style='border-collapse:collapse;margin:8px 0'><tr><th style='padding:4px 12px;border:1px solid #ddd;text-align:left'>Mărime</th><th style='padding:4px 12px;border:1px solid #ddd;text-align:left'>Dimensiuni</th></tr><tr><td style='padding:4px 12px;border:1px solid #ddd'>XS</td><td style='padding:4px 12px;border:1px solid #ddd'>42 * 62 cm</td></tr><tr><td style='padding:4px 12px;border:1px solid #ddd'>S</td><td style='padding:4px 12px;border:1px solid #ddd'>45 * 63 cm</td></tr><tr><td style='padding:4px 12px;border:1px solid #ddd'>M</td><td style='padding:4px 12px;border:1px solid #ddd'>48 * 64 cm</td></tr><tr><td style='padding:4px 12px;border:1px solid #ddd'>L</td><td style='padding:4px 12px;border:1px solid #ddd'>51 * 65 cm</td></tr><tr><td style='padding:4px 12px;border:1px solid #ddd'>XL</td><td style='padding:4px 12px;border:1px solid #ddd'>54 * 66 cm</td></tr><tr><td style='padding:4px 12px;border:1px solid #ddd'>2XL</td><td style='padding:4px 12px;border:1px solid #ddd'>57 * 67 cm</td></tr></table>",taxable,1,0,0,,Hanorace,MUSAI,"https://static.musaibrand.com/images/models/0310/model/large/0310_01_1_1.jpg,https://static.musaibrand.com/images/models/0310/model/large/0310_02_1_1.jpg,https://static.musaibrand.com/images/models/0310/model/large/0310_05_1_1.jpg,https://static.musaibrand.com/images/models/0310/model/large/0310_176_1_1.jpg,https://static.musaibrand.com/images/models/0310/model/large/0310_221_1_1.jpg,https://static.musaibrand.com/images/models/0310/model/large/0310_55_1_1.jpg,https://static.musaibrand.com/images/models/0310/model/large/0310_60_1_1.jpg,https://static.musaibrand.com/images/models/0310/model/large/0310_01_2_1.jpg,https://static.musaibrand.com/images/models/0310/model/large/0310_02_2_1.jpg,https://static.musaibrand.com/images/models/0310/model/large/0310_05_2_1.jpg,https://static.musaibrand.com/images/models/0310/model/large/0310_176_2_1.jpg,https://static.musaibrand.com/images/models/0310/model/large/0310_221_2_1.jpg,https://static.musaibrand.com/images/models/0310/model/large/0310_55_2_1.jpg,https://static.musaibrand.com/images/models/0310/model/large/0310_60_2_1.jpg",,0,Size,"XS, S, M, L, XL, 2XL",1,1,,Color,"Alb, Negru, Albastru regal, Fluor turcoaz, Galben fluor, Albastru marin, ROȘU",1,1,,Gender,Femeie,1,1,,Dimensiuni,"[42cm]·[62cm], [45cm]·[63cm], [48cm]·[64cm], [51cm]·[65cm], [54cm]·[66cm], [57cm]·[67cm]",1,0,,,
variation,MU03100001,,1,0,visible,,Dimensiuni: 42 * 62 cm,taxable,1,0,0,126,,,https://static.musaibrand.com/images/models/0310/model/large/0310_01_2_1.jpg,MU0310,1,Size,XS,,1,,Color,Alb,,1,,,,,,,,,,,,[42cm]·[62cm],8435782523560
variation,MU03100101,,1,0,visible,,Dimensiuni: 45 * 63 cm,taxable,1,0,0,126,,,https://static.musaibrand.com/images/models/0310/model/large/0310_01_2_1.jpg,MU0310,2,Size,S,,1,,Color,Alb,,1,,,,,,,,,,,,[45cm]·[63cm],8435782523638
variation,MU03100201,,1,0,visible,,Dimensiuni: 48 * 64 cm,taxable,1,0,0,126,,,https://static.musaibrand.com/images/models/0310/model/large/0310_01_2_1.jpg,MU0310,3,Size,M,,1,,Color,Alb,,1,,,,,,,,,,,,[48cm]·[64cm],8435782523706
variation,MU03100301,,1,0,visible,,Dimensiuni: 51 * 65 cm,taxable,1,0,0,126,,,https://static.musaibrand.com/images/models/0310/model/large/0310_01_2_1.jpg,MU0310,4,Size,L,,1,,Color,Alb,,1,,,,,,,,,,,,[51cm]·[65cm],8435782523775
variation,MU03100401,,1,0,visible,,Dimensiuni: 54 * 66 cm,taxable,1,0,0,126,,,https://static.musaibrand.com/images/models/0310/model/large/0310_01_2_1.jpg,MU0310,5,Size,XL,,1,,Color,Alb,,1,,,,,,,,,,,,[54cm]·[66cm],8435782523843
variation,MU03100501,,1,0,visible,,Dimensiuni: 57 * 67 cm,taxable,1,0,0,126,,,https://static.musaibrand.com/images/models/0310/model/large/0310_01_2_1.jpg,MU0310,6,Size,2XL,,1,,Color,Alb,,1,,,,,,,,,,,,[57cm]·[67cm],8435782523911
variation,MU03100002,,1,0,visible,,Dimensiuni: 42 * 62 cm,taxable,1,0,0,126,,,https://static.musaibrand.com/images/models/0310/model/large/0310_02_2_1.jpg,MU0310,7,Size,XS,,1,,Color,Negru,,1,,,,,,,,,,,,[42cm]·[62cm],8435782523577
variation,MU03100102,,1,0,visible,,Dimensiuni: 45 * 63 cm,taxable,1,0,0,126,,,https://static.musaibrand.com/images/models/0310/model/large/0310_02_2_1.jpg,MU0310,8,Size,S,,1,,Color,Negru,,1,,,,,,,,,,,,[45cm]·[63cm],8435782523645
variation,MU03100202,,1,0,visible,,Dimensiuni: 48 * 64 cm,taxable,1,0,0,126,,,https://static.musaibrand.com/images/models/0310/model/large/0310_02_2_1.jpg,MU0310,9,Size,M,,1,,Color,Negru,,1,,,,,,,,,,,,[48cm]·[64cm],8435782523713
variation,MU03100302,,1,0,visible,,Dimensiuni: 51 * 65 cm,taxable,1,0,0,126,,,https://static.musaibrand.com/images/models/0310/model/large/0310_02_2_1.jpg,MU0310,10,Size,L,,1,,Color,Negru,,1,,,,,,,,,,,,[51cm]·[65cm],8435782523782
variation,MU03100402,,1,0,visible,,Dimensiuni: 54 * 66 cm,taxable,1,0,0,126,,,https://static.musaibrand.com/images/models/0310/model/large/0310_02_2_1.jpg,MU0310,11,Size,XL,,1,,Color,Negru,,1,,,,,,,,,,,,[54cm]·[66cm],8435782523850
variation,MU03100502,,1,0,visible,,Dimensiuni: 57 * 67 cm,taxable,1,0,0,126,,,https://static.musaibrand.com/images/models/0310/model/large/0310_02_2_1.jpg,MU0310,12,Size,2XL,,1,,Color,Negru,,1,,,,,,,,,,,,[57cm]·[67cm],8435782523928
variation,MU03100005,,1,0,visible,,Dimensiuni: 42 * 62 cm,taxable,1,0,0,126,,,https://static.musaibrand.com/images/models/0310/model/large/0310_05_2_1.jpg,MU0310,13,Size,XS,,1,,Color,Albastru regal,,1,,,,,,,,,,,,[42cm]·[62cm],8435782523584
variation,MU03100105,,1,0,visible,,Dimensiuni: 45 * 63 cm,taxable,1,0,0,126,,,https://static.musaibrand.com/images/models/0310/model/large/0310_05_2_1.jpg,MU0310,14,Size,S,,1,,Color,Albastru regal,,1,,,,,,,,,,,,[45cm]·[63cm],8435782523652
variation,MU03100205,,1,0,visible,,Dimensiuni: 48 * 64 cm,taxable,1,0,0,126,,,https://static.musaibrand.com/images/models/0310/model/large/0310_05_2_1.jpg,MU0310,15,Size,M,,1,,Color,Albastru regal,,1,,,,,,,,,,,,[48cm]·[64cm],8435782523720
variation,MU03100305,,1,0,visible,,Dimensiuni: 51 * 65 cm,taxable,1,0,0,126,,,https://static.musaibrand.com/images/models/0310/model/large/0310_05_2_1.jpg,MU0310,16,Size,L,,1,,Color,Albastru regal,,1,,,,,,,,,,,,[51cm]·[65cm],8435782523799
variation,MU03100405,,1,0,visible,,Dimensiuni: 54 * 66 cm,taxable,1,0,0,126,,,https://static.musaibrand.com/images/models/0310/model/large/0310_05_2_1.jpg,MU0310,17,Size,XL,,1,,Color,Albastru regal,,1,,,,,,,,,,,,[54cm]·[66cm],8435782523867
variation,MU03100505,,1,0,visible,,Dimensiuni: 57 * 67 cm,taxable,1,0,0,126,,,https://static.musaibrand.com/images/models/0310/model/large/0310_05_2_1.jpg,MU0310,18,Size,2XL,,1,,Color,Albastru regal,,1,,,,,,,,,,,,[57cm]·[67cm],8435782523935
variation,MU031000176,,1,0,visible,,Dimensiuni: 42 * 62 cm,taxable,1,0,0,126,,,https://static.musaibrand.com/images/models/0310/model/large/0310_176_2_1.jpg,MU0310,19,Size,XS,,1,,Color,Fluor turcoaz,,1,,,,,,,,,,,,[42cm]·[62cm],8435782523591
variation,MU031001176,,1,0,visible,,Dimensiuni: 45 * 63 cm,taxable,1,0,0,126,,,https://static.musaibrand.com/images/models/0310/model/large/0310_176_2_1.jpg,MU0310,20,Size,S,,1,,Color,Fluor turcoaz,,1,,,,,,,,,,,,[45cm]·[63cm],8435782523669
variation,MU031002176,,1,0,visible,,Dimensiuni: 48 * 64 cm,taxable,1,0,0,126,,,https://static.musaibrand.com/images/models/0310/model/large/0310_176_2_1.jpg,MU0310,21,Size,M,,1,,Color,Fluor turcoaz,,1,,,,,,,,,,,,[48cm]·[64cm],8435782523737
variation,MU031003176,,1,0,visible,,Dimensiuni: 51 * 65 cm,taxable,1,0,0,126,,,https://static.musaibrand.com/images/models/0310/model/large/0310_176_2_1.jpg,MU0310,22,Size,L,,1,,Color,Fluor turcoaz,,1,,,,,,,,,,,,[51cm]·[65cm],8435782523805
variation,MU031004176,,1,0,visible,,Dimensiuni: 54 * 66 cm,taxable,1,0,0,126,,,https://static.musaibrand.com/images/models/0310/model/large/0310_176_2_1.jpg,MU0310,23,Size,XL,,1,,Color,Fluor turcoaz,,1,,,,,,,,,,,,[54cm]·[66cm],8435782523874
variation,MU031005176,,1,0,visible,,Dimensiuni: 57 * 67 cm,taxable,1,0,0,126,,,https://static.musaibrand.com/images/models/0310/model/large/0310_176_2_1.jpg,MU0310,24,Size,2XL,,1,,Color,Fluor turcoaz,,1,,,,,,,,,,,,[57cm]·[67cm],8435782523942
variation,MU031000221,,1,0,visible,,Dimensiuni: 42 * 62 cm,taxable,1,0,0,126,,,https://static.musaibrand.com/images/models/0310/model/large/0310_221_2_1.jpg,MU0310,25,Size,XS,,1,,Color,Galben fluor,,1,,,,,,,,,,,,[42cm]·[62cm],8435782523607
variation,MU031001221,,1,0,visible,,Dimensiuni: 45 * 63 cm,taxable,1,0,0,126,,,https://static.musaibrand.com/images/models/0310/model/large/0310_221_2_1.jpg,MU0310,26,Size,S,,1,,Color,Galben fluor,,1,,,,,,,,,,,,[45cm]·[63cm],8435782523676
variation,MU031002221,,1,0,visible,,Dimensiuni: 48 * 64 cm,taxable,1,0,0,126,,,https://static.musaibrand.com/images/models/0310/model/large/0310_221_2_1.jpg,MU0310,27,Size,M,,1,,Color,Galben fluor,,1,,,,,,,,,,,,[48cm]·[64cm],8435782523744
variation,MU031003221,,1,0,visible,,Dimensiuni: 51 * 65 cm,taxable,1,0,0,126,,,https://static.musaibrand.com/images/models/0310/model/large/0310_221_2_1.jpg,MU0310,28,Size,L,,1,,Color,Galben fluor,,1,,,,,,,,,,,,[51cm]·[65cm],8435782523812
variation,MU031004221,,1,0,visible,,Dimensiuni: 54 * 66 cm,taxable,1,0,0,126,,,https://static.musaibrand.com/images/models/0310/model/large/0310_221_2_1.jpg,MU0310,29,Size,XL,,1,,Color,Galben fluor,,1,,,,,,,,,,,,[54cm]·[66cm],8435782523881
variation,MU031005221,,1,0,visible,,Dimensiuni: 57 * 67 cm,taxable,1,0,0,126,,,https://static.musaibrand.com/images/models/0310/model/large/0310_221_2_1.jpg,MU0310,30,Size,2XL,,1,,Color,Galben fluor,,1,,,,,,,,,,,,[57cm]·[67cm],8435782523959
variation,MU03100055,,1,0,visible,,Dimensiuni: 42 * 62 cm,taxable,1,0,0,126,,,https://static.musaibrand.com/images/models/0310/model/large/0310_55_2_1.jpg,MU0310,31,Size,XS,,1,,Color,Albastru marin,,1,,,,,,,,,,,,[42cm]·[62cm],8435782523614
variation,MU03100155,,1,0,visible,,Dimensiuni: 45 * 63 cm,taxable,1,0,0,126,,,https://static.musaibrand.com/images/models/0310/model/large/0310_55_2_1.jpg,MU0310,32,Size,S,,1,,Color,Albastru marin,,1,,,,,,,,,,,,[45cm]·[63cm],8435782523683
variation,MU03100255,,1,0,visible,,Dimensiuni: 48 * 64 cm,taxable,1,0,0,126,,,https://static.musaibrand.com/images/models/0310/model/large/0310_55_2_1.jpg,MU0310,33,Size,M,,1,,Color,Albastru marin,,1,,,,,,,,,,,,[48cm]·[64cm],8435782523751
variation,MU03100355,,1,0,visible,,Dimensiuni: 51 * 65 cm,taxable,1,0,0,126,,,https://static.musaibrand.com/images/models/0310/model/large/0310_55_2_1.jpg,MU0310,34,Size,L,,1,,Color,Albastru marin,,1,,,,,,,,,,,,[51cm]·[65cm],8435782523829
variation,MU03100455,,1,0,visible,,Dimensiuni: 54 * 66 cm,taxable,1,0,0,126,,,https://static.musaibrand.com/images/models/0310/model/large/0310_55_2_1.jpg,MU0310,35,Size,XL,,1,,Color,Albastru marin,,1,,,,,,,,,,,,[54cm]·[66cm],8435782523898
variation,MU03100555,,1,0,visible,,Dimensiuni: 57 * 67 cm,taxable,1,0,0,126,,,https://static.musaibrand.com/images/models/0310/model/large/0310_55_2_1.jpg,MU0310,36,Size,2XL,,1,,Color,Albastru marin,,1,,,,,,,,,,,,[57cm]·[67cm],8435782523966
variation,MU03100060,,1,0,visible,,Dimensiuni: 42 * 62 cm,taxable,1,0,0,126,,,https://static.musaibrand.com/images/models/0310/model/large/0310_60_2_1.jpg,MU0310,37,Size,XS,,1,,Color,ROȘU,,1,,,,,,,,,,,,[42cm]·[62cm],8435782523621
variation,MU03100160,,1,0,visible,,Dimensiuni: 45 * 63 cm,taxable,1,0,0,126,,,https://static.musaibrand.com/images/models/0310/model/large/0310_60_2_1.jpg,MU0310,38,Size,S,,1,,Color,ROȘU,,1,,,,,,,,,,,,[45cm]·[63cm],8435782523690
variation,MU03100260,,1,0,visible,,Dimensiuni: 48 * 64 cm,taxable,1,0,0,126,,,https://static.musaibrand.com/images/models/0310/model/large/0310_60_2_1.jpg,MU0310,39,Size,M,,1,,Color,ROȘU,,1,,,,,,,,,,,,[48cm]·[64cm],8435782523768
variation,MU03100360,,1,0,visible,,Dimensiuni: 51 * 65 cm,taxable,1,0,0,126,,,https://static.musaibrand.com/images/models/0310/model/large/0310_60_2_1.jpg,MU0310,40,Size,L,,1,,Color,ROȘU,,1,,,,,,,,,,,,[51cm]·[65cm],8435782523836
variation,MU03100460,,1,0,visible,,Dimensiuni: 54 * 66 cm,taxable,1,0,0,126,,,https://static.musaibrand.com/images/models/0310/model/large/0310_60_2_1.jpg,MU0310,41,Size,XL,,1,,Color,ROȘU,,1,,,,,,,,,,,,[54cm]·[66cm],8435782523904
variation,MU03100560,,1,0,visible,,Dimensiuni: 57 * 67 cm,taxable,1,0,0,126,,,https://static.musaibrand.com/images/models/0310/model/large/0310_60_2_1.jpg,MU0310,42,Size,2XL,,1,,Color,ROȘU,,1,,,,,,,,,,,,[57cm]·[67cm],8435782523973
variable,MU0311,Jachetă - Ubora,1,0,visible,,"<p>Jachetă tehnică unisex cu guler înalt, realizată din poliester piqué reciclat, cu căptușeală moale periată.</p><p><strong>Compoziție:</strong> 100% poliester pique reciclat</p><p><br>· Guler din același material.<br>· Fermoar inversat.<br>· Buzunare laterale spațioase, cu fermoar și clapetă.<br>· Manșete și tiv inferior din material rib 1x1.<br>· Detaliu cu logo brodat pe piept.</p><h4>Dimensiuni</h4><table style='border-collapse:collapse;margin:8px 0'><tr><th style='padding:4px 12px;border:1px solid #ddd;text-align:left'>Mărime</th><th style='padding:4px 12px;border:1px solid #ddd;text-align:left'>Dimensiuni</th></tr><tr><td style='padding:4px 12px;border:1px solid #ddd'>XS</td><td style='padding:4px 12px;border:1px solid #ddd'>53 * 68 cm</td></tr><tr><td style='padding:4px 12px;border:1px solid #ddd'>S</td><td style='padding:4px 12px;border:1px solid #ddd'>55 * 71 cm</td></tr><tr><td style='padding:4px 12px;border:1px solid #ddd'>M</td><td style='padding:4px 12px;border:1px solid #ddd'>57 * 72 cm</td></tr><tr><td style='padding:4px 12px;border:1px solid #ddd'>L</td><td style='padding:4px 12px;border:1px solid #ddd'>59 * 74 cm</td></tr><tr><td style='padding:4px 12px;border:1px solid #ddd'>XL</td><td style='padding:4px 12px;border:1px solid #ddd'>62 * 76 cm</td></tr><tr><td style='padding:4px 12px;border:1px solid #ddd'>2XL</td><td style='padding:4px 12px;border:1px solid #ddd'>65 * 78 cm</td></tr><tr><td style='padding:4px 12px;border:1px solid #ddd'>3XL</td><td style='padding:4px 12px;border:1px solid #ddd'>68 * 80 cm</td></tr><tr><td style='padding:4px 12px;border:1px solid #ddd'>4</td><td style='padding:4px 12px;border:1px solid #ddd'>37 * 44 cm</td></tr><tr><td style='padding:4px 12px;border:1px solid #ddd'>6</td><td style='padding:4px 12px;border:1px solid #ddd'>40 * 48 cm</td></tr><tr><td style='padding:4px 12px;border:1px solid #ddd'>8</td><td style='padding:4px 12px;border:1px solid #ddd'>43 * 52 cm</td></tr><tr><td style='padding:4px 12px;border:1px solid #ddd'>10</td><td style='padding:4px 12px;border:1px solid #ddd'>45 * 56 cm</td></tr><tr><td style='padding:4px 12px;border:1px solid #ddd'>12</td><td style='padding:4px 12px;border:1px solid #ddd'>47 * 60 cm</td></tr><tr><td style='padding:4px 12px;border:1px solid #ddd'>14</td><td style='padding:4px 12px;border:1px solid #ddd'>49 * 64 cm</td></tr></table>",taxable,1,0,0,,Jachete,MUSAI,"https://static.musaibrand.com/images/models/0311/model/large/0311_01_1_1.jpg,https://static.musaibrand.com/images/models/0311/model/large/0311_02_1_1.jpg,https://static.musaibrand.com/images/models/0311/model/large/0311_05_1_1.jpg,https://static.musaibrand.com/images/models/0311/model/large/0311_55_1_1.jpg,https://static.musaibrand.com/images/models/0311/model/large/0311_60_1_1.jpg,https://static.musaibrand.com/images/models/0311/model/large/0311_01_2_1.jpg,https://static.musaibrand.com/images/models/0311/model/large/0311_02_2_1.jpg,https://static.musaibrand.com/images/models/0311/model/large/0311_05_2_1.jpg,https://static.musaibrand.com/images/models/0311/model/large/0311_55_2_1.jpg,https://static.musaibrand.com/images/models/0311/model/large/0311_60_2_1.jpg",,0,Size,"XS, S, M, L, XL, 2XL, 3XL, 4, 6, 8, 10, 12, 14",1,1,,Color,"Alb, Negru, Albastru regal, Albastru marin, ROȘU",1,1,,Gender,Unisex,1,1,,Dimensiuni,"[53cm]·[68cm], [55cm]·[71cm], [57cm]·[72cm], [59cm]·[74cm], [62cm]·[76cm], [65cm]·[78cm], [68cm]·[80cm], [37cm]·[44cm], [40cm]·[48cm], [43cm]·[52cm], [45cm]·[56cm], [47cm]·[60cm], [49cm]·[64cm]",1,0,,,
variation,MU03110001,,1,0,visible,,Dimensiuni: 53 * 68 cm,taxable,1,0,0,110.25,,,https://static.musaibrand.com/images/models/0311/model/large/0311_01_2_1.jpg,MU0311,1,Size,XS,,1,,Color,Alb,,1,,,,,,,,,,,,[53cm]·[68cm],8435782526417
variation,MU03110101,,1,0,visible,,Dimensiuni: 55 * 71 cm,taxable,1,0,0,110.25,,,https://static.musaibrand.com/images/models/0311/model/large/0311_01_2_1.jpg,MU0311,2,Size,S,,1,,Color,Alb,,1,,,,,,,,,,,,[55cm]·[71cm],8435782526462
variation,MU03110201,,1,0,visible,,Dimensiuni: 57 * 72 cm,taxable,1,0,0,110.25,,,https://static.musaibrand.com/images/models/0311/model/large/0311_01_2_1.jpg,MU0311,3,Size,M,,1,,Color,Alb,,1,,,,,,,,,,,,[57cm]·[72cm],8435782526516
variation,MU03110301,,1,0,visible,,Dimensiuni: 59 * 74 cm,taxable,1,0,0,110.25,,,https://static.musaibrand.com/images/models/0311/model/large/0311_01_2_1.jpg,MU0311,4,Size,L,,1,,Color,Alb,,1,,,,,,,,,,,,[59cm]·[74cm],8435782526561
variation,MU03110401,,1,0,visible,,Dimensiuni: 62 * 76 cm,taxable,1,0,0,110.25,,,https://static.musaibrand.com/images/models/0311/model/large/0311_01_2_1.jpg,MU0311,5,Size,XL,,1,,Color,Alb,,1,,,,,,,,,,,,[62cm]·[76cm],8435782526615
variation,MU03110501,,1,0,visible,,Dimensiuni: 65 * 78 cm,taxable,1,0,0,110.25,,,https://static.musaibrand.com/images/models/0311/model/large/0311_01_2_1.jpg,MU0311,6,Size,2XL,,1,,Color,Alb,,1,,,,,,,,,,,,[65cm]·[78cm],8435782526660
variation,MU03110601,,1,0,visible,,Dimensiuni: 68 * 80 cm,taxable,1,0,0,110.25,,,https://static.musaibrand.com/images/models/0311/model/large/0311_01_2_1.jpg,MU0311,7,Size,3XL,,1,,Color,Alb,,1,,,,,,,,,,,,[68cm]·[80cm],8435782526714
variation,MU03112201,,1,0,visible,,Dimensiuni: 37 * 44 cm,taxable,1,0,0,110.25,,,https://static.musaibrand.com/images/models/0311/model/large/0311_01_2_1.jpg,MU0311,8,Size,4,,1,,Color,Alb,,1,,,,,,,,,,,,[37cm]·[44cm],8435782526769
variation,MU03112401,,1,0,visible,,Dimensiuni: 40 * 48 cm,taxable,1,0,0,110.25,,,https://static.musaibrand.com/images/models/0311/model/large/0311_01_2_1.jpg,MU0311,9,Size,6,,1,,Color,Alb,,1,,,,,,,,,,,,[40cm]·[48cm],8435782526813
variation,MU03112501,,1,0,visible,,Dimensiuni: 43 * 52 cm,taxable,1,0,0,110.25,,,https://static.musaibrand.com/images/models/0311/model/large/0311_01_2_1.jpg,MU0311,10,Size,8,,1,,Color,Alb,,1,,,,,,,,,,,,[43cm]·[52cm],8435782526868
variation,MU03112601,,1,0,visible,,Dimensiuni: 45 * 56 cm,taxable,1,0,0,110.25,,,https://static.musaibrand.com/images/models/0311/model/large/0311_01_2_1.jpg,MU0311,11,Size,10,,1,,Color,Alb,,1,,,,,,,,,,,,[45cm]·[56cm],8435782526912
variation,MU03112701,,1,0,visible,,Dimensiuni: 47 * 60 cm,taxable,1,0,0,110.25,,,https://static.musaibrand.com/images/models/0311/model/large/0311_01_2_1.jpg,MU0311,12,Size,12,,1,,Color,Alb,,1,,,,,,,,,,,,[47cm]·[60cm],8435782526967
variation,MU03112801,,1,0,visible,,Dimensiuni: 49 * 64 cm,taxable,1,0,0,110.25,,,https://static.musaibrand.com/images/models/0311/model/large/0311_01_2_1.jpg,MU0311,13,Size,14,,1,,Color,Alb,,1,,,,,,,,,,,,[49cm]·[64cm],8435782527018
variation,MU03110002,,1,0,visible,,Dimensiuni: 53 * 68 cm,taxable,1,0,0,110.25,,,https://static.musaibrand.com/images/models/0311/model/large/0311_02_2_1.jpg,MU0311,14,Size,XS,,1,,Color,Negru,,1,,,,,,,,,,,,[53cm]·[68cm],8435782526424
variation,MU03110102,,1,0,visible,,Dimensiuni: 55 * 71 cm,taxable,1,0,0,110.25,,,https://static.musaibrand.com/images/models/0311/model/large/0311_02_2_1.jpg,MU0311,15,Size,S,,1,,Color,Negru,,1,,,,,,,,,,,,[55cm]·[71cm],8435782526479
variation,MU03110202,,1,0,visible,,Dimensiuni: 57 * 72 cm,taxable,1,0,0,110.25,,,https://static.musaibrand.com/images/models/0311/model/large/0311_02_2_1.jpg,MU0311,16,Size,M,,1,,Color,Negru,,1,,,,,,,,,,,,[57cm]·[72cm],8435782526523
variation,MU03110302,,1,0,visible,,Dimensiuni: 59 * 74 cm,taxable,1,0,0,110.25,,,https://static.musaibrand.com/images/models/0311/model/large/0311_02_2_1.jpg,MU0311,17,Size,L,,1,,Color,Negru,,1,,,,,,,,,,,,[59cm]·[74cm],8435782526578
variation,MU03110402,,1,0,visible,,Dimensiuni: 62 * 76 cm,taxable,1,0,0,110.25,,,https://static.musaibrand.com/images/models/0311/model/large/0311_02_2_1.jpg,MU0311,18,Size,XL,,1,,Color,Negru,,1,,,,,,,,,,,,[62cm]·[76cm],8435782526622
variation,MU03110502,,1,0,visible,,Dimensiuni: 65 * 78 cm,taxable,1,0,0,110.25,,,https://static.musaibrand.com/images/models/0311/model/large/0311_02_2_1.jpg,MU0311,19,Size,2XL,,1,,Color,Negru,,1,,,,,,,,,,,,[65cm]·[78cm],8435782526677
variation,MU03110602,,1,0,visible,,Dimensiuni: 68 * 80 cm,taxable,1,0,0,110.25,,,https://static.musaibrand.com/images/models/0311/model/large/0311_02_2_1.jpg,MU0311,20,Size,3XL,,1,,Color,Negru,,1,,,,,,,,,,,,[68cm]·[80cm],8435782526721
variation,MU03112202,,1,0,visible,,Dimensiuni: 37 * 44 cm,taxable,1,0,0,110.25,,,https://static.musaibrand.com/images/models/0311/model/large/0311_02_2_1.jpg,MU0311,21,Size,4,,1,,Color,Negru,,1,,,,,,,,,,,,[37cm]·[44cm],8435782526776
variation,MU03112402,,1,0,visible,,Dimensiuni: 40 * 48 cm,taxable,1,0,0,110.25,,,https://static.musaibrand.com/images/models/0311/model/large/0311_02_2_1.jpg,MU0311,22,Size,6,,1,,Color,Negru,,1,,,,,,,,,,,,[40cm]·[48cm],8435782526820
variation,MU03112502,,1,0,visible,,Dimensiuni: 43 * 52 cm,taxable,1,0,0,110.25,,,https://static.musaibrand.com/images/models/0311/model/large/0311_02_2_1.jpg,MU0311,23,Size,8,,1,,Color,Negru,,1,,,,,,,,,,,,[43cm]·[52cm],8435782526875
variation,MU03112602,,1,0,visible,,Dimensiuni: 45 * 56 cm,taxable,1,0,0,110.25,,,https://static.musaibrand.com/images/models/0311/model/large/0311_02_2_1.jpg,MU0311,24,Size,10,,1,,Color,Negru,,1,,,,,,,,,,,,[45cm]·[56cm],8435782526929
variation,MU03112702,,1,0,visible,,Dimensiuni: 47 * 60 cm,taxable,1,0,0,110.25,,,https://static.musaibrand.com/images/models/0311/model/large/0311_02_2_1.jpg,MU0311,25,Size,12,,1,,Color,Negru,,1,,,,,,,,,,,,[47cm]·[60cm],8435782526974
variation,MU03112802,,1,0,visible,,Dimensiuni: 49 * 64 cm,taxable,1,0,0,110.25,,,https://static.musaibrand.com/images/models/0311/model/large/0311_02_2_1.jpg,MU0311,26,Size,14,,1,,Color,Negru,,1,,,,,,,,,,,,[49cm]·[64cm],8435782527025
variation,MU03110005,,1,0,visible,,Dimensiuni: 53 * 68 cm,taxable,1,0,0,110.25,,,https://static.musaibrand.com/images/models/0311/model/large/0311_05_2_1.jpg,MU0311,27,Size,XS,,1,,Color,Albastru regal,,1,,,,,,,,,,,,[53cm]·[68cm],8435782526431
variation,MU03110105,,1,0,visible,,Dimensiuni: 55 * 71 cm,taxable,1,0,0,110.25,,,https://static.musaibrand.com/images/models/0311/model/large/0311_05_2_1.jpg,MU0311,28,Size,S,,1,,Color,Albastru regal,,1,,,,,,,,,,,,[55cm]·[71cm],8435782526486
variation,MU03110205,,1,0,visible,,Dimensiuni: 57 * 72 cm,taxable,1,0,0,110.25,,,https://static.musaibrand.com/images/models/0311/model/large/0311_05_2_1.jpg,MU0311,29,Size,M,,1,,Color,Albastru regal,,1,,,,,,,,,,,,[57cm]·[72cm],8435782526530
variation,MU03110305,,1,0,visible,,Dimensiuni: 59 * 74 cm,taxable,1,0,0,110.25,,,https://static.musaibrand.com/images/models/0311/model/large/0311_05_2_1.jpg,MU0311,30,Size,L,,1,,Color,Albastru regal,,1,,,,,,,,,,,,[59cm]·[74cm],8435782526585
variation,MU03110405,,1,0,visible,,Dimensiuni: 62 * 76 cm,taxable,1,0,0,110.25,,,https://static.musaibrand.com/images/models/0311/model/large/0311_05_2_1.jpg,MU0311,31,Size,XL,,1,,Color,Albastru regal,,1,,,,,,,,,,,,[62cm]·[76cm],8435782526639
variation,MU03110505,,1,0,visible,,Dimensiuni: 65 * 78 cm,taxable,1,0,0,110.25,,,https://static.musaibrand.com/images/models/0311/model/large/0311_05_2_1.jpg,MU0311,32,Size,2XL,,1,,Color,Albastru regal,,1,,,,,,,,,,,,[65cm]·[78cm],8435782526684
variation,MU03110605,,1,0,visible,,Dimensiuni: 68 * 80 cm,taxable,1,0,0,110.25,,,https://static.musaibrand.com/images/models/0311/model/large/0311_05_2_1.jpg,MU0311,33,Size,3XL,,1,,Color,Albastru regal,,1,,,,,,,,,,,,[68cm]·[80cm],8435782526738
variation,MU03112205,,1,0,visible,,Dimensiuni: 37 * 44 cm,taxable,1,0,0,110.25,,,https://static.musaibrand.com/images/models/0311/model/large/0311_05_2_1.jpg,MU0311,34,Size,4,,1,,Color,Albastru regal,,1,,,,,,,,,,,,[37cm]·[44cm],8435782526783
variation,MU03112405,,1,0,visible,,Dimensiuni: 40 * 48 cm,taxable,1,0,0,110.25,,,https://static.musaibrand.com/images/models/0311/model/large/0311_05_2_1.jpg,MU0311,35,Size,6,,1,,Color,Albastru regal,,1,,,,,,,,,,,,[40cm]·[48cm],8435782526837
variation,MU03112505,,1,0,visible,,Dimensiuni: 43 * 52 cm,taxable,1,0,0,110.25,,,https://static.musaibrand.com/images/models/0311/model/large/0311_05_2_1.jpg,MU0311,36,Size,8,,1,,Color,Albastru regal,,1,,,,,,,,,,,,[43cm]·[52cm],8435782526882
variation,MU03112605,,1,0,visible,,Dimensiuni: 45 * 56 cm,taxable,1,0,0,110.25,,,https://static.musaibrand.com/images/models/0311/model/large/0311_05_2_1.jpg,MU0311,37,Size,10,,1,,Color,Albastru regal,,1,,,,,,,,,,,,[45cm]·[56cm],8435782526936
variation,MU03112705,,1,0,visible,,Dimensiuni: 47 * 60 cm,taxable,1,0,0,110.25,,,https://static.musaibrand.com/images/models/0311/model/large/0311_05_2_1.jpg,MU0311,38,Size,12,,1,,Color,Albastru regal,,1,,,,,,,,,,,,[47cm]·[60cm],8435782526981
variation,MU03112805,,1,0,visible,,Dimensiuni: 49 * 64 cm,taxable,1,0,0,110.25,,,https://static.musaibrand.com/images/models/0311/model/large/0311_05_2_1.jpg,MU0311,39,Size,14,,1,,Color,Albastru regal,,1,,,,,,,,,,,,[49cm]·[64cm],8435782527032
variation,MU03110055,,1,0,visible,,Dimensiuni: 53 * 68 cm,taxable,1,0,0,110.25,,,https://static.musaibrand.com/images/models/0311/model/large/0311_55_2_1.jpg,MU0311,40,Size,XS,,1,,Color,Albastru marin,,1,,,,,,,,,,,,[53cm]·[68cm],8435782526448
variation,MU03110155,,1,0,visible,,Dimensiuni: 55 * 71 cm,taxable,1,0,0,110.25,,,https://static.musaibrand.com/images/models/0311/model/large/0311_55_2_1.jpg,MU0311,41,Size,S,,1,,Color,Albastru marin,,1,,,,,,,,,,,,[55cm]·[71cm],8435782526493
variation,MU03110255,,1,0,visible,,Dimensiuni: 57 * 72 cm,taxable,1,0,0,110.25,,,https://static.musaibrand.com/images/models/0311/model/large/0311_55_2_1.jpg,MU0311,42,Size,M,,1,,Color,Albastru marin,,1,,,,,,,,,,,,[57cm]·[72cm],8435782526547
variation,MU03110355,,1,0,visible,,Dimensiuni: 59 * 74 cm,taxable,1,0,0,110.25,,,https://static.musaibrand.com/images/models/0311/model/large/0311_55_2_1.jpg,MU0311,43,Size,L,,1,,Color,Albastru marin,,1,,,,,,,,,,,,[59cm]·[74cm],8435782526592
variation,MU03110455,,1,0,visible,,Dimensiuni: 62 * 76 cm,taxable,1,0,0,110.25,,,https://static.musaibrand.com/images/models/0311/model/large/0311_55_2_1.jpg,MU0311,44,Size,XL,,1,,Color,Albastru marin,,1,,,,,,,,,,,,[62cm]·[76cm],8435782526646
variation,MU03110555,,1,0,visible,,Dimensiuni: 65 * 78 cm,taxable,1,0,0,110.25,,,https://static.musaibrand.com/images/models/0311/model/large/0311_55_2_1.jpg,MU0311,45,Size,2XL,,1,,Color,Albastru marin,,1,,,,,,,,,,,,[65cm]·[78cm],8435782526691
variation,MU03110655,,1,0,visible,,Dimensiuni: 68 * 80 cm,taxable,1,0,0,110.25,,,https://static.musaibrand.com/images/models/0311/model/large/0311_55_2_1.jpg,MU0311,46,Size,3XL,,1,,Color,Albastru marin,,1,,,,,,,,,,,,[68cm]·[80cm],8435782526745
variation,MU03112255,,1,0,visible,,Dimensiuni: 37 * 44 cm,taxable,1,0,0,110.25,,,https://static.musaibrand.com/images/models/0311/model/large/0311_55_2_1.jpg,MU0311,47,Size,4,,1,,Color,Albastru marin,,1,,,,,,,,,,,,[37cm]·[44cm],8435782526790
variation,MU03112455,,1,0,visible,,Dimensiuni: 40 * 48 cm,taxable,1,0,0,110.25,,,https://static.musaibrand.com/images/models/0311/model/large/0311_55_2_1.jpg,MU0311,48,Size,6,,1,,Color,Albastru marin,,1,,,,,,,,,,,,[40cm]·[48cm],8435782526844
variation,MU03112555,,1,0,visible,,Dimensiuni: 43 * 52 cm,taxable,1,0,0,110.25,,,https://static.musaibrand.com/images/models/0311/model/large/0311_55_2_1.jpg,MU0311,49,Size,8,,1,,Color,Albastru marin,,1,,,,,,,,,,,,[43cm]·[52cm],8435782526899
variation,MU03112655,,1,0,visible,,Dimensiuni: 45 * 56 cm,taxable,1,0,0,110.25,,,https://static.musaibrand.com/images/models/0311/model/large/0311_55_2_1.jpg,MU0311,50,Size,10,,1,,Color,Albastru marin,,1,,,,,,,,,,,,[45cm]·[56cm],8435782526943
variation,MU03112755,,1,0,visible,,Dimensiuni: 47 * 60 cm,taxable,1,0,0,110.25,,,https://static.musaibrand.com/images/models/0311/model/large/0311_55_2_1.jpg,MU0311,51,Size,12,,1,,Color,Albastru marin,,1,,,,,,,,,,,,[47cm]·[60cm],8435782526998
variation,MU03112855,,1,0,visible,,Dimensiuni: 49 * 64 cm,taxable,1,0,0,110.25,,,https://static.musaibrand.com/images/models/0311/model/large/0311_55_2_1.jpg,MU0311,52,Size,14,,1,,Color,Albastru marin,,1,,,,,,,,,,,,[49cm]·[64cm],8435782527049
variation,MU03110060,,1,0,visible,,Dimensiuni: 53 * 68 cm,taxable,1,0,0,110.25,,,https://static.musaibrand.com/images/models/0311/model/large/0311_60_2_1.jpg,MU0311,53,Size,XS,,1,,Color,ROȘU,,1,,,,,,,,,,,,[53cm]·[68cm],8435782526455
variation,MU03110160,,1,0,visible,,Dimensiuni: 55 * 71 cm,taxable,1,0,0,110.25,,,https://static.musaibrand.com/images/models/0311/model/large/0311_60_2_1.jpg,MU0311,54,Size,S,,1,,Color,ROȘU,,1,,,,,,,,,,,,[55cm]·[71cm],8435782526509
variation,MU03110260,,1,0,visible,,Dimensiuni: 57 * 72 cm,taxable,1,0,0,110.25,,,https://static.musaibrand.com/images/models/0311/model/large/0311_60_2_1.jpg,MU0311,55,Size,M,,1,,Color,ROȘU,,1,,,,,,,,,,,,[57cm]·[72cm],8435782526554
variation,MU03110360,,1,0,visible,,Dimensiuni: 59 * 74 cm,taxable,1,0,0,110.25,,,https://static.musaibrand.com/images/models/0311/model/large/0311_60_2_1.jpg,MU0311,56,Size,L,,1,,Color,ROȘU,,1,,,,,,,,,,,,[59cm]·[74cm],8435782526608
variation,MU03110460,,1,0,visible,,Dimensiuni: 62 * 76 cm,taxable,1,0,0,110.25,,,https://static.musaibrand.com/images/models/0311/model/large/0311_60_2_1.jpg,MU0311,57,Size,XL,,1,,Color,ROȘU,,1,,,,,,,,,,,,[62cm]·[76cm],8435782526653
variation,MU03110560,,1,0,visible,,Dimensiuni: 65 * 78 cm,taxable,1,0,0,110.25,,,https://static.musaibrand.com/images/models/0311/model/large/0311_60_2_1.jpg,MU0311,58,Size,2XL,,1,,Color,ROȘU,,1,,,,,,,,,,,,[65cm]·[78cm],8435782526707
variation,MU03110660,,1,0,visible,,Dimensiuni: 68 * 80 cm,taxable,1,0,0,110.25,,,https://static.musaibrand.com/images/models/0311/model/large/0311_60_2_1.jpg,MU0311,59,Size,3XL,,1,,Color,ROȘU,,1,,,,,,,,,,,,[68cm]·[80cm],8435782526752
variation,MU03112260,,1,0,visible,,Dimensiuni: 37 * 44 cm,taxable,1,0,0,110.25,,,https://static.musaibrand.com/images/models/0311/model/large/0311_60_2_1.jpg,MU0311,60,Size,4,,1,,Color,ROȘU,,1,,,,,,,,,,,,[37cm]·[44cm],8435782526806
variation,MU03112460,,1,0,visible,,Dimensiuni: 40 * 48 cm,taxable,1,0,0,110.25,,,https://static.musaibrand.com/images/models/0311/model/large/0311_60_2_1.jpg,MU0311,61,Size,6,,1,,Color,ROȘU,,1,,,,,,,,,,,,[40cm]·[48cm],8435782526851
variation,MU03112560,,1,0,visible,,Dimensiuni: 43 * 52 cm,taxable,1,0,0,110.25,,,https://static.musaibrand.com/images/models/0311/model/large/0311_60_2_1.jpg,MU0311,62,Size,8,,1,,Color,ROȘU,,1,,,,,,,,,,,,[43cm]·[52cm],8435782526905
variation,MU03112660,,1,0,visible,,Dimensiuni: 45 * 56 cm,taxable,1,0,0,110.25,,,https://static.musaibrand.com/images/models/0311/model/large/0311_60_2_1.jpg,MU0311,63,Size,10,,1,,Color,ROȘU,,1,,,,,,,,,,,,[45cm]·[56cm],8435782526950
variation,MU03112760,,1,0,visible,,Dimensiuni: 47 * 60 cm,taxable,1,0,0,110.25,,,https://static.musaibrand.com/images/models/0311/model/large/0311_60_2_1.jpg,MU0311,64,Size,12,,1,,Color,ROȘU,,1,,,,,,,,,,,,[47cm]·[60cm],8435782527001
variation,MU03112860,,1,0,visible,,Dimensiuni: 49 * 64 cm,taxable,1,0,0,110.25,,,https://static.musaibrand.com/images/models/0311/model/large/0311_60_2_1.jpg,MU0311,65,Size,14,,1,,Color,ROȘU,,1,,,,,,,,,,,,[49cm]·[64cm],8435782527056
variable,MU0311-K,Jachetă Ubora Copii,1,0,visible,,"<p>Jachetă tehnică pentru copii cu guler înalt, realizată din poliester piqué reciclat, cu căptușeală moale periată.</p><p><strong>Compoziție:</strong> 100% poliester pique reciclat</p><p><br>· Guler din același material.<br>· Fermoar inversat.<br>· Buzunare laterale spațioase, cu fermoar și clapetă.<br>· Manșete și tiv inferior din material rib 1x1.<br>· Detaliu cu logo brodat pe piept.</p><h4>Dimensiuni</h4><table style='border-collapse:collapse;margin:8px 0'><tr><th style='padding:4px 12px;border:1px solid #ddd;text-align:left'>Mărime</th><th style='padding:4px 12px;border:1px solid #ddd;text-align:left'>Dimensiuni</th></tr><tr><td style='padding:4px 12px;border:1px solid #ddd'>XS</td><td style='padding:4px 12px;border:1px solid #ddd'>53 * 68 cm</td></tr><tr><td style='padding:4px 12px;border:1px solid #ddd'>S</td><td style='padding:4px 12px;border:1px solid #ddd'>55 * 71 cm</td></tr><tr><td style='padding:4px 12px;border:1px solid #ddd'>M</td><td style='padding:4px 12px;border:1px solid #ddd'>57 * 72 cm</td></tr><tr><td style='padding:4px 12px;border:1px solid #ddd'>L</td><td style='padding:4px 12px;border:1px solid #ddd'>59 * 74 cm</td></tr><tr><td style='padding:4px 12px;border:1px solid #ddd'>XL</td><td style='padding:4px 12px;border:1px solid #ddd'>62 * 76 cm</td></tr><tr><td style='padding:4px 12px;border:1px solid #ddd'>2XL</td><td style='padding:4px 12px;border:1px solid #ddd'>65 * 78 cm</td></tr><tr><td style='padding:4px 12px;border:1px solid #ddd'>3XL</td><td style='padding:4px 12px;border:1px solid #ddd'>68 * 80 cm</td></tr><tr><td style='padding:4px 12px;border:1px solid #ddd'>4</td><td style='padding:4px 12px;border:1px solid #ddd'>37 * 44 cm</td></tr><tr><td style='padding:4px 12px;border:1px solid #ddd'>6</td><td style='padding:4px 12px;border:1px solid #ddd'>40 * 48 cm</td></tr><tr><td style='padding:4px 12px;border:1px solid #ddd'>8</td><td style='padding:4px 12px;border:1px solid #ddd'>43 * 52 cm</td></tr><tr><td style='padding:4px 12px;border:1px solid #ddd'>10</td><td style='padding:4px 12px;border:1px solid #ddd'>45 * 56 cm</td></tr><tr><td style='padding:4px 12px;border:1px solid #ddd'>12</td><td style='padding:4px 12px;border:1px solid #ddd'>47 * 60 cm</td></tr><tr><td style='padding:4px 12px;border:1px solid #ddd'>14</td><td style='padding:4px 12px;border:1px solid #ddd'>49 * 64 cm</td></tr></table>",taxable,1,0,0,,Jachete,MUSAI,"https://static.musaibrand.com/images/models/0311-K/model/large/0311-K_01_1_1.jpg,https://static.musaibrand.com/images/models/0311-K/model/large/0311-K_02_1_1.jpg,https://static.musaibrand.com/images/models/0311-K/model/large/0311-K_05_1_1.jpg,https://static.musaibrand.com/images/models/0311-K/model/large/0311-K_55_1_1.jpg,https://static.musaibrand.com/images/models/0311-K/model/large/0311-K_60_1_1.jpg,https://static.musaibrand.com/images/models/0311-K/model/large/0311-K_01_2_1.jpg,https://static.musaibrand.com/images/models/0311-K/model/large/0311-K_02_2_1.jpg,https://static.musaibrand.com/images/models/0311-K/model/large/0311-K_05_2_1.jpg,https://static.musaibrand.com/images/models/0311-K/model/large/0311-K_55_2_1.jpg,https://static.musaibrand.com/images/models/0311-K/model/large/0311-K_60_2_1.jpg",,0,Size,"XS, S, M, L, XL, 2XL, 3XL, 4, 6, 8, 10, 12, 14",1,1,,Color,"Alb, Negru, Albastru regal, Albastru marin, ROȘU",1,1,,Gender,Unisex,1,1,,Dimensiuni,"[53cm]·[68cm], [55cm]·[71cm], [57cm]·[72cm], [59cm]·[74cm], [62cm]·[76cm], [65cm]·[78cm], [68cm]·[80cm], [37cm]·[44cm], [40cm]·[48cm], [43cm]·[52cm], [45cm]·[56cm], [47cm]·[60cm], [49cm]·[64cm]",1,0,,,
variation,MU03110001-K,,1,0,visible,,Dimensiuni: 53 * 68 cm,taxable,1,0,0,110.25,,,https://static.musaibrand.com/images/models/0311-K/model/large/0311-K_01_2_1.jpg,MU0311-K,1,Size,XS,,1,,Color,Alb,,1,,,,,,,,,,,,[53cm]·[68cm],8435782526417
variation,MU03110101-K,,1,0,visible,,Dimensiuni: 55 * 71 cm,taxable,1,0,0,110.25,,,https://static.musaibrand.com/images/models/0311-K/model/large/0311-K_01_2_1.jpg,MU0311-K,2,Size,S,,1,,Color,Alb,,1,,,,,,,,,,,,[55cm]·[71cm],8435782526462
variation,MU03110201-K,,1,0,visible,,Dimensiuni: 57 * 72 cm,taxable,1,0,0,110.25,,,https://static.musaibrand.com/images/models/0311-K/model/large/0311-K_01_2_1.jpg,MU0311-K,3,Size,M,,1,,Color,Alb,,1,,,,,,,,,,,,[57cm]·[72cm],8435782526516
variation,MU03110301-K,,1,0,visible,,Dimensiuni: 59 * 74 cm,taxable,1,0,0,110.25,,,https://static.musaibrand.com/images/models/0311-K/model/large/0311-K_01_2_1.jpg,MU0311-K,4,Size,L,,1,,Color,Alb,,1,,,,,,,,,,,,[59cm]·[74cm],8435782526561
variation,MU03110401-K,,1,0,visible,,Dimensiuni: 62 * 76 cm,taxable,1,0,0,110.25,,,https://static.musaibrand.com/images/models/0311-K/model/large/0311-K_01_2_1.jpg,MU0311-K,5,Size,XL,,1,,Color,Alb,,1,,,,,,,,,,,,[62cm]·[76cm],8435782526615
variation,MU03110501-K,,1,0,visible,,Dimensiuni: 65 * 78 cm,taxable,1,0,0,110.25,,,https://static.musaibrand.com/images/models/0311-K/model/large/0311-K_01_2_1.jpg,MU0311-K,6,Size,2XL,,1,,Color,Alb,,1,,,,,,,,,,,,[65cm]·[78cm],8435782526660
variation,MU03110601-K,,1,0,visible,,Dimensiuni: 68 * 80 cm,taxable,1,0,0,110.25,,,https://static.musaibrand.com/images/models/0311-K/model/large/0311-K_01_2_1.jpg,MU0311-K,7,Size,3XL,,1,,Color,Alb,,1,,,,,,,,,,,,[68cm]·[80cm],8435782526714
variation,MU03112201-K,,1,0,visible,,Dimensiuni: 37 * 44 cm,taxable,1,0,0,110.25,,,https://static.musaibrand.com/images/models/0311-K/model/large/0311-K_01_2_1.jpg,MU0311-K,8,Size,4,,1,,Color,Alb,,1,,,,,,,,,,,,[37cm]·[44cm],8435782526769
variation,MU03112401-K,,1,0,visible,,Dimensiuni: 40 * 48 cm,taxable,1,0,0,110.25,,,https://static.musaibrand.com/images/models/0311-K/model/large/0311-K_01_2_1.jpg,MU0311-K,9,Size,6,,1,,Color,Alb,,1,,,,,,,,,,,,[40cm]·[48cm],8435782526813
variation,MU03112501-K,,1,0,visible,,Dimensiuni: 43 * 52 cm,taxable,1,0,0,110.25,,,https://static.musaibrand.com/images/models/0311-K/model/large/0311-K_01_2_1.jpg,MU0311-K,10,Size,8,,1,,Color,Alb,,1,,,,,,,,,,,,[43cm]·[52cm],8435782526868
variation,MU03112601-K,,1,0,visible,,Dimensiuni: 45 * 56 cm,taxable,1,0,0,110.25,,,https://static.musaibrand.com/images/models/0311-K/model/large/0311-K_01_2_1.jpg,MU0311-K,11,Size,10,,1,,Color,Alb,,1,,,,,,,,,,,,[45cm]·[56cm],8435782526912
variation,MU03112701-K,,1,0,visible,,Dimensiuni: 47 * 60 cm,taxable,1,0,0,110.25,,,https://static.musaibrand.com/images/models/0311-K/model/large/0311-K_01_2_1.jpg,MU0311-K,12,Size,12,,1,,Color,Alb,,1,,,,,,,,,,,,[47cm]·[60cm],8435782526967
variation,MU03112801-K,,1,0,visible,,Dimensiuni: 49 * 64 cm,taxable,1,0,0,110.25,,,https://static.musaibrand.com/images/models/0311-K/model/large/0311-K_01_2_1.jpg,MU0311-K,13,Size,14,,1,,Color,Alb,,1,,,,,,,,,,,,[49cm]·[64cm],8435782527018
variation,MU03110002-K,,1,0,visible,,Dimensiuni: 53 * 68 cm,taxable,1,0,0,110.25,,,https://static.musaibrand.com/images/models/0311-K/model/large/0311-K_02_2_1.jpg,MU0311-K,14,Size,XS,,1,,Color,Negru,,1,,,,,,,,,,,,[53cm]·[68cm],8435782526424
variation,MU03110102-K,,1,0,visible,,Dimensiuni: 55 * 71 cm,taxable,1,0,0,110.25,,,https://static.musaibrand.com/images/models/0311-K/model/large/0311-K_02_2_1.jpg,MU0311-K,15,Size,S,,1,,Color,Negru,,1,,,,,,,,,,,,[55cm]·[71cm],8435782526479
variation,MU03110202-K,,1,0,visible,,Dimensiuni: 57 * 72 cm,taxable,1,0,0,110.25,,,https://static.musaibrand.com/images/models/0311-K/model/large/0311-K_02_2_1.jpg,MU0311-K,16,Size,M,,1,,Color,Negru,,1,,,,,,,,,,,,[57cm]·[72cm],8435782526523
variation,MU03110302-K,,1,0,visible,,Dimensiuni: 59 * 74 cm,taxable,1,0,0,110.25,,,https://static.musaibrand.com/images/models/0311-K/model/large/0311-K_02_2_1.jpg,MU0311-K,17,Size,L,,1,,Color,Negru,,1,,,,,,,,,,,,[59cm]·[74cm],8435782526578
variation,MU03110402-K,,1,0,visible,,Dimensiuni: 62 * 76 cm,taxable,1,0,0,110.25,,,https://static.musaibrand.com/images/models/0311-K/model/large/0311-K_02_2_1.jpg,MU0311-K,18,Size,XL,,1,,Color,Negru,,1,,,,,,,,,,,,[62cm]·[76cm],8435782526622
variation,MU03110502-K,,1,0,visible,,Dimensiuni: 65 * 78 cm,taxable,1,0,0,110.25,,,https://static.musaibrand.com/images/models/0311-K/model/large/0311-K_02_2_1.jpg,MU0311-K,19,Size,2XL,,1,,Color,Negru,,1,,,,,,,,,,,,[65cm]·[78cm],8435782526677
variation,MU03110602-K,,1,0,visible,,Dimensiuni: 68 * 80 cm,taxable,1,0,0,110.25,,,https://static.musaibrand.com/images/models/0311-K/model/large/0311-K_02_2_1.jpg,MU0311-K,20,Size,3XL,,1,,Color,Negru,,1,,,,,,,,,,,,[68cm]·[80cm],8435782526721
variation,MU03112202-K,,1,0,visible,,Dimensiuni: 37 * 44 cm,taxable,1,0,0,110.25,,,https://static.musaibrand.com/images/models/0311-K/model/large/0311-K_02_2_1.jpg,MU0311-K,21,Size,4,,1,,Color,Negru,,1,,,,,,,,,,,,[37cm]·[44cm],8435782526776
variation,MU03112402-K,,1,0,visible,,Dimensiuni: 40 * 48 cm,taxable,1,0,0,110.25,,,https://static.musaibrand.com/images/models/0311-K/model/large/0311-K_02_2_1.jpg,MU0311-K,22,Size,6,,1,,Color,Negru,,1,,,,,,,,,,,,[40cm]·[48cm],8435782526820
variation,MU03112502-K,,1,0,visible,,Dimensiuni: 43 * 52 cm,taxable,1,0,0,110.25,,,https://static.musaibrand.com/images/models/0311-K/model/large/0311-K_02_2_1.jpg,MU0311-K,23,Size,8,,1,,Color,Negru,,1,,,,,,,,,,,,[43cm]·[52cm],8435782526875
variation,MU03112602-K,,1,0,visible,,Dimensiuni: 45 * 56 cm,taxable,1,0,0,110.25,,,https://static.musaibrand.com/images/models/0311-K/model/large/0311-K_02_2_1.jpg,MU0311-K,24,Size,10,,1,,Color,Negru,,1,,,,,,,,,,,,[45cm]·[56cm],8435782526929
variation,MU03112702-K,,1,0,visible,,Dimensiuni: 47 * 60 cm,taxable,1,0,0,110.25,,,https://static.musaibrand.com/images/models/0311-K/model/large/0311-K_02_2_1.jpg,MU0311-K,25,Size,12,,1,,Color,Negru,,1,,,,,,,,,,,,[47cm]·[60cm],8435782526974
variation,MU03112802-K,,1,0,visible,,Dimensiuni: 49 * 64 cm,taxable,1,0,0,110.25,,,https://static.musaibrand.com/images/models/0311-K/model/large/0311-K_02_2_1.jpg,MU0311-K,26,Size,14,,1,,Color,Negru,,1,,,,,,,,,,,,[49cm]·[64cm],8435782527025
variation,MU03110005-K,,1,0,visible,,Dimensiuni: 53 * 68 cm,taxable,1,0,0,110.25,,,https://static.musaibrand.com/images/models/0311-K/model/large/0311-K_05_2_1.jpg,MU0311-K,27,Size,XS,,1,,Color,Albastru regal,,1,,,,,,,,,,,,[53cm]·[68cm],8435782526431
variation,MU03110105-K,,1,0,visible,,Dimensiuni: 55 * 71 cm,taxable,1,0,0,110.25,,,https://static.musaibrand.com/images/models/0311-K/model/large/0311-K_05_2_1.jpg,MU0311-K,28,Size,S,,1,,Color,Albastru regal,,1,,,,,,,,,,,,[55cm]·[71cm],8435782526486
variation,MU03110205-K,,1,0,visible,,Dimensiuni: 57 * 72 cm,taxable,1,0,0,110.25,,,https://static.musaibrand.com/images/models/0311-K/model/large/0311-K_05_2_1.jpg,MU0311-K,29,Size,M,,1,,Color,Albastru regal,,1,,,,,,,,,,,,[57cm]·[72cm],8435782526530
variation,MU03110305-K,,1,0,visible,,Dimensiuni: 59 * 74 cm,taxable,1,0,0,110.25,,,https://static.musaibrand.com/images/models/0311-K/model/large/0311-K_05_2_1.jpg,MU0311-K,30,Size,L,,1,,Color,Albastru regal,,1,,,,,,,,,,,,[59cm]·[74cm],8435782526585
variation,MU03110405-K,,1,0,visible,,Dimensiuni: 62 * 76 cm,taxable,1,0,0,110.25,,,https://static.musaibrand.com/images/models/0311-K/model/large/0311-K_05_2_1.jpg,MU0311-K,31,Size,XL,,1,,Color,Albastru regal,,1,,,,,,,,,,,,[62cm]·[76cm],8435782526639
variation,MU03110505-K,,1,0,visible,,Dimensiuni: 65 * 78 cm,taxable,1,0,0,110.25,,,https://static.musaibrand.com/images/models/0311-K/model/large/0311-K_05_2_1.jpg,MU0311-K,32,Size,2XL,,1,,Color,Albastru regal,,1,,,,,,,,,,,,[65cm]·[78cm],8435782526684
variation,MU03110605-K,,1,0,visible,,Dimensiuni: 68 * 80 cm,taxable,1,0,0,110.25,,,https://static.musaibrand.com/images/models/0311-K/model/large/0311-K_05_2_1.jpg,MU0311-K,33,Size,3XL,,1,,Color,Albastru regal,,1,,,,,,,,,,,,[68cm]·[80cm],8435782526738
variation,MU03112205-K,,1,0,visible,,Dimensiuni: 37 * 44 cm,taxable,1,0,0,110.25,,,https://static.musaibrand.com/images/models/0311-K/model/large/0311-K_05_2_1.jpg,MU0311-K,34,Size,4,,1,,Color,Albastru regal,,1,,,,,,,,,,,,[37cm]·[44cm],8435782526783
variation,MU03112405-K,,1,0,visible,,Dimensiuni: 40 * 48 cm,taxable,1,0,0,110.25,,,https://static.musaibrand.com/images/models/0311-K/model/large/0311-K_05_2_1.jpg,MU0311-K,35,Size,6,,1,,Color,Albastru regal,,1,,,,,,,,,,,,[40cm]·[48cm],8435782526837
variation,MU03112505-K,,1,0,visible,,Dimensiuni: 43 * 52 cm,taxable,1,0,0,110.25,,,https://static.musaibrand.com/images/models/0311-K/model/large/0311-K_05_2_1.jpg,MU0311-K,36,Size,8,,1,,Color,Albastru regal,,1,,,,,,,,,,,,[43cm]·[52cm],8435782526882
variation,MU03112605-K,,1,0,visible,,Dimensiuni: 45 * 56 cm,taxable,1,0,0,110.25,,,https://static.musaibrand.com/images/models/0311-K/model/large/0311-K_05_2_1.jpg,MU0311-K,37,Size,10,,1,,Color,Albastru regal,,1,,,,,,,,,,,,[45cm]·[56cm],8435782526936
variation,MU03112705-K,,1,0,visible,,Dimensiuni: 47 * 60 cm,taxable,1,0,0,110.25,,,https://static.musaibrand.com/images/models/0311-K/model/large/0311-K_05_2_1.jpg,MU0311-K,38,Size,12,,1,,Color,Albastru regal,,1,,,,,,,,,,,,[47cm]·[60cm],8435782526981
variation,MU03112805-K,,1,0,visible,,Dimensiuni: 49 * 64 cm,taxable,1,0,0,110.25,,,https://static.musaibrand.com/images/models/0311-K/model/large/0311-K_05_2_1.jpg,MU0311-K,39,Size,14,,1,,Color,Albastru regal,,1,,,,,,,,,,,,[49cm]·[64cm],8435782527032
variation,MU03110055-K,,1,0,visible,,Dimensiuni: 53 * 68 cm,taxable,1,0,0,110.25,,,https://static.musaibrand.com/images/models/0311-K/model/large/0311-K_55_2_1.jpg,MU0311-K,40,Size,XS,,1,,Color,Albastru marin,,1,,,,,,,,,,,,[53cm]·[68cm],8435782526448
variation,MU03110155-K,,1,0,visible,,Dimensiuni: 55 * 71 cm,taxable,1,0,0,110.25,,,https://static.musaibrand.com/images/models/0311-K/model/large/0311-K_55_2_1.jpg,MU0311-K,41,Size,S,,1,,Color,Albastru marin,,1,,,,,,,,,,,,[55cm]·[71cm],8435782526493
variation,MU03110255-K,,1,0,visible,,Dimensiuni: 57 * 72 cm,taxable,1,0,0,110.25,,,https://static.musaibrand.com/images/models/0311-K/model/large/0311-K_55_2_1.jpg,MU0311-K,42,Size,M,,1,,Color,Albastru marin,,1,,,,,,,,,,,,[57cm]·[72cm],8435782526547
variation,MU03110355-K,,1,0,visible,,Dimensiuni: 59 * 74 cm,taxable,1,0,0,110.25,,,https://static.musaibrand.com/images/models/0311-K/model/large/0311-K_55_2_1.jpg,MU0311-K,43,Size,L,,1,,Color,Albastru marin,,1,,,,,,,,,,,,[59cm]·[74cm],8435782526592
variation,MU03110455-K,,1,0,visible,,Dimensiuni: 62 * 76 cm,taxable,1,0,0,110.25,,,https://static.musaibrand.com/images/models/0311-K/model/large/0311-K_55_2_1.jpg,MU0311-K,44,Size,XL,,1,,Color,Albastru marin,,1,,,,,,,,,,,,[62cm]·[76cm],8435782526646
variation,MU03110555-K,,1,0,visible,,Dimensiuni: 65 * 78 cm,taxable,1,0,0,110.25,,,https://static.musaibrand.com/images/models/0311-K/model/large/0311-K_55_2_1.jpg,MU0311-K,45,Size,2XL,,1,,Color,Albastru marin,,1,,,,,,,,,,,,[65cm]·[78cm],8435782526691
variation,MU03110655-K,,1,0,visible,,Dimensiuni: 68 * 80 cm,taxable,1,0,0,110.25,,,https://static.musaibrand.com/images/models/0311-K/model/large/0311-K_55_2_1.jpg,MU0311-K,46,Size,3XL,,1,,Color,Albastru marin,,1,,,,,,,,,,,,[68cm]·[80cm],8435782526745
variation,MU03112255-K,,1,0,visible,,Dimensiuni: 37 * 44 cm,taxable,1,0,0,110.25,,,https://static.musaibrand.com/images/models/0311-K/model/large/0311-K_55_2_1.jpg,MU0311-K,47,Size,4,,1,,Color,Albastru marin,,1,,,,,,,,,,,,[37cm]·[44cm],8435782526790
variation,MU03112455-K,,1,0,visible,,Dimensiuni: 40 * 48 cm,taxable,1,0,0,110.25,,,https://static.musaibrand.com/images/models/0311-K/model/large/0311-K_55_2_1.jpg,MU0311-K,48,Size,6,,1,,Color,Albastru marin,,1,,,,,,,,,,,,[40cm]·[48cm],8435782526844
variation,MU03112555-K,,1,0,visible,,Dimensiuni: 43 * 52 cm,taxable,1,0,0,110.25,,,https://static.musaibrand.com/images/models/0311-K/model/large/0311-K_55_2_1.jpg,MU0311-K,49,Size,8,,1,,Color,Albastru marin,,1,,,,,,,,,,,,[43cm]·[52cm],8435782526899
variation,MU03112655-K,,1,0,visible,,Dimensiuni: 45 * 56 cm,taxable,1,0,0,110.25,,,https://static.musaibrand.com/images/models/0311-K/model/large/0311-K_55_2_1.jpg,MU0311-K,50,Size,10,,1,,Color,Albastru marin,,1,,,,,,,,,,,,[45cm]·[56cm],8435782526943
variation,MU03112755-K,,1,0,visible,,Dimensiuni: 47 * 60 cm,taxable,1,0,0,110.25,,,https://static.musaibrand.com/images/models/0311-K/model/large/0311-K_55_2_1.jpg,MU0311-K,51,Size,12,,1,,Color,Albastru marin,,1,,,,,,,,,,,,[47cm]·[60cm],8435782526998
variation,MU03112855-K,,1,0,visible,,Dimensiuni: 49 * 64 cm,taxable,1,0,0,110.25,,,https://static.musaibrand.com/images/models/0311-K/model/large/0311-K_55_2_1.jpg,MU0311-K,52,Size,14,,1,,Color,Albastru marin,,1,,,,,,,,,,,,[49cm]·[64cm],8435782527049
variation,MU03110060-K,,1,0,visible,,Dimensiuni: 53 * 68 cm,taxable,1,0,0,110.25,,,https://static.musaibrand.com/images/models/0311-K/model/large/0311-K_60_2_1.jpg,MU0311-K,53,Size,XS,,1,,Color,ROȘU,,1,,,,,,,,,,,,[53cm]·[68cm],8435782526455
variation,MU03110160-K,,1,0,visible,,Dimensiuni: 55 * 71 cm,taxable,1,0,0,110.25,,,https://static.musaibrand.com/images/models/0311-K/model/large/0311-K_60_2_1.jpg,MU0311-K,54,Size,S,,1,,Color,ROȘU,,1,,,,,,,,,,,,[55cm]·[71cm],8435782526509
variation,MU03110260-K,,1,0,visible,,Dimensiuni: 57 * 72 cm,taxable,1,0,0,110.25,,,https://static.musaibrand.com/images/models/0311-K/model/large/0311-K_60_2_1.jpg,MU0311-K,55,Size,M,,1,,Color,ROȘU,,1,,,,,,,,,,,,[57cm]·[72cm],8435782526554
variation,MU03110360-K,,1,0,visible,,Dimensiuni: 59 * 74 cm,taxable,1,0,0,110.25,,,https://static.musaibrand.com/images/models/0311-K/model/large/0311-K_60_2_1.jpg,MU0311-K,56,Size,L,,1,,Color,ROȘU,,1,,,,,,,,,,,,[59cm]·[74cm],8435782526608
variation,MU03110460-K,,1,0,visible,,Dimensiuni: 62 * 76 cm,taxable,1,0,0,110.25,,,https://static.musaibrand.com/images/models/0311-K/model/large/0311-K_60_2_1.jpg,MU0311-K,57,Size,XL,,1,,Color,ROȘU,,1,,,,,,,,,,,,[62cm]·[76cm],8435782526653
variation,MU03110560-K,,1,0,visible,,Dimensiuni: 65 * 78 cm,taxable,1,0,0,110.25,,,https://static.musaibrand.com/images/models/0311-K/model/large/0311-K_60_2_1.jpg,MU0311-K,58,Size,2XL,,1,,Color,ROȘU,,1,,,,,,,,,,,,[65cm]·[78cm],8435782526707
variation,MU03110660-K,,1,0,visible,,Dimensiuni: 68 * 80 cm,taxable,1,0,0,110.25,,,https://static.musaibrand.com/images/models/0311-K/model/large/0311-K_60_2_1.jpg,MU0311-K,59,Size,3XL,,1,,Color,ROȘU,,1,,,,,,,,,,,,[68cm]·[80cm],8435782526752
variation,MU03112260-K,,1,0,visible,,Dimensiuni: 37 * 44 cm,taxable,1,0,0,110.25,,,https://static.musaibrand.com/images/models/0311-K/model/large/0311-K_60_2_1.jpg,MU0311-K,60,Size,4,,1,,Color,ROȘU,,1,,,,,,,,,,,,[37cm]·[44cm],8435782526806
variation,MU03112460-K,,1,0,visible,,Dimensiuni: 40 * 48 cm,taxable,1,0,0,110.25,,,https://static.musaibrand.com/images/models/0311-K/model/large/0311-K_60_2_1.jpg,MU0311-K,61,Size,6,,1,,Color,ROȘU,,1,,,,,,,,,,,,[40cm]·[48cm],8435782526851
variation,MU03112560-K,,1,0,visible,,Dimensiuni: 43 * 52 cm,taxable,1,0,0,110.25,,,https://static.musaibrand.com/images/models/0311-K/model/large/0311-K_60_2_1.jpg,MU0311-K,62,Size,8,,1,,Color,ROȘU,,1,,,,,,,,,,,,[43cm]·[52cm],8435782526905
variation,MU03112660-K,,1,0,visible,,Dimensiuni: 45 * 56 cm,taxable,1,0,0,110.25,,,https://static.musaibrand.com/images/models/0311-K/model/large/0311-K_60_2_1.jpg,MU0311-K,63,Size,10,,1,,Color,ROȘU,,1,,,,,,,,,,,,[45cm]·[56cm],8435782526950
variation,MU03112760-K,,1,0,visible,,Dimensiuni: 47 * 60 cm,taxable,1,0,0,110.25,,,https://static.musaibrand.com/images/models/0311-K/model/large/0311-K_60_2_1.jpg,MU0311-K,64,Size,12,,1,,Color,ROȘU,,1,,,,,,,,,,,,[47cm]·[60cm],8435782527001
variation,MU03112860-K,,1,0,visible,,Dimensiuni: 49 * 64 cm,taxable,1,0,0,110.25,,,https://static.musaibrand.com/images/models/0311-K/model/large/0311-K_60_2_1.jpg,MU0311-K,65,Size,14,,1,,Color,ROȘU,,1,,,,,,,,,,,,[49cm]·[64cm],8435782527056
